ts,gpu_edge_c,cpu_c,batt_c,fan_rpm,gpu_busy_pct,sclk,cpu_mhz_max,load1
2026-09-12T17:45:24Z,42,43,31,0,0,200,2424,0.00
2026-09-12T17:45:26Z,43,43,31,0,0,200,2424,0.00
2026-09-12T17:45:28Z,43,43,31,0,0,200,2425,0.00
2026-09-12T17:45:30Z,44,46,31,0,0,200,2425,0.16
2026-09-12T17:45:32Z,44,46,31,0,0,200,2424,0.16
2026-09-12T17:45:34Z,51,46,31,0,99,1600,2424,0.16
2026-09-12T17:45:36Z,55,51,31,0,99,1566,2426,0.23
2026-09-12T17:45:38Z,58,54,31,0,99,1600,2424,0.23
2026-09-12T17:45:40Z,54,56,31,0,100,1122,2425,0.21
2026-09-12T17:45:42Z,55,57,31,0,99,1040,2426,0.21
2026-09-12T17:45:44Z,55,58,31,0,100,1040,2425,0.21
2026-09-12T17:45:46Z,61,59,31,0,100,1395,2425,0.19
2026-09-12T17:45:48Z,64,61,31,0,99,1600,2424,0.19
2026-09-12T17:45:50Z,61,62,31,2167,99,1286,2424,0.18
2026-09-12T17:45:52Z,59,64,31,2309,99,1040,2427,0.18
2026-09-12T17:45:55Z,60,64,31,2506,100,1265,2425,0.18
2026-09-12T17:45:57Z,64,65,31,2523,100,1505,2425,0.16
2026-09-12T17:45:59Z,67,65,31,2705,99,1600,2424,0.16
2026-09-12T17:46:01Z,56,65,31,2897,0,200,2424,0.15
2026-09-12T17:46:03Z,54,63,31,2906,0,200,2425,0.15
2026-09-12T17:46:05Z,54,62,31,2920,0,200,2424,0.15
2026-09-12T17:46:07Z,63,61,31,2929,99,1600,1400,0.22
2026-09-12T17:46:09Z,62,64,31,2929,99,1462,2083,0.22
2026-09-12T17:46:11Z,62,65,31,2938,100,1397,2425,0.28
2026-09-12T17:46:13Z,62,66,31,2952,100,1286,2425,0.28
2026-09-12T17:46:15Z,62,67,31,2952,100,1234,2425,0.26
2026-09-12T17:46:17Z,62,67,31,3099,100,1262,2424,0.26
2026-09-12T17:46:19Z,62,68,31,3243,99,1219,2424,0.26
2026-09-12T17:46:21Z,63,68,31,3366,100,1300,2426,0.24
2026-09-12T17:46:23Z,64,69,31,3517,100,1231,2424,0.24
2026-09-12T17:46:25Z,65,69,31,3690,100,1478,2425,0.30
2026-09-12T17:46:27Z,64,70,31,3826,99,1290,2424,0.30
2026-09-12T17:46:29Z,65,70,31,3947,99,1246,2424,0.30
2026-09-12T17:46:31Z,64,70,31,4006,100,1212,2416,0.27
2026-09-12T17:46:33Z,63,70,31,4120,100,1200,2424,0.27
2026-09-12T17:46:36Z,65,70,31,4148,99,1173,2424,0.25
2026-09-12T17:46:38Z,59,70,31,4166,99,1040,2424,0.25
2026-09-12T17:46:40Z,56,68,31,4194,0,200,2425,0.25
2026-09-12T17:46:42Z,56,66,31,4194,0,200,2425,0.39
2026-09-12T17:46:44Z,54,65,31,4213,0,200,2424,0.39
2026-09-12T17:46:46Z,53,63,31,4032,0,200,2424,0.44
2026-09-12T17:46:48Z,63,62,31,4014,99,1600,2424,0.44
2026-09-12T17:46:50Z,64,62,31,3640,100,1600,2424,0.44
2026-09-12T17:46:52Z,63,62,31,3366,99,1600,2424,0.41
2026-09-12T17:46:54Z,65,62,31,3366,100,1600,2425,0.41
2026-09-12T17:46:56Z,66,63,31,3378,99,1600,2424,0.45
2026-09-12T17:46:58Z,64,63,31,3378,100,1600,2424,0.45
2026-09-12T17:47:00Z,64,63,31,3378,99,1600,1880,0.42
2026-09-12T17:47:02Z,66,64,31,3378,99,1600,2424,0.42
2026-09-12T17:47:04Z,67,64,31,3390,100,1600,2425,0.42
2026-09-12T17:47:06Z,66,64,31,3378,100,1600,2416,0.62
2026-09-12T17:47:08Z,65,64,31,3378,99,1600,2238,0.62
2026-09-12T17:47:10Z,64,65,31,3390,88,200,2424,0.57
2026-09-12T17:47:12Z,62,65,31,3396,99,1062,2424,0.57
2026-09-12T17:47:14Z,62,65,31,3396,99,200,2424,0.57
2026-09-12T17:47:17Z,61,65,31,3390,99,1040,2425,0.85
2026-09-12T17:47:19Z,57,65,31,3409,0,200,2426,0.85
2026-09-12T17:47:21Z,56,64,31,3409,0,200,2424,0.86
2026-09-12T17:47:23Z,54,63,31,3409,0,200,2424,0.86
2026-09-12T17:47:25Z,54,62,31,3409,0,200,2424,0.86
2026-09-12T17:47:27Z,59,63,31,3099,99,200,2424,0.87
2026-09-12T17:47:29Z,62,64,31,3083,86,1040,2424,0.87
2026-09-12T17:47:31Z,68,67,31,3083,100,1383,1400,0.80
2026-09-12T17:47:33Z,71,68,31,3099,99,1438,1702,0.80
2026-09-12T17:47:35Z,68,68,31,3099,100,1600,1702,0.74
2026-09-12T17:47:37Z,71,68,31,3104,99,1600,1702,0.74
2026-09-12T17:47:39Z,70,68,31,3289,100,1600,1704,0.74
2026-09-12T17:47:41Z,66,69,31,3472,100,1345,2426,0.68
2026-09-12T17:47:43Z,72,69,31,3504,99,1355,1702,0.68
2026-09-12T17:47:45Z,69,70,31,3524,100,1600,1757,0.62
2026-09-12T17:47:47Z,68,70,31,3591,99,1518,1882,0.62
2026-09-12T17:47:50Z,64,71,31,3712,100,1082,2424,0.62
2026-09-12T17:47:52Z,64,71,31,3803,100,1040,2424,0.65
2026-09-12T17:47:54Z,61,71,31,4032,99,1040,2425,0.65
2026-09-12T17:47:56Z,64,71,31,4032,0,1040,2424,0.60
2026-09-12T17:47:58Z,64,71,31,4032,100,1040,2424,0.60
2026-09-12T17:48:00Z,58,70,31,4049,0,200,2425,0.60
2026-09-12T17:48:02Z,57,68,31,4049,0,200,2549,0.63
2026-09-12T17:48:04Z,56,66,31,4049,0,200,2424,0.63
2026-09-12T17:48:06Z,60,66,31,4049,100,1040,2424,0.58
2026-09-12T17:48:08Z,63,66,31,3930,99,1326,2426,0.58
2026-09-12T17:48:10Z,63,66,31,3906,100,1340,2424,0.54
2026-09-12T17:48:12Z,64,66,31,3930,100,1312,2425,0.54
2026-09-12T17:48:14Z,65,67,31,3930,99,1295,2424,0.54
2026-09-12T17:48:16Z,69,66,31,3930,100,1600,2425,0.57
2026-09-12T17:48:18Z,69,67,31,3922,100,1600,2317,0.57
2026-09-12T17:48:20Z,69,67,31,3947,99,1600,2424,0.61
2026-09-12T17:48:22Z,66,67,31,3947,99,1585,2114,0.61
2026-09-12T17:48:24Z,69,68,31,3922,99,1600,1702,0.61
2026-09-12T17:48:26Z,68,68,31,3947,100,1600,2362,0.64
2026-09-12T17:48:28Z,65,68,31,3947,99,1470,2425,0.64
2026-09-12T17:48:31Z,64,68,31,3947,100,1080,2425,0.59
2026-09-12T17:48:33Z,65,68,31,3947,100,1040,2424,0.59
2026-09-12T17:48:35Z,63,69,31,3947,100,1040,2424,0.59
2026-09-12T17:48:37Z,66,69,31,3947,99,1321,2425,0.54
2026-09-12T17:48:39Z,58,68,31,3964,0,200,2425,0.54
2026-09-12T17:48:41Z,57,66,31,3964,0,200,2424,0.58
2026-09-12T17:48:43Z,56,65,31,3964,0,200,2425,0.58
2026-09-12T17:48:45Z,67,65,31,3947,99,1584,2391,0.58
2026-09-12T17:48:47Z,63,66,31,3626,100,1162,2425,0.69
2026-09-12T17:48:49Z,62,67,31,3571,99,1040,2424,0.69
2026-09-12T17:48:51Z,63,69,31,3591,99,1040,2424,0.64
2026-09-12T17:48:53Z,69,68,31,3591,100,1600,1399,0.64
2026-09-12T17:48:55Z,71,68,31,3585,99,1420,1400,0.58
2026-09-12T17:48:57Z,63,69,31,3591,100,1040,2424,0.58
2026-09-12T17:48:59Z,63,70,31,3585,99,1109,2424,0.58
2026-09-12T17:49:01Z,67,70,31,3591,99,1290,2425,0.54
2026-09-12T17:49:03Z,72,70,31,3826,99,1497,1702,0.54
2026-09-12T17:49:05Z,72,70,31,3826,100,1396,1702,0.58
2026-09-12T17:49:08Z,64,71,31,3989,0,200,2424,0.58
2026-09-12T17:49:10Z,65,71,31,4032,99,1073,2425,0.58
2026-09-12T17:49:12Z,73,71,31,4014,99,1381,2424,0.61
2026-09-12T17:49:14Z,74,71,31,4032,99,1580,1702,0.61
2026-09-12T17:49:16Z,68,71,31,4006,99,1377,2424,0.64
2026-09-12T17:49:18Z,65,72,31,4032,37,1040,2424,0.64
2026-09-12T17:49:20Z,66,72,31,4014,100,1284,2424,0.64
2026-09-12T17:49:22Z,74,72,31,4213,99,1351,1702,0.67
2026-09-12T17:49:24Z,60,71,31,4213,0,200,2424,0.67
2026-09-12T17:49:26Z,58,69,31,4213,0,200,2425,0.62
2026-09-12T17:49:28Z,57,67,31,4242,0,200,2426,0.62
2026-09-12T17:49:30Z,55,66,31,4148,0,200,2426,0.57
2026-09-12T17:49:32Z,55,64,31,4102,0,200,2424,0.57
2026-09-12T17:49:34Z,59,64,31,4076,50,1040,2424,0.57
2026-09-12T17:49:36Z,66,63,31,3504,99,1600,2425,0.60
2026-09-12T17:49:38Z,59,64,31,3390,99,1040,2424,0.60
2026-09-12T17:49:40Z,60,64,31,3378,99,1040,2425,0.87
2026-09-12T17:49:42Z,61,64,31,3378,50,1040,2424,0.87
2026-09-12T17:49:44Z,68,64,31,3378,100,1600,2424,0.87
2026-09-12T17:49:47Z,58,65,31,3378,100,1040,2424,0.80
2026-09-12T17:49:49Z,61,65,31,3378,99,1040,2424,0.80
2026-09-12T17:49:51Z,63,65,31,3378,74,1040,2426,0.74
2026-09-12T17:49:53Z,69,65,31,3366,100,1600,2425,0.74
2026-09-12T17:49:55Z,60,66,31,3366,100,1040,2424,0.74
2026-09-12T17:49:57Z,62,66,31,3378,99,1040,2424,0.68
2026-09-12T17:49:59Z,63,67,31,3366,99,1040,2424,0.68
2026-09-12T17:50:01Z,65,66,31,3378,100,1600,2389,0.95
2026-09-12T17:50:03Z,62,66,31,3378,99,1040,2425,0.95
2026-09-12T17:50:05Z,62,67,31,3366,99,1040,2424,0.95
2026-09-12T17:50:07Z,64,67,31,3366,87,1040,2424,0.95
2026-09-12T17:50:09Z,69,67,31,3360,100,1600,2424,0.95
2026-09-12T17:50:11Z,63,67,31,3360,100,1326,2426,1.19
2026-09-12T17:50:13Z,62,67,31,3360,100,1040,2424,1.19
2026-09-12T17:50:15Z,58,66,31,3366,0,200,2424,1.34
2026-09-12T17:50:17Z,58,66,31,3360,0,200,3501,1.34
2026-09-12T17:50:19Z,56,65,31,3366,0,200,2425,1.34
2026-09-12T17:50:21Z,66,64,31,3360,99,1600,1399,1.31
2026-09-12T17:50:23Z,60,67,31,3360,100,1040,2424,1.31
2026-09-12T17:50:26Z,64,67,31,3366,100,200,2424,1.21
2026-09-12T17:50:28Z,69,67,31,3360,99,1333,2424,1.21
2026-09-12T17:50:30Z,59,68,31,3366,5,1040,2426,1.21
2026-09-12T17:50:32Z,62,69,31,3366,99,1040,2424,1.11
2026-09-12T17:50:34Z,72,68,31,3366,99,1446,1702,1.11
2026-09-12T17:50:36Z,68,69,31,3366,99,1474,2424,1.10
2026-09-12T17:50:38Z,63,70,31,3366,0,1040,2425,1.10
2026-09-12T17:50:40Z,65,71,31,3366,100,1040,2424,1.10
2026-09-12T17:50:42Z,69,70,31,3585,100,1463,2030,1.01
2026-09-12T17:50:44Z,64,70,31,3585,100,1040,2424,1.01
2026-09-12T17:50:46Z,64,71,31,3591,0,1040,2425,0.93
2026-09-12T17:50:48Z,74,71,31,3591,100,1358,1702,0.93
2026-09-12T17:50:50Z,70,70,31,3605,100,1600,1702,0.86
2026-09-12T17:50:52Z,64,71,31,3585,100,1040,2424,0.86
2026-09-12T17:50:54Z,66,72,31,3605,99,1040,2425,0.86
2026-09-12T17:50:56Z,74,71,31,3626,100,1393,1399,0.87
2026-09-12T17:50:58Z,66,71,31,3640,99,1040,2426,0.87
2026-09-12T17:51:00Z,64,72,31,3640,100,1040,2425,0.88
2026-09-12T17:51:03Z,74,71,31,3662,100,1352,1702,0.88
2026-09-12T17:51:05Z,61,71,31,3640,0,200,2424,0.88
2026-09-12T17:51:07Z,59,70,31,3640,0,200,2424,0.89
2026-09-12T17:51:09Z,58,68,31,3640,0,200,2424,0.89
2026-09-12T17:51:11Z,68,67,31,3654,99,1600,2421,0.90
2026-09-12T17:51:13Z,63,68,31,3662,99,1040,2424,0.90
2026-09-12T17:51:15Z,70,69,31,3640,99,1600,2424,0.90
2026-09-12T17:51:17Z,71,69,31,3654,99,1600,2026,0.83
2026-09-12T17:51:19Z,67,69,31,3654,100,1571,2424,0.83
2026-09-12T17:51:21Z,67,70,31,3654,100,1330,2424,0.76
2026-09-12T17:51:23Z,71,71,31,3662,100,1600,2425,0.76
2026-09-12T17:51:25Z,72,71,31,3662,100,1600,2427,0.70
2026-09-12T17:51:27Z,66,71,31,3662,100,1179,2424,0.70
2026-09-12T17:51:29Z,69,72,31,3662,99,1298,2424,0.70
2026-09-12T17:51:31Z,73,72,31,3803,100,1596,2425,0.64
2026-09-12T17:51:33Z,72,72,31,3842,99,1600,1976,0.64
2026-09-12T17:51:35Z,66,72,31,3881,99,1040,2425,0.59
2026-09-12T17:51:37Z,71,72,31,3997,52,1345,2424,0.59
2026-09-12T17:51:39Z,73,72,31,4006,100,1600,1735,0.59
2026-09-12T17:51:42Z,73,72,31,4120,99,1600,2425,0.54
2026-09-12T17:51:44Z,66,73,31,4185,99,1040,2426,0.54
2026-09-12T17:51:46Z,72,73,31,4232,99,1600,1594,0.50
2026-09-12T17:51:48Z,72,72,31,4242,99,1600,2424,0.50
2026-09-12T17:51:50Z,73,73,31,4232,99,1600,1702,0.50
2026-09-12T17:51:52Z,68,73,31,4232,99,1297,2424,0.46
2026-09-12T17:51:54Z,61,71,31,4261,0,200,2424,0.46
2026-09-12T17:51:56Z,59,69,31,4242,0,200,2425,0.50
2026-09-12T17:51:58Z,58,68,31,4232,0,200,2425,0.50
2026-09-12T17:52:00Z,69,68,31,4261,99,1600,1702,0.54
2026-09-12T17:52:02Z,65,71,31,4014,99,1124,2425,0.54
2026-09-12T17:52:04Z,73,71,31,4006,100,1600,1702,0.54
2026-09-12T17:52:06Z,65,72,31,4032,100,1040,2424,0.50
2026-09-12T17:52:08Z,75,73,31,4032,99,1600,1702,0.50
2026-09-12T17:52:10Z,74,73,31,4213,100,1600,1702,0.46
2026-09-12T17:52:12Z,69,74,31,4213,100,1262,2425,0.46
2026-09-12T17:52:14Z,74,73,31,4213,99,1408,1702,0.46
2026-09-12T17:52:17Z,68,74,31,4310,100,1040,2425,0.50
2026-09-12T17:52:19Z,73,74,31,4432,100,1515,1812,0.50
2026-09-12T17:52:21Z,75,74,31,4573,99,1430,1702,0.62
2026-09-12T17:52:23Z,71,75,31,4664,99,1300,2424,0.62
2026-09-12T17:52:25Z,76,74,31,4746,100,1600,1702,0.62
2026-09-12T17:52:27Z,69,75,31,4770,100,1040,2425,0.57
2026-09-12T17:52:29Z,72,75,31,4783,100,1407,2425,0.57
2026-09-12T17:52:31Z,73,75,31,4770,100,1600,1702,0.61
2026-09-12T17:52:33Z,74,75,31,4783,0,1385,2425,0.61
2026-09-12T17:52:35Z,74,75,31,4770,99,1600,1702,0.72
2026-09-12T17:52:37Z,68,75,31,4770,99,1040,2425,0.72
2026-09-12T17:52:39Z,75,75,31,4770,99,1557,1702,0.72
2026-09-12T17:52:41Z,75,75,31,4807,99,1463,1702,0.66
2026-09-12T17:52:43Z,75,75,31,4770,99,1458,1702,0.66
2026-09-12T17:52:45Z,75,75,31,4770,100,1600,1702,0.61
2026-09-12T17:52:47Z,66,75,31,4832,100,1040,2424,0.61
2026-09-12T17:52:50Z,73,75,31,4832,100,1406,1702,0.61
2026-09-12T17:52:52Z,62,75,31,4832,0,200,2425,0.56
2026-09-12T17:52:54Z,60,73,31,4832,0,200,2427,0.56
2026-09-12T17:52:56Z,58,71,31,4832,0,200,2424,0.59
2026-09-12T17:52:58Z,57,69,31,4870,0,200,2424,0.59
2026-09-12T17:53:00Z,56,67,31,4844,0,200,2424,0.59
2026-09-12T17:53:02Z,65,66,31,4432,99,1600,2424,0.63
2026-09-12T17:53:04Z,62,66,31,3890,99,1040,2425,0.63
2026-09-12T17:53:06Z,69,67,31,3890,99,1600,2424,0.58
2026-09-12T17:53:08Z,67,67,31,3890,100,1600,1399,0.58
2026-09-12T17:53:10Z,59,68,31,3881,4,1040,2425,0.69
2026-09-12T17:53:12Z,70,68,31,3890,100,1600,2424,0.69
2026-09-12T17:53:14Z,67,68,31,3865,100,1600,2424,0.69
2026-09-12T17:53:16Z,63,69,31,3865,99,1040,2424,0.64
2026-09-12T17:53:18Z,71,69,31,3865,99,1600,2425,0.64
2026-09-12T17:53:20Z,69,69,31,3865,100,1600,2424,0.58
2026-09-12T17:53:22Z,64,70,31,3865,99,1040,2424,0.58
2026-09-12T17:53:24Z,72,69,31,3865,99,1600,2425,0.58
2026-09-12T17:53:26Z,67,70,31,3890,100,1600,1702,0.54
2026-09-12T17:53:29Z,65,70,31,3865,79,1040,2424,0.54
2026-09-12T17:53:31Z,68,70,31,3865,99,1600,2153,0.49
2026-09-12T17:53:33Z,68,70,31,3890,99,1555,2425,0.49
2026-09-12T17:53:35Z,67,70,31,3850,100,1040,2424,0.49
2026-09-12T17:53:37Z,69,70,31,3865,99,1600,1702,0.69
2026-09-12T17:53:39Z,65,70,31,3865,100,1107,2424,0.69
2026-09-12T17:53:41Z,69,71,31,3842,99,1600,1702,0.64
2026-09-12T17:53:43Z,67,71,31,3850,100,1255,2425,0.64
2026-09-12T17:53:45Z,65,71,31,3850,100,1040,2425,0.64
2026-09-12T17:53:47Z,73,71,31,3865,100,1600,2424,0.59
2026-09-12T17:53:49Z,61,71,31,3997,0,200,2424,0.59
2026-09-12T17:53:51Z,59,69,31,3989,0,200,2425,0.70
2026-09-12T17:53:53Z,58,68,31,4006,0,200,2425,0.70
2026-09-12T17:53:55Z,58,67,31,4014,0,200,2424,0.73
2026-09-12T17:53:57Z,71,68,31,4014,99,1600,1702,0.73
2026-09-12T17:53:59Z,60,70,31,3947,0,200,2425,0.73
2026-09-12T17:54:01Z,71,71,31,3972,100,1411,1702,0.67
2026-09-12T17:54:03Z,69,71,31,3947,99,1600,1702,0.67
2026-09-12T17:54:06Z,72,72,31,3947,100,1600,1399,0.69
2026-09-12T17:54:08Z,73,72,31,3947,99,1419,1400,0.69
2026-09-12T17:54:10Z,65,73,31,3947,100,1040,2425,0.69
2026-09-12T17:54:12Z,75,73,31,3947,100,1359,1702,0.64
2026-09-12T17:54:14Z,64,73,31,4120,100,1040,2424,0.64
2026-09-12T17:54:16Z,76,74,31,4166,100,1544,1400,0.59
2026-09-12T17:54:18Z,74,73,31,4310,99,1401,1702,0.59
2026-09-12T17:54:20Z,74,74,31,4411,100,1458,1702,0.62
2026-09-12T17:54:22Z,74,74,31,4518,100,1441,1702,0.62
2026-09-12T17:54:24Z,66,75,31,4652,50,1040,2424,0.62
2026-09-12T17:54:26Z,73,74,31,4722,100,1600,1702,0.57
2026-09-12T17:54:28Z,68,75,31,4711,100,1040,2425,0.57
2026-09-12T17:54:30Z,73,75,31,4687,100,1424,2427,0.52
2026-09-12T17:54:32Z,74,74,31,4711,100,1600,1702,0.52
2026-09-12T17:54:34Z,76,75,31,4711,99,1547,1399,0.52
2026-09-12T17:54:37Z,75,74,31,4722,100,1600,1702,0.56
2026-09-12T17:54:39Z,66,75,31,4722,99,1040,2424,0.56
2026-09-12T17:54:41Z,75,74,31,4711,99,1600,1400,0.52
2026-09-12T17:54:43Z,68,75,31,4722,100,1040,2424,0.52
2026-09-12T17:54:45Z,72,74,31,4711,100,1463,2425,0.52
2026-09-12T17:54:47Z,75,74,31,4711,100,1363,1399,0.48
2026-09-12T17:54:49Z,74,75,31,4711,100,1600,1702,0.48
2026-09-12T17:54:51Z,62,73,31,4722,0,200,2424,0.60
2026-09-12T17:54:53Z,60,72,31,4722,43,1040,2424,0.60
2026-09-12T17:54:55Z,58,70,31,4746,0,200,2425,0.63
2026-09-12T17:54:57Z,68,69,31,4746,100,1600,1702,0.63
2026-09-12T17:54:59Z,64,69,31,4290,0,200,2425,0.63
2026-09-12T17:55:01Z,71,69,31,4280,99,1600,1415,0.58
2026-09-12T17:55:03Z,69,69,31,4261,99,1600,2423,0.58
2026-09-12T17:55:05Z,67,70,31,4290,99,1326,2425,0.53
2026-09-12T17:55:07Z,69,69,31,4261,99,1600,2424,0.53
2026-09-12T17:55:09Z,66,70,31,4280,100,1380,2425,0.53
2026-09-12T17:55:11Z,67,70,31,4251,13,1322,2426,0.49
2026-09-12T17:55:14Z,72,70,31,4261,100,1600,2424,0.49
2026-09-12T17:55:16Z,65,71,31,4280,0,1040,2424,0.53
2026-09-12T17:55:18Z,72,71,31,4261,100,1600,2424,0.53
2026-09-12T17:55:20Z,71,71,31,4261,99,1600,2410,0.53
2026-09-12T17:55:22Z,68,71,31,4261,99,1339,2425,0.57
2026-09-12T17:55:24Z,72,71,31,4271,99,1600,1702,0.57
2026-09-12T17:55:26Z,68,71,31,4261,100,1426,2424,0.60
2026-09-12T17:55:28Z,68,72,31,4261,4,1330,2426,0.60
2026-09-12T17:55:30Z,71,71,31,4261,99,1600,2424,0.60
2026-09-12T17:55:32Z,64,72,31,4261,100,1040,2424,0.55
2026-09-12T17:55:34Z,74,72,31,4261,99,1600,2424,0.55
2026-09-12T17:55:36Z,71,72,31,4261,100,1600,2425,0.51
2026-09-12T17:55:38Z,69,72,31,4271,99,1368,2424,0.51
2026-09-12T17:55:40Z,74,72,31,4261,100,1386,2424,0.47
2026-09-12T17:55:42Z,69,72,31,4280,99,1600,2425,0.47
2026-09-12T17:55:44Z,68,72,31,4261,100,1350,2424,0.47
2026-09-12T17:55:46Z,61,72,31,4261,0,200,2424,0.43
2026-09-12T17:55:48Z,60,70,31,4261,0,200,2424,0.43
2026-09-12T17:55:50Z,58,68,31,4261,0,200,2424,0.48
2026-09-12T17:55:53Z,63,67,31,4261,100,1040,2425,0.48
2026-09-12T17:55:55Z,69,69,31,4194,100,1464,2425,0.48
2026-09-12T17:55:57Z,65,70,31,3922,100,1040,2425,0.44
2026-09-12T17:55:59Z,71,71,31,3930,100,1600,1702,0.44
2026-09-12T17:56:01Z,65,72,31,3930,100,1209,2424,0.40
2026-09-12T17:56:03Z,73,73,31,3930,100,1600,1702,0.40
2026-09-12T17:56:05Z,72,72,31,4120,100,1600,1544,0.40
2026-09-12T17:56:07Z,72,73,31,4120,99,1511,1702,0.37
2026-09-12T17:56:09Z,71,73,31,4166,99,1389,1702,0.37
2026-09-12T17:56:11Z,74,74,31,4261,100,1489,1702,0.34
2026-09-12T17:56:13Z,75,73,31,4380,99,1464,1702,0.34
2026-09-12T17:56:15Z,76,74,31,4464,99,1387,1702,0.31
2026-09-12T17:56:17Z,74,73,31,4595,99,1451,1702,0.31
2026-09-12T17:56:19Z,69,75,31,4595,100,1276,2424,0.31
2026-09-12T17:56:21Z,72,74,31,4664,100,1600,1702,0.37
2026-09-12T17:56:24Z,69,75,31,4687,100,1249,2424,0.37
2026-09-12T17:56:26Z,74,74,31,4664,100,1600,1702,0.34
2026-09-12T17:56:28Z,67,75,31,4687,100,1194,2424,0.34
2026-09-12T17:56:30Z,76,74,31,4652,99,1410,1702,0.34
2026-09-12T17:56:32Z,67,75,31,4687,99,1122,2425,0.31
2026-09-12T17:56:34Z,75,74,31,4664,100,1423,1702,0.31
2026-09-12T17:56:36Z,68,75,31,4687,99,1120,2424,0.29
2026-09-12T17:56:38Z,75,74,31,4687,99,1356,1702,0.29
2026-09-12T17:56:40Z,67,75,31,4687,99,1091,2424,0.29
2026-09-12T17:56:42Z,75,74,31,4687,99,1464,1399,0.34
2026-09-12T17:56:44Z,68,75,31,4687,100,1090,2424,0.34
2026-09-12T17:56:46Z,74,74,31,4687,100,1600,1702,0.32
2026-09-12T17:56:48Z,66,75,31,4687,100,1040,2425,0.32
2026-09-12T17:56:50Z,76,74,31,4687,99,1354,1702,0.29
2026-09-12T17:56:52Z,67,75,31,4687,0,200,2424,0.29
2026-09-12T17:56:54Z,60,73,31,4722,0,200,2424,0.29
2026-09-12T17:56:56Z,59,71,31,4687,0,200,2425,0.35
2026-09-12T17:56:59Z,58,69,31,4687,0,200,2424,0.35
2026-09-12T17:57:01Z,57,67,31,4443,0,200,2425,0.40
2026-09-12T17:57:03Z,64,66,31,4360,100,1600,1702,0.40
2026-09-12T17:57:05Z,62,66,31,3750,87,1040,2424,0.40
2026-09-12T17:57:07Z,64,66,31,3662,99,1600,2083,0.45
2026-09-12T17:57:09Z,61,67,31,3662,20,1040,2424,0.45
2026-09-12T17:57:11Z,68,67,31,3662,100,1600,2424,0.65
2026-09-12T17:57:13Z,63,68,31,3662,100,1040,2424,0.65
2026-09-12T17:57:15Z,68,67,31,3662,100,1600,2424,0.65
2026-09-12T17:57:17Z,63,68,31,3654,100,200,2424,0.92
2026-09-12T17:57:19Z,67,68,31,3662,99,1256,2424,0.92
2026-09-12T17:57:21Z,63,69,31,3662,99,1040,2424,0.85
2026-09-12T17:57:23Z,69,68,31,3640,99,1600,1702,0.85
2026-09-12T17:57:25Z,64,69,31,3662,100,200,2424,1.10
2026-09-12T17:57:27Z,70,69,31,3640,99,1600,1702,1.10
2026-09-12T17:57:29Z,64,69,31,3640,99,1040,2424,1.10
2026-09-12T17:57:31Z,70,69,31,3640,99,1600,1702,1.01
2026-09-12T17:57:33Z,62,70,31,3640,99,1040,2424,1.01
2026-09-12T17:57:35Z,70,70,31,3640,99,1600,1702,0.93
2026-09-12T17:57:38Z,65,70,31,3640,99,1040,2424,0.93
2026-09-12T17:57:40Z,71,70,31,3640,100,1600,1702,0.93
2026-09-12T17:57:42Z,65,70,31,3922,100,1455,2424,0.94
2026-09-12T17:57:44Z,72,70,31,3930,100,1600,1400,0.94
2026-09-12T17:57:46Z,71,70,31,3906,99,1600,2425,1.10
2026-09-12T17:57:48Z,68,71,31,3906,100,1062,2424,1.10
2026-09-12T17:57:50Z,69,70,31,3906,100,1600,2424,1.10
2026-09-12T17:57:52Z,66,71,31,3922,99,1040,2424,1.01
2026-09-12T17:57:54Z,71,70,31,3906,99,1600,2424,1.01
2026-09-12T17:57:56Z,65,71,31,3922,0,1040,2424,0.93
2026-09-12T17:57:58Z,70,70,31,3922,99,1600,2424,0.93
2026-09-12T17:58:00Z,66,71,31,3906,99,1040,2426,1.26
2026-09-12T17:58:02Z,60,70,31,3906,0,200,2424,1.26
2026-09-12T17:58:04Z,59,68,31,3922,0,200,2759,1.26
2026-09-12T17:58:06Z,58,68,31,3906,0,200,2424,1.16
2026-09-12T17:58:08Z,59,66,31,3881,99,1040,2425,1.16
2026-09-12T17:58:10Z,71,68,31,3803,99,1449,1702,1.06
2026-09-12T17:58:12Z,62,70,31,3810,99,1040,2424,1.06
2026-09-12T17:58:14Z,72,70,31,3803,100,1600,1702,1.06
2026-09-12T17:58:17Z,63,72,31,3803,100,1040,2424,0.98
2026-09-12T17:58:19Z,71,71,31,3826,100,1600,1702,0.98
2026-09-12T17:58:21Z,64,73,31,3810,99,200,2424,0.98
2026-09-12T17:58:23Z,74,71,31,3803,99,1376,1702,0.98
2026-09-12T17:58:25Z,65,73,31,4006,99,1040,2424,0.98
2026-09-12T17:58:27Z,74,73,31,4014,99,1600,1702,1.06
2026-09-12T17:58:29Z,65,74,31,4032,0,1040,2424,1.06
2026-09-12T17:58:31Z,75,73,31,4049,99,1600,1702,0.98
2026-09-12T17:58:33Z,66,74,31,4166,100,1040,2426,0.98
2026-09-12T17:58:35Z,74,73,31,4340,100,1396,1399,0.90
2026-09-12T17:58:37Z,67,74,31,4340,99,200,2424,0.90
2026-09-12T17:58:39Z,74,73,31,4340,100,1590,1702,0.90
2026-09-12T17:58:41Z,68,74,31,4340,60,1040,2424,0.83
2026-09-12T17:58:43Z,75,73,31,4340,99,1495,1399,0.83
2026-09-12T17:58:45Z,74,74,31,4340,99,1472,1399,0.76
2026-09-12T17:58:48Z,74,73,31,4340,100,1600,1702,0.76
2026-09-12T17:58:50Z,74,74,31,4360,99,1425,1702,0.76
2026-09-12T17:58:52Z,70,74,31,4360,99,1504,2425,0.86
2026-09-12T17:58:54Z,76,74,31,4330,99,1600,1702,0.86
2026-09-12T17:58:56Z,68,73,31,4496,100,1057,2424,0.79
2026-09-12T17:58:58Z,76,74,31,4464,99,1480,1702,0.79
2026-09-12T17:59:00Z,67,74,31,4485,99,1040,2424,0.79
2026-09-12T17:59:02Z,70,74,31,4485,100,1339,2424,0.73
2026-09-12T17:59:04Z,65,74,31,4573,0,200,2424,0.73
2026-09-12T17:59:06Z,75,74,31,4573,100,1392,1702,0.67
2026-09-12T17:59:08Z,65,74,31,4573,94,1040,2425,0.67
2026-09-12T17:59:10Z,75,74,31,4573,99,1501,1702,0.61
2026-09-12T17:59:12Z,67,74,31,4595,5,1040,2424,0.61
2026-09-12T17:59:14Z,60,72,31,4573,0,200,2425,0.61
2026-09-12T17:59:16Z,59,71,31,4573,99,1040,3499,0.65
2026-09-12T17:59:18Z,58,69,31,4573,0,200,2424,0.65
2026-09-12T17:59:20Z,69,68,31,4550,100,1600,2424,0.59
2026-09-12T17:59:22Z,69,69,31,4194,99,1600,2425,0.59
2026-09-12T17:59:25Z,67,69,31,4194,100,1575,2425,0.59
2026-09-12T17:59:27Z,70,69,31,4185,100,1600,1795,0.55
2026-09-12T17:59:29Z,71,70,31,4166,100,1600,2424,0.55
2026-09-12T17:59:31Z,71,70,31,4166,100,1600,2424,0.58
2026-09-12T17:59:33Z,71,71,31,4185,100,1600,2424,0.58
2026-09-12T17:59:35Z,66,71,31,4166,100,1046,2425,0.58
2026-09-12T17:59:37Z,72,71,31,4166,100,1600,2288,0.62
2026-09-12T17:59:39Z,72,72,31,4166,100,1600,2425,0.62
2026-09-12T17:59:41Z,70,71,31,4175,99,1600,2368,0.57
2026-09-12T17:59:43Z,72,72,31,4166,100,1600,2427,0.57
2026-09-12T17:59:45Z,70,72,31,4166,99,1443,2424,0.57
2026-09-12T17:59:47Z,74,72,31,4157,99,1600,2424,0.60
2026-09-12T17:59:49Z,72,73,31,4261,100,1600,2424,0.60
2026-09-12T17:59:51Z,67,73,31,4261,100,1040,2424,0.55
2026-09-12T17:59:53Z,73,73,31,4261,99,1600,2031,0.55
2026-09-12T17:59:55Z,72,73,31,4360,100,1600,2425,0.51
2026-09-12T17:59:57Z,73,73,31,4360,100,1600,2424,0.51
2026-09-12T17:59:59Z,75,73,31,4380,99,1600,2424,0.51
2026-09-12T18:00:01Z,69,73,31,4485,100,1376,2424,0.47
2026-09-12T18:00:04Z,75,73,31,4485,100,1600,2424,0.47
2026-09-12T18:00:06Z,75,74,31,4573,99,1600,2426,0.51
2026-09-12T18:00:08Z,72,73,31,4595,100,1600,2424,0.51
2026-09-12T18:00:10Z,73,73,31,4573,100,1600,2420,0.51
2026-09-12T18:00:12Z,73,74,31,4606,99,1600,2404,0.47
2026-09-12T18:00:14Z,73,73,31,4595,100,1600,1702,0.47
2026-09-12T18:00:16Z,72,74,31,4595,99,1600,2424,0.51
2026-09-12T18:00:18Z,67,73,31,4595,99,1040,2424,0.51
2026-09-12T18:00:20Z,72,73,31,4573,99,1600,2424,0.51
2026-09-12T18:00:22Z,71,74,31,4573,99,1600,2425,0.47
2026-09-12T18:00:24Z,74,73,31,4606,100,1600,2424,0.47
2026-09-12T18:00:26Z,74,73,31,4595,99,1600,1702,0.43
2026-09-12T18:00:28Z,70,73,31,4595,100,1363,2424,0.43
2026-09-12T18:00:30Z,73,73,31,4595,99,1600,2424,0.48
2026-09-12T18:00:32Z,72,74,31,4606,100,1600,2243,0.48
2026-09-12T18:00:34Z,69,73,31,4606,99,1479,2424,0.48
2026-09-12T18:00:36Z,73,73,31,4595,99,1600,2387,0.44
2026-09-12T18:00:38Z,72,74,31,4606,99,1600,2425,0.44
2026-09-12T18:00:40Z,62,73,31,4629,0,200,2424,0.40
2026-09-12T18:00:42Z,60,71,31,4629,0,200,2425,0.40
2026-09-12T18:00:45Z,59,69,31,4606,0,200,2424,0.40
2026-09-12T18:00:47Z,62,68,31,4595,99,1083,2424,0.45
2026-09-12T18:00:49Z,73,69,31,4464,99,1375,1702,0.45
2026-09-12T18:00:51Z,72,72,31,4058,99,1543,1960,0.42
2026-09-12T18:00:53Z,65,73,31,4058,100,1040,2424,0.42
2026-09-12T18:00:55Z,75,73,31,4049,100,1380,1702,0.42
2026-09-12T18:00:57Z,72,74,31,4185,100,1600,1702,0.46
2026-09-12T18:00:59Z,71,75,31,4261,99,1443,2424,0.46
2026-09-12T18:01:01Z,75,74,31,4391,99,1430,1702,0.43
2026-09-12T18:01:03Z,75,75,31,4360,100,1563,1702,0.43
2026-09-12T18:01:05Z,75,76,31,4664,100,1481,1702,0.39
2026-09-12T18:01:07Z,73,75,31,4652,99,1545,1702,0.39
2026-09-12T18:01:09Z,76,76,31,4664,100,1387,1702,0.39
2026-09-12T18:01:11Z,71,76,31,4807,99,1366,2424,0.36
2026-09-12T18:01:13Z,76,76,31,4807,100,1443,1702,0.36
2026-09-12T18:01:16Z,77,76,31,4807,99,1386,1702,0.33
2026-09-12T18:01:18Z,78,77,31,5000,99,1457,1702,0.33
2026-09-12T18:01:20Z,69,77,31,5136,100,1040,2425,0.33
2026-09-12T18:01:22Z,75,76,31,5208,99,1420,1702,0.30
2026-09-12T18:01:24Z,75,77,31,5237,99,1600,1702,0.30
2026-09-12T18:01:26Z,69,77,31,5208,100,200,2425,0.28
2026-09-12T18:01:28Z,76,76,31,5237,100,1434,1702,0.28
2026-09-12T18:01:30Z,75,77,31,5208,99,1405,1702,0.28
2026-09-12T18:01:32Z,72,77,31,5208,99,1389,2425,0.26
2026-09-12T18:01:34Z,77,76,31,5237,100,1400,1702,0.26
2026-09-12T18:01:36Z,75,76,31,5208,100,1430,1702,0.24
2026-09-12T18:01:38Z,76,77,31,5237,100,1600,1702,0.24
2026-09-12T18:01:40Z,74,76,31,5237,100,1546,1702,0.22
2026-09-12T18:01:42Z,74,76,31,5237,99,1600,1702,0.22
2026-09-12T18:01:44Z,74,77,31,5237,99,1600,1702,0.22
2026-09-12T18:01:47Z,73,76,31,5252,99,1355,1399,0.28
2026-09-12T18:01:49Z,76,76,31,5252,99,1392,1702,0.28
2026-09-12T18:01:51Z,78,76,31,5237,99,1600,1702,0.42
2026-09-12T18:01:53Z,70,77,31,5237,100,1258,2425,0.42
2026-09-12T18:01:55Z,77,76,31,5252,99,1354,1702,0.42
2026-09-12T18:01:57Z,78,76,31,5237,99,1600,1399,0.46
2026-09-12T18:01:59Z,69,76,31,5237,0,200,2424,0.46
2026-09-12T18:02:01Z,76,76,31,5237,99,1600,1702,0.43
2026-09-12T18:02:03Z,77,76,31,5237,99,1350,1702,0.43
2026-09-12T18:02:05Z,70,77,31,5237,100,1327,2424,0.47
2026-09-12T18:02:07Z,77,76,31,5237,99,1435,1702,0.47
2026-09-12T18:02:09Z,76,76,31,5237,99,1342,1702,0.47
2026-09-12T18:02:11Z,77,77,31,5237,99,1600,1702,0.43
2026-09-12T18:02:13Z,74,76,31,5237,100,1600,1702,0.43
2026-09-12T18:02:16Z,77,76,31,5252,99,1350,1702,0.40
2026-09-12T18:02:18Z,74,77,31,5252,100,1600,1702,0.40
2026-09-12T18:02:20Z,74,76,31,5252,100,1371,1702,0.40
2026-09-12T18:02:22Z,75,76,31,5237,100,1600,1702,0.37
2026-09-12T18:02:24Z,77,77,31,5237,99,1408,1399,0.37
2026-09-12T18:02:26Z,63,76,31,5237,0,200,2424,0.34
2026-09-12T18:02:28Z,60,73,31,5281,0,200,2424,0.34
2026-09-12T18:02:30Z,59,71,31,5281,0,200,2425,0.34
2026-09-12T18:02:32Z,57,69,31,5237,0,200,2424,0.39
2026-09-12T18:02:34Z,56,67,31,4870,0,200,2424,0.39
2026-09-12T18:02:36Z,64,66,31,4832,99,1600,1399,0.36
2026-09-12T18:02:38Z,68,67,31,4485,100,1600,2425,0.36
2026-09-12T18:02:40Z,69,67,31,3947,99,1600,2425,0.33
2026-09-12T18:02:42Z,65,67,31,3947,99,1600,1549,0.33
2026-09-12T18:02:44Z,69,68,31,3930,100,1600,2425,0.33
2026-09-12T18:02:46Z,67,69,31,3922,8,1560,2424,0.30
2026-09-12T18:02:48Z,69,68,31,3930,100,1599,2429,0.30
2026-09-12T18:02:50Z,69,69,31,3906,99,1600,2424,0.28
2026-09-12T18:02:53Z,66,70,31,3906,0,1186,2424,0.28
2026-09-12T18:02:55Z,70,69,31,3922,100,1600,2424,0.28
2026-09-12T18:02:57Z,69,70,31,3906,100,1600,2317,0.26
2026-09-12T18:02:59Z,67,71,31,3906,0,1040,2424,0.26
2026-09-12T18:03:01Z,70,70,31,3930,100,1600,2424,0.24
2026-09-12T18:03:03Z,69,71,31,3906,99,1600,1702,0.24
2026-09-12T18:03:05Z,66,71,31,3906,100,1040,2424,0.24
2026-09-12T18:03:07Z,69,71,31,3947,100,1600,1702,0.30
2026-09-12T18:03:09Z,70,72,31,3947,99,1600,1702,0.30
2026-09-12T18:03:11Z,67,72,31,3964,100,1040,2424,0.27
2026-09-12T18:03:13Z,74,71,31,4093,100,1600,2424,0.27
2026-09-12T18:03:15Z,71,72,31,4093,100,1600,1992,0.33
2026-09-12T18:03:17Z,66,72,31,4093,99,1040,2424,0.33
2026-09-12T18:03:19Z,71,71,31,4076,99,1600,2426,0.33
2026-09-12T18:03:21Z,71,72,31,4076,99,1600,2425,0.39
2026-09-12T18:03:23Z,67,72,31,4102,99,1040,2424,0.39
2026-09-12T18:03:25Z,73,72,31,4093,99,1600,2424,0.35
2026-09-12T18:03:27Z,71,72,31,4076,100,1600,2424,0.35
2026-09-12T18:03:29Z,67,72,31,4076,100,1040,2425,0.35
2026-09-12T18:03:32Z,71,72,31,4076,100,1600,1702,0.65
2026-09-12T18:03:34Z,71,72,31,4076,99,1600,2424,0.65
2026-09-12T18:03:36Z,67,72,31,4166,100,1040,2424,0.67
2026-09-12T18:03:38Z,72,72,31,4166,99,1600,2424,0.67
2026-09-12T18:03:40Z,72,73,31,4261,100,1600,2424,0.67
2026-09-12T18:03:42Z,66,72,31,4261,99,1040,2424,0.70
2026-09-12T18:03:44Z,71,72,31,4261,100,1600,1702,0.70
2026-09-12T18:03:46Z,68,73,31,4261,100,1354,2424,0.64
2026-09-12T18:03:48Z,66,72,31,4261,100,1040,2424,0.64
2026-09-12T18:03:50Z,70,72,31,4261,100,1600,2085,0.64
2026-09-12T18:03:52Z,72,73,31,4261,99,1600,2424,0.59
2026-09-12T18:03:54Z,66,72,31,4261,0,200,2424,0.59
2026-09-12T18:03:56Z,70,72,31,4261,100,1600,1399,0.55
2026-09-12T18:03:58Z,70,73,31,4261,100,1600,2421,0.55
2026-09-12T18:04:00Z,65,73,31,4271,99,1040,2424,0.74
2026-09-12T18:04:02Z,73,72,31,4261,100,1600,2424,0.74
2026-09-12T18:04:04Z,71,73,31,4271,100,1600,2281,0.74
2026-09-12T18:04:06Z,63,73,31,4261,0,200,2425,0.68
2026-09-12T18:04:08Z,61,71,31,4261,0,200,2424,0.68
2026-09-12T18:04:11Z,62,70,31,4280,99,1040,3500,0.71
2026-09-12T18:04:13Z,58,68,31,4261,0,200,2424,0.71
2026-09-12T18:04:15Z,70,67,31,4261,99,1385,1702,0.71
2026-09-12T18:04:17Z,71,69,31,4232,99,1494,1702,0.65
2026-09-12T18:04:19Z,73,72,31,3865,99,1600,1702,0.65
2026-09-12T18:04:21Z,62,72,31,3890,0,1040,2424,0.76
2026-09-12T18:04:23Z,75,73,31,3890,99,1344,1399,0.76
2026-09-12T18:04:25Z,73,74,31,4102,99,1466,1702,0.76
2026-09-12T18:04:27Z,66,75,31,4120,45,1040,2424,0.78
2026-09-12T18:04:29Z,74,74,31,4120,100,1600,1702,0.78
2026-09-12T18:04:31Z,75,75,31,4148,100,1600,1702,0.72
2026-09-12T18:04:33Z,76,76,31,4464,100,1533,1399,0.72
2026-09-12T18:04:35Z,76,75,31,4432,100,1600,1702,0.74
2026-09-12T18:04:37Z,75,76,31,4443,100,1600,1702,0.74
2026-09-12T18:04:39Z,77,76,31,4629,99,1361,1702,0.74
2026-09-12T18:04:42Z,69,76,31,4629,100,1231,2424,0.68
2026-09-12T18:04:44Z,77,76,31,4629,99,1359,1702,0.68
2026-09-12T18:04:46Z,77,76,31,4629,99,1362,1702,0.63
2026-09-12T18:04:48Z,68,77,31,4664,100,1040,2426,0.63
2026-09-12T18:04:50Z,75,76,31,4807,100,1386,1702,0.63
2026-09-12T18:04:52Z,76,77,31,4807,100,1359,1702,0.58
2026-09-12T18:04:54Z,74,77,31,4807,100,1465,2425,0.58
2026-09-12T18:04:56Z,77,76,31,4807,100,1600,1702,0.53
2026-09-12T18:04:58Z,75,76,31,4832,99,1600,1702,0.53
2026-09-12T18:05:00Z,77,77,31,4832,99,1600,1702,0.57
2026-09-12T18:05:02Z,75,76,31,4807,100,1383,1702,0.57
2026-09-12T18:05:04Z,77,76,31,4807,99,1400,1702,0.57
2026-09-12T18:05:06Z,78,77,31,4807,99,1590,1401,0.52
2026-09-12T18:05:08Z,69,77,31,4895,99,1040,2424,0.52
2026-09-12T18:05:10Z,75,76,31,5026,99,1600,1702,0.48
2026-09-12T18:05:13Z,76,77,31,5067,99,1600,1702,0.48
2026-09-12T18:05:15Z,69,77,31,5026,99,200,2424,0.48
2026-09-12T18:05:17Z,75,76,31,5067,99,1543,1702,0.44
2026-09-12T18:05:19Z,74,77,31,5067,100,1600,1702,0.44
2026-09-12T18:05:21Z,75,77,31,5067,100,1551,1702,0.41
2026-09-12T18:05:23Z,77,76,31,5067,99,1600,1702,0.41
2026-09-12T18:05:25Z,76,76,31,5067,100,1510,1702,0.41
2026-09-12T18:05:27Z,77,77,31,5026,99,1464,1702,0.45
2026-09-12T18:05:29Z,75,76,31,5208,99,1434,1702,0.45
2026-09-12T18:05:31Z,77,76,31,5179,99,1357,1399,0.42
2026-09-12T18:05:33Z,78,76,31,5165,100,1600,1702,0.42
2026-09-12T18:05:35Z,68,76,31,5179,99,1040,2424,0.46
2026-09-12T18:05:37Z,77,76,31,5179,99,1520,1702,0.46
2026-09-12T18:05:39Z,75,76,31,5208,100,1600,1702,0.46
2026-09-12T18:05:42Z,67,77,31,5179,100,1040,2425,0.51
2026-09-12T18:05:44Z,75,76,31,5208,99,1381,1702,0.51
2026-09-12T18:05:46Z,77,76,31,5208,100,1599,1702,0.47
2026-09-12T18:05:48Z,79,76,31,5208,100,1600,1400,0.47
2026-09-12T18:05:50Z,76,76,31,5208,100,1362,1702,0.47
2026-09-12T18:05:52Z,75,76,31,5208,100,1537,1702,0.43
2026-09-12T18:05:54Z,74,76,31,5208,100,1600,1702,0.43
2026-09-12T18:05:56Z,63,75,31,5208,0,200,2424,0.47
2026-09-12T18:05:58Z,61,74,31,5208,0,200,2424,0.47
2026-09-12T18:06:00Z,59,71,31,5208,0,200,2424,0.47
2026-09-12T18:06:02Z,68,70,31,5208,99,1600,2424,0.60
2026-09-12T18:06:04Z,70,69,31,4960,99,1600,2425,0.60
2026-09-12T18:06:06Z,70,70,31,4464,100,1600,2424,0.55
2026-09-12T18:06:08Z,70,69,31,4464,100,1600,1702,0.55
2026-09-12T18:06:10Z,69,70,31,4464,99,1600,2424,0.50
2026-09-12T18:06:12Z,68,70,31,4464,100,1335,2425,0.50
2026-09-12T18:06:14Z,71,70,31,4432,100,1600,2424,0.50
2026-09-12T18:06:17Z,71,71,31,4464,100,1600,2424,0.46
2026-09-12T18:06:19Z,68,71,31,4443,28,1376,2424,0.46
2026-09-12T18:06:21Z,72,71,31,4464,100,1600,2424,0.43
2026-09-12T18:06:23Z,71,72,31,4464,100,1600,2424,0.43
2026-09-12T18:06:25Z,69,72,31,4443,99,1463,2424,0.43
2026-09-12T18:06:27Z,71,72,31,4464,99,1600,2426,0.39
2026-09-12T18:06:29Z,73,72,31,4432,100,1600,2424,0.39
2026-09-12T18:06:31Z,69,72,31,4443,99,200,2424,0.36
2026-09-12T18:06:33Z,71,72,31,4443,99,1600,1760,0.36
2026-09-12T18:06:35Z,71,73,31,4443,100,1600,2425,0.36
2026-09-12T18:06:37Z,67,72,31,4443,100,1040,2425,0.33
2026-09-12T18:06:39Z,72,73,31,4464,100,1600,2426,0.33
2026-09-12T18:06:41Z,73,73,31,4443,99,1600,2424,0.38
2026-09-12T18:06:43Z,72,72,31,4443,100,1600,2424,0.38
2026-09-12T18:06:45Z,72,73,31,4432,100,1600,1736,0.35
2026-09-12T18:06:47Z,70,73,31,4443,100,1600,2367,0.35
2026-09-12T18:06:49Z,72,73,31,4432,99,1600,1653,0.35
2026-09-12T18:06:51Z,74,73,31,4443,99,1600,2424,0.33
2026-09-12T18:06:53Z,69,73,31,4443,99,1342,2424,0.33
2026-09-12T18:06:55Z,74,73,31,4443,99,1600,2425,0.30
2026-09-12T18:06:58Z,72,73,31,4411,99,1600,2424,0.30
2026-09-12T18:07:00Z,70,73,31,4432,99,1391,2425,0.30
2026-09-12T18:07:02Z,73,73,31,4443,99,1600,2424,0.43
2026-09-12T18:07:04Z,74,73,31,4443,100,1600,2424,0.43
2026-09-12T18:07:06Z,70,73,31,4573,99,1420,2425,0.40
2026-09-12T18:07:08Z,72,73,31,4550,99,1600,1702,0.40
2026-09-12T18:07:10Z,74,74,31,4573,100,1600,1702,0.40
2026-09-12T18:07:12Z,67,73,31,4573,0,1040,2425,0.37
2026-09-12T18:07:14Z,73,73,31,4573,100,1600,2424,0.37
2026-09-12T18:07:16Z,69,74,31,4573,99,1371,2424,0.34
2026-09-12T18:07:18Z,69,73,31,4573,100,1040,2425,0.34
2026-09-12T18:07:20Z,74,73,31,4573,99,1600,2425,0.34
2026-09-12T18:07:22Z,74,74,31,4573,99,1600,1819,0.31
2026-09-12T18:07:24Z,71,73,31,4539,99,1600,1399,0.31
2026-09-12T18:07:26Z,73,73,31,4573,99,1600,2424,0.29
2026-09-12T18:07:28Z,74,74,31,4573,99,1600,2424,0.29
2026-09-12T18:07:30Z,63,73,31,4573,0,200,2425,0.26
2026-09-12T18:07:32Z,60,71,31,4573,0,200,2424,0.26
2026-09-12T18:07:34Z,59,69,31,4573,0,200,2424,0.26
2026-09-12T18:07:37Z,58,68,31,4573,0,200,2424,0.32
2026-09-12T18:07:39Z,73,69,31,4350,99,1600,1702,0.32
2026-09-12T18:07:41Z,74,71,31,4290,99,1558,1702,0.38
2026-09-12T18:07:43Z,68,73,31,4290,100,1192,2425,0.38
2026-09-12T18:07:45Z,70,72,31,4290,100,1600,1702,0.38
2026-09-12T18:07:47Z,75,73,31,4290,100,1600,1702,0.43
2026-09-12T18:07:49Z,73,74,31,4290,100,1600,1702,0.43
2026-09-12T18:07:51Z,64,74,31,4464,0,1040,2424,0.39
2026-09-12T18:07:53Z,76,74,31,4464,99,1354,1399,0.39
2026-09-12T18:07:55Z,76,75,31,4496,99,1364,1400,0.39
2026-09-12T18:07:57Z,69,76,31,4770,99,1292,2424,0.44
2026-09-12T18:07:59Z,75,75,31,4783,99,1345,1702,0.44
2026-09-12T18:08:01Z,76,75,31,4895,99,1353,1702,0.49
2026-09-12T18:08:03Z,75,76,31,5000,100,1600,2089,0.49
2026-09-12T18:08:05Z,68,76,31,5013,99,1040,2424,0.45
2026-09-12T18:08:07Z,75,75,31,5000,100,1503,1702,0.45
2026-09-12T18:08:10Z,77,76,31,5040,100,1600,1702,0.45
2026-09-12T18:08:12Z,69,76,31,5040,2,1225,2424,0.49
2026-09-12T18:08:14Z,74,75,31,5040,99,1371,1702,0.49
2026-09-12T18:08:16Z,76,76,31,5000,100,1546,1400,0.53
2026-09-12T18:08:18Z,74,76,31,4986,100,1600,1702,0.53
2026-09-12T18:08:20Z,68,75,31,5026,99,1099,2424,0.53
2026-09-12T18:08:22Z,75,76,31,4986,99,1600,1702,0.49
2026-09-12T18:08:24Z,74,76,31,5040,99,1600,1399,0.49
2026-09-12T18:08:26Z,69,76,31,5067,99,1161,2424,0.45
2026-09-12T18:08:28Z,74,75,31,5067,100,1510,1702,0.45
2026-09-12T18:08:30Z,75,76,31,5067,99,1432,1702,0.49
2026-09-12T18:08:32Z,77,76,31,5067,100,1600,1399,0.49
2026-09-12T18:08:34Z,73,76,31,5067,100,1546,1964,0.49
2026-09-12T18:08:36Z,76,76,31,5067,99,1389,1702,0.54
2026-09-12T18:08:39Z,78,76,31,5067,99,1600,1702,0.54
2026-09-12T18:08:41Z,70,76,31,5067,99,1395,2425,0.49
2026-09-12T18:08:43Z,77,75,31,5067,99,1494,1702,0.49
2026-09-12T18:08:45Z,77,76,31,5067,99,1519,1702,0.49
2026-09-12T18:08:47Z,78,77,31,5067,100,1579,1702,0.53
2026-09-12T18:08:49Z,76,75,31,5067,100,1600,1702,0.53
2026-09-12T18:08:51Z,74,76,31,5067,99,1405,1702,0.57
2026-09-12T18:08:53Z,78,76,31,5067,99,1526,1702,0.57
2026-09-12T18:08:55Z,69,76,31,5095,99,1208,2425,0.57
2026-09-12T18:08:57Z,76,76,31,5067,99,1373,1702,0.52
2026-09-12T18:08:59Z,76,76,31,5067,99,1461,1702,0.52
2026-09-12T18:09:01Z,73,76,31,5108,99,200,2424,0.48
2026-09-12T18:09:03Z,76,76,31,5067,99,1467,1702,0.48
2026-09-12T18:09:05Z,76,76,31,5095,100,1379,1399,0.52
2026-09-12T18:09:07Z,75,76,31,5067,99,1600,1399,0.52
2026-09-12T18:09:10Z,67,76,31,5067,100,1040,2424,0.52
2026-09-12T18:09:12Z,77,76,31,5067,100,1404,1399,0.56
2026-09-12T18:09:14Z,74,76,31,5067,99,1600,1702,0.56
2026-09-12T18:09:16Z,69,76,31,5108,100,1230,2424,0.52
2026-09-12T18:09:18Z,76,75,31,5108,100,1600,1399,0.52
2026-09-12T18:09:20Z,77,76,31,5108,99,1600,1702,0.52
2026-09-12T18:09:22Z,73,76,31,5108,99,1600,1702,0.56
2026-09-12T18:09:24Z,63,76,31,5067,0,200,2424,0.56
2026-09-12T18:09:26Z,60,73,31,5108,0,200,2424,0.51
2026-09-12T18:09:28Z,60,71,31,5095,0,200,2424,0.51
2026-09-12T18:09:30Z,58,69,31,5067,0,200,2425,0.51
2026-09-12T18:09:32Z,57,68,31,5040,0,200,2424,0.55
2026-09-12T18:09:34Z,65,66,31,5040,99,1600,2424,0.55
2026-09-12T18:09:36Z,67,67,31,4271,100,1600,2425,0.51
2026-09-12T18:09:38Z,66,67,31,3826,99,1600,2404,0.51
2026-09-12T18:09:40Z,63,67,31,3842,100,1040,2424,0.71
2026-09-12T18:09:42Z,69,67,31,3826,100,1600,2425,0.71
2026-09-12T18:09:45Z,68,69,31,3842,100,1600,2424,0.71
2026-09-12T18:09:47Z,62,69,31,3826,99,1040,2425,0.65
2026-09-12T18:09:49Z,68,68,31,3826,99,1600,2424,0.65
2026-09-12T18:09:51Z,66,69,31,3803,100,1342,2424,0.60
2026-09-12T18:09:53Z,64,70,31,3810,0,1040,2424,0.60
2026-09-12T18:09:55Z,70,69,31,3810,99,1600,2424,0.60
2026-09-12T18:09:57Z,70,70,31,3810,99,1600,2424,0.55
2026-09-12T18:09:59Z,69,71,31,3803,7,200,2424,0.55
2026-09-12T18:10:01Z,70,70,31,3810,100,1600,2424,0.83
2026-09-12T18:10:03Z,71,71,31,3850,100,1600,2424,0.83
2026-09-12T18:10:05Z,72,71,31,3850,99,1600,2424,0.83
2026-09-12T18:10:07Z,62,71,31,3989,99,1040,2424,0.76
2026-09-12T18:10:09Z,72,71,31,3989,99,1600,2424,0.76
2026-09-12T18:10:11Z,69,72,31,3989,99,1600,1702,0.70
2026-09-12T18:10:13Z,65,72,31,4032,99,1040,2424,0.70
2026-09-12T18:10:15Z,72,71,31,4032,99,1600,1702,0.64
2026-09-12T18:10:17Z,72,72,31,4032,100,1600,2424,0.64
2026-09-12T18:10:19Z,65,72,31,4058,0,1040,2424,0.64
2026-09-12T18:10:21Z,70,71,31,4032,99,1600,2354,0.91
2026-09-12T18:10:23Z,72,71,31,4032,99,1600,2424,0.91
2026-09-12T18:10:26Z,70,72,31,4032,99,1600,2415,0.84
2026-09-12T18:10:28Z,66,72,31,4032,100,1040,2424,0.84
2026-09-12T18:10:30Z,74,71,31,4032,100,1600,2424,0.84
2026-09-12T18:10:32Z,73,72,31,4032,99,1600,2425,0.77
2026-09-12T18:10:34Z,66,72,31,4032,99,1040,2424,0.77
2026-09-12T18:10:36Z,72,71,31,4032,99,1600,2424,0.71
2026-09-12T18:10:38Z,72,72,31,4032,99,1600,2424,0.71
2026-09-12T18:10:40Z,66,72,31,4006,99,1040,2424,0.71
2026-09-12T18:10:42Z,73,71,31,4006,99,1600,1702,0.97
2026-09-12T18:10:44Z,72,72,31,4006,100,1600,2424,0.97
2026-09-12T18:10:46Z,73,72,31,4032,99,1600,2424,0.89
2026-09-12T18:10:48Z,70,71,31,4032,100,1563,2388,0.89
2026-09-12T18:10:50Z,74,72,31,4014,100,1600,2424,0.89
2026-09-12T18:10:52Z,71,72,31,4032,99,1600,2424,1.22
2026-09-12T18:10:54Z,66,72,31,4032,0,1040,2425,1.22
2026-09-12T18:10:56Z,71,72,31,4014,99,1600,2358,1.12
2026-09-12T18:10:58Z,70,72,31,4006,100,1600,2424,1.12
2026-09-12T18:11:00Z,67,72,31,4032,99,200,2424,1.11
2026-09-12T18:11:02Z,70,71,31,4014,99,1600,2155,1.11
2026-09-12T18:11:05Z,71,72,31,4213,99,1600,1702,1.11
2026-09-12T18:11:07Z,67,73,31,4213,99,1040,2424,1.03
2026-09-12T18:11:09Z,72,72,31,4242,99,1600,2424,1.03
2026-09-12T18:11:11Z,71,72,31,4213,99,1600,1702,1.02
2026-09-12T18:11:13Z,71,72,31,4242,100,1600,2424,1.02
2026-09-12T18:11:15Z,63,72,31,4213,85,1040,2425,1.02
2026-09-12T18:11:17Z,60,70,31,4232,0,200,2424,1.10
2026-09-12T18:11:19Z,60,69,31,4213,0,200,2424,1.10
2026-09-12T18:11:21Z,58,68,31,4232,0,200,2424,1.09
2026-09-12T18:11:23Z,69,67,31,4213,99,1412,1702,1.09
2026-09-12T18:11:25Z,71,71,31,3989,99,1600,1702,1.09
2026-09-12T18:11:27Z,70,72,31,3972,100,1591,1928,1.01
2026-09-12T18:11:29Z,64,73,31,3964,99,1040,2424,1.01
2026-09-12T18:11:31Z,74,72,31,3972,99,1338,1702,0.92
2026-09-12T18:11:33Z,75,73,31,3964,100,1600,1702,0.92
2026-09-12T18:11:35Z,72,74,31,4148,100,1600,1702,0.85
2026-09-12T18:11:37Z,74,74,31,4280,99,1600,1702,0.85
2026-09-12T18:11:40Z,76,74,31,4310,99,1360,1399,0.85
2026-09-12T18:11:42Z,74,75,31,4310,100,1600,1702,0.78
2026-09-12T18:11:44Z,66,75,31,4411,0,1040,2424,0.78
2026-09-12T18:11:46Z,73,75,31,4432,100,1600,1399,0.72
2026-09-12T18:11:48Z,74,76,31,4432,99,1501,1702,0.72
2026-09-12T18:11:50Z,75,76,31,4629,100,1600,1702,0.72
2026-09-12T18:11:52Z,68,75,31,4722,99,1040,2424,0.82
2026-09-12T18:11:54Z,77,75,31,4711,100,1351,1702,0.82
2026-09-12T18:11:56Z,77,76,31,4711,99,1600,1702,0.76
2026-09-12T18:11:58Z,68,76,31,4711,0,1040,2425,0.76
2026-09-12T18:12:00Z,77,75,31,4895,99,1600,1702,0.78
2026-09-12T18:12:02Z,73,75,31,4895,100,1600,1702,0.78
2026-09-12T18:12:04Z,75,76,31,4895,100,1550,2424,0.78
2026-09-12T18:12:06Z,67,76,31,4895,99,1040,2426,0.79
2026-09-12T18:12:08Z,76,75,31,4895,99,1421,1702,0.79
2026-09-12T18:12:11Z,75,76,31,4908,99,1600,1702,0.81
2026-09-12T18:12:13Z,73,76,31,4908,100,1600,2170,0.81
2026-09-12T18:12:15Z,75,75,31,4895,100,1600,1399,0.81
2026-09-12T18:12:17Z,75,76,31,4895,99,1459,1702,0.83
2026-09-12T18:12:19Z,77,76,31,4908,100,1600,1702,0.83
2026-09-12T18:12:21Z,66,76,31,4934,0,1040,2425,0.76
2026-09-12T18:12:23Z,75,75,31,4895,99,1600,1702,0.76
2026-09-12T18:12:25Z,75,76,31,4934,100,1369,1399,0.76
2026-09-12T18:12:27Z,75,76,31,4934,100,1465,1702,0.70
2026-09-12T18:12:29Z,67,75,31,4934,100,1040,2424,0.70
2026-09-12T18:12:31Z,76,75,31,4934,100,1600,1702,0.72
2026-09-12T18:12:33Z,75,76,31,4908,99,1600,1702,0.72
2026-09-12T18:12:35Z,68,76,31,4895,99,200,2427,0.75
2026-09-12T18:12:37Z,76,75,31,4934,100,1346,1702,0.75
2026-09-12T18:12:40Z,76,75,31,4895,99,1400,1702,0.75
2026-09-12T18:12:42Z,73,76,31,4934,99,1600,1702,0.69
2026-09-12T18:12:44Z,67,76,31,4934,100,200,2424,0.69
2026-09-12T18:12:46Z,77,75,31,4934,99,1455,1400,0.63
2026-09-12T18:12:48Z,75,76,31,4934,99,1509,1702,0.63
2026-09-12T18:12:50Z,70,76,31,4934,100,1044,2424,0.63
2026-09-12T18:12:52Z,75,75,31,4934,99,1354,1702,0.58
2026-09-12T18:12:54Z,76,75,31,4934,99,1600,1702,0.58
2026-09-12T18:12:56Z,78,76,31,4934,99,1600,1702,0.69
2026-09-12T18:12:58Z,67,76,31,4934,99,1040,2424,0.69
2026-09-12T18:13:00Z,75,75,31,4934,100,1600,1702,0.69
2026-09-12T18:13:02Z,73,75,31,4934,100,1600,1702,0.64
2026-09-12T18:13:04Z,77,76,31,4934,99,1600,1400,0.64
2026-09-12T18:13:06Z,69,75,31,4934,99,1248,2424,0.67
2026-09-12T18:13:08Z,77,75,31,4960,100,1532,1702,0.67
2026-09-12T18:13:11Z,77,76,31,4934,99,1600,1702,0.69
2026-09-12T18:13:13Z,67,76,31,4973,0,1040,2425,0.69
2026-09-12T18:13:15Z,61,75,31,4934,0,200,2424,0.69
2026-09-12T18:13:17Z,61,73,31,4934,43,1040,2424,0.72
2026-09-12T18:13:19Z,59,70,31,4934,0,200,2425,0.72
2026-09-12T18:13:21Z,68,69,31,4934,100,1600,1702,0.66
2026-09-12T18:13:23Z,69,69,31,4391,100,1600,2426,0.66
2026-09-12T18:13:25Z,71,70,31,4360,100,1600,2424,0.66
2026-09-12T18:13:27Z,68,70,31,4330,100,1600,2424,0.61
2026-09-12T18:13:29Z,69,70,31,4360,100,1600,2424,0.61
2026-09-12T18:13:31Z,70,70,31,4360,99,1600,2424,0.56
2026-09-12T18:13:33Z,69,69,31,4340,99,1600,2310,0.56
2026-09-12T18:13:35Z,70,71,31,4330,99,1600,2172,0.56
2026-09-12T18:13:37Z,70,71,31,4340,100,1600,2424,0.59
2026-09-12T18:13:39Z,72,71,31,4360,99,1600,2424,0.59
2026-09-12T18:13:41Z,72,71,31,4340,99,1600,2425,0.55
2026-09-12T18:13:43Z,69,71,31,4330,99,1600,2426,0.55
2026-09-12T18:13:45Z,72,71,31,4360,99,1600,2246,0.58
2026-09-12T18:13:47Z,71,72,31,4340,100,1600,2378,0.58
2026-09-12T18:13:49Z,73,72,31,4330,99,1600,2426,0.58
2026-09-12T18:13:52Z,73,72,31,4340,100,1600,2424,0.62
2026-09-12T18:13:54Z,71,72,31,4340,100,1600,2424,0.62
2026-09-12T18:13:56Z,69,72,31,4330,100,1600,2242,0.57
2026-09-12T18:13:58Z,72,72,31,4360,100,1600,2425,0.57
2026-09-12T18:14:00Z,74,73,31,4340,100,1600,2425,0.57
2026-09-12T18:14:02Z,72,73,31,4340,99,1600,2424,0.52
2026-09-12T18:14:04Z,72,73,31,4340,99,1600,2424,0.52
2026-09-12T18:14:06Z,73,73,31,4464,99,1600,2424,0.48
2026-09-12T18:14:08Z,70,72,31,4464,99,1600,2425,0.48
2026-09-12T18:14:10Z,72,72,31,4464,99,1600,2425,0.48
2026-09-12T18:14:12Z,72,73,31,4464,99,1600,2424,0.44
2026-09-12T18:14:14Z,72,73,31,4496,99,1600,2424,0.44
2026-09-12T18:14:16Z,71,73,31,4550,99,1600,2424,0.41
2026-09-12T18:14:18Z,71,73,31,4539,100,1600,2425,0.41
2026-09-12T18:14:20Z,72,73,31,4573,99,1600,2424,0.53
2026-09-12T18:14:22Z,73,72,31,4573,99,1600,2421,0.53
2026-09-12T18:14:24Z,72,73,31,4573,99,1600,2424,0.53
2026-09-12T18:14:26Z,73,73,31,4550,99,1600,2424,0.49
2026-09-12T18:14:28Z,71,73,31,4573,99,1600,2129,0.49
2026-09-12T18:14:31Z,70,73,31,4573,99,1600,2425,0.45
2026-09-12T18:14:33Z,72,73,31,4573,99,1600,2426,0.45
2026-09-12T18:14:35Z,73,72,31,4573,99,1600,2425,0.45
2026-09-12T18:14:37Z,73,73,31,4539,99,1600,2424,0.41
2026-09-12T18:14:39Z,72,73,31,4550,80,1600,2424,0.41
2026-09-12T18:14:41Z,72,73,31,4573,100,1600,2332,0.46
2026-09-12T18:14:43Z,72,73,31,4573,100,1600,2424,0.46
2026-09-12T18:14:45Z,71,73,31,4573,100,1600,2424,0.46
2026-09-12T18:14:47Z,74,72,31,4573,100,1600,2396,0.51
2026-09-12T18:14:49Z,73,73,31,4573,100,1600,2424,0.51
2026-09-12T18:14:51Z,72,73,31,4550,99,1600,2424,0.55
2026-09-12T18:14:53Z,74,73,31,4573,100,1600,2425,0.55
2026-09-12T18:14:55Z,73,73,31,4573,99,1600,2424,0.55
2026-09-12T18:14:57Z,70,73,31,4573,7,1503,2424,0.50
2026-09-12T18:14:59Z,73,72,31,4550,100,1600,2405,0.50
2026-09-12T18:15:01Z,73,73,31,4550,100,1600,2424,0.46
2026-09-12T18:15:03Z,73,73,31,4573,99,1600,2424,0.46
2026-09-12T18:15:05Z,71,73,31,4550,99,1600,2424,0.42
2026-09-12T18:15:07Z,70,73,31,4539,99,1600,2426,0.42
2026-09-12T18:15:09Z,68,73,31,4573,100,1451,2424,0.42
2026-09-12T18:15:11Z,72,72,31,4573,100,1600,1546,0.55
2026-09-12T18:15:14Z,72,73,31,4539,100,1600,2425,0.55
2026-09-12T18:15:16Z,71,73,31,4573,99,1600,2424,0.51
2026-09-12T18:15:18Z,73,73,31,4539,99,1600,2424,0.51
2026-09-12T18:15:20Z,72,73,31,4573,99,1600,2424,0.51
2026-09-12T18:15:22Z,69,73,31,4573,99,1348,2424,0.47
2026-09-12T18:15:24Z,73,73,31,4573,99,1600,2123,0.47
2026-09-12T18:15:26Z,73,73,31,4573,99,1600,2073,0.43
2026-09-12T18:15:28Z,72,73,31,4573,99,1600,2424,0.43
2026-09-12T18:15:30Z,71,73,31,4573,99,1600,2424,0.43
2026-09-12T18:15:32Z,72,73,31,4573,100,1600,2424,0.39
2026-09-12T18:15:34Z,69,73,31,4539,99,1364,2424,0.39
2026-09-12T18:15:36Z,73,72,31,4573,100,1600,2350,0.36
2026-09-12T18:15:38Z,74,73,31,4550,99,1600,2424,0.36
2026-09-12T18:15:40Z,72,73,31,4573,100,1600,1702,0.36
2026-09-12T18:15:42Z,72,73,31,4573,99,1600,2425,0.33
2026-09-12T18:15:44Z,72,73,31,4573,99,1600,2424,0.33
2026-09-12T18:15:46Z,69,73,31,4573,99,1372,2424,0.31
2026-09-12T18:15:48Z,72,72,31,4550,99,1600,2403,0.31
2026-09-12T18:15:50Z,74,73,31,4550,99,1600,2425,0.36
2026-09-12T18:15:53Z,72,73,31,4539,100,1600,2424,0.36
2026-09-12T18:15:55Z,70,73,31,4573,100,1600,2424,0.36
2026-09-12T18:15:57Z,74,73,31,4573,99,1600,2425,0.33
2026-09-12T18:15:59Z,70,73,31,4573,99,1389,2424,0.33
2026-09-12T18:16:01Z,74,73,31,4539,100,1600,2424,0.39
2026-09-12T18:16:03Z,73,73,31,4573,100,1600,2347,0.39
2026-09-12T18:16:05Z,73,73,31,4573,100,1600,2424,0.39
2026-09-12T18:16:07Z,71,73,31,4573,99,1600,2424,0.43
2026-09-12T18:16:09Z,71,73,31,4573,99,1600,2424,0.43
2026-09-12T18:16:11Z,69,73,31,4573,100,1327,2425,0.40
2026-09-12T18:16:13Z,72,72,31,4573,99,1600,1891,0.40
2026-09-12T18:16:15Z,74,73,31,4573,100,1600,1939,0.40
2026-09-12T18:16:17Z,73,73,31,4573,100,1600,1779,0.37
2026-09-12T18:16:19Z,73,73,31,4573,99,1600,2426,0.37
2026-09-12T18:16:21Z,72,73,31,4573,99,1600,2425,0.34
2026-09-12T18:16:23Z,69,73,31,4573,100,1351,2424,0.34
2026-09-12T18:16:25Z,61,72,31,4573,0,200,2424,0.31
2026-09-12T18:16:27Z,59,70,31,4573,0,200,2425,0.31
2026-09-12T18:16:29Z,59,68,31,4573,0,200,2424,0.31
2026-09-12T18:16:31Z,69,67,31,4391,99,1484,1399,0.37
2026-09-12T18:16:34Z,71,70,31,4148,100,1600,1702,0.37
2026-09-12T18:16:36Z,74,72,31,4058,99,1486,1702,0.42
2026-09-12T18:16:38Z,72,73,31,4058,99,1600,1702,0.42
2026-09-12T18:16:40Z,74,74,31,4213,100,1600,1702,0.42
2026-09-12T18:16:42Z,73,74,31,4290,100,1600,2424,0.38
2026-09-12T18:16:44Z,70,74,31,4360,99,1600,2424,0.38
2026-09-12T18:16:46Z,69,74,31,4518,100,1283,2424,0.43
2026-09-12T18:16:48Z,74,75,31,4518,99,1384,1702,0.43
2026-09-12T18:16:50Z,77,76,31,4687,99,1351,1702,0.43
2026-09-12T18:16:52Z,76,76,31,4722,99,1600,1400,0.40
2026-09-12T18:16:54Z,75,76,31,4746,99,1600,1702,0.40
2026-09-12T18:16:56Z,72,77,31,4844,99,1600,1702,0.37
2026-09-12T18:16:58Z,72,76,31,4973,100,1497,2425,0.37
2026-09-12T18:17:00Z,69,76,31,4973,99,1040,2425,0.34
2026-09-12T18:17:02Z,75,76,31,4973,99,1424,1702,0.34
2026-09-12T18:17:05Z,76,76,31,4973,100,1516,1702,0.34
2026-09-12T18:17:07Z,73,77,31,4973,100,1600,1702,0.31
2026-09-12T18:17:09Z,76,77,31,5026,100,1600,2425,0.31
2026-09-12T18:17:11Z,78,77,31,5040,99,1600,1702,0.28
2026-09-12T18:17:13Z,72,77,31,5067,99,1600,2424,0.28
2026-09-12T18:17:15Z,69,76,31,5067,100,1040,2424,0.28
2026-09-12T18:17:17Z,75,76,31,5081,99,1424,1702,0.26
2026-09-12T18:17:19Z,75,77,31,5067,100,1437,1702,0.26
2026-09-12T18:17:21Z,76,77,31,5067,100,1600,1702,0.24
2026-09-12T18:17:23Z,75,77,31,5081,99,1600,1702,0.24
2026-09-12T18:17:25Z,73,77,31,5208,100,1600,2424,0.24
2026-09-12T18:17:27Z,78,77,31,5208,100,1600,2426,0.22
2026-09-12T18:17:29Z,68,77,31,5208,100,1040,2424,0.22
2026-09-12T18:17:31Z,75,76,31,5208,100,1600,1702,0.20
2026-09-12T18:17:33Z,75,77,31,5165,100,1412,1702,0.20
2026-09-12T18:17:36Z,78,77,31,5208,100,1600,1702,0.19
2026-09-12T18:17:38Z,77,77,31,5208,99,1600,1399,0.19
2026-09-12T18:17:40Z,78,77,31,5252,100,1600,1702,0.19
2026-09-12T18:17:42Z,76,77,31,5237,99,1501,1400,0.17
2026-09-12T18:17:44Z,68,76,31,5281,99,1040,2424,0.17
2026-09-12T18:17:46Z,75,76,31,5281,100,1600,1702,0.16
2026-09-12T18:17:48Z,75,77,31,5252,100,1600,1702,0.16
2026-09-12T18:17:50Z,77,77,31,5252,100,1600,1702,0.16
2026-09-12T18:17:52Z,75,77,31,5281,100,1600,1702,0.14
2026-09-12T18:17:54Z,73,77,31,5252,100,1600,2424,0.14
2026-09-12T18:17:56Z,78,77,31,5252,100,1600,1521,0.21
2026-09-12T18:17:58Z,66,76,31,5281,0,1040,2424,0.21
2026-09-12T18:18:00Z,76,76,31,5281,99,1600,1702,0.28
2026-09-12T18:18:02Z,78,76,31,5252,100,1469,1400,0.28
2026-09-12T18:18:04Z,74,77,31,5252,99,1600,1702,0.28
2026-09-12T18:18:07Z,74,77,31,5281,100,1600,2425,0.25
2026-09-12T18:18:09Z,78,77,31,5281,100,1600,2261,0.25
2026-09-12T18:18:11Z,78,77,31,5237,99,1556,1702,0.23
2026-09-12T18:18:13Z,67,76,31,5281,0,200,2424,0.23
2026-09-12T18:18:15Z,76,76,31,5281,100,1579,1399,0.23
2026-09-12T18:18:17Z,78,76,31,5281,100,1343,1702,0.21
2026-09-12T18:18:19Z,74,77,31,5252,100,1600,1702,0.21
2026-09-12T18:18:21Z,75,77,31,5281,100,1600,1702,0.28
2026-09-12T18:18:23Z,76,77,31,5281,99,1441,1702,0.28
2026-09-12T18:18:25Z,77,77,31,5281,100,1600,1702,0.28
2026-09-12T18:18:27Z,69,76,31,5281,0,200,2424,0.34
2026-09-12T18:18:29Z,76,76,31,5281,100,1409,1399,0.34
2026-09-12T18:18:31Z,73,76,31,5252,99,1476,1702,0.31
2026-09-12T18:18:33Z,76,77,31,5281,99,1600,1702,0.31
2026-09-12T18:18:36Z,76,77,31,5281,99,1600,1702,0.28
2026-09-12T18:18:38Z,74,77,31,5281,99,1503,1702,0.28
2026-09-12T18:18:40Z,72,77,31,5281,100,1600,1702,0.28
2026-09-12T18:18:42Z,69,76,31,5281,99,1236,2424,0.26
2026-09-12T18:18:44Z,74,76,31,5237,100,1600,1702,0.26
2026-09-12T18:18:46Z,75,76,31,5281,100,1600,1702,0.40
2026-09-12T18:18:48Z,76,77,31,5281,100,1600,1702,0.40
2026-09-12T18:18:50Z,77,77,31,5237,100,1600,1702,0.40
2026-09-12T18:18:52Z,73,77,31,5237,100,1600,1702,0.45
2026-09-12T18:18:54Z,73,77,31,5237,100,1600,2425,0.45
2026-09-12T18:18:56Z,69,76,31,5252,100,1312,2424,0.41
2026-09-12T18:18:58Z,76,76,31,5252,100,1376,1702,0.41
2026-09-12T18:19:00Z,76,76,31,5252,100,1600,1702,0.38
2026-09-12T18:19:02Z,74,77,31,5281,100,1600,1702,0.38
2026-09-12T18:19:04Z,74,77,31,5281,99,1600,2427,0.38
2026-09-12T18:19:07Z,75,77,31,5252,99,1600,2425,0.35
2026-09-12T18:19:09Z,76,77,31,5281,99,1600,1702,0.35
2026-09-12T18:19:11Z,70,76,31,5281,86,1320,2424,0.40
2026-09-12T18:19:13Z,76,76,31,5281,100,1436,1702,0.40
2026-09-12T18:19:15Z,74,76,31,5281,99,1600,1702,0.40
2026-09-12T18:19:17Z,78,77,31,5281,99,1359,1702,0.37
2026-09-12T18:19:19Z,76,77,31,5281,100,1600,1702,0.37
2026-09-12T18:19:21Z,76,77,31,5252,99,1355,1702,0.42
2026-09-12T18:19:23Z,75,77,31,5237,99,1440,1702,0.42
2026-09-12T18:19:25Z,70,76,31,5281,100,1319,2424,0.42
2026-09-12T18:19:27Z,75,76,31,5281,100,1414,1702,0.39
2026-09-12T18:19:29Z,75,76,31,5281,99,1600,1702,0.39
2026-09-12T18:19:31Z,75,77,31,5281,100,1600,1702,0.35
2026-09-12T18:19:33Z,77,77,31,5281,99,1398,1702,0.35
2026-09-12T18:19:36Z,77,77,31,5281,99,1600,1702,0.33
2026-09-12T18:19:38Z,72,77,31,5281,99,1600,1702,0.33
2026-09-12T18:19:40Z,70,76,31,5281,100,1328,2424,0.33
2026-09-12T18:19:42Z,76,76,31,5281,99,1421,1702,0.30
2026-09-12T18:19:44Z,74,76,31,5281,99,1447,1702,0.30
2026-09-12T18:19:46Z,75,77,31,5281,100,1600,1702,0.27
2026-09-12T18:19:48Z,74,77,31,5281,100,1600,2424,0.27
2026-09-12T18:19:50Z,77,77,31,5252,100,1600,2424,0.27
2026-09-12T18:19:52Z,74,77,31,5281,100,1600,2424,0.33
2026-09-12T18:19:54Z,69,76,31,5281,99,1309,2424,0.33
2026-09-12T18:19:56Z,76,75,31,5281,100,1331,1702,0.39
2026-09-12T18:19:58Z,76,76,31,5281,99,1346,1702,0.39
2026-09-12T18:20:00Z,77,76,31,5281,100,1600,1399,0.52
2026-09-12T18:20:02Z,72,77,31,5281,100,1600,1702,0.52
2026-09-12T18:20:04Z,72,77,31,5237,99,1600,1702,0.52
2026-09-12T18:20:07Z,72,76,31,5237,99,1600,2424,0.47
2026-09-12T18:20:09Z,71,76,31,5281,99,1385,2424,0.47
2026-09-12T18:20:11Z,61,75,31,5281,0,200,2425,0.44
2026-09-12T18:20:13Z,59,73,31,5281,0,200,2424,0.44
2026-09-12T18:20:15Z,58,70,31,5281,0,200,2424,0.44
2026-09-12T18:20:17Z,57,68,31,5281,0,200,2424,0.40
2026-09-12T18:20:19Z,58,66,31,5252,100,1040,2424,0.40
2026-09-12T18:20:21Z,68,66,31,4422,100,1600,2424,0.37
2026-09-12T18:20:23Z,68,67,31,3947,100,1600,2425,0.37
2026-09-12T18:20:25Z,66,68,31,3947,99,1600,2128,0.37
2026-09-12T18:20:27Z,69,68,31,3947,99,1600,2424,0.42
2026-09-12T18:20:29Z,68,68,31,3947,100,1600,2425,0.42
2026-09-12T18:20:31Z,67,68,31,3930,100,1600,2425,0.39
2026-09-12T18:20:33Z,70,68,31,3947,100,1600,2424,0.39
2026-09-12T18:20:35Z,69,69,31,3947,100,1600,2424,0.39
2026-09-12T18:20:37Z,70,70,31,3930,99,1600,2424,0.35
2026-09-12T18:20:39Z,69,70,31,3922,100,1600,2424,0.35
2026-09-12T18:20:41Z,69,70,31,3922,99,1600,2424,0.41
2026-09-12T18:20:43Z,69,70,31,3930,100,1600,2424,0.41
2026-09-12T18:20:46Z,63,71,31,3972,99,1040,2424,0.45
2026-09-12T18:20:48Z,71,70,31,4102,100,1600,2425,0.45
2026-09-12T18:20:50Z,70,71,31,4148,100,1600,2424,0.45
2026-09-12T18:20:52Z,70,72,31,4175,100,1600,2424,0.50
2026-09-12T18:20:54Z,71,72,31,4148,100,1600,2424,0.50
2026-09-12T18:20:56Z,69,72,31,4280,99,1600,2424,0.46
2026-09-12T18:20:58Z,70,71,31,4280,99,1600,2424,0.46
2026-09-12T18:21:00Z,73,71,31,4290,100,1600,2424,0.46
2026-09-12T18:21:02Z,73,72,31,4290,99,1600,2424,0.42
2026-09-12T18:21:04Z,72,72,31,4290,100,1600,2424,0.42
2026-09-12T18:21:06Z,73,72,31,4290,99,1600,2425,0.47
2026-09-12T18:21:08Z,69,72,31,4280,100,1600,2424,0.47
2026-09-12T18:21:10Z,73,72,31,4290,100,1600,2424,0.47
2026-09-12T18:21:12Z,63,72,31,4290,0,200,2426,0.43
2026-09-12T18:21:14Z,74,71,31,4280,99,1600,2424,0.43
2026-09-12T18:21:16Z,70,72,31,4280,100,1600,1702,0.39
2026-09-12T18:21:18Z,70,72,31,4261,100,1600,2425,0.39
2026-09-12T18:21:20Z,69,72,31,4261,99,1600,2113,0.44
2026-09-12T18:21:22Z,73,72,31,4290,99,1600,2424,0.44
2026-09-12T18:21:24Z,72,72,31,4280,100,1600,2425,0.44
2026-09-12T18:21:27Z,72,71,31,4290,99,1600,2424,0.73
2026-09-12T18:21:29Z,72,72,31,4261,100,1600,2177,0.73
2026-09-12T18:21:31Z,73,72,31,4280,99,1600,2424,0.67
2026-09-12T18:21:33Z,71,72,31,4280,100,1600,1976,0.67
2026-09-12T18:21:35Z,72,72,31,4280,99,1600,2425,0.67
2026-09-12T18:21:37Z,71,72,31,4261,99,1600,2317,0.62
2026-09-12T18:21:39Z,65,72,31,4280,0,200,2425,0.62
2026-09-12T18:21:41Z,70,72,31,4261,100,1600,1702,0.57
2026-09-12T18:21:43Z,72,72,31,4290,99,1600,2424,0.57
2026-09-12T18:21:45Z,71,72,31,4290,99,1600,1702,0.57
2026-09-12T18:21:47Z,71,72,31,4290,100,1600,2424,0.52
2026-09-12T18:21:49Z,69,72,31,4280,99,1600,2424,0.52
2026-09-12T18:21:51Z,73,72,31,4261,99,1600,2425,0.48
2026-09-12T18:21:53Z,69,71,31,4280,100,1600,1702,0.48
2026-09-12T18:21:55Z,73,72,31,4261,99,1600,2424,0.48
2026-09-12T18:21:57Z,74,72,31,4280,100,1600,2425,0.44
2026-09-12T18:21:59Z,70,72,31,4261,100,1600,1806,0.44
2026-09-12T18:22:01Z,70,72,31,4330,99,1600,2424,0.41
2026-09-12T18:22:03Z,69,72,31,4360,100,1600,2426,0.41
2026-09-12T18:22:06Z,65,72,31,4360,51,1040,2424,0.37
2026-09-12T18:22:08Z,73,71,31,4360,99,1600,2424,0.37
2026-09-12T18:22:10Z,71,72,31,4360,100,1600,1702,0.37
2026-09-12T18:22:12Z,70,72,31,4360,99,1600,1702,0.34
2026-09-12T18:22:14Z,71,72,31,4360,99,1600,1702,0.34
2026-09-12T18:22:16Z,70,72,31,4360,100,1600,2424,0.31
2026-09-12T18:22:18Z,69,72,31,4360,100,1600,2424,0.31
2026-09-12T18:22:20Z,69,71,31,4391,100,1600,2424,0.31
2026-09-12T18:22:22Z,72,72,31,4380,100,1600,1702,0.61
2026-09-12T18:22:24Z,71,72,31,4360,100,1600,2424,0.61
2026-09-12T18:22:26Z,73,72,31,4360,100,1600,2424,0.56
2026-09-12T18:22:28Z,73,72,31,4360,100,1600,2424,0.56
2026-09-12T18:22:30Z,71,72,31,4360,100,1600,2424,0.56
2026-09-12T18:22:32Z,65,72,31,4380,99,1040,2424,0.52
2026-09-12T18:22:34Z,70,71,31,4360,99,1600,1794,0.52
2026-09-12T18:22:36Z,72,72,31,4360,99,1600,2425,0.55
2026-09-12T18:22:38Z,73,72,31,4360,99,1600,2425,0.55
2026-09-12T18:22:40Z,70,72,31,4360,100,1600,2425,0.51
2026-09-12T18:22:42Z,72,72,31,4360,99,1600,2424,0.51
2026-09-12T18:22:45Z,73,72,31,4360,100,1600,2424,0.51
2026-09-12T18:22:47Z,71,72,31,4360,99,1600,2398,0.79
2026-09-12T18:22:49Z,72,72,31,4380,100,1600,2424,0.79
2026-09-12T18:22:51Z,70,72,31,4360,99,1600,1702,0.73
2026-09-12T18:22:53Z,72,72,31,4360,100,1600,2424,0.73
2026-09-12T18:22:55Z,72,72,31,4391,99,1600,2425,0.73
2026-09-12T18:22:57Z,73,72,31,4360,99,1600,2424,0.67
2026-09-12T18:22:59Z,66,72,31,4360,99,200,2424,0.67
2026-09-12T18:23:01Z,72,72,31,4391,100,1600,2266,0.61
2026-09-12T18:23:03Z,71,72,31,4360,99,1600,2424,0.61
2026-09-12T18:23:05Z,70,73,31,4360,99,1600,2424,0.61
2026-09-12T18:23:07Z,72,72,31,4360,99,1600,2424,0.56
2026-09-12T18:23:09Z,70,72,31,4360,100,1600,1702,0.56
2026-09-12T18:23:11Z,70,72,31,4380,99,1600,2425,0.52
2026-09-12T18:23:13Z,69,72,31,4391,99,1515,2425,0.52
2026-09-12T18:23:15Z,74,72,31,4391,100,1600,2424,0.52
2026-09-12T18:23:17Z,72,72,31,4360,100,1600,2382,0.72
2026-09-12T18:23:19Z,73,73,31,4380,99,1600,2424,0.72
2026-09-12T18:23:21Z,73,72,31,4391,99,1600,2424,0.66
2026-09-12T18:23:23Z,69,72,31,4391,99,1600,2424,0.66
2026-09-12T18:23:26Z,66,72,31,4380,43,1040,2424,0.93
2026-09-12T18:23:28Z,71,71,31,4391,99,1600,1702,0.93
2026-09-12T18:23:30Z,72,72,31,4391,100,1600,2424,0.93
2026-09-12T18:23:32Z,69,72,31,4360,99,1600,1702,0.85
2026-09-12T18:23:34Z,71,72,31,4391,99,1600,2424,0.85
2026-09-12T18:23:36Z,73,72,31,4380,99,1600,2424,0.79
2026-09-12T18:23:38Z,70,72,31,4380,99,1600,1702,0.79
2026-09-12T18:23:40Z,62,72,31,4380,0,200,2424,0.79
2026-09-12T18:23:42Z,61,70,31,4391,0,200,2425,0.80
2026-09-12T18:23:44Z,59,69,31,4360,0,200,2425,0.80
2026-09-12T18:23:46Z,58,67,31,4380,0,200,2424,0.82
2026-09-12T18:23:48Z,69,66,31,4360,99,1600,1702,0.82
2026-09-12T18:23:50Z,72,70,31,4014,99,1385,1895,0.82
2026-09-12T18:23:52Z,71,72,31,3947,99,1600,1702,0.75
2026-09-12T18:23:54Z,75,73,31,3930,100,1600,2424,0.75
2026-09-12T18:23:56Z,70,74,31,4120,100,1600,1702,0.69
2026-09-12T18:23:58Z,75,74,31,4185,99,1389,1702,0.69
2026-09-12T18:24:01Z,75,74,31,4310,99,1600,1702,0.64
2026-09-12T18:24:03Z,75,74,31,4432,100,1391,1702,0.64
2026-09-12T18:24:05Z,75,75,31,4518,100,1600,1702,0.64
2026-09-12T18:24:07Z,75,76,31,4550,99,1352,1702,0.59
2026-09-12T18:24:09Z,72,76,31,4652,50,1600,1961,0.59
2026-09-12T18:24:11Z,77,76,31,4783,99,1462,1702,0.62
2026-09-12T18:24:13Z,71,76,31,4832,99,1600,1702,0.62
2026-09-12T18:24:15Z,76,76,31,4870,99,1392,1702,0.62
2026-09-12T18:24:17Z,69,75,31,4870,99,1155,2424,0.57
2026-09-12T18:24:19Z,76,76,31,4870,99,1420,1702,0.57
2026-09-12T18:24:21Z,76,76,31,5000,99,1338,1702,0.52
2026-09-12T18:24:23Z,78,77,31,5000,100,1600,1702,0.52
2026-09-12T18:24:25Z,73,77,31,5000,99,1600,1702,0.64
2026-09-12T18:24:27Z,78,77,31,5000,99,1600,1898,0.64
2026-09-12T18:24:29Z,74,77,31,5000,9,200,2425,0.64
2026-09-12T18:24:32Z,68,76,31,5000,99,1040,2424,0.67
2026-09-12T18:24:34Z,76,76,31,5000,100,1376,1702,0.67
2026-09-12T18:24:36Z,74,76,31,5000,99,1600,1400,0.62
2026-09-12T18:24:38Z,78,77,31,5026,100,1600,2263,0.62
2026-09-12T18:24:40Z,78,77,31,5000,99,1418,1702,0.62
2026-09-12T18:24:42Z,77,77,31,5040,100,1335,1702,0.57
2026-09-12T18:24:44Z,78,77,31,5067,100,1600,1400,0.57
2026-09-12T18:24:46Z,67,76,31,5237,0,200,2424,0.84
2026-09-12T18:24:48Z,76,76,31,5208,99,1514,1702,0.84
2026-09-12T18:24:50Z,77,76,31,5237,100,1371,1400,0.84
2026-09-12T18:24:52Z,78,77,31,5252,99,1600,1702,0.85
2026-09-12T18:24:54Z,78,77,31,5208,100,1577,1702,0.85
2026-09-12T18:24:56Z,74,77,31,5252,99,1600,1400,0.79
2026-09-12T18:24:58Z,72,77,31,5252,99,1600,1702,0.79
2026-09-12T18:25:01Z,67,76,31,5252,100,1040,2424,0.80
2026-09-12T18:25:03Z,75,75,31,5252,100,1600,1400,0.80
2026-09-12T18:25:05Z,77,76,31,5252,99,1407,1702,0.80
2026-09-12T18:25:07Z,74,77,31,5252,100,1599,1702,0.74
2026-09-12T18:25:09Z,73,77,31,5252,100,1600,1702,0.74
2026-09-12T18:25:11Z,74,77,31,5252,100,1600,2424,0.76
2026-09-12T18:25:13Z,78,76,31,5252,100,1600,2424,0.76
2026-09-12T18:25:15Z,67,76,31,5252,100,1040,2425,0.76
2026-09-12T18:25:17Z,75,75,31,5252,99,1434,1702,0.78
2026-09-12T18:25:19Z,75,76,31,5281,99,1600,1702,0.78
2026-09-12T18:25:21Z,73,76,31,5252,99,1600,1702,0.72
2026-09-12T18:25:23Z,77,76,31,5252,99,1393,1702,0.72
2026-09-12T18:25:25Z,75,76,31,5252,100,1600,1401,0.72
2026-09-12T18:25:27Z,78,76,31,5281,99,1600,1702,0.74
2026-09-12T18:25:29Z,69,76,31,5281,0,1176,2424,0.74
2026-09-12T18:25:32Z,76,75,31,5281,99,1600,1399,0.68
2026-09-12T18:25:34Z,75,76,31,5281,100,1600,1400,0.68
2026-09-12T18:25:36Z,74,76,31,5252,100,1600,1702,0.63
2026-09-12T18:25:38Z,72,76,31,5237,100,1600,1702,0.63
2026-09-12T18:25:40Z,74,76,31,5252,99,1600,1702,0.63
2026-09-12T18:25:42Z,76,76,31,5281,100,1378,1702,0.58
2026-09-12T18:25:44Z,74,76,31,5281,99,1600,1702,0.58
2026-09-12T18:25:46Z,76,75,31,5281,100,1600,1702,0.53
2026-09-12T18:25:48Z,76,76,31,5237,99,1600,1702,0.53
2026-09-12T18:25:50Z,75,76,31,5281,100,1550,1702,0.53
2026-09-12T18:25:52Z,73,76,31,5281,100,1600,1399,0.57
2026-09-12T18:25:54Z,72,76,31,5281,99,1600,1702,0.57
2026-09-12T18:25:56Z,77,76,31,5281,100,1600,1702,0.60
2026-09-12T18:25:58Z,75,76,31,5281,100,1554,1702,0.60
2026-09-12T18:26:01Z,76,75,31,5281,100,1600,1702,0.63
2026-09-12T18:26:03Z,76,75,31,5281,99,1348,1702,0.63
2026-09-12T18:26:05Z,74,76,31,5281,100,1600,1399,0.63
2026-09-12T18:26:07Z,77,76,31,5281,99,1600,1702,0.66
2026-09-12T18:26:09Z,72,76,31,5252,100,1600,1702,0.66
2026-09-12T18:26:11Z,76,76,31,5237,99,1600,1702,0.61
2026-09-12T18:26:13Z,78,76,31,5281,99,1412,1702,0.61
2026-09-12T18:26:15Z,75,75,31,5281,99,1600,1702,0.61
2026-09-12T18:26:17Z,74,75,31,5281,100,1600,1702,0.56
2026-09-12T18:26:19Z,76,76,31,5252,99,1594,1399,0.56
2026-09-12T18:26:21Z,77,76,31,5237,99,1600,1702,0.52
2026-09-12T18:26:23Z,74,76,31,5252,99,1600,2427,0.52
2026-09-12T18:26:25Z,74,76,31,5281,99,1466,1702,0.47
2026-09-12T18:26:27Z,77,76,31,5281,99,1590,1702,0.47
2026-09-12T18:26:30Z,75,75,31,5281,100,1600,1399,0.47
2026-09-12T18:26:32Z,77,75,31,5281,99,1600,1702,0.52
2026-09-12T18:26:34Z,73,76,31,5281,99,1600,1702,0.52
2026-09-12T18:26:36Z,73,76,31,5252,100,1600,1977,0.47
2026-09-12T18:26:38Z,75,76,31,5281,100,1600,1702,0.47
2026-09-12T18:26:40Z,71,76,31,5281,100,1600,2423,0.47
2026-09-12T18:26:42Z,74,76,31,5281,99,1397,1702,0.52
2026-09-12T18:26:44Z,69,75,31,5281,100,1164,2424,0.52
2026-09-12T18:26:46Z,76,75,31,5281,99,1600,1702,0.48
2026-09-12T18:26:48Z,74,76,31,5281,99,1421,1702,0.48
2026-09-12T18:26:50Z,77,76,31,5281,99,1600,1702,0.48
2026-09-12T18:26:52Z,71,76,31,5237,87,1600,2347,0.52
2026-09-12T18:26:54Z,75,76,31,5281,100,1600,1702,0.52
2026-09-12T18:26:56Z,73,76,31,5281,99,1594,2425,0.48
2026-09-12T18:26:58Z,66,76,31,5281,100,1040,2425,0.48
2026-09-12T18:27:01Z,75,75,31,5252,100,1447,1399,0.44
2026-09-12T18:27:03Z,74,76,31,5237,100,1549,1702,0.44
2026-09-12T18:27:05Z,77,76,31,5281,99,1465,1702,0.44
2026-09-12T18:27:07Z,74,76,31,5281,100,1600,1702,0.40
2026-09-12T18:27:09Z,72,76,31,5281,100,1600,2424,0.40
2026-09-12T18:27:11Z,72,76,31,5281,99,1600,2424,0.37
2026-09-12T18:27:13Z,68,76,31,5281,99,1040,2425,0.37
2026-09-12T18:27:15Z,76,75,31,5252,100,1349,1702,0.37
2026-09-12T18:27:17Z,75,76,31,5237,99,1456,1702,0.34
2026-09-12T18:27:19Z,71,76,31,5281,100,1600,1400,0.34
2026-09-12T18:27:21Z,72,76,31,5237,99,1600,1702,0.31
2026-09-12T18:27:23Z,72,76,31,5281,99,1600,1837,0.31
2026-09-12T18:27:25Z,71,76,31,5281,99,1600,2425,0.31
2026-09-12T18:27:27Z,67,76,31,5281,71,1040,2424,0.29
2026-09-12T18:27:29Z,62,74,31,5281,0,200,2424,0.29
2026-09-12T18:27:31Z,59,73,31,5281,0,200,2424,0.34
2026-09-12T18:27:34Z,58,71,31,5208,0,200,2424,0.34
2026-09-12T18:27:36Z,68,69,31,5067,99,1600,2425,0.32
2026-09-12T18:27:38Z,69,69,31,4573,100,1600,2424,0.32
2026-09-12T18:27:40Z,68,69,31,4573,99,1600,2424,0.32
2026-09-12T18:27:42Z,69,69,31,4550,99,1600,2425,0.29
2026-09-12T18:27:44Z,69,69,31,4573,100,1600,2425,0.29
2026-09-12T18:27:46Z,67,69,31,4539,100,1239,2424,0.27
2026-09-12T18:27:48Z,69,69,31,4550,99,1600,2424,0.27
2026-09-12T18:27:50Z,71,70,31,4573,99,1600,2424,0.27
2026-09-12T18:27:52Z,70,71,31,4573,100,1600,2424,0.33
2026-09-12T18:27:54Z,72,71,31,4550,99,1600,2424,0.33
2026-09-12T18:27:56Z,69,71,31,4550,100,1600,2424,0.30
2026-09-12T18:27:58Z,69,71,31,4550,99,1600,2424,0.30
2026-09-12T18:28:00Z,65,70,31,4539,100,1040,2425,0.30
2026-09-12T18:28:02Z,71,71,31,4550,100,1600,1702,0.28
2026-09-12T18:28:04Z,70,71,31,4550,100,1600,2287,0.28
2026-09-12T18:28:06Z,71,72,31,4550,100,1600,2426,0.25
2026-09-12T18:28:08Z,71,71,31,4539,99,1600,1717,0.25
2026-09-12T18:28:10Z,71,71,31,4539,99,1600,2425,0.39
2026-09-12T18:28:12Z,69,71,31,4539,99,1436,2425,0.39
2026-09-12T18:28:15Z,72,71,31,4550,100,1600,2424,0.39
2026-09-12T18:28:17Z,73,72,31,4518,99,1600,2424,0.44
2026-09-12T18:28:19Z,72,72,31,4550,99,1600,2424,0.44
2026-09-12T18:28:21Z,71,72,31,4518,100,1600,2424,0.49
2026-09-12T18:28:23Z,71,72,31,4539,100,1600,2338,0.49
2026-09-12T18:28:25Z,68,71,31,4539,100,1399,2424,0.49
2026-09-12T18:28:27Z,72,71,31,4550,100,1600,2424,0.53
2026-09-12T18:28:29Z,71,72,31,4518,100,1600,2340,0.53
2026-09-12T18:28:31Z,72,72,31,4550,100,1600,2425,0.49
2026-09-12T18:28:33Z,72,72,31,4539,99,1600,2425,0.49
2026-09-12T18:28:35Z,71,72,31,4550,99,1600,2424,0.49
2026-09-12T18:28:37Z,71,72,31,4539,100,1600,2424,0.45
2026-09-12T18:28:39Z,73,71,31,4518,100,1600,1702,0.45
2026-09-12T18:28:41Z,73,72,31,4518,99,1600,2424,0.41
2026-09-12T18:28:43Z,71,73,31,4518,99,1600,2424,0.41
2026-09-12T18:28:45Z,72,73,31,4539,99,1600,2424,0.41
2026-09-12T18:28:47Z,71,72,31,4539,99,1600,2424,0.38
2026-09-12T18:28:49Z,71,72,31,4518,100,1600,2424,0.38
2026-09-12T18:28:51Z,66,72,31,4518,99,1044,2425,0.43
2026-09-12T18:28:53Z,74,72,31,4518,99,1600,1702,0.43
2026-09-12T18:28:56Z,73,73,31,4518,99,1600,2424,0.39
2026-09-12T18:28:58Z,72,73,31,4518,99,1600,2424,0.39
2026-09-12T18:29:00Z,73,72,31,4518,100,1600,2424,0.39
2026-09-12T18:29:02Z,71,72,31,4518,99,1600,2426,0.36
2026-09-12T18:29:04Z,69,72,31,4518,100,1434,2424,0.36
2026-09-12T18:29:06Z,75,72,31,4539,99,1600,2424,0.33
2026-09-12T18:29:08Z,74,73,31,4518,99,1600,2424,0.33
2026-09-12T18:29:10Z,70,73,31,4518,99,1600,2424,0.33
2026-09-12T18:29:12Z,70,73,31,4518,99,1600,2314,0.31
2026-09-12T18:29:14Z,72,72,31,4518,99,1600,2424,0.31
2026-09-12T18:29:16Z,69,72,31,4518,100,1365,2424,0.36
2026-09-12T18:29:18Z,72,72,31,4518,100,1600,2298,0.36
2026-09-12T18:29:20Z,72,73,31,4518,100,1600,2426,0.36
2026-09-12T18:29:22Z,73,73,31,4518,99,1600,2424,0.33
2026-09-12T18:29:24Z,71,73,31,4539,100,1600,2424,0.33
2026-09-12T18:29:26Z,72,73,31,4573,100,1600,2424,0.39
2026-09-12T18:29:28Z,71,72,31,4539,99,1600,2424,0.39
2026-09-12T18:29:30Z,73,72,31,4550,100,1600,2420,0.39
2026-09-12T18:29:32Z,73,73,31,4573,99,1600,2426,0.35
2026-09-12T18:29:34Z,73,73,31,4573,99,1600,2425,0.35
2026-09-12T18:29:37Z,73,73,31,4573,99,1600,2425,0.33
2026-09-12T18:29:39Z,70,73,31,4539,100,1600,2424,0.33
2026-09-12T18:29:41Z,72,72,31,4539,100,1600,2269,0.30
2026-09-12T18:29:43Z,67,72,31,4573,99,1040,2424,0.30
2026-09-12T18:29:45Z,72,73,31,4573,100,1600,2424,0.30
2026-09-12T18:29:47Z,71,73,31,4573,100,1600,2425,0.27
2026-09-12T18:29:49Z,72,73,31,4573,100,1600,2424,0.27
2026-09-12T18:29:51Z,72,73,31,4573,100,1600,2424,0.25
2026-09-12T18:29:53Z,71,73,31,4573,100,1600,2425,0.25
2026-09-12T18:29:55Z,69,72,31,4573,99,1445,2425,0.25
2026-09-12T18:29:57Z,73,72,31,4573,100,1600,1702,0.23
2026-09-12T18:29:59Z,73,73,31,4539,99,1600,2424,0.23
2026-09-12T18:30:01Z,73,73,31,4550,100,1600,2424,0.21
2026-09-12T18:30:03Z,70,73,31,4573,100,1600,2425,0.21
2026-09-12T18:30:05Z,72,73,31,4573,99,1600,1702,0.21
2026-09-12T18:30:07Z,70,72,31,4573,16,1404,2425,0.20
2026-09-12T18:30:09Z,74,72,31,4573,100,1600,2424,0.20
2026-09-12T18:30:11Z,73,73,31,4573,100,1600,2427,0.18
2026-09-12T18:30:13Z,73,73,31,4573,100,1600,2426,0.18
2026-09-12T18:30:15Z,71,73,31,4573,99,1600,2424,0.16
2026-09-12T18:30:18Z,69,73,31,4573,100,1600,2424,0.16
2026-09-12T18:30:20Z,72,73,31,4573,100,1600,2425,0.16
2026-09-12T18:30:22Z,73,72,31,4573,100,1600,2393,0.15
2026-09-12T18:30:24Z,72,73,31,4573,99,1600,2424,0.15
2026-09-12T18:30:26Z,73,73,31,4573,99,1600,2394,0.22
2026-09-12T18:30:28Z,73,73,31,4573,100,1600,2320,0.22
2026-09-12T18:30:30Z,72,73,31,4573,100,1600,2425,0.22
2026-09-12T18:30:32Z,71,73,31,4573,100,1600,2424,0.28
2026-09-12T18:30:34Z,66,72,31,4550,100,1040,2424,0.28
2026-09-12T18:30:36Z,73,73,31,4573,99,1600,2153,0.26
2026-09-12T18:30:38Z,72,73,31,4539,100,1600,2368,0.26
2026-09-12T18:30:40Z,71,73,31,4573,100,1600,2424,0.26
2026-09-12T18:30:42Z,73,73,31,4539,100,1600,2424,0.24
2026-09-12T18:30:44Z,70,73,31,4573,100,1600,2424,0.24
2026-09-12T18:30:46Z,70,72,31,4573,99,1469,2424,0.22
2026-09-12T18:30:48Z,61,71,31,4573,0,200,2424,0.22
2026-09-12T18:30:50Z,59,69,31,4573,0,200,2424,0.22
2026-09-12T18:30:52Z,58,68,31,4573,0,200,2424,0.28
2026-09-12T18:30:54Z,71,67,31,4550,64,1556,1399,0.28
2026-09-12T18:30:57Z,70,70,31,4120,99,1562,2133,0.26
2026-09-12T18:30:59Z,71,72,31,4102,99,1600,1702,0.26
2026-09-12T18:31:01Z,69,73,31,4102,100,1600,1702,0.32
2026-09-12T18:31:03Z,73,74,31,4185,99,1600,1400,0.32
2026-09-12T18:31:05Z,71,74,31,4360,99,1600,2424,0.32
2026-09-12T18:31:07Z,69,74,31,4411,100,1600,1702,0.37
2026-09-12T18:31:09Z,63,74,31,4411,0,200,2424,0.37
2026-09-12T18:31:11Z,74,74,31,4443,99,1489,1702,0.34
2026-09-12T18:31:13Z,77,75,31,4606,99,1351,1702,0.34
2026-09-12T18:31:15Z,77,76,31,4687,99,1600,1702,0.34
2026-09-12T18:31:17Z,75,76,31,4746,100,1600,1702,0.31
2026-09-12T18:31:19Z,77,76,31,4770,99,1556,1702,0.31
2026-09-12T18:31:21Z,73,76,31,4934,100,1463,1481,0.37
2026-09-12T18:31:23Z,69,76,31,4895,73,1180,2426,0.37
2026-09-12T18:31:25Z,75,75,31,4934,100,1600,1702,0.50
2026-09-12T18:31:28Z,75,76,31,4934,99,1434,1702,0.50
2026-09-12T18:31:30Z,75,76,31,4960,100,1600,1702,0.50
2026-09-12T18:31:32Z,73,77,31,5026,100,1600,1702,0.46
2026-09-12T18:31:34Z,73,77,31,5136,99,1600,1811,0.46
2026-09-12T18:31:36Z,77,77,31,5179,99,1600,1731,0.42
2026-09-12T18:31:38Z,75,76,31,5179,99,1600,1702,0.42
2026-09-12T18:31:40Z,74,75,31,5165,99,1489,1702,0.42
2026-09-12T18:31:42Z,76,76,31,5179,99,1459,1399,0.39
2026-09-12T18:31:44Z,77,76,31,5165,100,1600,1702,0.39
2026-09-12T18:31:46Z,75,76,31,5165,100,1537,1702,0.36
2026-09-12T18:31:48Z,73,77,31,5208,99,1600,1702,0.36
2026-09-12T18:31:50Z,76,76,31,5208,100,1475,1702,0.36
2026-09-12T18:31:52Z,76,76,31,5208,100,1600,1702,0.33
2026-09-12T18:31:54Z,65,76,31,5208,100,1040,2425,0.33
2026-09-12T18:31:56Z,76,75,31,5208,100,1600,1702,0.30
2026-09-12T18:31:59Z,77,76,31,5208,99,1391,1702,0.30
2026-09-12T18:32:01Z,75,76,31,5179,99,1600,1702,0.28
2026-09-12T18:32:03Z,77,76,31,5208,99,1600,2424,0.28
2026-09-12T18:32:05Z,76,77,31,5208,100,1352,1702,0.28
2026-09-12T18:32:07Z,76,76,31,5208,100,1600,1702,0.26
2026-09-12T18:32:09Z,69,76,31,5208,100,1279,2425,0.26
2026-09-12T18:32:11Z,74,75,31,5208,99,1365,1702,0.24
2026-09-12T18:32:13Z,75,76,31,5208,100,1430,1702,0.24
2026-09-12T18:32:15Z,74,76,31,5208,100,1600,1702,0.24
2026-09-12T18:32:17Z,75,77,31,5208,100,1600,1702,0.30
2026-09-12T18:32:19Z,74,77,31,5208,100,1600,2424,0.30
2026-09-12T18:32:21Z,72,77,31,5237,100,1600,2426,0.27
2026-09-12T18:32:23Z,74,76,31,5208,100,1600,2426,0.27
2026-09-12T18:32:25Z,76,75,31,5208,100,1600,1702,0.41
2026-09-12T18:32:28Z,75,76,31,5237,99,1339,1702,0.41
2026-09-12T18:32:30Z,77,76,31,5208,100,1600,1702,0.41
2026-09-12T18:32:32Z,75,76,31,5208,100,1600,1702,0.46
2026-09-12T18:32:34Z,77,76,31,5252,100,1600,1702,0.46
2026-09-12T18:32:36Z,72,76,31,5208,100,1600,2424,0.42
2026-09-12T18:32:38Z,71,76,31,5208,100,1600,1400,0.42
2026-09-12T18:32:40Z,68,75,31,5237,99,1040,2424,0.42
2026-09-12T18:32:42Z,73,75,31,5252,99,1600,1702,0.39
2026-09-12T18:32:44Z,74,76,31,5237,99,1600,1702,0.39
2026-09-12T18:32:46Z,76,76,31,5208,100,1600,1702,0.36
2026-09-12T18:32:48Z,74,76,31,5208,99,1600,1702,0.36
2026-09-12T18:32:50Z,72,76,31,5208,99,1600,2424,0.36
2026-09-12T18:32:52Z,77,76,31,5252,100,1600,2424,0.41
2026-09-12T18:32:54Z,69,76,31,5237,100,1210,2426,0.41
2026-09-12T18:32:56Z,75,75,31,5208,99,1434,1702,0.38
2026-09-12T18:32:59Z,75,76,31,5208,99,1556,1702,0.38
2026-09-12T18:33:01Z,77,76,31,5208,99,1600,1702,0.35
2026-09-12T18:33:03Z,76,76,31,5208,99,1600,1864,0.35
2026-09-12T18:33:05Z,76,76,31,5208,100,1600,2424,0.35
2026-09-12T18:33:07Z,73,76,31,5208,99,1600,2424,0.40
2026-09-12T18:33:09Z,77,76,31,5208,100,1600,2426,0.40
2026-09-12T18:33:11Z,75,75,31,5208,99,1358,1702,0.37
2026-09-12T18:33:13Z,75,76,31,5208,100,1369,1702,0.37
2026-09-12T18:33:15Z,73,76,31,5208,99,1600,1399,0.37
2026-09-12T18:33:17Z,78,76,31,5237,99,1600,1702,0.34
2026-09-12T18:33:19Z,74,77,31,5208,99,1600,2424,0.34
2026-09-12T18:33:21Z,74,76,31,5237,100,1600,1702,0.31
2026-09-12T18:33:23Z,77,76,31,5237,99,1372,1702,0.31
2026-09-12T18:33:25Z,68,76,31,5208,99,1040,2424,0.31
2026-09-12T18:33:27Z,77,75,31,5252,100,1600,1702,0.28
2026-09-12T18:33:30Z,76,76,31,5237,99,1490,1702,0.28
2026-09-12T18:33:32Z,73,76,31,5208,100,1600,1702,0.26
2026-09-12T18:33:34Z,77,76,31,5252,99,1600,1702,0.26
2026-09-12T18:33:36Z,76,76,31,5208,100,1385,1702,0.24
2026-09-12T18:33:38Z,77,76,31,5208,100,1600,1702,0.24
2026-09-12T18:33:40Z,69,76,31,5237,100,1225,2424,0.24
2026-09-12T18:33:42Z,76,75,31,5237,99,1467,1702,0.22
2026-09-12T18:33:44Z,77,76,31,5252,99,1545,1702,0.22
2026-09-12T18:33:46Z,75,76,31,5237,99,1541,1702,0.28
2026-09-12T18:33:48Z,77,76,31,5208,100,1600,1702,0.28
2026-09-12T18:33:50Z,75,76,31,5208,100,1600,1702,0.28
2026-09-12T18:33:52Z,75,76,31,5208,100,1600,1702,0.26
2026-09-12T18:33:54Z,70,76,31,5208,100,200,2425,0.26
2026-09-12T18:33:56Z,74,75,31,5208,100,1600,1702,0.32
2026-09-12T18:33:59Z,77,75,31,5208,99,1542,1399,0.32
2026-09-12T18:34:01Z,74,76,31,5237,100,1600,1400,0.29
2026-09-12T18:34:03Z,72,76,31,5208,99,1600,1702,0.29
2026-09-12T18:34:05Z,76,76,31,5252,100,1401,1702,0.29
2026-09-12T18:34:07Z,73,76,31,5252,99,1600,2426,0.27
2026-09-12T18:34:09Z,71,76,31,5208,99,1600,2424,0.27
2026-09-12T18:34:11Z,67,75,31,5208,100,1040,2424,0.25
2026-09-12T18:34:13Z,76,75,31,5208,99,1600,1702,0.25
2026-09-12T18:34:15Z,75,76,31,5237,100,1497,1702,0.25
2026-09-12T18:34:17Z,77,76,31,5208,99,1577,1702,0.31
2026-09-12T18:34:19Z,74,76,31,5237,99,1600,1702,0.31
2026-09-12T18:34:21Z,74,76,31,5208,100,1600,2424,0.28
2026-09-12T18:34:23Z,75,76,31,5208,99,1470,1702,0.28
2026-09-12T18:34:25Z,68,76,31,5252,99,1213,2425,0.28
2026-09-12T18:34:27Z,76,75,31,5208,99,1492,1702,0.26
2026-09-12T18:34:30Z,75,75,31,5252,99,1404,1702,0.26
2026-09-12T18:34:32Z,74,76,31,5208,99,1600,1702,0.24
2026-09-12T18:34:34Z,75,76,31,5208,100,1600,1702,0.24
2026-09-12T18:34:36Z,74,76,31,5208,100,1600,1702,0.30
2026-09-12T18:34:38Z,76,76,31,5237,99,1402,1702,0.30
2026-09-12T18:34:40Z,71,76,31,5208,100,1407,2425,0.30
2026-09-12T18:34:42Z,62,74,31,5252,0,200,2424,0.28
2026-09-12T18:34:44Z,59,72,31,5237,0,200,2424,0.28
2026-09-12T18:34:46Z,58,70,31,5252,0,200,2424,0.33
2026-09-12T18:34:48Z,57,68,31,5095,0,200,2425,0.33
2026-09-12T18:34:50Z,56,66,31,4807,0,200,2424,0.33
2026-09-12T18:34:52Z,67,65,31,4629,99,1600,2425,0.39
2026-09-12T18:34:54Z,66,67,31,3947,100,1600,2425,0.39
2026-09-12T18:34:56Z,66,67,31,3947,99,1600,2432,0.36
2026-09-12T18:34:58Z,66,68,31,3922,99,1600,1702,0.36
2026-09-12T18:35:00Z,66,68,31,3922,99,1600,2424,0.36
2026-09-12T18:35:02Z,67,68,31,3930,100,1600,2424,0.33
2026-09-12T18:35:04Z,62,68,31,3930,100,1040,2424,0.33
2026-09-12T18:35:07Z,68,68,31,3922,99,1600,2057,0.30
2026-09-12T18:35:09Z,69,69,31,3930,100,1600,2389,0.30
2026-09-12T18:35:11Z,70,70,31,3906,100,1600,2424,0.28
2026-09-12T18:35:13Z,69,70,31,3930,99,1600,1702,0.28
2026-09-12T18:35:15Z,69,70,31,3930,99,1600,2424,0.28
2026-09-12T18:35:17Z,72,70,31,3906,100,1600,2424,0.25
2026-09-12T18:35:19Z,62,70,31,4120,0,1040,2424,0.25
2026-09-12T18:35:21Z,69,70,31,4120,99,1600,1702,0.23
2026-09-12T18:35:23Z,69,71,31,4093,100,1600,1702,0.23
2026-09-12T18:35:25Z,70,71,31,4093,100,1600,2424,0.23
2026-09-12T18:35:27Z,70,71,31,4102,100,1600,2424,0.30
2026-09-12T18:35:29Z,72,71,31,4175,99,1600,2424,0.30
2026-09-12T18:35:31Z,70,71,31,4185,100,1600,2046,0.27
2026-09-12T18:35:33Z,66,71,31,4194,99,1040,2425,0.27
2026-09-12T18:35:35Z,70,71,31,4166,100,1600,2351,0.27
2026-09-12T18:35:37Z,71,72,31,4194,100,1600,2424,0.49
2026-09-12T18:35:39Z,72,72,31,4232,99,1600,2425,0.49
2026-09-12T18:35:41Z,70,72,31,4261,99,1600,2424,0.45
2026-09-12T18:35:43Z,69,72,31,4290,100,1256,2424,0.45
2026-09-12T18:35:46Z,70,72,31,4261,100,1583,2424,0.58
2026-09-12T18:35:48Z,71,71,31,4261,99,1600,2424,0.58
2026-09-12T18:35:50Z,72,72,31,4290,100,1600,1726,0.58
2026-09-12T18:35:52Z,73,72,31,4261,99,1600,2424,0.61
2026-09-12T18:35:54Z,70,72,31,4261,99,1600,2424,0.61
2026-09-12T18:35:56Z,72,72,31,4261,100,1600,2424,0.64
2026-09-12T18:35:58Z,69,72,31,4280,99,1600,2425,0.64
2026-09-12T18:36:00Z,66,72,31,4280,99,1040,2424,0.64
2026-09-12T18:36:02Z,72,71,31,4261,99,1600,2426,0.91
2026-09-12T18:36:04Z,73,72,31,4261,99,1600,2424,0.91
2026-09-12T18:36:06Z,72,72,31,4290,99,1600,2425,0.84
2026-09-12T18:36:08Z,71,72,31,4261,100,1600,2181,0.84
2026-09-12T18:36:10Z,73,72,31,4261,100,1600,2425,0.84
2026-09-12T18:36:12Z,69,72,31,4280,100,1600,2425,0.77
2026-09-12T18:36:14Z,66,72,31,4290,0,1040,2425,0.77
2026-09-12T18:36:16Z,73,71,31,4261,99,1600,2424,0.71
2026-09-12T18:36:18Z,72,72,31,4251,99,1600,2425,0.71
2026-09-12T18:36:20Z,72,72,31,4261,100,1600,2424,0.71
2026-09-12T18:36:22Z,73,72,31,4261,100,1600,2424,0.89
2026-09-12T18:36:24Z,70,72,31,4261,100,1600,1702,0.89
2026-09-12T18:36:27Z,72,72,31,4280,100,1600,2424,0.90
2026-09-12T18:36:29Z,66,72,31,4251,99,200,2425,0.90
2026-09-12T18:36:31Z,71,71,31,4251,99,1600,2424,1.15
2026-09-12T18:36:33Z,72,72,31,4261,99,1600,2425,1.15
2026-09-12T18:36:35Z,71,72,31,4290,99,1600,2425,1.15
2026-09-12T18:36:37Z,70,72,31,4280,99,1600,1825,1.06
2026-09-12T18:36:39Z,70,72,31,4261,100,1600,1702,1.06
2026-09-12T18:36:41Z,70,72,31,4271,100,1600,1702,0.97
2026-09-12T18:36:43Z,65,71,31,4290,0,1040,2424,0.97
2026-09-12T18:36:45Z,72,71,31,4261,99,1600,1702,0.97
2026-09-12T18:36:47Z,72,72,31,4290,99,1600,2424,0.89
2026-09-12T18:36:49Z,73,72,31,4280,100,1600,2424,0.89
2026-09-12T18:36:51Z,70,72,31,4290,100,1600,1751,0.82
2026-09-12T18:36:53Z,73,72,31,4261,99,1600,2424,0.82
2026-09-12T18:36:55Z,69,72,31,4280,100,1600,1556,0.82
2026-09-12T18:36:57Z,64,72,31,4261,0,1040,2424,0.76
2026-09-12T18:36:59Z,73,71,31,4261,99,1600,1702,0.76
2026-09-12T18:37:01Z,72,72,31,4261,99,1600,2338,0.69
2026-09-12T18:37:03Z,70,72,31,4271,99,1600,2424,0.69
2026-09-12T18:37:06Z,72,72,31,4261,100,1600,2424,0.72
2026-09-12T18:37:08Z,70,72,31,4261,100,1600,2424,0.72
2026-09-12T18:37:10Z,70,72,31,4261,99,1600,2425,0.72
2026-09-12T18:37:12Z,63,71,31,4271,0,200,2424,0.74
2026-09-12T18:37:14Z,73,72,31,4261,99,1600,2424,0.74
2026-09-12T18:37:16Z,73,72,31,4261,100,1600,2424,0.92
2026-09-12T18:37:18Z,70,72,31,4261,100,1600,2424,0.92
2026-09-12T18:37:20Z,70,72,31,4261,100,1600,2424,0.92
2026-09-12T18:37:22Z,70,72,31,4261,99,1600,2425,0.85
2026-09-12T18:37:24Z,70,72,31,4261,99,1600,1399,0.85
2026-09-12T18:37:26Z,65,71,31,4280,100,1040,2424,0.78
2026-09-12T18:37:28Z,70,71,31,4261,100,1600,1997,0.78
2026-09-12T18:37:30Z,70,72,31,4271,99,1600,1702,0.78
2026-09-12T18:37:32Z,72,72,31,4261,99,1600,2424,0.72
2026-09-12T18:37:34Z,73,72,31,4280,100,1600,2425,0.72
2026-09-12T18:37:36Z,71,72,31,4280,7,200,2424,0.66
2026-09-12T18:37:38Z,70,72,31,4290,100,1600,2424,0.66
2026-09-12T18:37:40Z,65,71,31,4290,99,1060,2424,0.66
2026-09-12T18:37:42Z,72,71,31,4261,99,1600,2363,0.61
2026-09-12T18:37:44Z,71,72,31,4290,99,1600,1740,0.61
2026-09-12T18:37:47Z,71,72,31,4261,99,1600,2424,0.56
2026-09-12T18:37:49Z,72,72,31,4261,99,1600,2424,0.56
2026-09-12T18:37:51Z,70,72,31,4280,100,1527,2425,0.75
2026-09-12T18:37:53Z,68,72,31,4261,100,1040,2424,0.75
2026-09-12T18:37:55Z,66,71,31,4261,100,1448,2424,0.75
2026-09-12T18:37:57Z,70,72,31,4290,99,1600,2024,1.01
2026-09-12T18:37:59Z,72,72,31,4290,99,1600,2424,1.01
2026-09-12T18:38:01Z,72,72,31,4261,99,1600,2424,0.93
2026-09-12T18:38:03Z,70,72,31,4261,100,1600,1988,0.93
2026-09-12T18:38:05Z,69,72,31,4261,100,1600,2425,0.93
2026-09-12T18:38:07Z,67,72,31,4290,100,1040,2424,0.86
2026-09-12T18:38:09Z,69,71,31,4261,100,1600,1702,0.86
2026-09-12T18:38:11Z,73,72,31,4271,99,1600,2424,0.79
2026-09-12T18:38:13Z,72,72,31,4251,99,1600,2424,0.79
2026-09-12T18:38:15Z,70,72,31,4261,100,1600,2424,0.79
2026-09-12T18:38:17Z,70,72,31,4251,100,1600,1827,0.73
2026-09-12T18:38:19Z,70,72,31,4290,100,1600,2425,0.73
2026-09-12T18:38:21Z,66,72,31,4290,100,1040,2424,0.67
2026-09-12T18:38:23Z,62,71,31,4290,0,200,2425,0.67
2026-09-12T18:38:26Z,60,70,31,4280,0,200,2424,0.67
2026-09-12T18:38:28Z,59,69,31,4290,0,200,2424,0.69
2026-09-12T18:38:30Z,58,67,31,4280,0,200,2424,0.69
2026-09-12T18:38:32Z,72,69,31,4290,100,1393,1702,0.64
2026-09-12T18:38:34Z,72,71,31,3947,100,1542,2052,0.64
2026-09-12T18:38:36Z,75,73,31,3947,100,1600,1702,0.59
2026-09-12T18:38:38Z,73,74,31,3947,100,1600,2403,0.59
2026-09-12T18:38:40Z,76,74,31,4129,100,1600,1702,0.59
2026-09-12T18:38:42Z,75,74,31,4310,99,1600,1702,0.62
2026-09-12T18:38:44Z,69,75,31,4300,100,200,2424,0.62
2026-09-12T18:38:46Z,74,73,31,4496,100,1600,1636,0.65
2026-09-12T18:38:48Z,75,74,31,4485,99,1362,1702,0.65
2026-09-12T18:38:50Z,73,75,31,4518,99,1600,1702,0.65
2026-09-12T18:38:52Z,73,76,31,4629,99,1600,2137,0.68
2026-09-12T18:38:54Z,77,76,31,4807,99,1600,1544,0.68
2026-09-12T18:38:56Z,74,76,31,4807,100,1600,2426,0.62
2026-09-12T18:38:59Z,71,76,31,4807,100,1600,1702,0.62
2026-09-12T18:39:01Z,66,76,31,4807,100,1040,2427,0.66
2026-09-12T18:39:03Z,73,75,31,4807,100,1600,1702,0.66
2026-09-12T18:39:05Z,74,76,31,4807,100,1600,1702,0.66
2026-09-12T18:39:07Z,77,76,31,4807,99,1336,1399,0.60
2026-09-12T18:39:09Z,78,77,31,4807,99,1591,1702,0.60
2026-09-12T18:39:11Z,75,77,31,5000,100,1425,1702,0.55
2026-09-12T18:39:13Z,77,77,31,5026,99,1367,1702,0.55
2026-09-12T18:39:15Z,67,76,31,5067,99,1040,2424,0.55
2026-09-12T18:39:17Z,76,75,31,5040,99,1375,1702,0.51
2026-09-12T18:39:19Z,76,75,31,5067,100,1600,1702,0.51
2026-09-12T18:39:21Z,75,76,31,5040,99,1463,1702,0.47
2026-09-12T18:39:23Z,73,76,31,5067,99,1600,1702,0.47
2026-09-12T18:39:25Z,75,76,31,5067,99,1424,1702,0.47
2026-09-12T18:39:27Z,72,76,31,5067,99,1600,1702,0.43
2026-09-12T18:39:30Z,77,76,31,5067,100,1600,1702,0.43
2026-09-12T18:39:32Z,66,75,31,5067,100,1040,2424,0.40
2026-09-12T18:39:34Z,76,75,31,5067,99,1490,1702,0.40
2026-09-12T18:39:36Z,75,76,31,5067,99,1420,1702,0.36
2026-09-12T18:39:38Z,75,76,31,5026,100,1600,1702,0.36
2026-09-12T18:39:40Z,77,76,31,5067,100,1600,1702,0.36
2026-09-12T18:39:42Z,76,76,31,5067,100,1600,1702,0.33
2026-09-12T18:39:44Z,75,76,31,5067,100,1600,1702,0.33
2026-09-12T18:39:46Z,67,76,31,5067,0,1040,2424,0.55
2026-09-12T18:39:48Z,74,75,31,5067,99,1600,1702,0.55
2026-09-12T18:39:50Z,76,75,31,5067,99,1600,1702,0.55
2026-09-12T18:39:52Z,74,76,31,5067,100,1599,1399,0.50
2026-09-12T18:39:54Z,74,76,31,5067,99,1500,1702,0.50
2026-09-12T18:39:56Z,74,76,31,5067,99,1600,2424,0.46
2026-09-12T18:39:59Z,71,76,31,5108,100,1600,1702,0.46
2026-09-12T18:40:01Z,75,76,31,5067,100,1368,1702,0.51
2026-09-12T18:40:03Z,66,75,31,5067,100,1040,2424,0.51
2026-09-12T18:40:05Z,77,75,31,5095,99,1600,1399,0.51
2026-09-12T18:40:07Z,73,76,31,5067,99,1548,1399,0.47
2026-09-12T18:40:09Z,77,76,31,5067,99,1600,1702,0.47
2026-09-12T18:40:11Z,76,76,31,5067,100,1389,1702,0.43
2026-09-12T18:40:13Z,72,76,31,5067,99,1600,2328,0.43
2026-09-12T18:40:15Z,75,76,31,5067,100,1600,2424,0.43
2026-09-12T18:40:17Z,67,76,31,5067,100,1040,2424,0.39
2026-09-12T18:40:19Z,74,74,31,5067,100,1500,1761,0.39
2026-09-12T18:40:21Z,74,75,31,5067,100,1505,1702,0.36
2026-09-12T18:40:23Z,77,76,31,5108,100,1466,1702,0.36
2026-09-12T18:40:25Z,74,76,31,5108,100,1600,1702,0.36
2026-09-12T18:40:27Z,71,76,31,5108,99,1600,1702,0.41
2026-09-12T18:40:30Z,78,76,31,5067,99,1600,1702,0.41
2026-09-12T18:40:32Z,74,76,31,5067,100,1468,1399,0.54
2026-09-12T18:40:34Z,68,75,31,5067,100,1040,2424,0.54
2026-09-12T18:40:36Z,76,75,31,5067,99,1465,1702,0.66
2026-09-12T18:40:38Z,76,76,31,5067,100,1418,1399,0.66
2026-09-12T18:40:40Z,75,76,31,5067,99,1600,1702,0.66
2026-09-12T18:40:42Z,76,76,31,5095,100,1400,1702,0.60
2026-09-12T18:40:44Z,71,76,31,5095,99,1600,2122,0.60
2026-09-12T18:40:46Z,74,76,31,5095,99,1600,2425,0.56
2026-09-12T18:40:48Z,67,76,31,5067,99,200,2424,0.56
2026-09-12T18:40:50Z,75,75,31,5067,99,1536,1399,0.56
2026-09-12T18:40:52Z,77,75,31,5108,99,1474,1399,0.51
2026-09-12T18:40:54Z,74,76,31,5108,99,1600,1702,0.51
2026-09-12T18:40:56Z,74,76,31,5067,99,1462,1400,0.55
2026-09-12T18:40:58Z,77,76,31,5108,99,1600,1702,0.55
2026-09-12T18:41:01Z,76,76,31,5067,100,1600,1702,0.51
2026-09-12T18:41:03Z,75,76,31,5067,100,1600,1816,0.51
2026-09-12T18:41:05Z,69,74,31,5067,100,1288,2424,0.51
2026-09-12T18:41:07Z,73,75,31,5067,99,1409,1702,0.47
2026-09-12T18:41:09Z,76,76,31,5108,99,1375,1702,0.47
2026-09-12T18:41:11Z,75,76,31,5108,100,1600,1702,0.43
2026-09-12T18:41:13Z,77,76,31,5067,99,1600,1400,0.43
2026-09-12T18:41:15Z,72,76,31,5095,99,1600,2424,0.43
2026-09-12T18:41:17Z,72,76,31,5067,100,1416,2425,0.39
2026-09-12T18:41:19Z,67,76,31,5067,100,1040,2424,0.39
2026-09-12T18:41:21Z,76,75,31,5067,99,1482,1702,0.36
2026-09-12T18:41:23Z,76,75,31,5108,99,1352,1702,0.36
2026-09-12T18:41:25Z,74,76,31,5108,99,1600,1702,0.36
2026-09-12T18:41:27Z,78,76,31,5067,100,1600,1702,0.49
2026-09-12T18:41:29Z,76,76,31,5067,100,1600,1702,0.49
2026-09-12T18:41:32Z,75,76,31,5108,100,1600,1702,0.45
2026-09-12T18:41:34Z,70,76,31,5067,99,1236,2425,0.45
2026-09-12T18:41:36Z,74,74,31,5067,100,1376,1702,0.42
2026-09-12T18:41:38Z,75,75,31,5108,100,1480,1702,0.42
2026-09-12T18:41:40Z,75,76,31,5108,99,1600,1702,0.42
2026-09-12T18:41:42Z,75,76,31,5108,99,1600,1702,0.38
2026-09-12T18:41:44Z,77,76,31,5095,99,1600,1702,0.38
2026-09-12T18:41:46Z,72,76,31,5108,99,1600,1702,0.43
2026-09-12T18:41:48Z,73,76,31,5067,99,1540,1702,0.43
2026-09-12T18:41:50Z,67,76,31,5095,99,200,2424,0.43
2026-09-12T18:41:52Z,75,74,31,5108,100,1600,1702,0.48
2026-09-12T18:41:54Z,73,75,31,5095,99,1496,1702,0.48
2026-09-12T18:41:56Z,77,76,31,5095,100,1600,1702,0.52
2026-09-12T18:41:58Z,72,76,31,5095,100,1600,1702,0.52
2026-09-12T18:42:00Z,73,76,31,5095,99,1600,1702,0.52
2026-09-12T18:42:03Z,72,76,31,5108,99,1600,2425,0.48
2026-09-12T18:42:05Z,70,76,31,5095,99,1156,2424,0.48
2026-09-12T18:42:07Z,75,74,31,5067,99,1481,1702,0.52
2026-09-12T18:42:09Z,74,75,31,5108,100,1469,1400,0.52
2026-09-12T18:42:11Z,74,76,31,5095,99,1473,1702,0.48
2026-09-12T18:42:13Z,76,76,31,5108,99,1600,1399,0.48
2026-09-12T18:42:15Z,78,76,31,5067,99,1519,1702,0.48
2026-09-12T18:42:17Z,72,76,31,5095,99,1600,1702,0.52
2026-09-12T18:42:19Z,77,76,31,5067,99,1600,1702,0.52
2026-09-12T18:42:21Z,66,75,31,5095,100,1040,2425,0.56
2026-09-12T18:42:23Z,61,74,31,5095,0,200,2424,0.56
2026-09-12T18:42:25Z,60,72,31,5095,0,200,2424,0.56
2026-09-12T18:42:27Z,58,70,31,5067,0,200,2424,0.59
2026-09-12T18:42:29Z,67,68,31,4783,100,1600,2417,0.59
2026-09-12T18:42:31Z,69,68,31,4443,99,1414,2425,0.55
2026-09-12T18:42:33Z,65,67,31,4280,99,1336,2424,0.55
2026-09-12T18:42:36Z,64,68,31,4290,99,1040,2423,0.55
2026-09-12T18:42:38Z,68,68,31,4261,99,1600,2426,0.50
2026-09-12T18:42:40Z,69,68,31,4290,100,1600,2426,0.50
2026-09-12T18:42:42Z,66,69,31,4261,99,1316,2424,0.46
2026-09-12T18:42:44Z,67,69,31,4261,0,200,2424,0.46
2026-09-12T18:42:46Z,65,69,31,4261,100,1309,2424,0.43
2026-09-12T18:42:48Z,69,69,31,4261,99,1600,2424,0.43
2026-09-12T18:42:50Z,70,69,31,4261,99,1600,2424,0.43
2026-09-12T18:42:52Z,67,70,31,4242,100,1299,2425,0.39
2026-09-12T18:42:54Z,61,70,31,4261,0,200,2424,0.39
2026-09-12T18:42:56Z,58,68,31,4261,0,200,2424,0.36
2026-09-12T18:42:58Z,57,66,31,4261,39,1040,2425,0.36
2026-09-12T18:43:00Z,56,65,31,4261,0,200,2425,0.36
2026-09-12T18:43:02Z,67,65,31,3865,100,1549,1399,0.41
2026-09-12T18:43:04Z,69,67,31,3605,99,1600,1702,0.41
2026-09-12T18:43:06Z,71,68,31,3585,99,1574,1702,0.38
2026-09-12T18:43:08Z,71,69,31,3571,100,1430,1399,0.38
2026-09-12T18:43:10Z,73,70,31,3571,100,1600,1702,0.38
2026-09-12T18:43:13Z,71,70,31,3591,99,1369,1702,0.35
2026-09-12T18:43:15Z,70,71,31,3662,100,1392,1702,0.35
2026-09-12T18:43:17Z,73,71,31,3765,100,1600,1702,0.32
2026-09-12T18:43:19Z,71,72,31,3842,99,1600,1702,0.32
2026-09-12T18:43:21Z,73,72,31,3989,99,1434,1702,0.29
2026-09-12T18:43:23Z,74,72,31,4084,99,1460,1702,0.29
2026-09-12T18:43:25Z,75,73,31,4157,99,1600,1702,0.29
2026-09-12T18:43:27Z,74,73,31,4261,99,1600,1702,0.35
2026-09-12T18:43:29Z,74,73,31,4391,99,1600,1702,0.35
2026-09-12T18:43:31Z,73,73,31,4411,100,1600,1702,0.32
2026-09-12T18:43:33Z,60,72,31,4411,0,200,2425,0.32
2026-09-12T18:43:35Z,59,70,31,4411,0,200,2424,0.32
2026-09-12T18:43:37Z,58,68,31,4411,55,200,2424,0.46
2026-09-12T18:43:39Z,56,67,31,4411,0,200,2424,0.46
2026-09-12T18:43:41Z,58,65,31,4102,0,200,2424,0.50
2026-09-12T18:43:44Z,58,65,31,3850,87,1040,2424,0.50
2026-09-12T18:43:46Z,58,65,31,3698,100,1040,2424,0.50
2026-09-12T18:43:48Z,60,65,31,3676,99,1040,2424,1.10
2026-09-12T18:43:50Z,60,65,31,3698,100,1040,2424,1.10
2026-09-12T18:43:52Z,61,66,31,3690,99,1040,2425,1.01
2026-09-12T18:43:54Z,61,66,31,3676,99,1040,2425,1.01
2026-09-12T18:43:56Z,62,66,31,3676,99,1040,2424,0.93
2026-09-12T18:43:58Z,62,66,31,3676,99,1159,2425,0.93
2026-09-12T18:44:00Z,63,67,31,3654,100,1338,2425,0.93
2026-09-12T18:44:02Z,65,67,31,3676,100,1515,2425,0.86
2026-09-12T18:44:04Z,65,67,31,3676,100,1600,1702,0.86
2026-09-12T18:44:06Z,67,67,31,3676,100,1600,2424,0.79
2026-09-12T18:44:08Z,69,67,31,3676,100,1600,1702,0.79
2026-09-12T18:44:10Z,68,67,31,3654,100,1600,2425,0.79
2026-09-12T18:44:12Z,59,68,31,3676,0,200,2426,0.80
2026-09-12T18:44:14Z,58,66,31,3676,0,200,2424,0.80
2026-09-12T18:44:16Z,57,65,31,3654,0,200,2424,0.90
2026-09-12T18:44:18Z,56,64,31,3662,0,200,2424,0.90
2026-09-12T18:44:20Z,68,63,31,3654,99,1389,1401,0.90
2026-09-12T18:44:23Z,69,66,31,3318,99,1427,1702,0.91
2026-09-12T18:44:25Z,69,68,31,3306,100,1545,1702,0.91
2026-09-12T18:44:27Z,67,69,31,3306,99,1333,2424,0.92
2026-09-12T18:44:29Z,69,69,31,3289,100,1600,1702,0.92
2026-09-12T18:44:31Z,73,69,31,3301,99,1378,1399,0.84
2026-09-12T18:44:33Z,68,70,31,3289,100,1499,2424,0.84
2026-09-12T18:44:35Z,66,71,31,3421,99,1057,2424,0.84
2026-09-12T18:44:37Z,65,71,31,3551,100,1040,2424,0.77
2026-09-12T18:44:39Z,63,72,31,3557,0,1040,2424,0.77
2026-09-12T18:44:41Z,65,72,31,3571,61,1040,2424,0.79
2026-09-12T18:44:43Z,65,72,31,3676,100,1040,2424,0.79
2026-09-12T18:44:45Z,65,72,31,3787,99,1040,2424,0.79
2026-09-12T18:44:47Z,67,72,31,3787,0,1040,2424,1.13
2026-09-12T18:44:49Z,72,72,31,3787,99,1366,1399,1.13
2026-09-12T18:44:51Z,74,72,31,3890,100,1487,1399,1.04
2026-09-12T18:44:53Z,60,72,31,3881,0,200,2425,1.04
2026-09-12T18:44:55Z,60,71,31,3881,45,1040,2425,1.04
2026-09-12T18:44:58Z,58,69,31,3890,0,200,2424,1.04
2026-09-12T18:45:00Z,64,68,31,3881,99,1084,2425,1.04
2026-09-12T18:45:02Z,68,67,31,3890,99,1600,2424,0.95
2026-09-12T18:45:04Z,70,67,31,3890,100,1600,2424,0.95
2026-09-12T18:45:06Z,69,68,31,3881,100,1600,2424,0.96
2026-09-12T18:45:08Z,68,68,31,3890,99,1586,2424,0.96
2026-09-12T18:45:10Z,69,68,31,3881,99,1600,1702,0.96
2026-09-12T18:45:12Z,68,69,31,3890,100,1600,2400,0.88
2026-09-12T18:45:14Z,65,69,31,3881,99,1285,2424,0.88
2026-09-12T18:45:16Z,65,69,31,3826,99,1040,2424,0.89
2026-09-12T18:45:18Z,65,69,31,3826,99,1040,2424,0.89
2026-09-12T18:45:20Z,67,70,31,3826,0,200,2424,0.89
2026-09-12T18:45:22Z,67,70,31,3826,100,1323,2425,0.82
2026-09-12T18:45:24Z,67,70,31,3842,99,1340,2424,0.82
2026-09-12T18:45:26Z,68,70,31,3842,99,1301,2424,0.83
2026-09-12T18:45:28Z,68,70,31,3818,100,1348,2424,0.83
2026-09-12T18:45:30Z,67,70,31,3826,73,1294,2424,0.83
2026-09-12T18:45:32Z,60,70,31,3850,0,200,2426,0.85
2026-09-12T18:45:34Z,59,68,31,3842,0,200,2426,0.85
2026-09-12T18:45:36Z,59,67,31,3850,0,200,2426,0.86
2026-09-12T18:45:39Z,65,66,31,3842,99,1582,1702,0.86
2026-09-12T18:45:41Z,62,68,31,3787,99,1040,2425,0.86
2026-09-12T18:45:43Z,64,69,31,3750,99,1127,2425,0.95
2026-09-12T18:45:45Z,72,70,31,3750,99,1384,1702,0.95
2026-09-12T18:45:47Z,70,69,31,3750,29,1361,2426,0.96
2026-09-12T18:45:49Z,64,70,31,3750,99,1040,2424,0.96
2026-09-12T18:45:51Z,64,71,31,3727,30,1066,2424,1.04
2026-09-12T18:45:53Z,66,71,31,3750,99,1222,2424,1.04
2026-09-12T18:45:55Z,71,71,31,3750,100,1600,1702,1.04
2026-09-12T18:45:57Z,73,71,31,3865,99,1600,1702,0.96
2026-09-12T18:45:59Z,67,72,31,3890,99,1040,2424,0.96
2026-09-12T18:46:01Z,66,72,31,3989,0,1054,2424,0.88
2026-09-12T18:46:03Z,67,72,31,4084,38,1194,2424,0.88
2026-09-12T18:46:05Z,72,72,31,4076,100,1552,1702,0.88
2026-09-12T18:46:07Z,73,72,31,4290,99,1564,1702,0.81
2026-09-12T18:46:09Z,66,73,31,4310,100,1040,2424,0.81
2026-09-12T18:46:11Z,66,73,31,4310,100,1061,2424,0.74
2026-09-12T18:46:14Z,68,72,31,4310,100,1259,2424,0.74
2026-09-12T18:46:16Z,72,72,31,4310,100,1600,1400,0.74
2026-09-12T18:46:18Z,61,72,31,4310,0,200,2424,0.76
2026-09-12T18:46:20Z,59,70,31,4310,0,200,2424,0.76
2026-09-12T18:46:22Z,58,68,31,4310,0,200,2424,0.78
2026-09-12T18:46:24Z,57,66,31,4340,0,200,2425,0.78
2026-09-12T18:46:26Z,56,65,31,4175,0,200,2424,0.80
2026-09-12T18:46:28Z,68,64,31,3850,100,1600,2424,0.80
2026-09-12T18:46:30Z,60,64,31,3485,100,1190,2424,0.80
2026-09-12T18:46:32Z,59,65,31,3396,100,1040,2424,0.74
2026-09-12T18:46:34Z,61,65,31,3378,0,1040,2425,0.74
2026-09-12T18:46:36Z,65,64,31,3378,99,1600,1702,0.68
2026-09-12T18:46:38Z,62,65,31,3396,99,1333,2424,0.68
2026-09-12T18:46:40Z,61,66,31,3378,100,1040,2424,0.68
2026-09-12T18:46:42Z,62,66,31,3378,99,1040,2424,0.62
2026-09-12T18:46:44Z,68,65,31,3378,99,1600,2424,0.62
2026-09-12T18:46:46Z,67,66,31,3378,100,1600,2424,0.97
2026-09-12T18:46:48Z,62,67,31,3378,0,1040,2424,0.97
2026-09-12T18:46:50Z,62,67,31,3378,99,1040,2424,0.97
2026-09-12T18:46:53Z,67,66,31,3378,99,1600,2426,0.90
2026-09-12T18:46:55Z,66,67,31,3378,99,1600,2416,0.90
2026-09-12T18:46:57Z,64,67,31,3378,0,200,2426,0.82
2026-09-12T18:46:59Z,62,67,31,3366,99,1040,2424,0.82
2026-09-12T18:47:01Z,65,68,31,3360,0,1136,2425,0.84
2026-09-12T18:47:03Z,68,67,31,3360,99,1600,1702,0.84
2026-09-12T18:47:05Z,63,67,31,3360,0,1040,2424,0.84
2026-09-12T18:47:07Z,64,68,31,3360,87,1040,2424,0.77
2026-09-12T18:47:09Z,59,67,31,3360,0,200,2425,0.77
2026-09-12T18:47:11Z,58,66,31,3360,0,1040,3499,0.79
2026-09-12T18:47:13Z,57,66,31,3366,0,200,2425,0.79
2026-09-12T18:47:15Z,59,65,31,3360,99,1040,2424,0.79
2026-09-12T18:47:17Z,61,67,31,3336,100,1040,2424,0.73
2026-09-12T18:47:19Z,71,67,31,3177,100,1428,1702,0.73
2026-09-12T18:47:21Z,66,68,31,3177,99,1366,2424,0.83
2026-09-12T18:47:23Z,62,70,31,3194,99,1040,2425,0.83
2026-09-12T18:47:25Z,65,69,31,3177,100,1040,2424,0.83
2026-09-12T18:47:27Z,70,69,31,3177,99,1334,2425,0.84
2026-09-12T18:47:29Z,61,71,31,3177,100,1040,2424,0.84
2026-09-12T18:47:31Z,64,71,31,3221,99,1040,2424,0.77
2026-09-12T18:47:34Z,74,71,31,3396,100,1600,1702,0.77
2026-09-12T18:47:36Z,70,70,31,3472,99,1522,1791,1.03
2026-09-12T18:47:38Z,64,71,31,3472,99,1040,2425,1.03
2026-09-12T18:47:40Z,66,72,31,3472,100,200,2424,1.03
2026-09-12T18:47:42Z,70,71,31,3571,100,1474,2425,0.95
2026-09-12T18:47:44Z,65,72,31,3662,100,1040,2425,0.95
2026-09-12T18:47:46Z,65,72,31,3669,99,1040,2424,1.03
2026-09-12T18:47:48Z,72,72,31,3765,100,1547,1702,1.03
2026-09-12T18:47:50Z,71,72,31,3765,99,1600,1702,1.03
2026-09-12T18:47:52Z,64,72,31,3765,100,1040,2425,0.95
2026-09-12T18:47:54Z,66,72,31,3787,0,1040,2426,0.95
2026-09-12T18:47:56Z,74,72,31,3765,99,1351,1702,0.87
2026-09-12T18:47:58Z,62,72,31,3787,0,200,2425,0.87
2026-09-12T18:48:00Z,60,71,31,3772,0,200,2424,0.87
2026-09-12T18:48:02Z,59,69,31,3765,0,200,2425,0.97
2026-09-12T18:48:04Z,61,68,31,3795,99,1040,2425,0.97
2026-09-12T18:48:06Z,70,68,31,3795,5,1544,2424,0.89
2026-09-12T18:48:09Z,69,68,31,3787,99,1600,2425,0.89
2026-09-12T18:48:11Z,70,69,31,3765,100,1600,2424,0.89
2026-09-12T18:48:13Z,67,70,31,3772,0,200,2424,0.82
2026-09-12T18:48:15Z,71,70,31,3787,100,1600,2106,0.82
2026-09-12T18:48:17Z,70,70,31,3772,100,1600,1702,0.75
2026-09-12T18:48:19Z,70,71,31,3787,100,1600,2424,0.75
2026-09-12T18:48:21Z,69,71,31,3787,99,1353,2424,0.77
2026-09-12T18:48:23Z,71,71,31,3787,100,1600,1746,0.77
2026-09-12T18:48:25Z,72,71,31,3881,99,1600,2424,0.77
2026-09-12T18:48:27Z,68,72,31,3972,100,1331,2424,0.71
2026-09-12T18:48:29Z,69,72,31,3972,100,1307,2425,0.71
2026-09-12T18:48:31Z,69,72,31,3964,99,1368,2424,0.65
2026-09-12T18:48:33Z,73,72,31,4076,100,1600,2386,0.65
2026-09-12T18:48:35Z,67,73,31,4093,99,1040,2424,0.65
2026-09-12T18:48:37Z,71,73,31,4076,99,1342,2425,0.60
2026-09-12T18:48:39Z,73,73,31,4076,99,1600,1399,0.60
2026-09-12T18:48:41Z,72,73,31,4157,99,1600,2424,0.55
2026-09-12T18:48:43Z,67,73,31,4194,100,1040,2424,0.55
2026-09-12T18:48:45Z,73,73,31,4261,99,1600,1702,0.55
2026-09-12T18:48:48Z,62,73,31,4261,0,200,2425,0.51
2026-09-12T18:48:50Z,60,70,31,4271,0,200,2424,0.51
2026-09-12T18:48:52Z,58,68,31,4280,0,200,2424,0.55
2026-09-12T18:48:54Z,63,67,31,4290,99,1245,2424,0.55
2026-09-12T18:48:56Z,72,71,31,3989,99,1495,1702,0.50
2026-09-12T18:48:58Z,70,71,31,3930,99,1600,1702,0.50
2026-09-12T18:49:00Z,66,72,31,3947,100,1130,2424,0.50
2026-09-12T18:49:02Z,71,72,31,3947,100,1600,1702,0.46
2026-09-12T18:49:04Z,67,73,31,3947,100,1040,2424,0.46
2026-09-12T18:49:06Z,70,73,31,3989,100,1476,2424,0.42
2026-09-12T18:49:08Z,74,73,31,4139,100,1371,1702,0.42
2026-09-12T18:49:10Z,75,74,31,4213,99,1343,2425,0.42
2026-09-12T18:49:12Z,74,74,31,4411,99,1503,1702,0.47
2026-09-12T18:49:14Z,68,75,31,4518,99,1040,2424,0.47
2026-09-12T18:49:16Z,75,75,31,4595,99,1555,1399,0.51
2026-09-12T18:49:18Z,76,75,31,4844,99,1372,1702,0.51
2026-09-12T18:49:20Z,77,75,31,4844,99,1600,1399,0.51
2026-09-12T18:49:23Z,75,75,31,4832,99,1457,1702,0.55
2026-09-12T18:49:25Z,68,75,31,4832,99,1040,2425,0.55
2026-09-12T18:49:27Z,76,75,31,4832,99,1354,2422,0.51
2026-09-12T18:49:29Z,76,75,31,4844,99,1600,1520,0.51
2026-09-12T18:49:31Z,76,76,31,4844,100,1379,1399,0.47
2026-09-12T18:49:33Z,76,75,31,4844,99,1455,1702,0.47
2026-09-12T18:49:35Z,65,75,31,4832,99,1040,2424,0.47
2026-09-12T18:49:37Z,74,75,31,4832,100,1600,1702,0.43
2026-09-12T18:49:39Z,74,75,31,4844,100,1600,1400,0.43
2026-09-12T18:49:41Z,76,75,31,4844,100,1404,1702,0.39
2026-09-12T18:49:43Z,75,75,31,4870,99,1600,1702,0.39
2026-09-12T18:49:45Z,67,76,31,4832,0,200,2424,0.39
2026-09-12T18:49:47Z,61,74,31,4870,0,200,2425,0.60
2026-09-12T18:49:49Z,59,72,31,4870,0,200,2424,0.60
2026-09-12T18:49:51Z,58,70,31,4870,0,200,2424,0.64
2026-09-12T18:49:54Z,57,68,31,4870,0,200,2424,0.64
2026-09-12T18:49:56Z,67,66,31,4870,99,1600,2425,0.64
2026-09-12T18:49:58Z,61,67,31,4194,99,1040,2424,0.58
2026-09-12T18:50:00Z,67,67,31,3757,100,1600,2426,0.58
2026-09-12T18:50:02Z,62,67,31,3765,100,1272,2425,0.54
2026-09-12T18:50:04Z,69,68,31,3750,100,1600,1399,0.54
2026-09-12T18:50:06Z,67,68,31,3735,99,1274,2424,0.49
2026-09-12T18:50:08Z,63,68,31,3750,100,1040,2424,0.49
2026-09-12T18:50:10Z,71,69,31,3735,99,1600,2424,0.49
2026-09-12T18:50:12Z,70,68,31,3727,99,1600,1702,0.53
2026-09-12T18:50:14Z,64,69,31,3727,100,200,2424,0.53
2026-09-12T18:50:16Z,68,69,31,3727,99,1600,1702,0.49
2026-09-12T18:50:18Z,68,69,31,3735,100,1600,2213,0.49
2026-09-12T18:50:20Z,65,70,31,3727,99,1040,2424,0.49
2026-09-12T18:50:22Z,70,70,31,3735,99,1600,1702,0.69
2026-09-12T18:50:24Z,68,70,31,3727,100,1575,2425,0.69
2026-09-12T18:50:26Z,67,70,31,3735,0,1044,2424,0.64
2026-09-12T18:50:28Z,67,70,31,3712,100,1534,2424,0.64
2026-09-12T18:50:30Z,64,71,31,3735,99,1040,2424,0.64
2026-09-12T18:50:33Z,72,71,31,3712,99,1600,1702,0.59
2026-09-12T18:50:35Z,69,71,31,3727,100,1600,2424,0.59
2026-09-12T18:50:37Z,63,71,31,3890,2,1040,2424,0.54
2026-09-12T18:50:39Z,72,71,31,3922,99,1600,1702,0.54
2026-09-12T18:50:41Z,69,71,31,4102,99,1600,1548,0.50
2026-09-12T18:50:43Z,65,72,31,4120,0,1040,2424,0.50
2026-09-12T18:50:45Z,61,70,31,4120,0,200,2424,0.50
2026-09-12T18:50:47Z,61,69,31,4093,0,200,3500,0.54
2026-09-12T18:50:49Z,58,68,31,4120,0,200,2424,0.54
2026-09-12T18:50:51Z,62,66,31,4102,99,1044,2425,0.57
2026-09-12T18:50:53Z,69,69,31,3772,100,1535,2072,0.57
2026-09-12T18:50:55Z,71,70,31,3772,100,1600,1702,0.57
2026-09-12T18:50:57Z,74,71,31,3772,99,1350,1399,0.53
2026-09-12T18:50:59Z,73,71,31,3772,99,1359,1702,0.53
2026-09-12T18:51:01Z,65,72,31,3765,100,1040,2425,0.48
2026-09-12T18:51:03Z,72,72,31,3772,99,1554,1702,0.48
2026-09-12T18:51:05Z,67,73,31,3947,100,1040,2424,0.48
2026-09-12T18:51:08Z,70,73,31,3947,99,1384,2424,0.45
2026-09-12T18:51:10Z,74,73,31,4166,99,1600,1702,0.45
2026-09-12T18:51:12Z,74,75,31,4148,100,1369,1702,0.41
2026-09-12T18:51:14Z,76,74,31,4360,99,1600,1702,0.41
2026-09-12T18:51:16Z,67,75,31,4391,100,1040,2424,0.38
2026-09-12T18:51:18Z,74,75,31,4432,99,1447,1702,0.38
2026-09-12T18:51:20Z,68,75,31,4411,99,1040,2424,0.38
2026-09-12T18:51:22Z,70,75,31,4629,99,1467,2424,0.35
2026-09-12T18:51:24Z,75,74,31,4652,99,1600,1702,0.35
2026-09-12T18:51:26Z,75,75,31,4664,99,1352,1702,0.32
2026-09-12T18:51:28Z,75,74,31,4746,99,1600,1702,0.32
2026-09-12T18:51:30Z,67,75,31,4746,99,200,2424,0.32
2026-09-12T18:51:32Z,75,74,31,4746,99,1506,1400,0.29
2026-09-12T18:51:34Z,67,75,31,4746,100,1040,2425,0.29
2026-09-12T18:51:36Z,74,75,31,4746,100,1510,1967,0.27
2026-09-12T18:51:38Z,74,75,31,4770,100,1393,1399,0.27
2026-09-12T18:51:41Z,74,75,31,4770,100,1600,1399,0.27
2026-09-12T18:51:43Z,76,74,31,4746,99,1354,1702,0.25
2026-09-12T18:51:45Z,66,75,31,4783,30,1040,2424,0.25
2026-09-12T18:51:47Z,61,73,31,4746,0,200,2424,0.31
2026-09-12T18:51:49Z,60,71,31,4783,0,200,2425,0.31
2026-09-12T18:51:51Z,58,70,31,4770,0,200,2800,0.36
2026-09-12T18:51:53Z,69,69,31,4595,99,1600,2425,0.36
2026-09-12T18:51:55Z,69,68,31,4411,100,1600,1922,0.36
2026-09-12T18:51:57Z,66,69,31,4330,99,1331,2424,0.33
2026-09-12T18:51:59Z,70,69,31,4310,99,1600,1990,0.33
2026-09-12T18:52:01Z,65,69,31,4310,100,1040,2426,0.31
2026-09-12T18:52:03Z,69,70,31,4310,10,1298,2424,0.31
2026-09-12T18:52:05Z,72,70,31,4310,100,1600,2425,0.31
2026-09-12T18:52:07Z,67,71,31,4330,99,1338,2424,0.36
2026-09-12T18:52:09Z,72,70,31,4310,100,1600,1934,0.36
2026-09-12T18:52:11Z,71,71,31,4310,100,1600,2425,0.41
2026-09-12T18:52:13Z,68,71,31,4300,100,1347,2424,0.41
2026-09-12T18:52:15Z,72,71,31,4310,100,1600,2417,0.41
2026-09-12T18:52:18Z,66,71,31,4320,100,1040,2424,0.38
2026-09-12T18:52:20Z,69,72,31,4310,100,1286,2425,0.38
2026-09-12T18:52:22Z,70,71,31,4310,100,1600,2424,0.35
2026-09-12T18:52:24Z,68,71,31,4310,99,1313,2424,0.35
2026-09-12T18:52:26Z,73,72,31,4310,99,1600,2372,0.40
2026-09-12T18:52:28Z,70,71,31,4310,99,1600,2424,0.40
2026-09-12T18:52:30Z,68,72,31,4310,99,1334,2424,0.40
2026-09-12T18:52:32Z,72,72,31,4340,99,1600,2425,0.37
2026-09-12T18:52:34Z,67,72,31,4310,100,1040,2424,0.37
2026-09-12T18:52:36Z,69,72,31,4310,99,1289,2424,0.34
2026-09-12T18:52:38Z,72,72,31,4310,100,1600,2424,0.34
2026-09-12T18:52:40Z,69,72,31,4310,99,1386,2424,0.34
2026-09-12T18:52:42Z,59,71,31,4330,0,200,2424,0.31
2026-09-12T18:52:44Z,59,69,31,4310,0,200,2424,0.31
2026-09-12T18:52:46Z,58,68,31,4330,0,200,2424,0.37
2026-09-12T18:52:48Z,69,66,31,4310,100,1600,1702,0.37
2026-09-12T18:52:50Z,65,70,31,3947,68,1079,2424,0.37
2026-09-12T18:52:52Z,71,70,31,3930,100,1545,1702,0.42
2026-09-12T18:52:54Z,66,71,31,3947,17,1124,2425,0.42
2026-09-12T18:52:57Z,71,71,31,3930,99,1409,1702,0.38
2026-09-12T18:52:59Z,65,73,31,3930,99,1040,2424,0.38
2026-09-12T18:53:01Z,72,72,31,3947,100,1600,1702,0.38
2026-09-12T18:53:03Z,67,73,31,4093,99,1143,2424,0.35
2026-09-12T18:53:05Z,75,73,31,4166,99,1359,1400,0.35
2026-09-12T18:53:07Z,67,74,31,4310,99,1140,2424,0.33
2026-09-12T18:53:09Z,74,73,31,4340,100,1397,1702,0.33
2026-09-12T18:53:11Z,67,74,31,4629,99,1233,2425,0.46
2026-09-12T18:53:13Z,74,74,31,4629,99,1453,1702,0.46
2026-09-12T18:53:15Z,67,75,31,4629,99,1087,2424,0.46
2026-09-12T18:53:17Z,76,74,31,4699,99,1354,1702,0.42
2026-09-12T18:53:19Z,67,75,31,4699,99,1070,2425,0.42
2026-09-12T18:53:21Z,73,74,31,4652,100,1446,1702,0.39
2026-09-12T18:53:23Z,67,75,31,4687,10,1040,2424,0.39
2026-09-12T18:53:25Z,73,74,31,4687,99,1545,1702,0.39
2026-09-12T18:53:27Z,64,75,31,4664,0,1040,2424,0.36
2026-09-12T18:53:29Z,76,74,31,4687,100,1600,1702,0.36
2026-09-12T18:53:32Z,67,74,31,4687,100,1040,2424,0.41
2026-09-12T18:53:34Z,71,75,31,4664,100,1345,2424,0.41
2026-09-12T18:53:36Z,68,74,31,4687,100,1040,2424,0.41
2026-09-12T18:53:38Z,74,75,31,4687,99,1600,1702,0.38
2026-09-12T18:53:40Z,67,74,31,4687,99,1229,2425,0.38
2026-09-12T18:53:42Z,74,75,31,4687,100,1600,1702,0.35
2026-09-12T18:53:44Z,71,74,31,4687,99,1600,1702,0.35
2026-09-12T18:53:46Z,76,75,31,4687,99,1343,1702,0.32
2026-09-12T18:53:48Z,62,74,31,4687,0,200,2423,0.32
2026-09-12T18:53:50Z,60,72,31,4687,0,200,2424,0.32
2026-09-12T18:53:52Z,59,70,31,4687,0,200,2425,0.37
2026-09-12T18:53:54Z,57,68,31,4664,0,200,2425,0.37
2026-09-12T18:53:56Z,57,67,31,4664,0,200,2424,0.42
2026-09-12T18:53:58Z,63,65,31,4629,100,1412,2424,0.42
2026-09-12T18:54:00Z,60,67,31,4032,57,1040,2424,0.42
2026-09-12T18:54:02Z,69,66,31,3750,99,1600,2424,0.55
2026-09-12T18:54:04Z,61,67,31,3750,100,1040,2424,0.55
2026-09-12T18:54:07Z,68,66,31,3735,100,1600,1702,0.50
2026-09-12T18:54:09Z,61,67,31,3750,99,1040,2424,0.50
2026-09-12T18:54:11Z,67,68,31,3750,100,1600,1702,0.50
2026-09-12T18:54:13Z,59,68,31,3750,99,1040,2425,0.46
2026-09-12T18:54:15Z,72,68,31,3750,100,1600,2426,0.46
2026-09-12T18:54:17Z,64,68,31,3735,99,1040,2424,0.67
2026-09-12T18:54:19Z,70,69,31,3727,100,1600,2425,0.67
2026-09-12T18:54:21Z,66,68,31,3727,99,1600,1852,0.61
2026-09-12T18:54:23Z,65,69,31,3727,100,1040,2424,0.61
2026-09-12T18:54:25Z,68,69,31,3735,99,1600,1702,0.61
2026-09-12T18:54:27Z,64,70,31,3712,100,1040,2424,0.56
2026-09-12T18:54:29Z,69,69,31,3727,100,1600,1702,0.56
2026-09-12T18:54:31Z,64,70,31,3727,99,1040,2424,0.52
2026-09-12T18:54:33Z,69,69,31,3727,100,1573,2424,0.52
2026-09-12T18:54:35Z,65,70,31,3712,100,200,2424,0.52
2026-09-12T18:54:37Z,72,70,31,3727,99,1600,2424,0.56
2026-09-12T18:54:39Z,64,71,31,3712,99,1040,2424,0.56
2026-09-12T18:54:41Z,71,70,31,3727,99,1600,2424,0.51
2026-09-12T18:54:43Z,64,71,31,3881,0,200,2424,0.51
2026-09-12T18:54:46Z,72,70,31,3922,100,1600,1702,0.51
2026-09-12T18:54:48Z,66,70,31,3906,100,1040,2424,0.55
2026-09-12T18:54:50Z,73,71,31,3906,99,1600,2425,0.55
2026-09-12T18:54:52Z,71,70,31,3922,99,1600,2425,0.59
2026-09-12T18:54:54Z,66,71,31,3906,0,1040,2424,0.59
2026-09-12T18:54:56Z,61,70,31,3906,0,200,2424,0.62
2026-09-12T18:54:58Z,59,69,31,3930,0,200,2424,0.62
2026-09-12T18:55:00Z,58,68,31,3930,0,200,2425,0.62
2026-09-12T18:55:02Z,58,66,31,3906,0,200,2425,1.21
2026-09-12T18:55:04Z,72,66,31,3906,100,1600,1702,1.21
2026-09-12T18:55:06Z,62,70,31,3676,0,1040,2424,1.19
2026-09-12T18:55:08Z,72,69,31,3676,99,1360,1702,1.19
2026-09-12T18:55:10Z,65,71,31,3654,100,200,2424,1.19
2026-09-12T18:55:12Z,70,70,31,3676,99,1423,1702,1.18
2026-09-12T18:55:14Z,68,72,31,3772,50,1129,2425,1.18
2026-09-12T18:55:16Z,73,72,31,3850,99,1440,1702,1.16
2026-09-12T18:55:18Z,75,72,31,3865,99,1460,1399,1.16
2026-09-12T18:55:21Z,68,73,31,4058,99,1440,1399,1.16
2026-09-12T18:55:23Z,75,73,31,4049,99,1361,1702,1.15
2026-09-12T18:55:25Z,66,72,31,4032,99,1040,2424,1.15
2026-09-12T18:55:27Z,74,74,31,4032,100,1600,1702,1.14
2026-09-12T18:55:29Z,66,73,31,4049,100,1040,2424,1.14
2026-09-12T18:55:31Z,68,74,31,4032,99,1334,2424,1.13
2026-09-12T18:55:33Z,65,73,31,4290,0,200,2424,1.13
2026-09-12T18:55:35Z,74,74,31,4280,99,1600,1500,1.13
2026-09-12T18:55:37Z,66,74,31,4340,99,200,2424,1.12
2026-09-12T18:55:39Z,76,74,31,4330,99,1378,1702,1.12
2026-09-12T18:55:41Z,65,74,31,4340,91,1040,2425,1.11
2026-09-12T18:55:43Z,74,73,31,4330,100,1600,1702,1.11
2026-09-12T18:55:45Z,66,75,31,4330,100,1040,2425,1.11
2026-09-12T18:55:47Z,76,73,31,4340,100,1600,1702,1.42
2026-09-12T18:55:49Z,66,75,31,4380,0,1040,2425,1.42
2026-09-12T18:55:51Z,73,73,31,4485,100,1600,1399,1.39
2026-09-12T18:55:53Z,67,74,31,4496,100,200,2424,1.39
2026-09-12T18:55:56Z,74,74,31,4485,99,1600,1702,1.39
2026-09-12T18:55:58Z,66,74,31,4485,99,1040,2424,1.35
2026-09-12T18:56:00Z,74,73,31,4496,99,1458,1702,1.35
2026-09-12T18:56:02Z,67,74,31,4496,99,1040,2424,1.25
2026-09-12T18:56:04Z,75,73,31,4464,99,1600,1400,1.25
2026-09-12T18:56:06Z,67,75,31,4496,9,1040,2426,1.31
2026-09-12T18:56:08Z,61,73,31,4573,0,200,2424,1.31
2026-09-12T18:56:10Z,59,71,31,4573,0,200,2424,1.31
2026-09-12T18:56:12Z,58,70,31,4573,0,200,2424,1.36
2026-09-12T18:56:14Z,67,68,31,4573,99,1600,2424,1.36
2026-09-12T18:56:16Z,69,69,31,4261,99,1600,2424,1.25
2026-09-12T18:56:18Z,65,69,31,4271,100,1139,2424,1.25
2026-09-12T18:56:20Z,69,69,31,4261,100,1600,1702,1.25
2026-09-12T18:56:22Z,70,70,31,4261,99,1600,2424,1.31
2026-09-12T18:56:24Z,64,70,31,4261,99,1163,2425,1.31
2026-09-12T18:56:26Z,71,70,31,4261,100,1600,2424,1.21
2026-09-12T18:56:28Z,70,71,31,4242,99,1600,1783,1.21
2026-09-12T18:56:30Z,72,71,31,4261,100,1600,2424,1.21
2026-09-12T18:56:32Z,72,71,31,4261,100,1600,1754,1.11
2026-09-12T18:56:35Z,68,72,31,4261,99,1397,2424,1.11
2026-09-12T18:56:37Z,73,72,31,4242,100,1600,2424,1.10
2026-09-12T18:56:39Z,73,72,31,4261,99,1600,2281,1.10
2026-09-12T18:56:41Z,70,72,31,4261,100,1600,1702,1.10
2026-09-12T18:56:43Z,72,73,31,4261,99,1600,2425,1.01
2026-09-12T18:56:45Z,71,73,31,4380,99,1442,2424,1.01
2026-09-12T18:56:47Z,74,72,31,4411,100,1600,1890,0.93
2026-09-12T18:56:49Z,72,73,31,4380,99,1600,2424,0.93
2026-09-12T18:56:51Z,67,73,31,4432,99,1040,2424,0.86
2026-09-12T18:56:53Z,72,73,31,4432,99,1600,1702,0.86
2026-09-12T18:56:55Z,71,73,31,4432,100,1600,2424,0.86
2026-09-12T18:56:57Z,73,73,31,4443,100,1600,2143,0.79
2026-09-12T18:56:59Z,74,73,31,4443,100,1600,2061,0.79
2026-09-12T18:57:01Z,69,73,31,4464,99,1351,2425,0.72
2026-09-12T18:57:03Z,73,73,31,4464,100,1600,1751,0.72
2026-09-12T18:57:05Z,72,73,31,4464,99,1600,2424,0.72
2026-09-12T18:57:07Z,72,73,31,4595,100,1600,2424,0.67
2026-09-12T18:57:09Z,75,73,31,4595,100,1600,2359,0.67
2026-09-12T18:57:11Z,72,73,31,4606,99,1600,2426,0.69
2026-09-12T18:57:14Z,73,73,31,4606,100,1600,2387,0.69
2026-09-12T18:57:16Z,73,73,31,4573,100,1600,2416,0.69
2026-09-12T18:57:18Z,67,73,31,4573,99,1040,2424,0.64
2026-09-12T18:57:20Z,74,73,31,4573,99,1600,2395,0.64
2026-09-12T18:57:22Z,70,73,31,4606,100,1600,2424,0.59
2026-09-12T18:57:24Z,73,73,31,4595,100,1600,1702,0.59
2026-09-12T18:57:26Z,73,73,31,4606,99,1600,2424,0.54
2026-09-12T18:57:28Z,69,73,31,4595,100,1287,2425,0.54
2026-09-12T18:57:30Z,73,73,31,4595,100,1600,2094,0.54
2026-09-12T18:57:32Z,72,73,31,4595,99,1600,2424,0.50
2026-09-12T18:57:34Z,63,73,31,4606,0,200,2424,0.50
2026-09-12T18:57:36Z,60,71,31,4595,0,200,2425,0.45
2026-09-12T18:57:38Z,59,70,31,4595,0,200,2425,0.45
2026-09-12T18:57:40Z,58,68,31,4595,0,200,2425,0.45
2026-09-12T18:57:42Z,70,68,31,4595,99,1600,1702,0.50
2026-09-12T18:57:44Z,71,71,31,4194,53,1552,1741,0.50
2026-09-12T18:57:46Z,72,72,31,4194,99,1600,1399,0.54
2026-09-12T18:57:48Z,73,72,31,4194,99,1369,1702,0.54
2026-09-12T18:57:51Z,75,74,31,4194,99,1561,1702,0.54
2026-09-12T18:57:53Z,72,74,31,4242,99,1443,2409,0.50
2026-09-12T18:57:55Z,74,74,31,4360,99,1600,1400,0.50
2026-09-12T18:57:57Z,73,75,31,4360,100,1600,1702,0.46
2026-09-12T18:57:59Z,75,75,31,4573,99,1600,1702,0.46
2026-09-12T18:58:01Z,69,75,31,4606,99,1040,2424,0.42
2026-09-12T18:58:03Z,76,75,31,4652,99,1453,1702,0.42
2026-09-12T18:58:05Z,76,76,31,4783,100,1384,1702,0.42
2026-09-12T18:58:07Z,68,76,31,4870,99,1189,2424,0.47
2026-09-12T18:58:09Z,75,76,31,4870,100,1491,1702,0.47
2026-09-12T18:58:11Z,75,76,31,4973,100,1436,1702,0.51
2026-09-12T18:58:13Z,72,76,31,5026,100,1369,2425,0.51
2026-09-12T18:58:15Z,77,76,31,5067,99,1600,1702,0.51
2026-09-12T18:58:17Z,74,76,31,5040,99,1600,1702,0.47
2026-09-12T18:58:19Z,78,77,31,5108,99,1600,1702,0.47
2026-09-12T18:58:22Z,77,76,31,5165,100,1600,1702,0.43
2026-09-12T18:58:24Z,77,76,31,5179,99,1350,1702,0.43
2026-09-12T18:58:26Z,74,77,31,5208,100,1527,2364,0.43
2026-09-12T18:58:28Z,74,76,31,5179,100,1463,1399,0.40
2026-09-12T18:58:30Z,76,76,31,5179,99,1398,1702,0.40
2026-09-12T18:58:32Z,75,76,31,5179,99,1600,1702,0.36
2026-09-12T18:58:34Z,69,76,31,5208,100,1040,2424,0.36
2026-09-12T18:58:36Z,75,76,31,5208,100,1600,1702,0.42
2026-09-12T18:58:38Z,77,76,31,5208,100,1600,1702,0.42
2026-09-12T18:58:40Z,69,77,31,5179,17,1229,2425,0.42
2026-09-12T18:58:42Z,75,76,31,5208,100,1550,1702,0.38
2026-09-12T18:58:44Z,78,76,31,5208,100,1600,1702,0.38
2026-09-12T18:58:46Z,70,77,31,5208,99,1314,2424,0.35
2026-09-12T18:58:48Z,75,76,31,5208,99,1542,1702,0.35
2026-09-12T18:58:50Z,77,76,31,5208,99,1545,1702,0.35
2026-09-12T18:58:53Z,74,76,31,5208,100,1600,1702,0.32
2026-09-12T18:58:55Z,74,76,31,5208,100,1464,1702,0.32
2026-09-12T18:58:57Z,75,76,31,5208,100,1600,1702,0.30
2026-09-12T18:58:59Z,72,76,31,5208,100,1600,1702,0.30
2026-09-12T18:59:01Z,75,76,31,5208,100,1547,1702,0.27
2026-09-12T18:59:03Z,75,76,31,5208,100,1600,1702,0.27
2026-09-12T18:59:05Z,77,76,31,5208,99,1348,1702,0.27
2026-09-12T18:59:07Z,69,76,31,5252,99,1327,2426,0.25
2026-09-12T18:59:09Z,74,76,31,5208,100,1411,1702,0.25
2026-09-12T18:59:11Z,77,76,31,5208,100,1600,1702,0.23
2026-09-12T18:59:13Z,69,76,31,5208,0,200,2424,0.23
2026-09-12T18:59:15Z,76,76,31,5208,99,1336,1702,0.23
2026-09-12T18:59:17Z,75,76,31,5237,99,1460,1702,0.21
2026-09-12T18:59:19Z,70,76,31,5208,100,1340,2425,0.21
2026-09-12T18:59:22Z,61,74,31,5237,0,200,2425,0.19
2026-09-12T18:59:24Z,59,72,31,5208,0,200,2424,0.19
2026-09-12T18:59:26Z,58,70,31,5237,0,200,2424,0.19
2026-09-12T18:59:28Z,57,68,31,5252,0,200,2424,0.26
2026-09-12T18:59:30Z,58,66,31,4687,99,1040,2425,0.26
2026-09-12T18:59:32Z,68,66,31,4310,100,1600,2425,0.56
2026-09-12T18:59:34Z,67,67,31,3922,100,1600,2424,0.56
2026-09-12T18:59:36Z,61,67,31,3947,99,1040,2424,0.60
2026-09-12T18:59:38Z,66,67,31,3930,99,1600,2424,0.60
2026-09-12T18:59:40Z,70,68,31,3947,99,1600,2424,0.60
2026-09-12T18:59:42Z,62,68,31,3930,100,1040,2424,0.55
2026-09-12T18:59:44Z,71,69,31,3930,100,1600,2424,0.55
2026-09-12T18:59:46Z,70,69,31,3922,100,1600,2424,0.58
2026-09-12T18:59:48Z,62,70,31,3930,100,1040,2424,0.58
2026-09-12T18:59:50Z,68,69,31,3906,99,1600,1955,0.58
2026-09-12T18:59:52Z,71,70,31,3906,99,1600,2426,0.54
2026-09-12T18:59:54Z,63,70,31,3906,99,1040,2424,0.54
2026-09-12T18:59:56Z,69,70,31,3906,100,1600,1875,0.49
2026-09-12T18:59:58Z,69,71,31,4120,100,1600,1702,0.49
2026-09-12T19:00:00Z,63,71,31,4093,100,1040,2424,0.49
2026-09-12T19:00:03Z,71,71,31,4093,99,1600,2424,0.53
2026-09-12T19:00:05Z,70,71,31,4120,100,1600,2424,0.53
2026-09-12T19:00:07Z,65,71,31,4148,99,1040,2424,0.73
2026-09-12T19:00:09Z,70,71,31,4148,99,1600,2323,0.73
2026-09-12T19:00:11Z,69,72,31,4148,99,1600,2346,0.73
2026-09-12T19:00:13Z,65,71,31,4148,100,1040,2424,0.67
2026-09-12T19:00:15Z,69,71,31,4139,100,1600,1702,0.67
2026-09-12T19:00:17Z,69,72,31,4120,100,1600,2072,0.62
2026-09-12T19:00:19Z,66,71,31,4120,100,1040,2424,0.62
2026-09-12T19:00:21Z,71,71,31,4139,100,1600,1400,0.57
2026-09-12T19:00:23Z,73,72,31,4139,99,1600,2424,0.57
2026-09-12T19:00:25Z,67,72,31,4242,100,1040,2425,0.57
2026-09-12T19:00:27Z,70,72,31,4310,100,1600,1644,0.52
2026-09-12T19:00:29Z,70,72,31,4310,100,1600,1702,0.52
2026-09-12T19:00:31Z,67,72,31,4330,99,1040,2424,0.72
2026-09-12T19:00:33Z,74,72,31,4330,100,1600,2424,0.72
2026-09-12T19:00:35Z,72,72,31,4310,100,1600,2425,0.72
2026-09-12T19:00:37Z,67,72,31,4340,100,1040,2424,0.66
2026-09-12T19:00:39Z,70,71,31,4310,99,1600,2424,0.66
2026-09-12T19:00:42Z,69,72,31,4310,100,1600,1702,0.69
2026-09-12T19:00:44Z,65,71,31,4310,99,1061,2424,0.69
2026-09-12T19:00:46Z,72,72,31,4310,100,1600,2424,0.69
2026-09-12T19:00:48Z,72,72,31,4310,99,1600,2424,0.88
2026-09-12T19:00:50Z,66,71,31,4310,99,1147,2424,0.88
2026-09-12T19:00:52Z,69,72,31,4310,99,1600,2424,0.81
2026-09-12T19:00:54Z,71,72,31,4310,100,1600,2424,0.81
2026-09-12T19:00:56Z,67,71,31,4310,100,1200,2424,0.74
2026-09-12T19:00:58Z,71,72,31,4310,100,1600,2424,0.74
2026-09-12T19:01:00Z,71,72,31,4320,99,1600,2424,0.74
2026-09-12T19:01:02Z,62,72,31,4310,0,200,2425,0.76
2026-09-12T19:01:04Z,60,70,31,4330,0,200,2425,0.76
2026-09-12T19:01:06Z,59,69,31,4340,0,200,2424,0.78
2026-09-12T19:01:08Z,58,67,31,4310,0,200,2424,0.78
2026-09-12T19:01:10Z,69,66,31,4102,99,1600,1702,0.78
2026-09-12T19:01:12Z,74,70,31,3947,99,1376,1957,0.80
2026-09-12T19:01:14Z,71,71,31,3881,100,1600,1400,0.80
2026-09-12T19:01:16Z,66,72,31,3890,100,1040,2424,0.81
2026-09-12T19:01:18Z,73,72,31,3881,100,1568,1702,0.81
2026-09-12T19:01:21Z,73,74,31,3922,100,1600,1702,0.81
2026-09-12T19:01:23Z,66,74,31,4120,99,1040,2424,0.83
2026-09-12T19:01:25Z,75,74,31,4120,99,1600,1702,0.83
2026-09-12T19:01:27Z,75,75,31,4340,99,1600,1702,0.84
2026-09-12T19:01:29Z,76,76,31,4340,99,1401,1702,0.84
2026-09-12T19:01:31Z,75,75,31,4485,100,1600,1702,0.78
2026-09-12T19:01:33Z,77,76,31,4518,99,1549,1702,0.78
2026-09-12T19:01:35Z,73,76,31,4687,100,1600,1702,0.78
2026-09-12T19:01:37Z,74,76,31,4711,100,1402,1702,0.79
2026-09-12T19:01:39Z,74,76,31,4746,100,1600,1702,0.79
2026-09-12T19:01:41Z,77,76,31,4711,99,1600,1702,0.73
2026-09-12T19:01:43Z,69,76,31,4722,99,1040,2424,0.73
2026-09-12T19:01:45Z,76,76,31,4722,99,1600,1702,0.73
2026-09-12T19:01:47Z,76,76,31,4711,99,1359,1399,0.75
2026-09-12T19:01:50Z,68,76,31,4722,89,1040,2424,0.75
2026-09-12T19:01:52Z,77,76,31,4746,99,1486,1702,0.69
2026-09-12T19:01:54Z,73,76,31,4895,100,1383,1702,0.69
2026-09-12T19:01:56Z,76,77,31,4908,100,1600,1399,0.69
2026-09-12T19:01:58Z,76,76,31,4973,99,1360,1702,0.80
2026-09-12T19:02:00Z,75,76,31,4960,100,1600,1702,0.80
2026-09-12T19:02:02Z,77,77,31,4960,100,1394,1702,0.81
2026-09-12T19:02:04Z,74,76,31,4934,99,1400,1702,0.81
2026-09-12T19:02:06Z,77,76,31,4973,99,1430,1702,0.75
2026-09-12T19:02:08Z,73,76,31,4973,99,1398,1702,0.75
2026-09-12T19:02:10Z,69,76,31,4973,99,1040,2424,0.75
2026-09-12T19:02:12Z,76,76,31,4960,100,1600,1702,0.77
2026-09-12T19:02:14Z,75,76,31,4960,100,1600,1702,0.77
2026-09-12T19:02:16Z,68,77,31,4960,99,1040,2425,0.71
2026-09-12T19:02:18Z,76,76,31,4960,99,1600,1702,0.71
2026-09-12T19:02:21Z,75,76,31,4960,100,1600,1702,0.71
2026-09-12T19:02:23Z,75,77,31,5000,99,1600,1702,0.65
2026-09-12T19:02:25Z,75,76,31,5067,100,1600,1702,0.65
2026-09-12T19:02:27Z,76,76,31,5040,99,1600,1702,0.60
2026-09-12T19:02:29Z,73,77,31,5040,99,1600,1400,0.60
2026-09-12T19:02:31Z,74,76,31,5067,100,1600,1702,0.55
2026-09-12T19:02:33Z,76,76,31,5067,99,1389,1399,0.55
2026-09-12T19:02:35Z,76,76,31,5040,99,1374,1702,0.55
2026-09-12T19:02:37Z,68,76,31,5067,100,1040,2425,0.50
2026-09-12T19:02:39Z,74,76,31,5067,100,1400,1702,0.50
2026-09-12T19:02:41Z,74,76,31,5067,100,1600,1702,0.46
2026-09-12T19:02:43Z,67,76,31,5067,99,1040,2425,0.46
2026-09-12T19:02:45Z,76,75,31,5067,100,1425,1702,0.46
2026-09-12T19:02:47Z,77,76,31,5067,99,1600,1702,0.43
2026-09-12T19:02:50Z,74,76,31,5067,99,1600,1702,0.43
2026-09-12T19:02:52Z,63,75,31,5067,0,200,2424,0.47
2026-09-12T19:02:54Z,60,73,31,5067,0,200,2424,0.47
2026-09-12T19:02:56Z,59,72,31,5067,0,200,2424,0.47
2026-09-12T19:02:58Z,69,70,31,5067,99,1600,1965,0.52
2026-09-12T19:03:00Z,69,70,31,4606,100,1600,2424,0.52
2026-09-12T19:03:02Z,65,70,31,4606,46,1040,2424,0.47
2026-09-12T19:03:04Z,69,69,31,4606,99,1600,2334,0.47
2026-09-12T19:03:06Z,69,70,31,4539,99,1600,2424,0.52
2026-09-12T19:03:08Z,65,70,31,4539,5,1040,2424,0.52
2026-09-12T19:03:10Z,71,70,31,4518,99,1600,2141,0.52
2026-09-12T19:03:12Z,71,71,31,4539,100,1600,2350,0.47
2026-09-12T19:03:14Z,65,71,31,4539,100,1040,2424,0.47
2026-09-12T19:03:16Z,72,70,31,4539,99,1600,1702,0.44
2026-09-12T19:03:18Z,71,71,31,4539,99,1600,1915,0.44
2026-09-12T19:03:20Z,65,71,31,4539,0,200,2425,0.44
2026-09-12T19:03:22Z,71,71,31,4518,100,1600,1702,0.40
2026-09-12T19:03:24Z,72,71,31,4518,100,1600,2424,0.40
2026-09-12T19:03:26Z,65,71,31,4539,99,1040,2424,0.45
2026-09-12T19:03:29Z,72,71,31,4539,99,1600,2292,0.45
2026-09-12T19:03:31Z,72,72,31,4518,100,1600,2394,0.45
2026-09-12T19:03:33Z,67,71,31,4518,99,1477,2424,0.41
2026-09-12T19:03:35Z,71,72,31,4550,100,1600,2396,0.41
2026-09-12T19:03:37Z,71,72,31,4518,100,1600,2424,0.38
2026-09-12T19:03:39Z,72,71,31,4539,99,1600,2424,0.38
2026-09-12T19:03:41Z,72,72,31,4518,100,1600,2427,0.51
2026-09-12T19:03:43Z,70,72,31,4518,99,1327,2424,0.51
2026-09-12T19:03:45Z,73,72,31,4550,100,1600,2424,0.51
2026-09-12T19:03:47Z,72,72,31,4518,99,1600,2425,0.47
2026-09-12T19:03:49Z,69,72,31,4518,100,1348,2424,0.47
2026-09-12T19:03:51Z,73,72,31,4518,99,1600,1743,0.43
2026-09-12T19:03:53Z,72,73,31,4518,99,1600,2424,0.43
2026-09-12T19:03:55Z,69,73,31,4518,100,1417,2424,0.43
2026-09-12T19:03:57Z,72,72,31,4518,99,1600,2424,0.40
2026-09-12T19:03:59Z,71,73,31,4518,99,1600,2425,0.40
2026-09-12T19:04:01Z,69,73,31,4518,99,1407,2424,0.45
2026-09-12T19:04:03Z,72,72,31,4518,100,1600,2424,0.45
2026-09-12T19:04:05Z,71,73,31,4518,100,1600,2424,0.45
2026-09-12T19:04:08Z,68,72,31,4518,99,1040,2424,0.41
2026-09-12T19:04:10Z,72,73,31,4518,100,1600,1702,0.41
2026-09-12T19:04:12Z,73,73,31,4518,100,1600,2424,0.38
2026-09-12T19:04:14Z,68,72,31,4550,100,1464,2424,0.38
2026-09-12T19:04:16Z,73,73,31,4518,99,1600,2424,0.38
2026-09-12T19:04:18Z,72,73,31,4518,99,1600,2424,0.35
2026-09-12T19:04:20Z,74,72,31,4518,100,1600,2424,0.35
2026-09-12T19:04:22Z,74,73,31,4518,67,1600,2424,0.32
2026-09-12T19:04:24Z,71,73,31,4518,100,1356,2424,0.32
2026-09-12T19:04:26Z,62,72,31,4518,0,200,2426,0.29
2026-09-12T19:04:28Z,59,70,31,4518,0,200,2424,0.29
2026-09-12T19:04:30Z,58,69,31,4539,0,200,2424,0.29
2026-09-12T19:04:32Z,59,67,31,4518,100,1040,2426,0.35
2026-09-12T19:04:34Z,71,69,31,4242,99,200,1702,0.35
2026-09-12T19:04:36Z,74,71,31,4242,100,1415,1702,0.32
2026-09-12T19:04:38Z,66,72,31,4242,99,1083,2425,0.32
2026-09-12T19:04:40Z,73,72,31,4204,100,1452,1702,0.32
2026-09-12T19:04:42Z,73,73,31,4242,100,1600,1702,0.29
2026-09-12T19:04:45Z,71,74,31,4232,100,1536,2200,0.29
2026-09-12T19:04:47Z,66,74,31,4380,100,1040,2424,0.27
2026-09-12T19:04:49Z,75,74,31,4391,100,1424,1702,0.27
2026-09-12T19:04:51Z,74,75,31,4584,100,1582,1702,0.27
2026-09-12T19:04:53Z,68,75,31,4687,5,1040,2424,0.25
2026-09-12T19:04:55Z,76,74,31,4687,100,1367,1399,0.25
2026-09-12T19:04:57Z,74,75,31,4687,100,1600,1399,0.23
2026-09-12T19:04:59Z,74,76,31,4711,100,1600,1702,0.23
2026-09-12T19:05:01Z,68,75,31,4870,99,1040,2424,0.29
2026-09-12T19:05:03Z,75,75,31,4844,100,1366,1400,0.29
2026-09-12T19:05:05Z,76,76,31,4934,99,1600,1399,0.29
2026-09-12T19:05:07Z,68,76,31,4960,100,1114,2424,0.35
2026-09-12T19:05:09Z,74,75,31,4973,100,1392,1702,0.35
2026-09-12T19:05:11Z,77,75,31,4960,100,1508,1702,0.40
2026-09-12T19:05:13Z,75,76,31,4960,100,1600,1702,0.40
2026-09-12T19:05:15Z,69,75,31,4960,100,1040,2424,0.40
2026-09-12T19:05:18Z,74,75,31,4973,99,1549,1702,0.37
2026-09-12T19:05:20Z,75,76,31,4973,100,1486,1702,0.37
2026-09-12T19:05:22Z,68,76,31,4960,100,1236,2424,0.34
2026-09-12T19:05:24Z,76,75,31,4973,99,1348,1702,0.34
2026-09-12T19:05:26Z,74,76,31,4973,100,1600,1702,0.34
2026-09-12T19:05:28Z,77,76,31,4973,99,1600,1702,0.47
2026-09-12T19:05:30Z,69,76,31,4960,99,1266,2424,0.47
2026-09-12T19:05:32Z,77,75,31,4960,100,1471,1400,0.43
2026-09-12T19:05:34Z,77,76,31,4973,100,1600,1702,0.43
2026-09-12T19:05:36Z,69,76,31,4973,100,1195,2424,0.40
2026-09-12T19:05:38Z,74,75,31,5000,100,1552,1702,0.40
2026-09-12T19:05:40Z,75,76,31,4960,99,1600,1702,0.40
2026-09-12T19:05:42Z,77,76,31,5067,99,1354,1400,0.37
2026-09-12T19:05:44Z,75,76,31,5067,99,1600,1702,0.37
2026-09-12T19:05:47Z,73,76,31,5067,99,1600,1702,0.34
2026-09-12T19:05:49Z,75,76,31,5067,100,1600,1702,0.34
2026-09-12T19:05:51Z,68,76,31,5067,100,1121,2425,0.34
2026-09-12T19:05:53Z,76,75,31,5067,99,1419,1702,0.39
2026-09-12T19:05:55Z,75,76,31,5067,99,1349,1702,0.39
2026-09-12T19:05:57Z,78,76,31,5067,99,1600,1702,0.36
2026-09-12T19:05:59Z,76,75,31,5067,100,1410,1702,0.36
2026-09-12T19:06:01Z,77,75,31,5067,100,1514,1702,0.33
2026-09-12T19:06:03Z,73,76,31,5067,100,1600,1702,0.33
2026-09-12T19:06:05Z,67,76,31,5067,100,1126,2424,0.33
2026-09-12T19:06:07Z,77,75,31,5067,100,1600,1702,0.30
2026-09-12T19:06:09Z,74,76,31,5067,100,1600,1400,0.30
2026-09-12T19:06:11Z,74,76,31,5067,99,1560,2425,0.28
2026-09-12T19:06:13Z,76,76,31,5067,100,1414,1702,0.28
2026-09-12T19:06:15Z,74,76,31,5067,100,1600,1702,0.28
2026-09-12T19:06:18Z,74,76,31,5067,99,1600,1399,0.26
2026-09-12T19:06:20Z,65,76,31,5067,0,200,2424,0.26
2026-09-12T19:06:22Z,60,73,31,5095,0,200,2424,0.24
2026-09-12T19:06:24Z,59,71,31,5067,0,200,2424,0.24
2026-09-12T19:06:26Z,59,69,31,5067,0,200,2424,0.24
2026-09-12T19:06:28Z,57,67,31,5108,0,200,2424,0.30
2026-09-12T19:06:30Z,67,66,31,4411,100,1600,2424,0.30
2026-09-12T19:06:32Z,66,67,31,4320,99,1600,1702,0.27
2026-09-12T19:06:34Z,67,67,31,3850,100,1600,2425,0.27
2026-09-12T19:06:36Z,59,67,31,3826,99,1040,2424,0.33
2026-09-12T19:06:38Z,69,67,31,3826,100,1600,2424,0.33
2026-09-12T19:06:40Z,67,68,31,3826,99,1600,1818,0.33
2026-09-12T19:06:42Z,62,69,31,3826,99,1040,2424,0.30
2026-09-12T19:06:44Z,69,68,31,3810,100,1600,1702,0.30
2026-09-12T19:06:46Z,70,69,31,3803,100,1600,2424,0.28
2026-09-12T19:06:48Z,64,70,31,3803,99,1040,2424,0.28
2026-09-12T19:06:50Z,71,69,31,3810,99,1600,2357,0.28
2026-09-12T19:06:52Z,71,70,31,3850,99,1600,2427,0.26
2026-09-12T19:06:55Z,71,70,31,3850,100,1600,2424,0.26
2026-09-12T19:06:57Z,65,70,31,3842,99,1040,2424,0.56
2026-09-12T19:06:59Z,69,71,31,3850,99,1600,2424,0.56
2026-09-12T19:07:01Z,72,71,31,3850,99,1600,2425,0.56
2026-09-12T19:07:03Z,65,71,31,3947,100,1040,2425,0.51
2026-09-12T19:07:05Z,72,71,31,3964,100,1600,1785,0.51
2026-09-12T19:07:07Z,68,71,31,3997,99,1508,2424,0.47
2026-09-12T19:07:09Z,65,71,31,3989,0,1040,2424,0.47
2026-09-12T19:07:11Z,72,71,31,3989,100,1600,2424,0.75
2026-09-12T19:07:13Z,73,72,31,3964,100,1600,2424,0.75
2026-09-12T19:07:15Z,68,72,31,4058,99,200,2424,0.75
2026-09-12T19:07:17Z,71,71,31,4102,100,1600,2424,0.69
2026-09-12T19:07:19Z,71,71,31,4076,99,1600,2424,0.69
2026-09-12T19:07:21Z,70,72,31,4076,99,1600,1702,0.64
2026-09-12T19:07:23Z,66,71,31,4076,99,1040,2424,0.64
2026-09-12T19:07:25Z,69,71,31,4076,99,1600,1702,0.64
2026-09-12T19:07:27Z,73,72,31,4076,100,1600,2424,0.59
2026-09-12T19:07:29Z,65,72,31,4076,100,1040,2426,0.59
2026-09-12T19:07:31Z,71,71,31,4049,100,1600,2406,0.54
2026-09-12T19:07:34Z,72,72,31,4076,100,1600,2424,0.54
2026-09-12T19:07:36Z,65,72,31,4076,0,1040,2425,0.54
2026-09-12T19:07:38Z,72,71,31,4049,100,1600,2425,0.50
2026-09-12T19:07:40Z,73,72,31,4076,100,1600,2424,0.50
2026-09-12T19:07:42Z,72,72,31,4166,99,1600,2424,0.46
2026-09-12T19:07:44Z,67,71,31,4166,100,1331,2426,0.46
2026-09-12T19:07:46Z,71,72,31,4175,99,1600,2087,0.46
2026-09-12T19:07:48Z,70,72,31,4157,99,1600,1702,0.66
2026-09-12T19:07:50Z,65,72,31,4166,0,1040,2424,0.66
2026-09-12T19:07:52Z,73,71,31,4166,100,1600,2424,0.61
2026-09-12T19:07:54Z,70,72,31,4166,100,1600,2074,0.61
2026-09-12T19:07:56Z,65,72,31,4166,33,1040,2424,0.72
2026-09-12T19:07:58Z,72,71,31,4166,100,1600,2424,0.72
2026-09-12T19:08:00Z,70,72,31,4157,99,1600,1702,0.72
2026-09-12T19:08:02Z,67,72,31,4139,99,1040,2424,0.66
2026-09-12T19:08:04Z,71,71,31,4166,100,1600,2426,0.66
2026-09-12T19:08:06Z,69,72,31,4166,99,1600,1702,0.69
2026-09-12T19:08:08Z,71,72,31,4148,100,1600,2424,0.69
2026-09-12T19:08:10Z,62,72,31,4157,0,200,2424,0.69
2026-09-12T19:08:12Z,60,70,31,4157,0,200,2425,0.71
2026-09-12T19:08:15Z,59,69,31,4166,0,200,2426,0.71
2026-09-12T19:08:17Z,58,68,31,4166,0,200,2424,0.74
2026-09-12T19:08:19Z,68,67,31,4139,99,1600,1702,0.74
2026-09-12T19:08:21Z,73,71,31,4006,99,1402,2085,0.74
2026-09-12T19:08:23Z,72,72,31,3972,99,1598,1702,0.68
2026-09-12T19:08:25Z,64,72,31,3964,100,200,2424,0.68
2026-09-12T19:08:27Z,71,72,31,3972,99,1549,1702,0.62
2026-09-12T19:08:29Z,74,73,31,3972,99,1399,1702,0.62
2026-09-12T19:08:31Z,76,74,31,4185,99,1600,1399,0.57
2026-09-12T19:08:33Z,70,73,31,4185,100,1496,2424,0.57
2026-09-12T19:08:35Z,75,74,31,4213,99,1349,1702,0.57
2026-09-12T19:08:37Z,74,75,31,4261,99,1600,1702,0.53
2026-09-12T19:08:39Z,66,75,31,4391,100,1040,2425,0.53
2026-09-12T19:08:41Z,73,74,31,4391,100,1600,1702,0.48
2026-09-12T19:08:43Z,76,75,31,4391,99,1337,1702,0.48
2026-09-12T19:08:46Z,74,76,31,4443,99,1600,1702,0.48
2026-09-12T19:08:48Z,66,75,31,4629,100,1040,2425,0.45
2026-09-12T19:08:50Z,77,75,31,4629,100,1600,1702,0.45
2026-09-12T19:08:52Z,73,76,31,4629,100,1600,1702,0.41
2026-09-12T19:08:54Z,68,76,31,4652,44,1040,2424,0.41
2026-09-12T19:08:56Z,73,75,31,4664,99,1600,1702,0.41
2026-09-12T19:08:58Z,76,75,31,4664,99,1600,1702,0.38
2026-09-12T19:09:00Z,75,76,31,4770,100,1600,1723,0.38
2026-09-12T19:09:02Z,66,76,31,4832,100,1040,2424,0.43
2026-09-12T19:09:04Z,74,75,31,4870,100,1366,1400,0.43
2026-09-12T19:09:06Z,75,76,31,4960,99,1600,1702,0.47
2026-09-12T19:09:08Z,77,76,31,4960,99,1356,1702,0.47
2026-09-12T19:09:10Z,73,75,31,4973,100,1406,1399,0.47
2026-09-12T19:09:12Z,74,75,31,5000,99,1600,1702,0.43
2026-09-12T19:09:14Z,76,76,31,4960,100,1600,1702,0.43
2026-09-12T19:09:17Z,66,75,31,4973,99,1040,2424,0.40
2026-09-12T19:09:19Z,73,75,31,5000,99,1600,1702,0.40
2026-09-12T19:09:21Z,75,75,31,5000,100,1429,1702,0.40
2026-09-12T19:09:23Z,76,76,31,5000,99,1600,1702,0.37
2026-09-12T19:09:25Z,68,75,31,5000,99,1040,2424,0.37
2026-09-12T19:09:27Z,76,75,31,5000,99,1350,1702,0.42
2026-09-12T19:09:29Z,76,75,31,5000,99,1341,1702,0.42
2026-09-12T19:09:31Z,67,76,31,5026,100,1040,2424,0.46
2026-09-12T19:09:33Z,76,74,31,5000,99,1600,1702,0.46
2026-09-12T19:09:35Z,76,75,31,5000,99,1568,1702,0.46
2026-09-12T19:09:37Z,74,76,31,5000,100,1560,1765,0.43
2026-09-12T19:09:39Z,66,75,31,5000,99,200,2424,0.43
2026-09-12T19:09:41Z,76,74,31,5000,99,1422,1399,0.39
2026-09-12T19:09:43Z,77,75,31,5000,99,1600,1702,0.39
2026-09-12T19:09:45Z,69,76,31,5000,99,1086,2424,0.39
2026-09-12T19:09:48Z,73,74,31,5000,99,1600,1702,0.44
2026-09-12T19:09:50Z,76,75,31,5026,99,1478,1702,0.44
2026-09-12T19:09:52Z,75,76,31,5000,100,1388,1702,0.41
2026-09-12T19:09:54Z,66,75,31,5040,100,200,2425,0.41
2026-09-12T19:09:56Z,75,74,31,5026,100,1600,1702,0.41
2026-09-12T19:09:58Z,76,75,31,5000,100,1600,1702,0.37
2026-09-12T19:10:00Z,72,76,31,5000,99,1600,1702,0.37
2026-09-12T19:10:02Z,69,75,31,5026,100,1334,2425,0.34
2026-09-12T19:10:04Z,76,75,31,5026,100,1578,1702,0.34
2026-09-12T19:10:06Z,74,75,31,5026,100,1600,1702,0.40
2026-09-12T19:10:08Z,67,76,31,5026,100,1040,2424,0.40
2026-09-12T19:10:10Z,61,74,31,5026,0,200,2424,0.40
2026-09-12T19:10:12Z,59,72,31,5026,40,1040,2422,0.44
2026-09-12T19:10:14Z,58,70,31,5000,0,200,2426,0.44
2026-09-12T19:10:16Z,68,69,31,5000,100,1600,2348,0.49
2026-09-12T19:10:18Z,69,69,31,4443,100,1600,2322,0.49
2026-09-12T19:10:21Z,70,69,31,4370,100,1600,1810,0.49
2026-09-12T19:10:23Z,69,69,31,4340,100,1600,2424,0.45
2026-09-12T19:10:25Z,69,69,31,4360,100,1600,2426,0.45
2026-09-12T19:10:27Z,69,69,31,4340,99,1600,2427,0.41
2026-09-12T19:10:29Z,69,69,31,4360,100,1600,2424,0.41
2026-09-12T19:10:31Z,70,70,31,4330,100,1600,2346,0.41
2026-09-12T19:10:33Z,71,71,31,4360,99,1600,2425,0.46
2026-09-12T19:10:35Z,69,71,31,4340,99,1600,2424,0.46
2026-09-12T19:10:37Z,69,71,31,4330,99,1600,2426,0.42
2026-09-12T19:10:39Z,71,71,31,4340,99,1600,2425,0.42
2026-09-12T19:10:41Z,71,70,31,4330,99,1599,2424,0.39
2026-09-12T19:10:43Z,72,71,31,4330,100,1600,1931,0.39
2026-09-12T19:10:45Z,70,72,31,4330,100,1600,2425,0.39
2026-09-12T19:10:47Z,72,72,31,4330,100,1600,2424,0.36
2026-09-12T19:10:49Z,72,72,31,4340,100,1600,2424,0.36
2026-09-12T19:10:51Z,71,72,31,4340,99,1600,2424,0.33
2026-09-12T19:10:53Z,72,71,31,4340,100,1600,2263,0.33
2026-09-12T19:10:55Z,74,72,31,4340,99,1600,2427,0.33
2026-09-12T19:10:57Z,71,72,31,4330,99,1600,2394,0.30
2026-09-12T19:10:59Z,73,72,31,4340,99,1600,2424,0.30
2026-09-12T19:11:02Z,70,72,31,4340,100,1600,2424,0.36
2026-09-12T19:11:04Z,72,72,31,4340,99,1600,2425,0.36
2026-09-12T19:11:06Z,72,72,31,4496,100,1600,2413,0.36
2026-09-12T19:11:08Z,73,73,31,4518,100,1600,2391,0.33
2026-09-12T19:11:10Z,73,73,31,4496,99,1600,2424,0.33
2026-09-12T19:11:12Z,72,73,31,4518,100,1600,2424,0.30
2026-09-12T19:11:14Z,71,72,31,4485,99,1600,2425,0.30
2026-09-12T19:11:16Z,69,72,31,4518,100,1600,2424,0.30
2026-09-12T19:11:18Z,72,72,31,4518,100,1600,2424,0.28
2026-09-12T19:11:20Z,72,73,31,4518,100,1600,2360,0.28
2026-09-12T19:11:22Z,73,73,31,4496,100,1600,2425,0.34
2026-09-12T19:11:24Z,72,73,31,4496,99,1600,2425,0.34
2026-09-12T19:11:26Z,72,72,31,4550,99,1600,2285,0.31
2026-09-12T19:11:28Z,70,72,31,4550,99,1600,2425,0.31
2026-09-12T19:11:30Z,74,72,31,4573,99,1600,2424,0.31
2026-09-12T19:11:32Z,73,73,31,4573,99,1600,2428,0.28
2026-09-12T19:11:34Z,71,73,31,4550,99,1600,2424,0.28
2026-09-12T19:11:36Z,71,73,31,4550,99,1600,2424,0.26
2026-09-12T19:11:38Z,72,72,31,4573,99,1600,2424,0.26
2026-09-12T19:11:40Z,70,72,31,4550,100,1600,2426,0.26
2026-09-12T19:11:43Z,71,72,31,4573,99,1600,1400,0.32
2026-09-12T19:11:45Z,73,73,31,4550,99,1600,2255,0.32
2026-09-12T19:11:47Z,72,73,31,4573,100,1600,1705,0.30
2026-09-12T19:11:49Z,70,72,31,4550,99,1600,2424,0.30
2026-09-12T19:11:51Z,70,72,31,4573,100,1600,2410,0.30
2026-09-12T19:11:53Z,72,72,31,4573,100,1600,2424,0.35
2026-09-12T19:11:55Z,73,72,31,4573,100,1600,1400,0.35
2026-09-12T19:11:57Z,74,73,31,4539,100,1600,2254,0.40
2026-09-12T19:11:59Z,72,73,31,4573,99,1600,2424,0.40
2026-09-12T19:12:01Z,69,73,31,4550,99,1600,2424,0.37
2026-09-12T19:12:03Z,70,72,31,4539,100,1600,2414,0.37
2026-09-12T19:12:05Z,72,72,31,4573,99,1600,2424,0.37
2026-09-12T19:12:07Z,73,72,31,4539,99,1600,1702,0.34
2026-09-12T19:12:09Z,73,73,31,4573,99,1600,2424,0.34
2026-09-12T19:12:11Z,71,73,31,4539,100,1600,2036,0.31
2026-09-12T19:12:13Z,71,73,31,4573,100,1600,2425,0.31
2026-09-12T19:12:15Z,71,73,31,4539,100,1600,2424,0.31
2026-09-12T19:12:17Z,72,72,31,4550,99,1600,1702,0.29
2026-09-12T19:12:19Z,71,72,31,4550,100,1600,2346,0.29
2026-09-12T19:12:22Z,72,73,31,4550,99,1600,2233,0.27
2026-09-12T19:12:24Z,71,73,31,4573,100,1600,2428,0.27
2026-09-12T19:12:26Z,74,73,31,4573,100,1600,2425,0.27
2026-09-12T19:12:28Z,70,72,31,4573,100,1600,2424,0.24
2026-09-12T19:12:30Z,72,72,31,4539,100,1600,1945,0.24
2026-09-12T19:12:32Z,73,72,31,4573,99,1600,1881,0.22
2026-09-12T19:12:34Z,71,73,31,4550,99,1600,2424,0.22
2026-09-12T19:12:36Z,72,73,31,4573,99,1600,2425,0.22
2026-09-12T19:12:38Z,74,73,31,4550,100,1600,2324,0.21
2026-09-12T19:12:40Z,72,73,31,4573,99,1600,2424,0.21
2026-09-12T19:12:42Z,72,72,31,4539,99,1600,2425,0.19
2026-09-12T19:12:44Z,72,72,31,4573,100,1600,2425,0.19
2026-09-12T19:12:46Z,73,73,31,4573,100,1600,2424,0.17
2026-09-12T19:12:48Z,72,73,31,4539,100,1600,2413,0.17
2026-09-12T19:12:50Z,72,73,31,4550,100,1600,2424,0.17
2026-09-12T19:12:52Z,71,73,31,4539,100,1600,2424,0.24
2026-09-12T19:12:54Z,70,72,31,4573,100,1600,2424,0.24
2026-09-12T19:12:56Z,72,72,31,4539,100,1600,2301,0.22
2026-09-12T19:12:58Z,74,73,31,4539,99,1600,2424,0.22
2026-09-12T19:13:00Z,71,73,31,4573,100,1600,2424,0.22
2026-09-12T19:13:03Z,71,73,31,4573,100,1600,2424,0.28
2026-09-12T19:13:05Z,71,73,31,4539,100,1600,2424,0.28
2026-09-12T19:13:07Z,70,72,31,4573,99,1600,2424,0.34
2026-09-12T19:13:09Z,73,72,31,4573,99,1600,2424,0.34
2026-09-12T19:13:11Z,73,73,31,4573,99,1600,2424,0.34
2026-09-12T19:13:13Z,73,73,31,4573,100,1600,2425,0.31
2026-09-12T19:13:15Z,72,73,31,4573,99,1600,2424,0.31
2026-09-12T19:13:17Z,72,72,31,4573,100,1600,2424,0.29
2026-09-12T19:13:19Z,72,72,31,4573,99,1600,2425,0.29
2026-09-12T19:13:21Z,62,72,31,4573,0,200,2424,0.26
2026-09-12T19:13:23Z,60,70,31,4573,0,200,2425,0.26
2026-09-12T19:13:25Z,58,68,31,4573,0,200,2424,0.26
2026-09-12T19:13:27Z,57,67,31,4550,0,200,2425,0.32
2026-09-12T19:13:29Z,72,68,31,4550,99,1494,1702,0.32
2026-09-12T19:13:31Z,70,71,31,4093,100,1600,1702,0.38
2026-09-12T19:13:33Z,74,72,31,4093,100,1492,2174,0.38
2026-09-12T19:13:35Z,73,73,31,4148,100,1369,1702,0.38
2026-09-12T19:13:37Z,75,74,31,4139,100,1600,1702,0.43
2026-09-12T19:13:40Z,76,74,31,4330,100,1351,1702,0.43
2026-09-12T19:13:42Z,66,74,31,4443,100,1040,2424,0.39
2026-09-12T19:13:44Z,73,74,31,4464,100,1600,1702,0.39
2026-09-12T19:13:46Z,74,75,31,4595,99,1600,1702,0.39
2026-09-12T19:13:48Z,77,76,31,4664,99,1541,1702,0.36
2026-09-12T19:13:50Z,77,76,31,4711,99,1600,1702,0.36
2026-09-12T19:13:52Z,79,76,31,4746,99,1600,2424,0.33
2026-09-12T19:13:54Z,73,76,31,4870,99,1600,2424,0.33
2026-09-12T19:13:56Z,68,76,31,4870,100,1092,2426,0.39
2026-09-12T19:13:58Z,77,75,31,4870,100,1423,1702,0.39
2026-09-12T19:14:00Z,76,76,31,4870,100,1600,1702,0.39
2026-09-12T19:14:02Z,74,76,31,5000,99,1481,1399,0.35
2026-09-12T19:14:04Z,77,77,31,5000,99,1600,1702,0.35
2026-09-12T19:14:06Z,74,77,31,5179,100,1600,1702,0.41
2026-09-12T19:14:08Z,71,76,31,5252,99,1600,1702,0.41
2026-09-12T19:14:11Z,70,76,31,5281,100,1398,2425,0.41
2026-09-12T19:14:13Z,74,76,31,5281,100,1546,1702,0.45
2026-09-12T19:14:15Z,75,76,31,5237,100,1600,1702,0.45
2026-09-12T19:14:17Z,77,76,31,5237,100,1600,1399,0.42
2026-09-12T19:14:19Z,74,76,31,5281,99,1600,1702,0.42
2026-09-12T19:14:21Z,77,76,31,5281,99,1600,1702,0.42
2026-09-12T19:14:23Z,74,76,31,5281,100,1600,2424,0.38
2026-09-12T19:14:25Z,70,76,31,5281,16,1353,2424,0.38
2026-09-12T19:14:27Z,76,75,31,5281,99,1443,1702,0.43
2026-09-12T19:14:29Z,76,76,31,5281,99,1475,1702,0.43
2026-09-12T19:14:31Z,72,76,31,5281,99,1600,1399,0.40
2026-09-12T19:14:33Z,77,76,31,5281,99,1578,1399,0.40
2026-09-12T19:14:35Z,75,76,31,5281,99,1436,1702,0.40
2026-09-12T19:14:37Z,77,76,31,5311,99,1600,1702,0.45
2026-09-12T19:14:40Z,70,76,31,5281,99,1368,2424,0.45
2026-09-12T19:14:42Z,74,75,31,5311,99,1600,1702,0.41
2026-09-12T19:14:44Z,75,76,31,5281,100,1600,1702,0.41
2026-09-12T19:14:46Z,76,76,31,5311,100,1600,1702,0.41
2026-09-12T19:14:48Z,72,76,31,5281,100,1600,2424,0.46
2026-09-12T19:14:50Z,73,76,31,5281,100,1600,2424,0.46
2026-09-12T19:14:52Z,72,76,31,5281,99,1600,2424,0.42
2026-09-12T19:14:54Z,74,76,31,5281,100,1600,2424,0.42
2026-09-12T19:14:56Z,74,75,31,5281,100,1600,1702,0.39
2026-09-12T19:14:58Z,74,76,31,5281,99,1600,1702,0.39
2026-09-12T19:15:00Z,74,76,31,5281,99,1600,1702,0.39
2026-09-12T19:15:02Z,76,76,31,5326,99,1452,1702,0.36
2026-09-12T19:15:04Z,74,76,31,5326,99,1377,1702,0.36
2026-09-12T19:15:06Z,75,76,31,5311,100,1600,1702,0.41
2026-09-12T19:15:08Z,75,76,31,5311,99,1600,2394,0.41
2026-09-12T19:15:11Z,76,75,31,5281,99,1600,1702,0.41
2026-09-12T19:15:13Z,73,76,31,5311,99,1429,1702,0.37
2026-09-12T19:15:15Z,74,76,31,5281,99,1600,1702,0.37
2026-09-12T19:15:17Z,76,76,31,5281,99,1338,1702,0.42
2026-09-12T19:15:19Z,77,76,31,5281,99,1406,1702,0.42
2026-09-12T19:15:21Z,77,76,31,5281,100,1600,2424,0.42
2026-09-12T19:15:23Z,76,76,31,5281,99,1600,2366,0.39
2026-09-12T19:15:25Z,73,75,31,5326,100,1600,1702,0.39
2026-09-12T19:15:27Z,74,76,31,5326,100,1544,1702,0.36
2026-09-12T19:15:29Z,73,76,31,5326,99,1600,1702,0.36
2026-09-12T19:15:31Z,78,76,31,5311,99,1600,1702,0.33
2026-09-12T19:15:33Z,75,76,30,5311,99,1390,1453,0.33
2026-09-12T19:15:35Z,76,76,30,5326,100,1600,2424,0.33
2026-09-12T19:15:37Z,75,76,30,5326,99,1600,2424,0.30
2026-09-12T19:15:40Z,74,75,30,5311,100,1600,1400,0.30
2026-09-12T19:15:42Z,73,76,30,5326,100,1548,1702,0.36
2026-09-12T19:15:44Z,74,76,30,5326,100,1600,1702,0.36
2026-09-12T19:15:46Z,75,76,30,5326,99,1600,1702,0.36
2026-09-12T19:15:48Z,75,76,30,5281,100,1515,1702,0.33
2026-09-12T19:15:50Z,74,76,30,5326,100,1600,1702,0.33
2026-09-12T19:15:52Z,73,76,30,5311,99,1600,1401,0.30
2026-09-12T19:15:54Z,73,75,30,5326,100,1600,1702,0.30
2026-09-12T19:15:56Z,74,76,30,5281,100,1467,1702,0.28
2026-09-12T19:15:58Z,75,76,30,5311,100,1600,1702,0.28
2026-09-12T19:16:00Z,74,76,30,5326,99,1600,1702,0.28
2026-09-12T19:16:02Z,74,76,30,5281,100,1600,1702,0.26
2026-09-12T19:16:04Z,75,76,30,5281,100,1600,1702,0.26
2026-09-12T19:16:06Z,77,76,30,5311,99,1600,2425,0.24
2026-09-12T19:16:09Z,74,75,30,5326,100,1600,1702,0.24
2026-09-12T19:16:11Z,75,76,30,5311,100,1456,1702,0.24
2026-09-12T19:16:13Z,73,76,30,5326,99,1600,1702,0.22
2026-09-12T19:16:15Z,77,76,30,5311,100,1596,1702,0.22
2026-09-12T19:16:17Z,76,76,30,5326,99,1439,1702,0.20
2026-09-12T19:16:19Z,74,76,30,5311,100,1600,2424,0.20
2026-09-12T19:16:21Z,74,76,30,5326,99,1600,2424,0.34
2026-09-12T19:16:23Z,74,75,30,5326,100,1600,1399,0.34
2026-09-12T19:16:25Z,75,76,30,5311,99,1455,1702,0.34
2026-09-12T19:16:27Z,72,76,30,5326,99,1600,1702,0.40
2026-09-12T19:16:29Z,78,76,30,5311,99,1600,1399,0.40
2026-09-12T19:16:31Z,75,76,30,5311,99,1600,1702,0.36
2026-09-12T19:16:33Z,75,76,30,5311,99,1600,1702,0.36
2026-09-12T19:16:35Z,75,76,30,5326,100,1600,1399,0.36
2026-09-12T19:16:38Z,74,75,30,5326,99,1326,1702,0.42
2026-09-12T19:16:40Z,75,76,30,5326,99,1600,1702,0.42
2026-09-12T19:16:42Z,75,76,30,5311,99,1600,1702,0.38
2026-09-12T19:16:44Z,76,76,30,5326,99,1371,1545,0.38
2026-09-12T19:16:46Z,77,76,30,5311,99,1531,1702,0.38
2026-09-12T19:16:48Z,76,76,30,5326,99,1600,2425,0.35
2026-09-12T19:16:50Z,75,76,30,5326,99,1600,2424,0.35
2026-09-12T19:16:52Z,73,75,30,5281,100,1600,1702,0.32
2026-09-12T19:16:54Z,75,75,30,5311,99,1407,1702,0.32
2026-09-12T19:16:56Z,75,76,30,5281,100,1543,1702,0.30
2026-09-12T19:16:58Z,76,76,30,5326,100,1600,2424,0.30
2026-09-12T19:17:00Z,72,76,30,5281,100,1600,2424,0.30
2026-09-12T19:17:02Z,71,76,30,5281,100,1600,2424,0.27
2026-09-12T19:17:04Z,72,76,30,5311,99,1600,2425,0.27
2026-09-12T19:17:06Z,61,74,30,5326,0,200,2424,0.25
2026-09-12T19:17:09Z,59,72,30,5326,0,200,2425,0.25
2026-09-12T19:17:11Z,57,70,30,5311,0,200,2424,0.25
2026-09-12T19:17:13Z,57,68,30,5326,0,200,2424,0.31
2026-09-12T19:17:15Z,55,66,30,5067,0,200,2424,0.31
2026-09-12T19:17:17Z,67,66,30,4464,99,1600,1702,0.29
2026-09-12T19:17:19Z,65,66,30,3947,100,1600,2411,0.29
2026-09-12T19:17:21Z,68,67,30,3922,99,1600,2424,0.29
2026-09-12T19:17:23Z,68,67,30,3922,99,1600,2425,0.26
2026-09-12T19:17:25Z,68,68,30,3930,100,1600,2425,0.26
2026-09-12T19:17:27Z,66,68,30,3922,99,1600,2055,0.24
2026-09-12T19:17:29Z,65,68,30,3922,99,1508,2425,0.24
2026-09-12T19:17:31Z,68,68,30,3922,99,1600,2425,0.30
2026-09-12T19:17:33Z,71,69,30,3930,99,1600,2425,0.30
2026-09-12T19:17:35Z,69,70,30,3922,99,1600,2424,0.30
2026-09-12T19:17:37Z,68,70,30,3906,99,1600,2424,0.28
2026-09-12T19:17:39Z,65,70,30,3906,99,1303,2424,0.28
2026-09-12T19:17:41Z,68,70,30,3906,100,1600,2424,0.26
2026-09-12T19:17:43Z,72,70,30,4120,100,1600,2424,0.26
2026-09-12T19:17:45Z,72,71,30,4093,100,1600,2424,0.26
2026-09-12T19:17:48Z,70,71,30,4076,100,1600,2425,0.32
2026-09-12T19:17:50Z,70,71,30,4102,100,1600,2424,0.32
2026-09-12T19:17:52Z,72,71,30,4120,99,1600,2424,0.53
2026-09-12T19:17:54Z,69,71,30,4148,100,1600,2424,0.53
2026-09-12T19:17:56Z,65,71,30,4139,15,1040,2424,0.53
2026-09-12T19:17:58Z,71,70,30,4120,100,1600,1956,0.73
2026-09-12T19:18:00Z,70,71,30,4310,99,1600,2424,0.73
2026-09-12T19:18:02Z,72,71,30,4330,99,1600,2425,0.75
2026-09-12T19:18:04Z,70,71,30,4310,99,1600,2424,0.75
2026-09-12T19:18:06Z,69,71,30,4310,99,1600,1702,0.75
2026-09-12T19:18:08Z,68,71,30,4320,100,1600,1702,0.77
2026-09-12T19:18:10Z,69,71,30,4340,100,1589,2425,0.77
2026-09-12T19:18:12Z,70,71,30,4310,100,1600,2427,0.71
2026-09-12T19:18:14Z,69,71,30,4310,99,1600,1855,0.71
2026-09-12T19:18:16Z,70,71,30,4310,100,1600,2028,0.65
2026-09-12T19:18:18Z,69,71,30,4330,69,1590,2424,0.65
2026-09-12T19:18:20Z,68,71,30,4310,99,1373,2424,0.65
2026-09-12T19:18:22Z,69,71,30,4310,7,200,2424,0.60
2026-09-12T19:18:24Z,72,71,30,4310,99,1600,2424,0.60
2026-09-12T19:18:26Z,71,71,30,4310,100,1600,2426,0.55
2026-09-12T19:18:29Z,71,71,30,4310,99,1600,2424,0.55
2026-09-12T19:18:31Z,72,71,30,4310,99,1600,2426,0.55
2026-09-12T19:18:33Z,72,71,30,4310,100,1600,2424,0.51
2026-09-12T19:18:35Z,72,71,30,4310,100,1600,2425,0.51
2026-09-12T19:18:37Z,64,71,30,4310,0,200,2424,0.55
2026-09-12T19:18:39Z,70,71,30,4310,99,1600,2424,0.55
2026-09-12T19:18:41Z,70,72,30,4340,100,1600,2063,0.55
2026-09-12T19:18:43Z,72,72,30,4310,99,1600,2424,0.50
2026-09-12T19:18:45Z,69,72,30,4310,99,1600,2425,0.50
2026-09-12T19:18:47Z,72,72,30,4310,100,1600,2425,0.46
2026-09-12T19:18:49Z,71,71,30,4310,99,1600,2425,0.46
2026-09-12T19:18:51Z,70,71,30,4310,99,1600,2424,0.42
2026-09-12T19:18:53Z,69,71,30,4310,100,1600,1996,0.42
2026-09-12T19:18:55Z,71,72,30,4310,99,1600,2424,0.42
2026-09-12T19:18:57Z,72,72,30,4310,100,1600,2424,0.63
2026-09-12T19:18:59Z,71,72,30,4310,99,1600,2425,0.63
2026-09-12T19:19:01Z,69,72,30,4310,100,1600,2424,0.66
2026-09-12T19:19:03Z,68,71,30,4310,100,1101,2424,0.66
2026-09-12T19:19:05Z,72,71,30,4310,99,1600,2424,0.66
2026-09-12T19:19:08Z,71,72,30,4310,99,1600,2360,0.61
2026-09-12T19:19:10Z,70,72,30,4310,100,1600,2424,0.61
2026-09-12T19:19:12Z,70,72,30,4310,100,1600,2424,0.64
2026-09-12T19:19:14Z,70,72,30,4310,99,1600,2424,0.64
2026-09-12T19:19:16Z,69,72,30,4310,99,1600,1900,0.64
2026-09-12T19:19:18Z,63,71,30,4330,0,200,2425,0.59
2026-09-12T19:19:20Z,72,71,30,4310,99,1600,2424,0.59
2026-09-12T19:19:22Z,70,72,30,4310,100,1600,2403,0.54
2026-09-12T19:19:24Z,69,72,30,4310,99,1600,2424,0.54
2026-09-12T19:19:26Z,69,72,30,4310,100,1600,1758,0.54
2026-09-12T19:19:28Z,70,72,30,4310,99,1600,2424,0.50
2026-09-12T19:19:30Z,69,72,30,4310,100,1600,1702,0.50
2026-09-12T19:19:32Z,71,71,30,4310,99,1600,2425,0.54
2026-09-12T19:19:34Z,71,71,30,4310,100,1600,2425,0.54
2026-09-12T19:19:36Z,70,72,30,4310,99,1600,2424,0.49
2026-09-12T19:19:38Z,71,72,30,4310,100,1600,2424,0.49
2026-09-12T19:19:40Z,70,72,30,4310,100,1600,2426,0.49
2026-09-12T19:19:42Z,69,72,30,4310,99,1600,2424,0.45
2026-09-12T19:19:44Z,66,71,30,4310,99,200,2424,0.45
2026-09-12T19:19:46Z,70,71,30,4310,99,1600,2425,0.50
2026-09-12T19:19:49Z,73,72,30,4310,99,1600,2424,0.50
2026-09-12T19:19:51Z,72,72,30,4310,99,1600,2424,0.50
2026-09-12T19:19:53Z,69,72,30,4310,99,1600,2424,0.46
2026-09-12T19:19:55Z,70,72,30,4310,99,1600,2424,0.46
2026-09-12T19:19:57Z,69,72,30,4310,100,1600,2425,0.42
2026-09-12T19:19:59Z,63,71,30,4310,7,200,2424,0.42
2026-09-12T19:20:01Z,73,71,30,4310,100,1600,2424,0.42
2026-09-12T19:20:03Z,72,72,30,4310,99,1600,2424,0.47
2026-09-12T19:20:05Z,71,72,30,4310,100,1600,2424,0.47
2026-09-12T19:20:07Z,71,72,30,4310,100,1600,2425,0.43
2026-09-12T19:20:09Z,69,72,30,4310,99,1600,2424,0.43
2026-09-12T19:20:11Z,70,72,30,4310,100,1600,2424,0.39
2026-09-12T19:20:13Z,72,71,30,4320,100,1600,2424,0.39
2026-09-12T19:20:15Z,71,71,30,4310,100,1600,2424,0.39
2026-09-12T19:20:17Z,71,72,30,4310,100,1600,2424,0.44
2026-09-12T19:20:19Z,70,72,30,4310,100,1600,2427,0.44
2026-09-12T19:20:21Z,70,72,30,4310,99,1600,2424,0.49
2026-09-12T19:20:23Z,69,72,30,4310,100,1600,2424,0.49
2026-09-12T19:20:25Z,66,72,30,4300,100,1040,2426,0.49
2026-09-12T19:20:28Z,69,71,30,4310,99,1600,1702,0.53
2026-09-12T19:20:30Z,72,72,30,4310,99,1600,2425,0.53
2026-09-12T19:20:32Z,73,72,30,4310,99,1600,2424,0.49
2026-09-12T19:20:34Z,69,72,30,4310,100,1600,2425,0.49
2026-09-12T19:20:36Z,73,72,30,4310,99,1600,2424,0.49
2026-09-12T19:20:38Z,72,72,30,4330,100,1600,2424,0.45
2026-09-12T19:20:40Z,63,71,30,4310,0,200,2424,0.45
2026-09-12T19:20:42Z,60,70,30,4330,0,200,2424,0.49
2026-09-12T19:20:44Z,59,69,30,4310,0,1040,3499,0.49
2026-09-12T19:20:46Z,58,67,30,4310,0,200,2424,0.49
2026-09-12T19:20:48Z,63,66,30,4261,100,1543,1702,0.53
2026-09-12T19:20:50Z,70,69,30,4076,99,1600,1702,0.53
2026-09-12T19:20:52Z,71,71,30,4076,100,1600,1400,0.57
2026-09-12T19:20:54Z,74,72,30,4076,100,1600,2402,0.57
2026-09-12T19:20:56Z,73,73,30,4076,100,1600,2424,0.61
2026-09-12T19:20:58Z,70,74,30,4166,100,1600,2424,0.61
2026-09-12T19:21:00Z,69,74,30,4391,100,1353,2424,0.61
2026-09-12T19:21:02Z,66,74,30,4411,99,1040,2424,0.56
2026-09-12T19:21:05Z,73,74,30,4432,99,1478,1702,0.56
2026-09-12T19:21:07Z,76,75,30,4464,99,1370,1702,0.51
2026-09-12T19:21:09Z,75,76,30,4606,100,1600,1702,0.51
2026-09-12T19:21:11Z,77,76,30,4783,99,1359,1399,0.51
2026-09-12T19:21:13Z,76,76,30,4807,100,1600,1702,0.47
2026-09-12T19:21:15Z,75,76,30,4870,99,1507,1702,0.47
2026-09-12T19:21:17Z,65,76,30,4870,0,200,2425,0.59
2026-09-12T19:21:19Z,76,75,30,4832,99,1600,1702,0.59
2026-09-12T19:21:21Z,76,76,30,4870,99,1425,1702,0.55
2026-09-12T19:21:23Z,76,76,30,4870,100,1444,1702,0.55
2026-09-12T19:21:25Z,75,77,30,4870,100,1418,1409,0.55
2026-09-12T19:21:27Z,78,77,30,5040,99,1600,1702,0.50
2026-09-12T19:21:29Z,71,76,30,5040,99,1600,1702,0.50
2026-09-12T19:21:31Z,67,76,30,5040,99,1040,2424,0.54
2026-09-12T19:21:33Z,76,76,30,5026,99,1600,1702,0.54
2026-09-12T19:21:36Z,78,76,30,5040,99,1600,1399,0.54
2026-09-12T19:21:38Z,74,76,30,5040,99,1600,1702,0.50
2026-09-12T19:21:40Z,72,77,30,5040,99,1600,1702,0.50
2026-09-12T19:21:42Z,76,77,30,5026,100,1600,2424,0.46
2026-09-12T19:21:44Z,76,76,30,5026,100,1600,2425,0.46
2026-09-12T19:21:46Z,68,76,30,5026,100,1040,2424,0.46
2026-09-12T19:21:48Z,74,75,30,5067,100,1431,1702,0.50
2026-09-12T19:21:50Z,77,76,30,5040,100,1600,1702,0.50
2026-09-12T19:21:52Z,76,76,30,5067,99,1600,1702,0.46
2026-09-12T19:21:54Z,75,77,30,5067,99,1461,1702,0.46
2026-09-12T19:21:56Z,77,77,30,5067,99,1514,1702,0.42
2026-09-12T19:21:58Z,76,77,30,5179,99,1600,2067,0.42
2026-09-12T19:22:00Z,69,76,30,5165,0,1241,2424,0.42
2026-09-12T19:22:02Z,76,75,30,5208,100,1408,1399,0.39
2026-09-12T19:22:05Z,76,76,30,5179,99,1357,1702,0.39
2026-09-12T19:22:07Z,77,76,30,5208,99,1349,1702,0.36
2026-09-12T19:22:09Z,73,76,30,5165,100,1600,1702,0.36
2026-09-12T19:22:11Z,72,76,30,5208,100,1600,2424,0.36
2026-09-12T19:22:13Z,73,76,30,5179,99,1600,2425,0.33
2026-09-12T19:22:15Z,71,76,30,5208,100,1600,2424,0.33
2026-09-12T19:22:17Z,74,75,30,5208,99,1409,1702,0.30
2026-09-12T19:22:19Z,77,76,30,5208,99,1409,1702,0.30
2026-09-12T19:22:21Z,76,76,30,5208,99,1391,1702,0.36
2026-09-12T19:22:23Z,75,76,30,5165,99,1466,1702,0.36
2026-09-12T19:22:25Z,74,76,30,5208,100,1600,1399,0.36
2026-09-12T19:22:27Z,72,76,30,5208,100,1600,2424,0.33
2026-09-12T19:22:29Z,71,76,30,5208,100,1600,2425,0.33
2026-09-12T19:22:31Z,74,75,30,5208,99,1374,1702,0.30
2026-09-12T19:22:33Z,74,76,30,5208,100,1600,1702,0.30
2026-09-12T19:22:36Z,74,76,30,5208,99,1468,1702,0.30
2026-09-12T19:22:38Z,72,76,30,5208,100,1600,1702,0.28
2026-09-12T19:22:40Z,74,76,30,5208,99,1532,1702,0.28
2026-09-12T19:22:42Z,77,76,30,5208,100,1600,1702,0.34
2026-09-12T19:22:44Z,73,76,30,5208,100,1600,2425,0.34
2026-09-12T19:22:46Z,76,75,30,5208,99,1430,1400,0.34
2026-09-12T19:22:48Z,75,75,30,5208,100,1342,1702,0.31
2026-09-12T19:22:50Z,76,76,30,5208,99,1600,1702,0.31
2026-09-12T19:22:52Z,77,76,30,5237,100,1358,1468,0.37
2026-09-12T19:22:54Z,72,76,30,5237,100,1600,1702,0.37
2026-09-12T19:22:56Z,76,76,30,5252,99,1365,1702,0.34
2026-09-12T19:22:58Z,75,76,30,5208,99,1600,2425,0.34
2026-09-12T19:23:00Z,69,75,30,5208,100,1418,2426,0.34
2026-09-12T19:23:02Z,76,75,30,5208,99,1600,1702,0.31
2026-09-12T19:23:04Z,74,76,30,5237,99,1600,1399,0.31
2026-09-12T19:23:07Z,73,76,30,5208,100,1600,1702,0.28
2026-09-12T19:23:09Z,74,76,30,5208,100,1600,1702,0.28
2026-09-12T19:23:11Z,74,76,30,5208,99,1600,1702,0.28
2026-09-12T19:23:13Z,75,76,30,5237,99,1559,1400,0.26
2026-09-12T19:23:15Z,68,75,30,5208,100,1040,2425,0.26
2026-09-12T19:23:17Z,76,75,30,5208,99,1468,1702,0.24
2026-09-12T19:23:19Z,76,76,30,5208,99,1336,1702,0.24
2026-09-12T19:23:21Z,76,76,30,5208,100,1600,1702,0.24
2026-09-12T19:23:23Z,74,76,30,5252,100,1600,1515,0.22
2026-09-12T19:23:25Z,72,76,30,5208,99,1600,2424,0.22
2026-09-12T19:23:27Z,74,76,30,5208,100,1600,1848,0.28
2026-09-12T19:23:29Z,63,76,30,5208,100,1040,2426,0.28
2026-09-12T19:23:31Z,74,75,30,5208,99,1431,1702,0.26
2026-09-12T19:23:33Z,74,76,30,5208,100,1600,1702,0.26
2026-09-12T19:23:35Z,72,76,30,5237,99,1600,1702,0.26
2026-09-12T19:23:38Z,75,76,30,5208,99,1600,1399,0.32
2026-09-12T19:23:40Z,75,76,30,5208,99,1600,1400,0.32
2026-09-12T19:23:42Z,74,76,30,5208,99,1600,1702,0.29
2026-09-12T19:23:44Z,67,76,30,5208,100,200,2425,0.29
2026-09-12T19:23:46Z,76,75,30,5208,99,1600,1702,0.29
2026-09-12T19:23:48Z,77,75,30,5208,100,1600,1702,0.35
2026-09-12T19:23:50Z,77,76,30,5208,99,1600,1702,0.35
2026-09-12T19:23:52Z,75,76,30,5208,99,1600,1702,0.32
2026-09-12T19:23:54Z,74,76,30,5208,100,1487,1702,0.32
2026-09-12T19:23:56Z,76,76,30,5208,99,1600,1702,0.30
2026-09-12T19:23:58Z,67,76,30,5208,99,1040,2425,0.30
2026-09-12T19:24:00Z,76,75,30,5208,99,1374,1702,0.30
2026-09-12T19:24:02Z,74,76,30,5208,100,1600,1702,0.27
2026-09-12T19:24:04Z,76,76,30,5208,100,1600,1702,0.27
2026-09-12T19:24:07Z,76,76,30,5208,100,1600,1702,0.25
2026-09-12T19:24:09Z,76,76,30,5208,99,1600,2071,0.25
2026-09-12T19:24:11Z,76,76,30,5208,99,1600,2311,0.25
2026-09-12T19:24:13Z,71,76,30,5237,0,1254,2425,0.23
2026-09-12T19:24:15Z,76,75,30,5252,99,1600,1702,0.23
2026-09-12T19:24:17Z,76,75,30,5252,99,1374,1399,0.21
2026-09-12T19:24:19Z,75,76,30,5208,100,1489,1702,0.21
2026-09-12T19:24:21Z,74,76,30,5237,100,1600,1702,0.21
2026-09-12T19:24:23Z,74,76,30,5208,100,1600,2424,0.27
2026-09-12T19:24:25Z,71,76,30,5237,99,1600,2424,0.27
2026-09-12T19:24:27Z,72,76,30,5208,99,1600,2424,0.33
2026-09-12T19:24:29Z,61,75,30,5208,0,200,2424,0.33
2026-09-12T19:24:31Z,60,73,30,5252,0,200,2425,0.39
2026-09-12T19:24:33Z,58,70,30,5208,0,200,2424,0.39
2026-09-12T19:24:35Z,68,69,30,5067,100,1600,1702,0.39
2026-09-12T19:24:37Z,67,69,30,4595,99,1600,2425,0.36
2026-09-12T19:24:39Z,68,69,30,4539,100,1600,2425,0.36
2026-09-12T19:24:42Z,67,69,30,4539,100,1600,2424,0.33
2026-09-12T19:24:44Z,69,69,30,4550,100,1600,2425,0.33
2026-09-12T19:24:46Z,68,69,30,4550,100,1600,2425,0.33
2026-09-12T19:24:48Z,68,69,30,4550,99,1600,2424,0.46
2026-09-12T19:24:50Z,71,70,30,4550,100,1600,1702,0.46
2026-09-12T19:24:52Z,70,70,30,4539,100,1600,2424,0.42
2026-09-12T19:24:54Z,69,71,30,4550,99,1600,2424,0.42
2026-09-12T19:24:56Z,70,71,30,4550,99,1600,2424,0.42
2026-09-12T19:24:58Z,68,70,30,4539,99,1600,2424,0.47
2026-09-12T19:25:00Z,63,70,30,4550,100,1040,2425,0.47
2026-09-12T19:25:02Z,71,71,30,4539,99,1600,2411,0.51
2026-09-12T19:25:04Z,70,71,30,4550,100,1600,2424,0.51
2026-09-12T19:25:06Z,72,71,30,4518,100,1600,2425,0.55
2026-09-12T19:25:08Z,70,71,30,4518,100,1600,2424,0.55
2026-09-12T19:25:10Z,69,71,30,4518,99,1600,2424,0.55
2026-09-12T19:25:12Z,69,71,30,4518,99,1506,2424,0.51
2026-09-12T19:25:14Z,73,71,30,4550,100,1600,2425,0.51
2026-09-12T19:25:16Z,72,72,30,4550,100,1600,2187,0.63
2026-09-12T19:25:18Z,72,72,30,4518,100,1600,2425,0.63
2026-09-12T19:25:21Z,70,72,30,4518,100,1600,2424,0.63
2026-09-12T19:25:23Z,71,72,30,4550,99,1600,2424,0.58
2026-09-12T19:25:25Z,68,71,30,4518,100,200,2426,0.58
2026-09-12T19:25:27Z,73,71,30,4518,99,1600,2425,0.53
2026-09-12T19:25:29Z,72,72,30,4518,99,1600,2424,0.53
2026-09-12T19:25:31Z,72,72,30,4518,99,1600,2424,0.53
2026-09-12T19:25:33Z,71,72,30,4518,99,1600,2424,0.49
2026-09-12T19:25:35Z,71,72,30,4518,100,1600,2424,0.49
2026-09-12T19:25:37Z,69,72,30,4518,99,1600,2424,0.53
2026-09-12T19:25:39Z,71,71,30,4518,100,1600,1702,0.53
2026-09-12T19:25:41Z,72,72,30,4518,99,1600,1745,0.53
2026-09-12T19:25:43Z,73,72,30,4573,100,1600,2426,0.57
2026-09-12T19:25:45Z,71,72,30,4573,99,1600,2425,0.57
2026-09-12T19:25:47Z,69,72,30,4573,99,1600,2425,0.60
2026-09-12T19:25:49Z,69,72,30,4539,100,1600,2425,0.60
2026-09-12T19:25:51Z,65,72,30,4573,99,1040,2425,0.63
2026-09-12T19:25:53Z,71,72,30,4539,100,1600,1702,0.63
2026-09-12T19:25:55Z,71,72,30,4573,100,1600,2424,0.63
2026-09-12T19:25:57Z,71,72,30,4539,100,1600,2424,0.58
2026-09-12T19:25:59Z,73,72,30,4573,99,1600,2425,0.58
2026-09-12T19:26:02Z,70,72,30,4573,99,1600,2418,0.54
2026-09-12T19:26:04Z,69,72,30,4573,100,1466,2424,0.54
2026-09-12T19:26:06Z,73,72,30,4539,100,1600,2293,0.54
2026-09-12T19:26:08Z,73,72,30,4550,99,1600,2425,0.49
2026-09-12T19:26:10Z,71,72,30,4550,100,1600,2426,0.49
2026-09-12T19:26:12Z,70,72,30,4573,100,1600,2424,0.45
2026-09-12T19:26:14Z,70,72,30,4573,100,1600,2424,0.45
2026-09-12T19:26:16Z,69,72,30,4539,99,1334,2425,0.45
2026-09-12T19:26:18Z,72,71,30,4550,100,1600,2056,0.42
2026-09-12T19:26:20Z,73,72,30,4573,99,1600,2424,0.42
2026-09-12T19:26:22Z,73,72,30,4573,99,1600,2424,0.38
2026-09-12T19:26:24Z,71,72,30,4539,99,1600,2425,0.38
2026-09-12T19:26:26Z,72,72,30,4550,99,1600,2424,0.43
2026-09-12T19:26:28Z,69,72,30,4539,100,1600,2424,0.43
2026-09-12T19:26:30Z,71,72,30,4550,100,1600,1896,0.43
2026-09-12T19:26:32Z,73,72,30,4550,100,1600,2426,0.40
2026-09-12T19:26:34Z,71,73,30,4550,100,1600,2425,0.40
2026-09-12T19:26:36Z,72,72,30,4573,100,1600,2424,0.37
2026-09-12T19:26:38Z,70,72,30,4573,99,1600,2425,0.37
2026-09-12T19:26:40Z,69,72,30,4573,100,1600,2424,0.37
2026-09-12T19:26:43Z,64,72,30,4573,100,1040,2427,0.34
2026-09-12T19:26:45Z,73,72,30,4573,100,1600,1702,0.34
2026-09-12T19:26:47Z,73,73,30,4573,100,1600,2424,0.31
2026-09-12T19:26:49Z,73,73,30,4573,100,1600,2424,0.31
2026-09-12T19:26:51Z,72,72,30,4573,99,1600,2270,0.31
2026-09-12T19:26:53Z,70,72,30,4573,100,1600,2424,0.36
2026-09-12T19:26:55Z,69,72,30,4550,100,1439,2424,0.36
2026-09-12T19:26:57Z,74,72,30,4550,99,1600,2374,0.34
2026-09-12T19:26:59Z,73,73,30,4550,100,1600,2424,0.34
2026-09-12T19:27:01Z,72,73,30,4573,100,1600,2424,0.34
2026-09-12T19:27:03Z,70,73,30,4550,100,1600,1955,0.31
2026-09-12T19:27:05Z,70,72,30,4573,100,1600,2424,0.31
2026-09-12T19:27:07Z,69,72,30,4573,99,1336,2424,0.28
2026-09-12T19:27:09Z,73,72,30,4573,99,1600,2424,0.28
2026-09-12T19:27:11Z,73,72,30,4539,100,1600,1401,0.26
2026-09-12T19:27:13Z,72,73,30,4573,100,1600,1702,0.26
2026-09-12T19:27:15Z,71,73,30,4550,99,1600,2425,0.26
2026-09-12T19:27:17Z,72,72,30,4539,100,1600,2424,0.24
2026-09-12T19:27:19Z,70,72,30,4573,99,1600,2424,0.24
2026-09-12T19:27:21Z,72,72,30,4550,99,1600,2424,0.22
2026-09-12T19:27:24Z,72,73,30,4573,99,1600,1783,0.22
2026-09-12T19:27:26Z,72,73,30,4573,100,1600,2425,0.22
2026-09-12T19:27:28Z,72,73,30,4550,99,1600,2424,0.20
2026-09-12T19:27:30Z,70,73,30,4573,18,1599,2425,0.20
2026-09-12T19:27:32Z,69,72,30,4550,100,1600,2425,0.18
2026-09-12T19:27:34Z,64,72,30,4573,1,1040,2424,0.18
2026-09-12T19:27:36Z,72,72,30,4573,100,1600,2421,0.18
2026-09-12T19:27:38Z,73,73,30,4573,100,1600,2425,0.17
2026-09-12T19:27:40Z,72,73,30,4539,99,1600,2424,0.17
2026-09-12T19:27:42Z,70,73,30,4573,99,1600,2423,0.16
2026-09-12T19:27:44Z,72,72,30,4573,100,1600,2424,0.16
2026-09-12T19:27:46Z,69,72,30,4539,99,1372,2424,0.16
2026-09-12T19:27:48Z,61,71,30,4550,0,200,2425,0.22
2026-09-12T19:27:50Z,60,69,30,4573,0,200,2424,0.22
2026-09-12T19:27:52Z,58,68,30,4550,0,200,2424,0.29
2026-09-12T19:27:54Z,69,66,30,4539,99,1358,1400,0.29
2026-09-12T19:27:56Z,71,70,30,4148,100,1476,1702,0.26
2026-09-12T19:27:58Z,73,72,30,4049,100,1592,1400,0.26
2026-09-12T19:28:01Z,71,73,30,4032,99,1600,1702,0.26
2026-09-12T19:28:03Z,73,73,30,4120,99,1600,1702,0.24
2026-09-12T19:28:05Z,75,74,30,4261,99,1600,2425,0.24
2026-09-12T19:28:07Z,69,74,30,4350,99,1600,2424,0.22
2026-09-12T19:28:09Z,66,74,30,4464,99,1040,2424,0.22
2026-09-12T19:28:11Z,75,73,30,4443,100,1600,1702,0.22
2026-09-12T19:28:13Z,75,75,30,4573,100,1600,1702,0.28
2026-09-12T19:28:15Z,77,75,30,4595,100,1536,1702,0.28
2026-09-12T19:28:17Z,75,76,30,4687,99,1516,1702,0.26
2026-09-12T19:28:19Z,75,76,30,4711,100,1477,1702,0.26
2026-09-12T19:28:21Z,74,76,30,4895,99,1600,1825,0.24
2026-09-12T19:28:23Z,68,76,30,4895,100,1055,2424,0.24
2026-09-12T19:28:25Z,75,75,30,4895,100,1469,1702,0.24
2026-09-12T19:28:27Z,74,75,30,4895,100,1600,1400,0.22
2026-09-12T19:28:29Z,75,76,30,4895,100,1436,1702,0.22
2026-09-12T19:28:32Z,75,76,30,4934,100,1600,1702,0.20
2026-09-12T19:28:34Z,73,76,30,4960,100,1600,2006,0.20
2026-09-12T19:28:36Z,72,76,30,4934,100,1600,1702,0.20
2026-09-12T19:28:38Z,71,76,30,4973,99,1600,1702,0.19
2026-09-12T19:28:40Z,74,75,30,4960,99,1352,1399,0.19
2026-09-12T19:28:42Z,75,76,30,4973,100,1600,1400,0.17
2026-09-12T19:28:44Z,77,76,30,5067,100,1600,1702,0.17
2026-09-12T19:28:46Z,76,77,30,5208,100,1600,2424,0.17
2026-09-12T19:28:48Z,75,77,30,5252,100,1600,1702,0.16
2026-09-12T19:28:50Z,76,77,30,5252,99,1600,2424,0.16
2026-09-12T19:28:52Z,71,76,30,5252,99,1600,1702,0.14
2026-09-12T19:28:54Z,68,75,30,5208,59,1275,2424,0.14
2026-09-12T19:28:56Z,76,75,30,5208,100,1600,1702,0.13
2026-09-12T19:28:58Z,74,76,30,5237,100,1600,1702,0.13
2026-09-12T19:29:00Z,72,76,30,5237,99,1600,1702,0.13
2026-09-12T19:29:03Z,72,76,30,5208,99,1600,1702,0.20
2026-09-12T19:29:05Z,73,76,30,5252,99,1600,2427,0.20
2026-09-12T19:29:07Z,74,76,30,5252,99,1600,1702,0.19
2026-09-12T19:29:09Z,71,76,30,5252,99,1450,2424,0.19
2026-09-12T19:29:11Z,76,75,30,5237,100,1600,1702,0.19
2026-09-12T19:29:13Z,75,76,30,5252,100,1392,1399,0.17
2026-09-12T19:29:15Z,75,76,30,5237,100,1600,1702,0.17
2026-09-12T19:29:17Z,72,76,30,5252,99,1600,1702,0.24
2026-09-12T19:29:19Z,76,76,30,5237,100,1600,1702,0.24
2026-09-12T19:29:21Z,75,76,30,5237,100,1600,1702,0.30
2026-09-12T19:29:23Z,75,76,30,5237,99,1600,1702,0.30
2026-09-12T19:29:25Z,73,75,30,5252,100,1600,1399,0.30
2026-09-12T19:29:27Z,77,75,30,5281,99,1352,1702,0.27
2026-09-12T19:29:29Z,73,76,30,5237,100,1600,1401,0.27
2026-09-12T19:29:32Z,75,76,30,5281,100,1600,2424,0.25
2026-09-12T19:29:34Z,77,76,30,5237,99,1600,1702,0.25
2026-09-12T19:29:36Z,77,76,30,5237,99,1600,1400,0.25
2026-09-12T19:29:38Z,71,76,30,5252,100,1600,1714,0.31
2026-09-12T19:29:40Z,68,75,30,5281,99,1040,2424,0.31
2026-09-12T19:29:42Z,75,75,30,5237,100,1379,1702,0.37
2026-09-12T19:29:44Z,77,76,30,5252,99,1600,1702,0.37
2026-09-12T19:29:46Z,74,76,30,5237,100,1600,1702,0.37
2026-09-12T19:29:48Z,76,76,30,5281,100,1600,1702,0.34
2026-09-12T19:29:50Z,72,76,30,5281,99,1600,2424,0.34
2026-09-12T19:29:52Z,77,76,30,5252,100,1600,1702,0.39
2026-09-12T19:29:54Z,68,76,30,5252,99,1248,2424,0.39
2026-09-12T19:29:56Z,75,75,30,5252,100,1403,1702,0.44
2026-09-12T19:29:58Z,74,75,30,5252,99,1429,1702,0.44
2026-09-12T19:30:00Z,75,76,30,5237,100,1600,1399,0.44
2026-09-12T19:30:03Z,75,76,30,5237,100,1600,1702,0.40
2026-09-12T19:30:05Z,76,76,30,5281,99,1600,1702,0.40
2026-09-12T19:30:07Z,73,76,30,5252,100,1600,1702,0.37
2026-09-12T19:30:09Z,70,76,30,5252,99,1453,2424,0.37
2026-09-12T19:30:11Z,73,74,30,5237,99,1373,1702,0.37
2026-09-12T19:30:13Z,74,75,30,5281,99,1549,1702,0.34
2026-09-12T19:30:15Z,76,76,30,5281,99,1352,1702,0.34
2026-09-12T19:30:17Z,72,76,30,5237,100,1600,1702,0.31
2026-09-12T19:30:19Z,77,76,30,5281,99,1600,1702,0.31
2026-09-12T19:30:21Z,74,76,30,5237,100,1600,2424,0.45
2026-09-12T19:30:23Z,72,76,30,5281,99,1600,2424,0.45
2026-09-12T19:30:25Z,68,75,30,5281,100,1040,2426,0.45
2026-09-12T19:30:27Z,74,75,30,5237,100,1600,1702,0.41
2026-09-12T19:30:29Z,74,76,30,5281,99,1506,1702,0.41
2026-09-12T19:30:31Z,75,76,30,5281,99,1600,1702,0.38
2026-09-12T19:30:34Z,75,76,30,5281,100,1600,1702,0.38
2026-09-12T19:30:36Z,72,76,30,5281,99,1600,2424,0.38
2026-09-12T19:30:38Z,76,76,30,5237,99,1600,2391,0.35
2026-09-12T19:30:40Z,68,75,30,5281,26,1219,2424,0.35
2026-09-12T19:30:42Z,74,75,30,5281,100,1416,1702,0.32
2026-09-12T19:30:44Z,76,75,30,5252,100,1365,1702,0.32
2026-09-12T19:30:46Z,74,76,30,5252,100,1600,1702,0.32
2026-09-12T19:30:48Z,77,76,30,5237,100,1600,1702,0.29
2026-09-12T19:30:50Z,75,76,30,5237,99,1600,1702,0.29
2026-09-12T19:30:52Z,74,76,30,5281,100,1600,1702,0.27
2026-09-12T19:30:54Z,69,76,30,5281,100,1359,2424,0.27
2026-09-12T19:30:56Z,74,75,30,5237,100,1600,1702,0.25
2026-09-12T19:30:58Z,74,75,30,5252,100,1437,1702,0.25
2026-09-12T19:31:00Z,75,76,30,5237,100,1600,1702,0.25
2026-09-12T19:31:02Z,72,76,30,5252,100,1600,1702,0.31
2026-09-12T19:31:05Z,74,76,30,5237,99,1452,1702,0.31
2026-09-12T19:31:07Z,75,76,30,5252,100,1600,1401,0.28
2026-09-12T19:31:09Z,71,76,30,5252,99,1600,2424,0.28
2026-09-12T19:31:11Z,69,75,30,5281,100,1431,2144,0.28
2026-09-12T19:31:13Z,76,75,30,5237,99,1600,1702,0.26
2026-09-12T19:31:15Z,73,75,30,5281,99,1584,1702,0.26
2026-09-12T19:31:17Z,73,76,30,5281,99,1600,1399,0.32
2026-09-12T19:31:19Z,76,76,30,5237,100,1600,1702,0.32
2026-09-12T19:31:21Z,76,76,30,5252,99,1600,1702,0.32
2026-09-12T19:31:23Z,73,76,30,5252,99,1600,2424,0.30
2026-09-12T19:31:25Z,68,76,30,5281,74,1184,2424,0.30
2026-09-12T19:31:27Z,74,75,30,5237,100,1600,1702,0.27
2026-09-12T19:31:29Z,76,75,30,5281,99,1470,1702,0.27
2026-09-12T19:31:31Z,73,76,30,5252,99,1599,1400,0.25
2026-09-12T19:31:33Z,71,76,30,5281,100,1600,1702,0.25
2026-09-12T19:31:36Z,72,76,30,5237,100,1600,2424,0.25
2026-09-12T19:31:38Z,72,76,30,5281,99,1600,2425,0.23
2026-09-12T19:31:40Z,69,75,30,5281,99,1343,2425,0.23
2026-09-12T19:31:42Z,60,74,30,5281,0,200,2424,0.21
2026-09-12T19:31:44Z,59,72,30,5252,0,200,2424,0.21
2026-09-12T19:31:46Z,58,70,30,5252,0,200,2425,0.21
2026-09-12T19:31:48Z,56,68,30,5281,0,200,2424,0.27
2026-09-12T19:31:50Z,55,66,30,4687,0,200,2424,0.27
2026-09-12T19:31:52Z,68,65,30,4629,99,1600,2424,0.25
2026-09-12T19:31:54Z,65,66,30,3906,99,1600,2424,0.25
2026-09-12T19:31:56Z,66,67,30,3826,100,1600,2424,0.25
2026-09-12T19:31:58Z,67,67,30,3826,100,1600,2424,0.23
2026-09-12T19:32:00Z,66,67,30,3826,99,1600,2425,0.23
2026-09-12T19:32:02Z,67,68,30,3826,99,1600,2424,0.45
2026-09-12T19:32:04Z,62,67,30,3826,100,1040,2421,0.45
2026-09-12T19:32:06Z,69,67,30,3826,99,1600,1702,0.42
2026-09-12T19:32:08Z,67,69,30,3826,99,1600,1761,0.42
2026-09-12T19:32:10Z,68,69,30,3826,100,1600,2425,0.42
2026-09-12T19:32:12Z,71,70,30,3803,99,1600,2424,0.38
2026-09-12T19:32:15Z,69,70,30,3947,100,1600,2424,0.38
2026-09-12T19:32:17Z,68,70,30,3989,100,1600,2424,0.35
2026-09-12T19:32:19Z,63,70,30,3989,99,1040,2424,0.35
2026-09-12T19:32:21Z,70,69,30,3989,100,1600,2424,0.35
2026-09-12T19:32:23Z,68,70,30,3989,99,1600,1702,0.32
2026-09-12T19:32:25Z,69,71,30,3989,99,1600,2424,0.32
2026-09-12T19:32:27Z,71,71,30,4076,100,1600,2425,0.38
2026-09-12T19:32:29Z,69,71,30,4084,100,1600,2424,0.38
2026-09-12T19:32:31Z,69,71,30,4076,99,1600,2424,0.38
2026-09-12T19:32:33Z,65,71,30,4166,99,1040,2424,0.35
2026-09-12T19:32:35Z,72,69,30,4194,100,1600,2426,0.35
2026-09-12T19:32:37Z,72,71,30,4166,99,1600,2424,0.40
2026-09-12T19:32:39Z,69,71,30,4175,99,1600,2424,0.40
2026-09-12T19:32:41Z,69,71,30,4157,100,1600,2425,0.45
2026-09-12T19:32:43Z,70,71,30,4175,99,1600,2424,0.45
2026-09-12T19:32:45Z,68,71,30,4166,100,1600,1702,0.45
2026-09-12T19:32:47Z,64,71,30,4194,100,1040,2424,0.41
2026-09-12T19:32:49Z,69,70,30,4157,99,1600,1399,0.41
2026-09-12T19:32:51Z,70,71,30,4166,100,1600,2247,0.38
2026-09-12T19:32:54Z,70,71,30,4166,100,1600,2424,0.38
2026-09-12T19:32:56Z,71,71,30,4166,99,1600,2424,0.38
2026-09-12T19:32:58Z,72,71,30,4175,100,1600,2424,0.35
2026-09-12T19:33:00Z,71,71,30,4166,99,1600,2424,0.35
2026-09-12T19:33:02Z,66,71,30,4166,100,200,2424,0.64
2026-09-12T19:33:04Z,70,70,30,4139,99,1600,2424,0.64
2026-09-12T19:33:06Z,72,71,30,4175,100,1600,2424,0.64
2026-09-12T19:33:08Z,71,71,30,4139,99,1600,2424,0.67
2026-09-12T19:33:10Z,69,71,30,4166,100,1600,1702,0.67
2026-09-12T19:33:12Z,71,71,30,4166,99,1600,2424,0.70
2026-09-12T19:33:14Z,69,71,30,4166,100,1600,2377,0.70
2026-09-12T19:33:16Z,66,71,30,4175,100,1040,2424,0.70
2026-09-12T19:33:18Z,72,70,30,4166,99,1600,2429,0.64
2026-09-12T19:33:20Z,72,71,30,4148,100,1600,2427,0.64
2026-09-12T19:33:22Z,72,72,30,4148,100,1600,2425,0.59
2026-09-12T19:33:24Z,73,72,30,4213,99,1600,2424,0.59
2026-09-12T19:33:26Z,71,72,30,4290,100,1600,2424,0.54
2026-09-12T19:33:28Z,69,71,30,4310,99,1600,2424,0.54
2026-09-12T19:33:30Z,65,71,30,4280,99,1040,2424,0.54
2026-09-12T19:33:33Z,69,70,30,4310,100,1600,1399,0.58
2026-09-12T19:33:35Z,69,71,30,4290,100,1600,1753,0.58
2026-09-12T19:33:37Z,69,71,30,4310,100,1600,2425,0.53
2026-09-12T19:33:39Z,70,71,30,4310,100,1600,1702,0.53
2026-09-12T19:33:41Z,69,71,30,4310,99,1600,1841,0.53
2026-09-12T19:33:43Z,69,71,30,4280,99,1600,1702,0.49
2026-09-12T19:33:45Z,65,71,30,4290,0,1040,2424,0.49
2026-09-12T19:33:47Z,68,70,30,4310,99,1600,1623,0.45
2026-09-12T19:33:49Z,70,71,30,4310,99,1600,2420,0.45
2026-09-12T19:33:51Z,70,71,30,4310,100,1600,2424,0.45
2026-09-12T19:33:53Z,69,71,30,4310,100,1600,1992,0.41
2026-09-12T19:33:55Z,72,71,30,4280,100,1600,2424,0.41
2026-09-12T19:33:57Z,69,71,30,4290,99,1600,2425,0.46
2026-09-12T19:33:59Z,65,71,30,4280,99,1040,2424,0.46
2026-09-12T19:34:01Z,72,70,30,4310,99,1600,2425,0.74
2026-09-12T19:34:03Z,72,71,30,4310,100,1600,2187,0.74
2026-09-12T19:34:05Z,69,71,30,4280,99,1600,1612,0.74
2026-09-12T19:34:07Z,69,72,30,4310,99,1600,2425,0.68
2026-09-12T19:34:09Z,71,71,30,4290,100,1600,2426,0.68
2026-09-12T19:34:12Z,71,71,30,4320,100,1600,2424,0.63
2026-09-12T19:34:14Z,65,71,30,4310,100,1040,2425,0.63
2026-09-12T19:34:16Z,70,70,30,4290,99,1600,2253,0.63
2026-09-12T19:34:18Z,71,71,30,4310,100,1600,2426,0.58
2026-09-12T19:34:20Z,71,71,30,4310,99,1600,2424,0.58
2026-09-12T19:34:22Z,70,72,30,4310,100,1600,2424,0.61
2026-09-12T19:34:24Z,71,72,30,4310,99,1600,2424,0.61
2026-09-12T19:34:26Z,71,71,30,4310,99,1600,2424,0.61
2026-09-12T19:34:28Z,65,71,30,4310,100,1040,2424,0.56
2026-09-12T19:34:30Z,70,70,30,4310,99,1600,2424,0.56
2026-09-12T19:34:32Z,69,71,30,4280,99,1600,1952,0.76
2026-09-12T19:34:34Z,69,71,30,4310,100,1600,2088,0.76
2026-09-12T19:34:36Z,69,72,30,4310,100,1600,2424,0.76
2026-09-12T19:34:38Z,69,72,30,4310,100,1600,2425,0.78
2026-09-12T19:34:40Z,70,71,30,4310,99,1600,2425,0.78
2026-09-12T19:34:42Z,65,71,30,4290,100,1040,2424,0.80
2026-09-12T19:34:44Z,69,70,30,4310,99,1600,2424,0.80
2026-09-12T19:34:46Z,70,71,30,4310,99,1600,2425,0.73
2026-09-12T19:34:48Z,70,72,30,4310,100,1600,1979,0.73
2026-09-12T19:34:51Z,70,72,30,4310,99,1600,2215,0.73
2026-09-12T19:34:53Z,70,72,30,4310,100,1600,2425,0.67
2026-09-12T19:34:55Z,70,71,30,4310,100,1600,2424,0.67
2026-09-12T19:34:57Z,65,71,30,4310,0,1040,2424,0.94
2026-09-12T19:34:59Z,71,70,30,4310,100,1600,2424,0.94
2026-09-12T19:35:01Z,72,71,30,4310,99,1600,2425,0.94
2026-09-12T19:35:03Z,73,71,30,4310,100,1600,2424,0.94
2026-09-12T19:35:05Z,70,72,30,4310,99,1600,2424,0.94
2026-09-12T19:35:07Z,72,72,30,4310,99,1600,2424,1.11
2026-09-12T19:35:09Z,71,71,30,4310,100,1600,2424,1.11
2026-09-12T19:35:11Z,66,71,30,4310,99,200,2424,1.11
2026-09-12T19:35:13Z,71,70,30,4300,99,1600,1399,1.26
2026-09-12T19:35:15Z,72,71,30,4310,100,1600,2424,1.26
2026-09-12T19:35:17Z,70,71,30,4310,99,1600,2429,1.16
2026-09-12T19:35:19Z,72,72,30,4310,100,1600,2425,1.16
2026-09-12T19:35:21Z,70,71,30,4310,99,1600,2425,1.07
2026-09-12T19:35:23Z,69,71,30,4310,100,1600,1450,1.07
2026-09-12T19:35:25Z,65,71,30,4310,0,1040,2424,1.07
2026-09-12T19:35:27Z,60,70,30,4310,0,200,2424,1.06
2026-09-12T19:35:29Z,59,69,30,4310,0,200,3250,1.06
2026-09-12T19:35:32Z,58,68,30,4310,0,200,2428,0.98
2026-09-12T19:35:34Z,57,67,30,4310,0,200,2425,0.98
2026-09-12T19:35:36Z,72,69,30,4139,100,1417,1702,0.98
2026-09-12T19:35:38Z,73,71,30,3865,100,1417,1702,0.90
2026-09-12T19:35:40Z,69,72,30,3881,100,1600,1870,0.90
2026-09-12T19:35:42Z,70,73,30,4076,99,1600,1702,0.91
2026-09-12T19:35:44Z,72,74,30,4166,99,1600,2424,0.91
2026-09-12T19:35:46Z,76,74,30,4391,99,1600,2424,0.91
2026-09-12T19:35:48Z,65,74,30,4496,0,1040,2425,0.91
2026-09-12T19:35:50Z,74,73,30,4485,100,1600,1702,0.91
2026-09-12T19:35:52Z,76,74,30,4485,100,1339,1702,0.92
2026-09-12T19:35:54Z,76,75,30,4573,99,1600,1702,0.92
2026-09-12T19:35:56Z,76,75,30,4687,100,1553,1702,0.85
2026-09-12T19:35:58Z,78,76,30,4652,100,1600,2424,0.85
2026-09-12T19:36:00Z,72,76,30,4807,99,1600,1702,0.85
2026-09-12T19:36:03Z,71,76,30,4844,99,1600,1702,0.78
2026-09-12T19:36:05Z,66,75,30,4870,100,1040,2424,0.78
2026-09-12T19:36:07Z,73,74,30,4870,99,1506,1702,0.72
2026-09-12T19:36:09Z,77,75,30,4870,100,1600,1702,0.72
2026-09-12T19:36:11Z,76,76,30,4832,100,1536,1702,0.72
2026-09-12T19:36:13Z,72,76,30,4870,99,1600,1702,0.66
2026-09-12T19:36:15Z,72,76,30,4870,100,1600,1727,0.66
2026-09-12T19:36:17Z,73,76,30,4973,100,1600,2425,0.69
2026-09-12T19:36:19Z,66,76,30,5000,0,1040,2425,0.69
2026-09-12T19:36:21Z,74,74,30,5000,100,1372,1702,0.69
2026-09-12T19:36:23Z,74,75,30,5000,100,1600,1399,0.63
2026-09-12T19:36:25Z,75,76,30,5000,100,1600,1702,0.63
2026-09-12T19:36:27Z,76,76,30,5000,99,1600,2424,0.66
2026-09-12T19:36:29Z,72,76,30,5000,99,1600,1702,0.66
2026-09-12T19:36:31Z,77,76,30,5000,99,1403,1399,0.61
2026-09-12T19:36:34Z,77,76,30,5000,99,1600,2424,0.61
2026-09-12T19:36:36Z,66,75,30,5000,100,1040,2424,0.61
2026-09-12T19:36:38Z,75,75,30,5000,100,1600,1702,0.64
2026-09-12T19:36:40Z,72,75,30,5000,99,1406,1399,0.64
2026-09-12T19:36:42Z,77,76,30,5000,99,1530,1702,0.59
2026-09-12T19:36:44Z,74,76,30,5000,100,1356,1702,0.59
2026-09-12T19:36:46Z,71,76,30,5000,100,1600,1399,0.59
2026-09-12T19:36:48Z,72,76,30,5000,99,1600,2424,0.54
2026-09-12T19:36:50Z,67,76,30,5026,99,1040,2424,0.54
2026-09-12T19:36:52Z,75,74,30,5000,99,1374,1400,0.50
2026-09-12T19:36:54Z,74,75,30,5040,100,1496,1702,0.50
2026-09-12T19:36:56Z,72,76,30,5000,99,1600,1400,0.54
2026-09-12T19:36:58Z,78,76,30,5026,99,1511,1702,0.54
2026-09-12T19:37:00Z,73,76,30,5000,99,1600,2424,0.54
2026-09-12T19:37:02Z,72,76,30,5000,99,1600,2424,0.65
2026-09-12T19:37:04Z,72,76,30,5000,99,1600,2425,0.65
2026-09-12T19:37:07Z,68,75,30,5040,100,1116,2425,0.60
2026-09-12T19:37:09Z,75,75,30,5000,99,1495,1702,0.60
2026-09-12T19:37:11Z,76,76,30,5000,100,1600,1702,0.60
2026-09-12T19:37:13Z,73,76,30,5040,99,1600,1702,0.63
2026-09-12T19:37:15Z,73,76,30,5026,99,1600,2427,0.63
2026-09-12T19:37:17Z,77,76,30,5040,99,1600,1702,0.58
2026-09-12T19:37:19Z,71,76,30,5000,98,1600,2425,0.58
2026-09-12T19:37:21Z,68,76,30,5026,100,200,2424,0.58
2026-09-12T19:37:23Z,75,74,30,5000,100,1415,1702,0.54
2026-09-12T19:37:25Z,76,75,30,5000,99,1416,1702,0.54
2026-09-12T19:37:27Z,75,76,30,5026,100,1600,1702,0.49
2026-09-12T19:37:29Z,73,76,30,5000,99,1600,2424,0.49
2026-09-12T19:37:31Z,73,76,30,5040,100,1600,2424,0.45
2026-09-12T19:37:33Z,72,76,30,5040,100,1600,2424,0.45
2026-09-12T19:37:35Z,73,76,30,5026,100,1600,2424,0.45
2026-09-12T19:37:37Z,73,74,30,5026,100,1600,1702,0.50
2026-09-12T19:37:40Z,75,75,30,5026,100,1493,1702,0.50
2026-09-12T19:37:42Z,77,76,30,5000,100,1600,1702,0.54
2026-09-12T19:37:44Z,75,76,30,5040,100,1600,1702,0.54
2026-09-12T19:37:46Z,72,76,30,5000,100,1600,1702,0.54
2026-09-12T19:37:48Z,76,76,30,5026,100,1600,1702,0.49
2026-09-12T19:37:50Z,72,76,30,5040,100,1600,2425,0.49
2026-09-12T19:37:52Z,67,76,30,5040,100,1040,2424,0.45
2026-09-12T19:37:54Z,75,74,30,5040,99,1451,1400,0.45
2026-09-12T19:37:56Z,76,75,30,5040,99,1485,1702,0.45
2026-09-12T19:37:58Z,76,76,30,5026,99,1387,1400,0.42
2026-09-12T19:38:00Z,76,76,30,5026,99,1391,1702,0.42
2026-09-12T19:38:02Z,77,76,30,5026,99,1423,1702,0.46
2026-09-12T19:38:04Z,75,76,30,5040,100,1422,1399,0.46
2026-09-12T19:38:06Z,68,76,30,5040,100,1040,2425,0.51
2026-09-12T19:38:08Z,72,74,30,5026,99,1487,1400,0.51
2026-09-12T19:38:11Z,75,75,30,5040,99,1542,1702,0.51
2026-09-12T19:38:13Z,74,76,30,5040,100,1600,1702,0.55
2026-09-12T19:38:15Z,73,76,30,5040,99,1600,1702,0.55
2026-09-12T19:38:17Z,77,76,30,5026,99,1600,1702,0.58
2026-09-12T19:38:19Z,71,76,30,5040,100,1600,1702,0.58
2026-09-12T19:38:21Z,74,76,30,5026,99,1600,1702,0.58
2026-09-12T19:38:23Z,66,75,30,5040,99,1040,2424,0.54
2026-09-12T19:38:25Z,76,74,30,5040,99,1600,1702,0.54
2026-09-12T19:38:27Z,74,75,30,5026,100,1600,1702,0.49
2026-09-12T19:38:29Z,76,76,30,5026,100,1600,1702,0.49
2026-09-12T19:38:31Z,74,76,30,5026,100,1600,1702,0.45
2026-09-12T19:38:33Z,72,76,30,5040,99,1600,1702,0.45
2026-09-12T19:38:35Z,73,76,30,5026,99,1600,2424,0.45
2026-09-12T19:38:37Z,67,76,30,5040,100,200,2424,0.42
2026-09-12T19:38:40Z,74,74,30,5026,100,1429,1702,0.42
2026-09-12T19:38:42Z,76,75,30,5026,100,1600,1702,0.46
2026-09-12T19:38:44Z,77,76,30,5040,99,1524,1399,0.46
2026-09-12T19:38:46Z,73,76,30,5026,100,1600,1702,0.46
2026-09-12T19:38:48Z,77,76,30,5026,99,1514,1702,0.43
2026-09-12T19:38:50Z,76,76,30,5040,100,1600,2417,0.43
2026-09-12T19:38:52Z,75,76,30,5026,99,1600,2424,0.39
2026-09-12T19:38:54Z,67,75,30,5040,99,1040,2426,0.39
2026-09-12T19:38:56Z,75,75,30,5026,99,1421,1702,0.39
2026-09-12T19:38:58Z,77,75,30,5026,99,1596,1702,0.36
2026-09-12T19:39:00Z,74,76,30,5040,99,1505,1702,0.36
2026-09-12T19:39:02Z,76,76,30,5040,99,1600,1702,0.33
2026-09-12T19:39:04Z,72,76,30,5026,100,1600,1702,0.33
2026-09-12T19:39:06Z,72,76,30,5040,99,1600,2425,0.30
2026-09-12T19:39:08Z,66,76,30,5026,99,1040,2424,0.30
2026-09-12T19:39:11Z,74,74,30,5040,100,1423,1702,0.30
2026-09-12T19:39:13Z,74,75,30,5026,100,1600,1702,0.28
2026-09-12T19:39:15Z,76,75,30,5026,99,1600,1702,0.28
2026-09-12T19:39:17Z,76,76,30,5026,99,1367,1702,0.26
2026-09-12T19:39:19Z,77,76,30,5040,99,1600,1399,0.26
2026-09-12T19:39:21Z,71,76,30,5040,100,1600,2425,0.26
2026-09-12T19:39:23Z,71,76,30,5040,100,1600,2424,0.24
2026-09-12T19:39:25Z,63,75,30,5026,0,200,2424,0.24
2026-09-12T19:39:27Z,61,73,30,5040,0,200,2424,0.30
2026-09-12T19:39:29Z,59,71,30,5040,0,200,3499,0.30
2026-09-12T19:39:31Z,58,70,30,5040,67,1040,2424,0.30
2026-09-12T19:39:33Z,57,67,30,4832,27,1040,2425,0.35
2026-09-12T19:39:35Z,56,65,30,4687,20,1040,2425,0.35
2026-09-12T19:39:37Z,56,64,30,4687,0,200,2424,0.41
2026-09-12T19:39:39Z,54,62,30,3906,0,200,2424,0.41
2026-09-12T19:39:41Z,68,64,30,3826,100,1548,1702,0.37
2026-09-12T19:39:43Z,70,68,30,3161,100,1396,1702,0.37
2026-09-12T19:39:46Z,70,69,30,3125,99,1600,1702,0.37
2026-09-12T19:39:48Z,72,71,30,3453,99,1375,1702,0.34
2026-09-12T19:39:50Z,65,72,30,3765,100,1040,2424,0.34
2026-09-12T19:39:52Z,71,71,30,3810,99,1393,1400,0.40
2026-09-12T19:39:54Z,73,72,30,3850,99,1370,1702,0.40
2026-09-12T19:39:56Z,70,74,30,4310,100,1600,1702,0.40
2026-09-12T19:39:58Z,74,74,30,4411,99,1427,1702,0.36
2026-09-12T19:40:00Z,76,75,30,4606,99,1356,1702,0.36
2026-09-12T19:40:02Z,72,75,30,4783,100,1551,1702,0.42
2026-09-12T19:40:04Z,69,74,30,4870,100,1040,2424,0.42
2026-09-12T19:40:06Z,76,75,30,4870,100,1487,1702,0.54
2026-09-12T19:40:08Z,77,76,30,4960,99,1362,1702,0.54
2026-09-12T19:40:10Z,75,76,30,4960,100,1600,2424,0.54
2026-09-12T19:40:12Z,76,76,30,5067,99,1527,1702,0.50
2026-09-12T19:40:15Z,73,76,30,5067,99,1488,1399,0.50
2026-09-12T19:40:17Z,75,75,30,5108,100,1600,1702,0.54
2026-09-12T19:40:19Z,73,76,30,5108,100,1600,1702,0.54
2026-09-12T19:40:21Z,76,76,30,5067,99,1352,1702,0.54
2026-09-12T19:40:23Z,76,76,30,5108,99,1323,1702,0.58
2026-09-12T19:40:25Z,76,76,30,5179,100,1391,2424,0.58
2026-09-12T19:40:27Z,73,76,30,5165,99,1472,1399,0.61
2026-09-12T19:40:29Z,76,75,30,5165,100,1358,1600,0.61
2026-09-12T19:40:31Z,76,76,30,5208,100,1471,1702,0.61
2026-09-12T19:40:33Z,76,76,30,5208,100,1600,1702,0.56
2026-09-12T19:40:35Z,76,77,30,5179,99,1600,1702,0.56
2026-09-12T19:40:37Z,74,77,30,5208,99,1433,1702,0.52
2026-09-12T19:40:39Z,65,76,30,5179,100,1040,2424,0.52
2026-09-12T19:40:41Z,75,76,30,5165,100,1600,1702,0.47
2026-09-12T19:40:44Z,76,76,30,5208,100,1600,1702,0.47
2026-09-12T19:40:46Z,76,76,30,5208,99,1347,1702,0.47
2026-09-12T19:40:48Z,76,77,30,5208,100,1350,1702,0.44
2026-09-12T19:40:50Z,74,77,30,5237,99,1339,1399,0.44
2026-09-12T19:40:52Z,75,76,30,5252,99,1447,1702,0.40
2026-09-12T19:40:54Z,76,76,30,5237,99,1533,1702,0.40
2026-09-12T19:40:56Z,71,76,30,5237,2,1248,2424,0.40
2026-09-12T19:40:58Z,76,76,30,5237,100,1600,2054,0.37
2026-09-12T19:41:00Z,77,76,30,5237,99,1600,2277,0.37
2026-09-12T19:41:02Z,73,76,30,5237,99,1376,1399,0.34
2026-09-12T19:41:04Z,75,76,30,5237,99,1346,1702,0.34
2026-09-12T19:41:06Z,76,76,30,5237,99,1336,1702,0.31
2026-09-12T19:41:08Z,76,76,30,5252,100,1517,1702,0.31
2026-09-12T19:41:10Z,76,77,30,5237,99,1464,1702,0.31
2026-09-12T19:41:13Z,73,77,30,5252,99,1550,1702,0.29
2026-09-12T19:41:15Z,73,76,30,5237,100,1407,1702,0.29
2026-09-12T19:41:17Z,73,76,30,5252,100,1467,1702,0.26
2026-09-12T19:41:19Z,76,76,30,5252,100,1361,1702,0.26
2026-09-12T19:41:21Z,76,76,30,5237,99,1347,1702,0.26
2026-09-12T19:41:23Z,76,77,30,5252,100,1377,1702,0.24
2026-09-12T19:41:25Z,74,77,30,5252,100,1412,1702,0.24
2026-09-12T19:41:27Z,70,76,30,5252,100,1300,2425,0.22
2026-09-12T19:41:29Z,77,76,30,5252,100,1510,1702,0.22
2026-09-12T19:41:31Z,75,77,30,5237,100,1426,2424,0.22
2026-09-12T19:41:33Z,77,77,30,5252,99,1600,2151,0.20
2026-09-12T19:41:35Z,76,77,30,5237,99,1600,2424,0.20
2026-09-12T19:41:37Z,73,76,30,5237,99,1462,1399,0.27
2026-09-12T19:41:39Z,75,76,30,5252,99,1600,1702,0.27
2026-09-12T19:41:42Z,75,76,30,5281,99,1337,1702,0.25
2026-09-12T19:41:44Z,76,77,30,5252,99,1487,1702,0.25
2026-09-12T19:41:46Z,77,77,30,5281,99,1387,1400,0.25
2026-09-12T19:41:48Z,72,77,30,5281,99,1347,2427,0.23
2026-09-12T19:41:50Z,74,76,30,5281,100,1464,1702,0.23
2026-09-12T19:41:52Z,76,76,30,5237,100,1410,1702,0.21
2026-09-12T19:41:54Z,76,76,30,5252,100,1525,1702,0.21
2026-09-12T19:41:56Z,76,76,30,5237,99,1367,1399,0.21
2026-09-12T19:41:58Z,77,77,30,5281,100,1520,1702,0.19
2026-09-12T19:42:00Z,74,77,30,5252,100,1402,1702,0.19
2026-09-12T19:42:02Z,70,76,30,5252,100,1040,2425,0.26
2026-09-12T19:42:04Z,76,76,30,5237,100,1351,1702,0.26
2026-09-12T19:42:06Z,76,77,30,5252,99,1600,2275,0.32
2026-09-12T19:42:08Z,77,77,30,5281,99,1367,1702,0.32
2026-09-12T19:42:10Z,72,77,30,5237,99,1600,1702,0.32
2026-09-12T19:42:13Z,72,77,30,5252,99,1424,1702,0.37
2026-09-12T19:42:15Z,78,76,30,5281,100,1385,1702,0.37
2026-09-12T19:42:17Z,75,76,30,5252,100,1547,1702,0.34
2026-09-12T19:42:19Z,76,77,30,5252,99,1600,1702,0.34
2026-09-12T19:42:21Z,77,77,30,5237,100,1600,1702,0.34
2026-09-12T19:42:23Z,77,77,30,5237,100,1431,2199,0.39
2026-09-12T19:42:25Z,74,76,30,5281,100,1335,1399,0.39
2026-09-12T19:42:27Z,75,76,30,5281,100,1600,1400,0.36
2026-09-12T19:42:29Z,72,76,30,5281,99,1600,1461,0.36
2026-09-12T19:42:31Z,76,76,30,5281,99,1337,1702,0.36
2026-09-12T19:42:33Z,76,77,30,5237,99,1329,1702,0.33
2026-09-12T19:42:35Z,74,77,30,5237,100,1598,1702,0.33
2026-09-12T19:42:37Z,67,76,30,5252,0,200,2424,0.31
2026-09-12T19:42:39Z,61,74,30,5281,0,200,2425,0.31
2026-09-12T19:42:42Z,59,72,30,5237,0,200,2424,0.36
2026-09-12T19:42:44Z,58,70,30,5252,13,1040,2426,0.36
2026-09-12T19:42:46Z,57,68,30,5281,18,1040,2424,0.36
2026-09-12T19:42:48Z,56,66,30,4606,0,200,2426,0.41
2026-09-12T19:42:50Z,55,65,30,4573,0,200,2424,0.41
2026-09-12T19:42:52Z,66,63,30,4242,100,1294,2425,0.38
2026-09-12T19:42:54Z,66,67,30,3633,100,1425,1702,0.38
2026-09-12T19:42:56Z,71,69,30,3472,100,1364,1702,0.38
2026-09-12T19:42:58Z,72,71,30,3551,99,1373,1702,0.35
2026-09-12T19:43:00Z,72,71,30,3640,100,1382,1702,0.35
2026-09-12T19:43:02Z,74,73,30,3842,100,1439,1702,0.32
2026-09-12T19:43:04Z,74,74,30,4111,99,1408,1413,0.32
2026-09-12T19:43:06Z,74,75,30,4360,100,1321,2425,0.32
2026-09-12T19:43:08Z,72,74,30,4485,99,1447,1702,0.38
2026-09-12T19:43:10Z,74,74,30,4573,99,1377,1702,0.38
2026-09-12T19:43:12Z,75,75,30,4722,100,1376,1702,0.35
2026-09-12T19:43:15Z,76,76,30,5040,99,1396,1702,0.35
2026-09-12T19:43:17Z,76,76,30,5067,100,1374,1702,0.32
2026-09-12T19:43:19Z,76,76,30,5179,99,1371,1702,0.32
2026-09-12T19:43:21Z,77,76,30,5179,100,1371,1702,0.32
2026-09-12T19:43:23Z,76,76,30,5165,99,1366,1399,0.29
2026-09-12T19:43:25Z,75,76,30,5208,99,1316,2428,0.29
2026-09-12T19:43:27Z,73,76,30,5165,99,1355,1702,0.35
2026-09-12T19:43:29Z,74,75,30,5208,100,1391,1702,0.35
2026-09-12T19:43:31Z,75,76,30,5179,99,1390,1702,0.35
2026-09-12T19:43:33Z,76,76,30,5165,99,1377,1702,0.32
2026-09-12T19:43:35Z,76,76,30,5179,100,1346,2424,0.32
2026-09-12T19:43:37Z,78,76,30,5179,100,1380,1702,0.29
2026-09-12T19:43:39Z,76,76,30,5179,100,1380,1702,0.29
2026-09-12T19:43:41Z,79,77,30,5208,100,1383,1702,0.27
2026-09-12T19:43:44Z,75,77,30,5252,100,1391,1702,0.27
2026-09-12T19:43:46Z,74,76,30,5252,99,1406,1399,0.27
2026-09-12T19:43:48Z,76,75,30,5208,100,1377,1702,0.25
2026-09-12T19:43:50Z,76,76,30,5208,100,1368,1702,0.25
2026-09-12T19:43:52Z,76,76,30,5237,99,1373,1702,0.23
2026-09-12T19:43:54Z,75,76,30,5208,100,1352,1702,0.23
2026-09-12T19:43:56Z,72,76,30,5252,100,1318,1702,0.23
2026-09-12T19:43:58Z,74,76,30,5237,100,1600,1702,0.21
2026-09-12T19:44:00Z,75,77,30,5237,99,1599,1424,0.21
2026-09-12T19:44:02Z,74,76,30,5252,99,1398,1399,0.27
2026-09-12T19:44:04Z,73,76,30,5237,100,1372,1399,0.27
2026-09-12T19:44:06Z,76,76,30,5237,99,1375,1702,0.25
2026-09-12T19:44:08Z,76,76,30,5252,99,1382,1702,0.25
2026-09-12T19:44:10Z,76,76,30,5252,100,1382,1702,0.25
2026-09-12T19:44:13Z,77,77,30,5252,100,1348,1702,0.23
2026-09-12T19:44:15Z,72,77,30,5237,100,1600,1702,0.23
2026-09-12T19:44:17Z,76,77,30,5252,99,1374,1702,0.21
2026-09-12T19:44:19Z,74,77,30,5237,99,1600,1702,0.21
2026-09-12T19:44:21Z,73,77,30,5237,99,1334,1702,0.21
2026-09-12T19:44:23Z,70,76,30,5252,99,1040,2426,0.20
2026-09-12T19:44:25Z,77,76,30,5237,100,1356,1702,0.20
2026-09-12T19:44:27Z,76,76,30,5237,99,1342,1400,0.18
2026-09-12T19:44:29Z,76,76,30,5252,100,1365,1702,0.18
2026-09-12T19:44:31Z,76,76,30,5252,100,1373,1702,0.18
2026-09-12T19:44:33Z,75,77,30,5252,100,1600,1399,0.16
2026-09-12T19:44:35Z,77,77,30,5237,100,1455,1702,0.16
2026-09-12T19:44:37Z,76,77,30,5252,100,1382,1825,0.15
2026-09-12T19:44:39Z,73,76,30,5252,99,1368,1702,0.15
2026-09-12T19:44:42Z,75,76,30,5237,100,1600,1702,0.14
2026-09-12T19:44:44Z,76,76,30,5281,99,1382,1702,0.14
2026-09-12T19:44:46Z,73,76,30,5237,99,1442,1702,0.14
2026-09-12T19:44:48Z,72,77,30,5252,99,1596,1399,0.13
2026-09-12T19:44:50Z,77,77,30,5252,99,1367,1702,0.13
2026-09-12T19:44:52Z,77,77,30,5281,99,1368,1702,0.12
2026-09-12T19:44:54Z,76,77,30,5237,100,1375,1702,0.12
2026-09-12T19:44:56Z,76,77,30,5237,100,1375,2424,0.12
2026-09-12T19:44:58Z,74,76,30,5281,99,1345,1399,0.19
2026-09-12T19:45:00Z,76,76,30,5252,100,1372,1702,0.19
2026-09-12T19:45:02Z,75,76,30,5252,100,1410,1702,0.17
2026-09-12T19:45:04Z,76,76,30,5281,99,1387,1702,0.17
2026-09-12T19:45:06Z,76,77,30,5237,100,1340,2424,0.24
2026-09-12T19:45:08Z,78,77,30,5252,99,1378,1702,0.24
2026-09-12T19:45:11Z,76,77,30,5237,100,1378,1702,0.24
2026-09-12T19:45:13Z,76,77,30,5252,100,1381,1702,0.22
2026-09-12T19:45:15Z,74,77,30,5252,100,1338,1399,0.22
2026-09-12T19:45:17Z,74,76,30,5237,99,1384,1702,0.20
2026-09-12T19:45:19Z,76,76,30,5237,99,1377,1702,0.20
2026-09-12T19:45:21Z,76,76,30,5281,99,1387,1702,0.20
2026-09-12T19:45:23Z,76,77,30,5237,100,1371,1702,0.19
2026-09-12T19:45:25Z,75,77,30,5237,99,1371,1399,0.19
2026-09-12T19:45:27Z,78,77,30,5252,100,1378,1702,0.17
2026-09-12T19:45:29Z,76,77,30,5281,100,1359,1702,0.17
2026-09-12T19:45:31Z,75,77,30,5252,99,1328,1702,0.17
2026-09-12T19:45:33Z,73,77,30,5237,99,1364,1702,0.16
2026-09-12T19:45:35Z,74,76,30,5252,99,1335,1702,0.16
2026-09-12T19:45:38Z,76,76,30,5252,100,1376,1702,0.14
2026-09-12T19:45:40Z,76,76,30,5237,100,1374,1702,0.14
2026-09-12T19:45:42Z,76,77,30,5237,99,1379,1702,0.13
2026-09-12T19:45:44Z,73,77,30,5281,99,1365,1702,0.13
2026-09-12T19:45:46Z,73,77,30,5237,100,1599,1702,0.13
2026-09-12T19:45:48Z,76,77,30,5252,99,1388,1400,0.12
2026-09-12T19:45:50Z,72,77,30,5281,99,1598,1702,0.12
2026-09-12T19:45:52Z,74,77,30,5281,99,1349,1702,0.11
2026-09-12T19:45:54Z,69,76,30,5281,100,1040,2424,0.11
2026-09-12T19:45:56Z,76,76,30,5237,99,1338,1702,0.11
2026-09-12T19:45:58Z,74,76,30,5281,100,1341,1399,0.10
2026-09-12T19:46:00Z,77,77,30,5237,99,1364,1400,0.10
2026-09-12T19:46:02Z,76,76,30,5237,100,1456,1702,0.17
2026-09-12T19:46:04Z,76,76,30,5237,99,1390,1702,0.17
2026-09-12T19:46:07Z,75,77,30,5237,100,1409,1702,0.16
2026-09-12T19:46:09Z,76,77,30,5281,100,1371,1702,0.16
2026-09-12T19:46:11Z,74,76,30,5252,99,1347,1702,0.16
2026-09-12T19:46:13Z,75,76,30,5252,100,1369,1702,0.15
2026-09-12T19:46:15Z,75,76,30,5237,100,1390,1702,0.15
2026-09-12T19:46:17Z,76,76,30,5237,100,1600,1702,0.14
2026-09-12T19:46:19Z,75,77,30,5237,99,1600,1702,0.14
2026-09-12T19:46:21Z,76,76,30,5281,100,1423,1702,0.14
2026-09-12T19:46:23Z,77,77,30,5281,100,1388,1702,0.12
2026-09-12T19:46:25Z,76,77,30,5237,100,1397,1702,0.12
2026-09-12T19:46:27Z,76,77,30,5252,99,1336,2424,0.11
2026-09-12T19:46:29Z,73,76,30,5281,99,1364,1702,0.11
2026-09-12T19:46:31Z,76,76,30,5252,100,1362,1702,0.10
2026-09-12T19:46:33Z,76,76,30,5281,99,1363,1702,0.10
2026-09-12T19:46:36Z,76,76,30,5252,100,1378,1399,0.10
2026-09-12T19:46:38Z,76,77,30,5281,100,1334,2424,0.10
2026-09-12T19:46:40Z,73,77,30,5237,99,1344,1399,0.10
2026-09-12T19:46:42Z,75,77,30,5237,100,1372,1702,0.09
2026-09-12T19:46:44Z,75,77,30,5237,99,1334,1702,0.09
2026-09-12T19:46:46Z,75,77,30,5252,99,1579,1400,0.09
2026-09-12T19:46:48Z,74,76,30,5281,100,1513,1399,0.16
2026-09-12T19:46:50Z,77,76,30,5252,100,1378,1702,0.16
2026-09-12T19:46:52Z,78,76,30,5281,100,1381,1702,0.15
2026-09-12T19:46:54Z,76,77,30,5281,100,1372,1702,0.15
2026-09-12T19:46:56Z,75,77,30,5237,99,1348,1702,0.15
2026-09-12T19:46:58Z,74,77,30,5252,100,1600,1399,0.22
2026-09-12T19:47:00Z,76,77,30,5252,99,1598,1400,0.22
2026-09-12T19:47:02Z,76,77,30,5252,100,1600,1702,0.20
2026-09-12T19:47:05Z,74,77,30,5237,100,1363,1702,0.20
2026-09-12T19:47:07Z,74,76,30,5237,100,1416,1702,0.18
2026-09-12T19:47:09Z,76,76,30,5252,99,1373,1399,0.18
2026-09-12T19:47:11Z,78,76,30,5237,99,1376,1702,0.18
2026-09-12T19:47:13Z,77,76,30,5237,100,1380,1702,0.17
2026-09-12T19:47:15Z,75,77,30,5281,99,1377,1400,0.17
2026-09-12T19:47:17Z,76,76,30,5281,99,1388,1702,0.15
2026-09-12T19:47:19Z,75,77,30,5237,100,1374,1400,0.15
2026-09-12T19:47:21Z,75,77,30,5237,99,1359,1399,0.15
2026-09-12T19:47:23Z,74,76,30,5237,99,1348,1702,0.22
2026-09-12T19:47:25Z,64,76,30,5237,0,200,2424,0.22
2026-09-12T19:47:27Z,60,74,30,5237,0,200,2425,0.20
2026-09-12T19:47:29Z,59,71,30,5281,0,200,2424,0.20
2026-09-12T19:47:31Z,58,70,30,5252,9,1040,2426,0.27
2026-09-12T19:47:34Z,56,68,30,5237,68,1040,2424,0.27
2026-09-12T19:47:36Z,55,66,30,5281,9,1040,2425,0.27
2026-09-12T19:47:38Z,55,64,30,4518,0,200,2425,0.33
2026-09-12T19:47:40Z,53,63,30,4242,0,200,2424,0.33
2026-09-12T19:47:42Z,53,61,30,3605,99,1040,2424,0.38
2026-09-12T19:47:44Z,64,64,30,3440,99,1600,1702,0.38
2026-09-12T19:47:46Z,69,68,30,3272,100,1350,1702,0.38
2026-09-12T19:47:48Z,66,69,30,3366,99,1600,1702,0.43
2026-09-12T19:47:50Z,71,70,30,3551,100,1365,1702,0.43
2026-09-12T19:47:52Z,67,71,30,3826,99,1484,2424,0.64
2026-09-12T19:47:54Z,63,70,30,3803,100,1040,2424,0.64
2026-09-12T19:47:56Z,69,72,30,3989,99,1359,1702,0.64
2026-09-12T19:47:58Z,73,73,30,4261,99,1331,1399,0.59
2026-09-12T19:48:00Z,75,74,30,4391,100,1365,1702,0.59
2026-09-12T19:48:02Z,76,75,30,4629,100,1431,1400,0.54
2026-09-12T19:48:04Z,73,75,30,4832,100,1469,1523,0.54
2026-09-12T19:48:07Z,69,74,30,5000,99,1215,2424,0.74
2026-09-12T19:48:09Z,76,74,30,4960,99,1370,1702,0.74
2026-09-12T19:48:11Z,75,75,30,4973,99,1348,2249,0.74
2026-09-12T19:48:13Z,75,75,30,5000,99,1383,1702,0.68
2026-09-12T19:48:15Z,77,76,30,5000,100,1407,1702,0.68
2026-09-12T19:48:17Z,72,75,30,5026,100,1475,1533,0.70
2026-09-12T19:48:19Z,75,75,30,5040,100,1600,1702,0.70
2026-09-12T19:48:21Z,76,75,30,5026,99,1367,1702,0.70
2026-09-12T19:48:23Z,75,76,30,5067,99,1600,1399,0.65
2026-09-12T19:48:25Z,74,76,30,5208,99,1600,1702,0.65
2026-09-12T19:48:27Z,75,76,30,5208,99,1600,2424,0.59
2026-09-12T19:48:29Z,72,76,30,5208,100,1520,1399,0.59
2026-09-12T19:48:31Z,72,75,30,5208,99,1463,1702,0.63
2026-09-12T19:48:33Z,77,76,30,5252,100,1366,1702,0.63
2026-09-12T19:48:36Z,77,76,30,5252,99,1466,1399,0.63
2026-09-12T19:48:38Z,77,76,30,5208,100,1342,1702,0.58
2026-09-12T19:48:40Z,75,76,30,5208,100,1349,2424,0.58
2026-09-12T19:48:42Z,74,76,30,5252,100,1475,2424,0.61
2026-09-12T19:48:44Z,76,75,30,5237,99,1340,1702,0.61
2026-09-12T19:48:46Z,75,76,30,5208,100,1386,1702,0.61
2026-09-12T19:48:48Z,76,76,30,5208,100,1464,1702,0.56
2026-09-12T19:48:50Z,78,76,30,5237,100,1482,1702,0.56
2026-09-12T19:48:52Z,72,76,30,5237,100,1421,2424,0.60
2026-09-12T19:48:54Z,74,75,30,5208,99,1472,1599,0.60
2026-09-12T19:48:56Z,76,75,30,5237,100,1365,1702,0.60
2026-09-12T19:48:58Z,76,76,30,5208,100,1529,1702,0.55
2026-09-12T19:49:00Z,76,76,30,5237,100,1600,1399,0.55
2026-09-12T19:49:02Z,76,76,30,5237,99,1600,1702,0.50
2026-09-12T19:49:04Z,73,76,30,5252,99,200,1975,0.50
2026-09-12T19:49:07Z,70,76,30,5237,0,200,2424,0.70
2026-09-12T19:49:09Z,75,75,30,5252,100,1600,1702,0.70
2026-09-12T19:49:11Z,76,76,30,5252,99,1600,2424,0.70
2026-09-12T19:49:13Z,76,76,30,5237,99,1600,1702,0.65
2026-09-12T19:49:15Z,75,76,30,5252,99,1367,1702,0.65
2026-09-12T19:49:17Z,71,76,30,5237,100,1495,1702,0.92
2026-09-12T19:49:19Z,69,76,30,5237,100,1040,2424,0.92
2026-09-12T19:49:21Z,76,75,30,5237,100,1358,1702,0.92
2026-09-12T19:49:23Z,72,76,30,5252,99,1600,1399,0.84
2026-09-12T19:49:25Z,72,76,30,5252,99,1600,1702,0.84
2026-09-12T19:49:27Z,73,76,30,5252,99,1600,1702,0.77
2026-09-12T19:49:29Z,73,76,30,5252,100,1539,1702,0.77
2026-09-12T19:49:31Z,74,75,30,5237,99,1444,1702,0.77
2026-09-12T19:49:33Z,75,76,30,5237,100,1600,2425,0.79
2026-09-12T19:49:35Z,76,76,30,5252,99,1516,1702,0.79
2026-09-12T19:49:38Z,76,76,30,5252,99,1600,2424,0.73
2026-09-12T19:49:40Z,75,76,30,5252,100,1600,2424,0.73
2026-09-12T19:49:42Z,71,76,30,5252,100,1507,1399,0.91
2026-09-12T19:49:44Z,75,75,30,5237,99,1600,2230,0.91
2026-09-12T19:49:46Z,75,76,30,5252,99,1308,1400,0.91
2026-09-12T19:49:48Z,74,76,30,5281,100,1437,1932,0.84
2026-09-12T19:49:50Z,74,76,30,5252,99,1350,1702,0.84
2026-09-12T19:49:52Z,76,76,30,5237,100,1600,2424,0.77
2026-09-12T19:49:54Z,74,76,30,5252,100,1487,2424,0.77
2026-09-12T19:49:56Z,77,75,30,5252,99,1345,1400,0.77
2026-09-12T19:49:58Z,72,76,30,5252,100,1527,1399,0.71
2026-09-12T19:50:00Z,75,76,30,5252,99,1326,1702,0.71
2026-09-12T19:50:02Z,74,76,30,5252,100,1327,1400,0.65
2026-09-12T19:50:04Z,69,77,30,5252,100,1178,2424,0.65
2026-09-12T19:50:06Z,73,76,30,5281,100,1594,1702,0.84
2026-09-12T19:50:09Z,74,75,30,5252,99,1303,1702,0.84
2026-09-12T19:50:11Z,77,76,30,5252,100,1343,1702,0.84
2026-09-12T19:50:13Z,76,76,30,5237,99,1332,1702,1.09
2026-09-12T19:50:15Z,76,76,30,5281,99,1356,1702,1.09
2026-09-12T19:50:17Z,72,76,30,5237,99,1461,1986,1.09
2026-09-12T19:50:19Z,73,76,30,5252,100,1600,1702,1.09
2026-09-12T19:50:21Z,76,75,30,5281,99,1362,1702,1.09
2026-09-12T19:50:23Z,76,76,30,5237,99,1381,1702,1.00
2026-09-12T19:50:25Z,76,76,30,5281,100,1458,1702,1.00
2026-09-12T19:50:27Z,76,76,30,5237,99,1462,1399,0.92
2026-09-12T19:50:29Z,72,76,30,5281,100,1524,1702,0.92
2026-09-12T19:50:31Z,65,76,30,5237,3,200,2424,0.92
2026-09-12T19:50:33Z,76,76,30,5252,100,1600,1702,1.08
2026-09-12T19:50:35Z,76,76,30,5252,100,1600,1702,1.08
2026-09-12T19:50:38Z,75,76,30,5237,99,1600,2425,1.24
2026-09-12T19:50:40Z,75,76,30,5252,99,1600,2357,1.24
2026-09-12T19:50:42Z,74,76,30,5252,99,1475,1702,1.14
2026-09-12T19:50:44Z,64,76,30,5281,0,200,2425,1.14
2026-09-12T19:50:46Z,60,74,30,5252,0,200,2424,1.14
2026-09-12T19:50:48Z,59,72,30,5252,0,200,2424,1.13
2026-09-12T19:50:50Z,58,70,30,5252,0,200,2424,1.13
2026-09-12T19:50:52Z,56,68,30,5252,0,200,2424,1.28
2026-09-12T19:50:54Z,57,67,30,5252,0,200,2424,1.28
2026-09-12T19:50:56Z,57,64,30,4550,0,200,2424,1.28
2026-09-12T19:50:58Z,54,63,30,4290,0,200,2424,1.18
2026-09-12T19:51:00Z,59,62,30,3947,100,1040,2424,1.18
2026-09-12T19:51:02Z,69,67,30,3318,100,1600,1702,1.08
2026-09-12T19:51:04Z,66,69,30,3125,100,1600,1400,1.08
2026-09-12T19:51:06Z,70,71,30,3318,100,1366,1702,1.08
2026-09-12T19:51:08Z,69,71,30,3571,100,1523,2424,1.16
2026-09-12T19:51:10Z,73,72,30,3626,100,1448,1399,1.16
2026-09-12T19:51:13Z,70,73,30,4058,99,1470,1702,1.06
2026-09-12T19:51:15Z,73,74,30,4194,100,1600,2424,1.06
2026-09-12T19:51:17Z,72,74,30,4411,100,1534,1702,0.98
2026-09-12T19:51:19Z,68,73,30,4411,100,1040,2424,0.98
2026-09-12T19:51:21Z,73,74,30,4595,100,1600,1702,0.98
2026-09-12T19:51:23Z,72,75,30,4687,99,1598,1702,0.90
2026-09-12T19:51:25Z,76,75,30,4783,99,1360,1702,0.90
2026-09-12T19:51:27Z,75,76,30,4844,100,1419,1702,0.83
2026-09-12T19:51:29Z,75,76,30,4870,99,1385,1702,0.83
2026-09-12T19:51:31Z,75,76,30,4934,100,1375,1702,0.83
2026-09-12T19:51:33Z,75,76,30,4973,100,1343,2425,0.76
2026-09-12T19:51:35Z,73,76,30,4973,99,1405,1399,0.76
2026-09-12T19:51:37Z,70,75,30,5067,99,1299,2425,0.78
2026-09-12T19:51:39Z,75,76,30,5067,99,1600,1702,0.78
2026-09-12T19:51:41Z,76,76,30,5067,99,1559,1399,0.72
2026-09-12T19:51:44Z,76,76,30,5067,99,1600,2261,0.72
2026-09-12T19:51:46Z,76,76,30,5095,100,1373,1702,0.72
2026-09-12T19:51:48Z,76,76,30,5179,99,1402,1702,0.66
2026-09-12T19:51:50Z,77,76,30,5208,99,1392,1399,0.66
2026-09-12T19:51:52Z,76,77,30,5165,99,1331,2424,0.69
2026-09-12T19:51:54Z,74,76,30,5165,99,1342,1702,0.69
2026-09-12T19:51:56Z,74,76,30,5208,100,1403,1702,0.69
2026-09-12T19:51:58Z,76,76,30,5179,99,1390,1702,0.63
2026-09-12T19:52:00Z,76,76,30,5179,100,1600,1400,0.63
2026-09-12T19:52:02Z,75,76,30,5179,99,1332,2424,0.58
2026-09-12T19:52:04Z,75,76,30,5179,99,1376,1702,0.58
2026-09-12T19:52:06Z,77,76,30,5165,100,1379,1702,0.58
2026-09-12T19:52:08Z,77,77,30,5208,100,1372,1702,0.53
2026-09-12T19:52:10Z,76,77,30,5252,99,1329,2425,0.53
2026-09-12T19:52:13Z,73,76,30,5281,99,1492,1702,0.49
2026-09-12T19:52:15Z,75,75,30,5281,100,1352,1702,0.49
2026-09-12T19:52:17Z,76,76,30,5281,100,1355,1702,0.45
2026-09-12T19:52:19Z,75,76,30,5281,99,1352,1702,0.45
2026-09-12T19:52:21Z,76,76,30,5281,100,1335,2424,0.45
2026-09-12T19:52:23Z,76,76,30,5266,99,1600,1702,0.50
2026-09-12T19:52:25Z,76,76,30,5281,100,1600,1702,0.50
2026-09-12T19:52:27Z,75,76,30,5281,100,1381,1702,0.46
2026-09-12T19:52:29Z,75,76,30,5281,99,1337,2424,0.46
2026-09-12T19:52:31Z,75,76,30,5281,99,1460,1400,0.46
2026-09-12T19:52:33Z,76,75,30,5281,99,1371,1702,0.50
2026-09-12T19:52:35Z,76,76,30,5281,99,1371,1702,0.50
2026-09-12T19:52:37Z,76,76,30,5281,99,1371,1702,0.46
2026-09-12T19:52:39Z,77,76,30,5281,100,1332,2429,0.46
2026-09-12T19:52:41Z,76,76,30,5281,99,1375,1702,0.42
2026-09-12T19:52:44Z,76,76,30,5281,100,1376,1400,0.42
2026-09-12T19:52:46Z,75,76,30,5281,100,1411,1702,0.42
2026-09-12T19:52:48Z,76,76,30,5326,99,1321,2425,0.39
2026-09-12T19:52:50Z,73,76,30,5266,100,1565,1399,0.39
2026-09-12T19:52:52Z,75,75,30,5326,100,1371,1702,0.36
2026-09-12T19:52:54Z,76,76,30,5281,99,1337,1702,0.36
2026-09-12T19:52:56Z,76,76,30,5281,100,1356,1702,0.36
2026-09-12T19:52:58Z,72,76,30,5281,99,1600,2424,0.33
2026-09-12T19:53:00Z,76,76,30,5311,99,1384,1702,0.33
2026-09-12T19:53:02Z,76,76,30,5281,100,1428,1702,0.30
2026-09-12T19:53:04Z,77,77,30,5281,100,1376,1702,0.30
2026-09-12T19:53:06Z,74,76,30,5296,99,1306,1401,0.30
2026-09-12T19:53:08Z,71,76,30,5281,100,1519,1702,0.28
2026-09-12T19:53:10Z,72,75,30,5281,100,1372,1702,0.28
2026-09-12T19:53:13Z,71,76,30,5281,100,1600,1702,0.25
2026-09-12T19:53:15Z,71,76,30,5281,99,1596,1400,0.25
2026-09-12T19:53:17Z,76,76,30,5311,99,1339,2425,0.31
2026-09-12T19:53:19Z,75,76,30,5281,99,1373,1702,0.31
2026-09-12T19:53:21Z,76,76,30,5311,99,1371,1399,0.31
2026-09-12T19:53:23Z,77,76,30,5281,100,1382,1702,0.29
2026-09-12T19:53:25Z,75,76,30,5266,100,1473,1702,0.29
2026-09-12T19:53:27Z,75,76,30,5326,100,1466,1399,0.27
2026-09-12T19:53:29Z,75,75,30,5281,99,1600,1702,0.27
2026-09-12T19:53:31Z,76,76,30,5281,99,1600,2210,0.27
2026-09-12T19:53:33Z,76,76,30,5281,100,1505,1702,0.24
2026-09-12T19:53:35Z,74,76,30,5281,99,1327,1702,0.24
2026-09-12T19:53:37Z,76,76,30,5281,100,1373,1702,0.22
2026-09-12T19:53:39Z,76,76,30,5311,100,1370,1702,0.22
2026-09-12T19:53:42Z,76,76,30,5281,99,1373,1702,0.29
2026-09-12T19:53:44Z,73,76,30,5281,100,1475,1399,0.29
2026-09-12T19:53:46Z,73,76,30,5326,99,1379,1702,0.29
2026-09-12T19:53:48Z,75,75,30,5281,99,1600,1702,0.26
2026-09-12T19:53:50Z,76,76,30,5326,99,1361,1702,0.26
2026-09-12T19:53:52Z,72,76,30,5311,99,1433,1702,0.24
2026-09-12T19:53:54Z,69,76,30,5296,99,1125,2424,0.24
2026-09-12T19:53:56Z,76,76,30,5281,100,1369,1702,0.24
2026-09-12T19:53:58Z,76,76,30,5266,99,1368,1702,0.22
2026-09-12T19:54:00Z,76,76,30,5281,99,1342,1399,0.22
2026-09-12T19:54:02Z,72,76,30,5281,100,1492,1702,0.29
2026-09-12T19:54:04Z,70,76,30,5281,99,1497,1702,0.29
2026-09-12T19:54:06Z,76,75,30,5311,100,1487,1702,0.34
2026-09-12T19:54:09Z,73,76,30,5326,100,1600,1702,0.34
2026-09-12T19:54:11Z,72,76,30,5281,99,1598,1702,0.34
2026-09-12T19:54:13Z,75,76,30,5281,99,1423,1702,0.40
2026-09-12T19:54:15Z,75,76,30,5326,99,1375,1702,0.40
2026-09-12T19:54:17Z,76,76,30,5281,100,1384,1702,0.36
2026-09-12T19:54:19Z,76,76,30,5281,99,1366,1959,0.36
2026-09-12T19:54:21Z,74,76,30,5281,99,1326,1702,0.36
2026-09-12T19:54:23Z,65,75,30,5281,0,200,2424,0.41
2026-09-12T19:54:25Z,75,75,30,5281,100,1600,1702,0.41
2026-09-12T19:54:27Z,73,76,30,5296,100,1600,1702,0.38
2026-09-12T19:54:29Z,71,76,30,5296,99,1596,1702,0.38
2026-09-12T19:54:31Z,75,76,30,5281,99,1385,1702,0.38
2026-09-12T19:54:33Z,76,76,30,5281,100,1433,1702,0.67
2026-09-12T19:54:35Z,76,76,30,5311,100,1371,1702,0.67
2026-09-12T19:54:38Z,75,76,30,5326,99,1329,2424,0.62
2026-09-12T19:54:40Z,74,76,30,5281,100,1342,1400,0.62
2026-09-12T19:54:42Z,65,75,30,5266,99,1040,2424,0.73
2026-09-12T19:54:44Z,76,75,30,5296,100,1373,1404,0.73
2026-09-12T19:54:46Z,76,76,30,5281,100,1377,1702,0.73
2026-09-12T19:54:48Z,76,76,30,5326,99,1370,1702,0.67
2026-09-12T19:54:50Z,75,76,30,5281,100,1600,1400,0.67
2026-09-12T19:54:52Z,76,76,30,5326,100,1433,1702,0.78
2026-09-12T19:54:54Z,75,76,30,5281,99,1600,1702,0.78
2026-09-12T19:54:56Z,73,76,30,5296,99,1326,2424,0.78
2026-09-12T19:54:58Z,74,76,30,5326,0,1522,1702,0.79
2026-09-12T19:55:00Z,68,75,30,5326,99,1040,2424,0.79
2026-09-12T19:55:02Z,71,75,30,5326,100,1600,1702,0.73
2026-09-12T19:55:04Z,71,76,30,5281,99,1600,1702,0.73
2026-09-12T19:55:06Z,75,76,30,5266,99,1331,1399,0.67
2026-09-12T19:55:09Z,75,76,30,5311,99,1388,1702,0.67
2026-09-12T19:55:11Z,75,76,30,5311,100,1372,1702,0.67
2026-09-12T19:55:13Z,76,76,30,5266,99,1372,1702,0.62
2026-09-12T19:55:15Z,75,76,30,5281,100,1353,2428,0.62
2026-09-12T19:55:17Z,73,76,30,5281,100,1337,1400,0.57
2026-09-12T19:55:19Z,68,75,30,5281,99,1098,2424,0.57
2026-09-12T19:55:21Z,76,75,30,5281,100,1378,1400,0.57
2026-09-12T19:55:23Z,76,76,30,5281,100,1379,1702,0.52
2026-09-12T19:55:25Z,76,76,30,5311,100,1348,1702,0.52
2026-09-12T19:55:27Z,75,76,30,5311,100,1377,1702,0.48
2026-09-12T19:55:29Z,72,76,30,5296,100,1600,1702,0.48
2026-09-12T19:55:31Z,72,76,30,5296,100,1544,1702,0.48
2026-09-12T19:55:33Z,75,76,30,5296,99,1600,2424,0.44
2026-09-12T19:55:35Z,74,76,30,5281,99,1377,1702,0.44
2026-09-12T19:55:38Z,63,75,30,5281,0,200,2424,0.41
2026-09-12T19:55:40Z,60,73,30,5281,0,200,2424,0.41
2026-09-12T19:55:42Z,59,71,30,5266,11,1040,2726,0.45
2026-09-12T19:55:44Z,58,69,30,5326,13,1040,2424,0.45
2026-09-12T19:55:46Z,56,67,30,5281,0,200,2425,0.45
2026-09-12T19:55:48Z,56,66,30,4870,0,200,2424,0.50
2026-09-12T19:55:50Z,62,64,30,4443,100,1462,2425,0.50
2026-09-12T19:55:52Z,69,66,30,3947,100,1600,1702,0.46
2026-09-12T19:55:54Z,70,69,30,3727,0,200,2425,0.46
2026-09-12T19:55:56Z,71,70,30,3727,99,1352,1400,0.46
2026-09-12T19:55:58Z,71,71,30,3735,99,1439,1400,0.42
2026-09-12T19:56:00Z,71,71,30,3898,99,1462,1702,0.42
2026-09-12T19:56:02Z,71,71,30,3947,100,1514,1399,0.47
2026-09-12T19:56:04Z,72,71,30,4049,99,1324,1399,0.47
2026-09-12T19:56:06Z,74,73,30,4194,99,1483,1702,0.47
2026-09-12T19:56:08Z,70,75,30,4573,99,1600,1702,0.43
2026-09-12T19:56:11Z,71,75,30,4687,99,1600,1702,0.43
2026-09-12T19:56:13Z,75,75,30,4746,100,1459,2425,0.39
2026-09-12T19:56:15Z,72,75,30,4870,100,1441,1702,0.39
2026-09-12T19:56:17Z,73,75,30,4973,100,1491,1400,0.44
2026-09-12T19:56:19Z,75,74,30,4960,99,1442,1702,0.44
2026-09-12T19:56:21Z,76,75,30,5067,100,1465,1702,0.44
2026-09-12T19:56:23Z,72,76,30,5067,99,1471,1702,0.41
2026-09-12T19:56:25Z,76,76,30,5067,99,1354,1702,0.41
2026-09-12T19:56:27Z,75,76,30,5040,100,1421,1702,0.46
2026-09-12T19:56:29Z,73,76,30,5040,99,1424,1702,0.46
2026-09-12T19:56:31Z,73,75,30,5165,99,1387,1399,0.46
2026-09-12T19:56:33Z,75,75,30,5179,100,1398,1702,0.50
2026-09-12T19:56:35Z,73,76,30,5179,100,1600,1702,0.50
2026-09-12T19:56:37Z,76,76,30,5179,99,1369,1702,0.46
2026-09-12T19:56:40Z,79,76,30,5179,100,1379,1702,0.46
2026-09-12T19:56:42Z,74,76,30,5179,99,1441,1399,0.50
2026-09-12T19:56:44Z,73,76,30,5179,32,1503,1702,0.50
2026-09-12T19:56:46Z,66,75,30,5165,100,1040,2426,0.50
2026-09-12T19:56:48Z,73,75,30,5208,100,1294,1702,0.46
2026-09-12T19:56:50Z,77,76,30,5179,99,1346,1702,0.46
2026-09-12T19:56:52Z,76,76,30,5208,99,1367,1399,0.43
2026-09-12T19:56:54Z,76,77,30,5208,99,1515,1702,0.43
2026-09-12T19:56:56Z,74,76,30,5208,100,1438,1399,0.43
2026-09-12T19:56:58Z,73,76,30,5237,100,1396,1702,0.47
2026-09-12T19:57:00Z,69,75,30,5237,100,1519,1843,0.47
2026-09-12T19:57:02Z,76,76,30,5208,100,1340,1702,0.43
2026-09-12T19:57:04Z,74,76,30,5208,99,1387,1702,0.43
2026-09-12T19:57:07Z,76,76,30,5237,99,1537,1702,0.40
2026-09-12T19:57:09Z,77,77,30,5237,99,1550,1702,0.40
2026-09-12T19:57:11Z,73,76,30,5237,99,1500,1399,0.40
2026-09-12T19:57:13Z,73,76,30,5237,99,1433,1702,0.37
2026-09-12T19:57:15Z,76,75,30,5252,100,1365,1702,0.37
2026-09-12T19:57:17Z,76,76,30,5208,100,1600,1400,0.34
2026-09-12T19:57:19Z,75,76,30,5252,99,1315,1702,0.34
2026-09-12T19:57:21Z,76,77,30,5252,99,1302,1399,0.34
2026-09-12T19:57:23Z,71,77,30,5237,100,1234,2424,0.31
2026-09-12T19:57:25Z,73,76,30,5237,99,1482,1702,0.31
2026-09-12T19:57:27Z,72,76,30,5237,99,1453,1399,0.28
2026-09-12T19:57:29Z,75,75,30,5237,99,1600,1702,0.28
2026-09-12T19:57:31Z,72,76,30,5252,99,1600,1399,0.28
2026-09-12T19:57:33Z,76,76,30,5252,99,1339,1702,0.26
2026-09-12T19:57:36Z,77,76,30,5281,99,1363,1399,0.26
2026-09-12T19:57:38Z,73,77,30,5237,99,1445,1702,0.24
2026-09-12T19:57:40Z,73,76,30,5237,100,1412,1702,0.24
2026-09-12T19:57:42Z,73,76,30,5237,100,1389,1400,0.22
2026-09-12T19:57:44Z,73,75,30,5237,99,1310,1702,0.22
2026-09-12T19:57:46Z,76,76,30,5252,100,1443,1702,0.22
2026-09-12T19:57:48Z,76,77,30,5237,99,1522,1702,0.28
2026-09-12T19:57:50Z,76,77,30,5237,99,1600,1400,0.28
2026-09-12T19:57:52Z,74,77,30,5252,99,1462,1400,0.26
2026-09-12T19:57:54Z,74,76,30,5252,100,1378,1399,0.26
2026-09-12T19:57:56Z,69,76,30,5252,100,1040,2424,0.26
2026-09-12T19:57:58Z,76,76,30,5281,99,1471,1702,0.24
2026-09-12T19:58:00Z,78,76,30,5237,99,1436,1702,0.24
2026-09-12T19:58:03Z,75,77,30,5252,99,1600,1702,0.22
2026-09-12T19:58:05Z,76,77,30,5237,100,1537,1702,0.22
2026-09-12T19:58:07Z,74,77,30,5237,100,1577,1702,0.20
2026-09-12T19:58:09Z,73,76,30,5252,100,1460,1702,0.20
2026-09-12T19:58:11Z,75,76,30,5237,99,1470,1702,0.20
2026-09-12T19:58:13Z,76,76,30,5252,99,1371,1433,0.19
2026-09-12T19:58:15Z,72,77,30,5252,99,1378,2424,0.19
2026-09-12T19:58:17Z,76,77,30,5252,100,1361,1399,0.17
2026-09-12T19:58:19Z,76,77,30,5237,99,1600,2425,0.17
2026-09-12T19:58:21Z,74,76,30,5281,74,1439,1399,0.17
2026-09-12T19:58:23Z,74,76,30,5281,99,1444,1702,0.16
2026-09-12T19:58:25Z,76,75,30,5252,100,1454,1702,0.16
2026-09-12T19:58:27Z,76,76,30,5237,100,1600,1401,0.14
2026-09-12T19:58:29Z,77,77,30,5281,100,1361,1702,0.14
2026-09-12T19:58:32Z,75,77,30,5281,99,1318,1702,0.13
2026-09-12T19:58:34Z,71,77,30,5252,99,1393,2424,0.13
2026-09-12T19:58:36Z,74,76,30,5237,100,1429,1702,0.13
2026-09-12T19:58:38Z,73,76,30,5281,99,1540,1702,0.20
2026-09-12T19:58:40Z,76,75,30,5281,100,1515,1702,0.20
2026-09-12T19:58:42Z,77,76,30,5281,100,1600,1702,0.19
2026-09-12T19:58:44Z,75,77,30,5281,99,1323,1702,0.19
2026-09-12T19:58:46Z,77,77,30,5252,99,1355,1414,0.19
2026-09-12T19:58:48Z,73,77,30,5281,100,1446,1702,0.17
2026-09-12T19:58:50Z,75,76,30,5252,0,1472,1702,0.17
2026-09-12T19:58:52Z,70,76,30,5252,0,200,2424,0.24
2026-09-12T19:58:54Z,76,76,30,5237,100,1600,1702,0.24
2026-09-12T19:58:56Z,72,76,30,5281,99,1526,1702,0.24
2026-09-12T19:58:58Z,76,76,30,5252,100,1518,1702,0.30
2026-09-12T19:59:01Z,77,77,30,5237,99,1517,1702,0.30
2026-09-12T19:59:03Z,74,77,30,5252,100,1513,1702,0.43
2026-09-12T19:59:05Z,73,76,30,5281,100,1450,1400,0.43
2026-09-12T19:59:07Z,69,76,30,5281,100,1040,2424,0.48
2026-09-12T19:59:09Z,76,76,30,5237,100,1350,1399,0.48
2026-09-12T19:59:11Z,76,76,30,5281,99,1304,1702,0.48
2026-09-12T19:59:13Z,76,77,30,5252,100,1528,1702,0.44
2026-09-12T19:59:15Z,77,77,30,5281,100,1408,1702,0.44
2026-09-12T19:59:17Z,73,76,30,5237,100,1426,1702,0.49
2026-09-12T19:59:19Z,74,76,30,5281,100,1471,1702,0.49
2026-09-12T19:59:21Z,63,75,30,5281,0,200,2424,0.49
2026-09-12T19:59:23Z,61,73,30,5281,0,200,2424,0.45
2026-09-12T19:59:25Z,59,71,30,5281,5,1040,2425,0.45
2026-09-12T19:59:27Z,58,69,30,5252,3,1040,2424,0.49
2026-09-12T19:59:29Z,58,67,30,5252,0,200,2424,0.49
2026-09-12T19:59:32Z,56,66,30,4687,0,200,2425,0.61
2026-09-12T19:59:34Z,70,67,30,4360,100,1463,1702,0.61
2026-09-12T19:59:36Z,70,70,30,3850,100,1388,1702,0.61
2026-09-12T19:59:38Z,72,71,30,3842,100,1600,1702,0.56
2026-09-12T19:59:40Z,74,72,30,3906,100,1375,1702,0.56
2026-09-12T19:59:42Z,74,73,30,4058,100,1394,1702,0.52
2026-09-12T19:59:44Z,74,74,30,4232,100,1393,1702,0.52
2026-09-12T19:59:46Z,74,75,30,4432,99,1429,1702,0.52
2026-09-12T19:59:48Z,72,74,30,4573,100,1507,1399,0.56
2026-09-12T19:59:50Z,73,74,30,4687,0,1512,1702,0.56
2026-09-12T19:59:52Z,74,74,30,4746,99,1576,1702,0.51
2026-09-12T19:59:54Z,76,74,30,4870,99,1429,1702,0.51
2026-09-12T19:59:56Z,76,76,30,5067,99,1379,1702,0.51
2026-09-12T19:59:58Z,76,76,30,5281,99,1600,2362,0.47
2026-09-12T20:00:01Z,74,76,30,5281,81,1182,2424,0.47
2026-09-12T20:00:03Z,76,76,30,5281,99,1369,1702,0.43
2026-09-12T20:00:05Z,76,76,30,5281,99,1378,1702,0.43
2026-09-12T20:00:07Z,75,77,30,5281,100,1372,1702,0.40
2026-09-12T20:00:09Z,73,77,30,5281,100,1387,1399,0.40
2026-09-12T20:00:11Z,74,76,30,5281,100,1332,1702,0.40
2026-09-12T20:00:13Z,73,75,30,5281,99,1438,1702,0.37
2026-09-12T20:00:15Z,76,75,30,5281,100,1600,1399,0.37
2026-09-12T20:00:17Z,76,76,30,5281,99,1600,1702,0.34
2026-09-12T20:00:19Z,77,76,30,5281,100,1370,1702,0.34
2026-09-12T20:00:21Z,76,76,30,5281,99,1341,1702,0.34
2026-09-12T20:00:23Z,76,76,30,5281,99,1379,1702,0.31
2026-09-12T20:00:25Z,76,77,30,5311,99,1380,1702,0.31
2026-09-12T20:00:28Z,76,77,30,5281,99,1522,1702,0.28
2026-09-12T20:00:30Z,73,77,30,5281,99,1364,1702,0.28
2026-09-12T20:00:32Z,74,76,30,5281,99,1396,1702,0.26
2026-09-12T20:00:34Z,73,76,30,5281,99,1352,1400,0.26
2026-09-12T20:00:36Z,78,75,30,5281,99,1377,1702,0.26
2026-09-12T20:00:38Z,77,76,30,5281,100,1382,1702,0.24
2026-09-12T20:00:40Z,77,76,30,5281,100,1350,1702,0.24
2026-09-12T20:00:42Z,76,77,30,5281,100,1334,2425,0.22
2026-09-12T20:00:44Z,76,77,30,5311,99,1514,1702,0.22
2026-09-12T20:00:46Z,76,77,30,5281,99,1599,1399,0.22
2026-09-12T20:00:48Z,76,77,30,5281,99,1593,1702,0.20
2026-09-12T20:00:50Z,74,77,30,5326,99,1372,1399,0.20
2026-09-12T20:00:52Z,74,76,30,5281,99,1373,1702,0.27
2026-09-12T20:00:54Z,74,76,30,5311,99,1331,1702,0.27
2026-09-12T20:00:57Z,76,75,30,5281,99,1372,1702,0.25
2026-09-12T20:00:59Z,76,76,30,5281,100,1374,1702,0.25
2026-09-12T20:01:01Z,77,76,30,5281,99,1380,1400,0.25
2026-09-12T20:01:03Z,76,77,30,5281,99,1333,2424,0.22
2026-09-12T20:01:05Z,76,77,30,5326,100,1600,1702,0.22
2026-09-12T20:01:07Z,77,77,30,5311,99,1518,1702,0.21
2026-09-12T20:01:09Z,76,77,30,5326,100,1600,1702,0.21
2026-09-12T20:01:11Z,73,77,30,5311,100,1536,1702,0.21
2026-09-12T20:01:13Z,74,76,30,5281,99,1347,1702,0.19
2026-09-12T20:01:15Z,74,76,30,5326,99,1413,1702,0.19
2026-09-12T20:01:17Z,75,75,30,5311,99,1344,1702,0.26
2026-09-12T20:01:19Z,76,76,30,5281,99,1380,1702,0.26
2026-09-12T20:01:21Z,77,76,30,5311,99,1373,1702,0.26
2026-09-12T20:01:24Z,76,77,30,5281,100,1377,1400,0.23
2026-09-12T20:01:26Z,74,76,30,5281,99,1600,1702,0.23
2026-09-12T20:01:28Z,72,77,30,5281,100,1592,1702,0.46
2026-09-12T20:01:30Z,76,77,30,5281,100,1368,1702,0.46
2026-09-12T20:01:32Z,72,77,30,5326,99,1289,2424,0.50
2026-09-12T20:01:34Z,74,76,30,5311,100,1337,1702,0.50
2026-09-12T20:01:36Z,74,76,30,5281,99,1426,1702,0.50
2026-09-12T20:01:38Z,75,75,30,5326,99,1326,1702,0.54
2026-09-12T20:01:40Z,76,76,30,5281,100,1381,1702,0.54
2026-09-12T20:01:42Z,77,76,30,5311,99,1382,1702,0.50
2026-09-12T20:01:44Z,76,77,30,5281,100,1395,1702,0.50
2026-09-12T20:01:46Z,77,76,30,5311,100,1381,1702,0.50
2026-09-12T20:01:48Z,78,77,30,5281,100,1380,1702,0.46
2026-09-12T20:01:50Z,78,77,30,5281,99,1374,1702,0.46
2026-09-12T20:01:53Z,76,77,30,5311,100,1330,2425,0.42
2026-09-12T20:01:55Z,73,76,30,5281,100,1582,1399,0.42
2026-09-12T20:01:57Z,74,76,30,5326,0,1484,1400,0.39
2026-09-12T20:01:59Z,69,75,30,5281,99,1040,2424,0.39
2026-09-12T20:02:01Z,76,76,30,5311,99,1384,1702,0.39
2026-09-12T20:02:03Z,77,76,30,5326,99,1426,1702,0.36
2026-09-12T20:02:05Z,75,77,30,5281,99,1414,1702,0.36
2026-09-12T20:02:07Z,76,77,30,5281,100,1373,1702,0.33
2026-09-12T20:02:09Z,76,77,30,5281,99,1379,1702,0.33
2026-09-12T20:02:11Z,76,77,30,5326,100,1381,1702,0.33
2026-09-12T20:02:13Z,77,77,30,5281,100,1320,2424,0.38
2026-09-12T20:02:15Z,74,76,30,5326,100,1348,1702,0.38
2026-09-12T20:02:17Z,74,76,30,5281,99,1327,1702,0.35
2026-09-12T20:02:19Z,67,75,30,5281,99,1040,2424,0.35
2026-09-12T20:02:21Z,76,75,30,5281,100,1380,1702,0.35
2026-09-12T20:02:24Z,76,76,30,5326,100,1427,1702,0.40
2026-09-12T20:02:26Z,76,76,30,5281,100,1377,1702,0.40
2026-09-12T20:02:28Z,79,77,30,5311,100,1376,1702,0.45
2026-09-12T20:02:30Z,77,77,30,5281,100,1379,1702,0.45
2026-09-12T20:02:32Z,76,77,30,5281,99,1379,1702,0.41
2026-09-12T20:02:34Z,76,77,30,5311,100,1369,1702,0.41
2026-09-12T20:02:36Z,73,76,30,5281,3,1462,1400,0.41
2026-09-12T20:02:38Z,74,76,30,5281,99,1460,1399,0.46
2026-09-12T20:02:40Z,73,75,30,5311,0,200,2427,0.46
2026-09-12T20:02:42Z,76,75,30,5311,100,1370,1702,0.42
2026-09-12T20:02:44Z,76,76,30,5311,100,1368,1702,0.42
2026-09-12T20:02:46Z,76,76,30,5326,99,1348,1702,0.42
2026-09-12T20:02:48Z,76,76,30,5281,100,1369,1702,0.39
2026-09-12T20:02:51Z,76,76,30,5311,100,1372,1399,0.39
2026-09-12T20:02:53Z,76,77,30,5281,99,1380,1400,0.36
2026-09-12T20:02:55Z,76,77,30,5281,100,1377,1702,0.36
2026-09-12T20:02:57Z,73,77,30,5281,99,1360,1702,0.41
2026-09-12T20:02:59Z,74,76,30,5326,99,1342,1702,0.41
2026-09-12T20:03:01Z,74,75,30,5281,99,1356,1400,0.41
2026-09-12T20:03:03Z,75,76,30,5281,100,1378,1702,0.38
2026-09-12T20:03:05Z,76,76,30,5311,100,1490,1702,0.38
2026-09-12T20:03:07Z,77,76,30,5281,100,1600,1702,0.35
2026-09-12T20:03:09Z,75,77,30,5281,100,1381,1702,0.35
2026-09-12T20:03:11Z,76,77,30,5311,100,1384,1702,0.35
2026-09-12T20:03:13Z,77,77,30,5326,99,1389,1702,0.32
2026-09-12T20:03:15Z,76,77,30,5311,100,1377,1702,0.32
2026-09-12T20:03:18Z,73,77,30,5281,99,1347,1400,0.37
2026-09-12T20:03:20Z,73,76,30,5281,99,1357,1399,0.37
2026-09-12T20:03:22Z,74,76,30,5326,100,1340,1400,0.34
2026-09-12T20:03:24Z,77,75,30,5311,100,1600,1399,0.34
2026-09-12T20:03:26Z,75,76,30,5326,99,1370,1702,0.34
2026-09-12T20:03:28Z,78,76,30,5281,99,1375,1421,0.32
2026-09-12T20:03:30Z,72,77,30,5281,99,1257,2424,0.32
2026-09-12T20:03:32Z,76,77,30,5326,99,1600,1702,0.29
2026-09-12T20:03:34Z,75,77,30,5311,99,1600,1399,0.29
2026-09-12T20:03:36Z,76,77,30,5311,100,1439,1702,0.29
2026-09-12T20:03:38Z,74,77,30,5311,100,1359,1702,0.27
2026-09-12T20:03:40Z,74,76,30,5311,100,1403,1400,0.27
2026-09-12T20:03:42Z,74,76,30,5311,99,1328,1399,0.25
2026-09-12T20:03:44Z,76,75,30,5326,100,1380,1702,0.25
2026-09-12T20:03:47Z,78,76,30,5281,100,1379,1702,0.39
2026-09-12T20:03:49Z,76,76,30,5311,99,1347,1399,0.39
2026-09-12T20:03:51Z,75,76,30,5281,99,1333,1400,0.39
2026-09-12T20:03:53Z,77,76,30,5311,99,1380,1702,0.35
2026-09-12T20:03:55Z,78,77,30,5281,99,1377,1399,0.35
2026-09-12T20:03:57Z,78,77,30,5281,99,1372,1702,0.49
2026-09-12T20:03:59Z,74,76,30,5281,99,1360,1702,0.49
2026-09-12T20:04:01Z,74,76,30,5311,100,1354,1399,0.49
2026-09-12T20:04:03Z,73,75,30,5281,99,1331,1400,0.53
2026-09-12T20:04:05Z,76,75,30,5311,100,1390,1702,0.53
2026-09-12T20:04:07Z,76,76,30,5311,99,1377,1702,0.49
2026-09-12T20:04:09Z,75,76,30,5311,99,1362,1400,0.49
2026-09-12T20:04:11Z,76,77,30,5281,99,1348,2424,0.49
2026-09-12T20:04:14Z,76,76,30,5281,100,1372,1702,0.45
2026-09-12T20:04:16Z,77,77,30,5281,99,1378,1702,0.45
2026-09-12T20:04:18Z,78,77,30,5281,99,1378,1399,0.41
2026-09-12T20:04:20Z,74,77,30,5311,100,1323,1702,0.41
2026-09-12T20:04:22Z,74,76,30,5281,99,1339,1702,0.46
2026-09-12T20:04:24Z,73,75,30,5326,99,1352,1702,0.46
2026-09-12T20:04:26Z,76,75,30,5326,100,1401,1702,0.46
2026-09-12T20:04:28Z,76,76,30,5311,100,1396,1702,0.42
2026-09-12T20:04:30Z,77,76,30,5311,99,1384,1702,0.42
2026-09-12T20:04:32Z,75,77,30,5281,100,1362,2424,0.39
2026-09-12T20:04:34Z,78,76,30,5326,100,1378,1702,0.39
2026-09-12T20:04:36Z,76,77,30,5311,99,1377,1702,0.39
2026-09-12T20:04:38Z,76,77,30,5281,99,1378,1702,0.36
2026-09-12T20:04:40Z,74,77,30,5281,99,1333,1401,0.36
2026-09-12T20:04:43Z,74,76,30,5326,100,1341,1702,0.33
2026-09-12T20:04:45Z,74,76,30,5281,99,1383,1702,0.33
2026-09-12T20:04:47Z,62,75,30,5311,0,200,2424,0.38
2026-09-12T20:04:49Z,60,73,30,5281,0,200,2424,0.38
2026-09-12T20:04:51Z,58,71,30,5281,0,200,2424,0.38
2026-09-12T20:04:53Z,57,69,30,5311,17,1040,2424,0.43
2026-09-12T20:04:55Z,57,66,30,5136,10,1040,2425,0.43
2026-09-12T20:04:57Z,55,65,30,4550,10,1040,2424,0.48
2026-09-12T20:04:59Z,56,63,30,4550,0,200,2425,0.48
2026-09-12T20:05:01Z,54,62,30,3890,0,200,2424,0.48
2026-09-12T20:05:03Z,61,61,30,3735,100,1529,2424,0.52
2026-09-12T20:05:05Z,69,66,30,3517,100,1600,2424,0.52
2026-09-12T20:05:07Z,69,69,30,2929,0,1479,2425,0.48
2026-09-12T20:05:09Z,71,70,30,3125,99,1600,1702,0.48
2026-09-12T20:05:11Z,71,71,30,3318,100,1398,1702,0.48
2026-09-12T20:05:13Z,70,71,30,3524,99,1464,2424,0.52
2026-09-12T20:05:16Z,69,71,30,3712,100,1433,2194,0.52
2026-09-12T20:05:18Z,67,71,30,3930,99,1040,2424,0.48
2026-09-12T20:05:20Z,74,73,30,4006,99,1519,1399,0.48
2026-09-12T20:05:22Z,74,74,30,4496,99,1425,1868,0.76
2026-09-12T20:05:24Z,75,75,30,4687,99,1343,1702,0.76
2026-09-12T20:05:26Z,75,76,30,4807,100,1524,1702,0.76
2026-09-12T20:05:28Z,70,75,30,5026,99,1503,1995,0.78
2026-09-12T20:05:30Z,71,75,30,5208,100,1488,1423,0.78
2026-09-12T20:05:32Z,64,74,30,5208,100,1040,2424,0.80
2026-09-12T20:05:34Z,75,75,30,5208,100,1600,1702,0.80
2026-09-12T20:05:36Z,75,75,30,5237,100,1600,1399,0.80
2026-09-12T20:05:38Z,73,76,30,5208,99,1600,1399,0.81
2026-09-12T20:05:40Z,74,76,30,5208,100,1600,1702,0.81
2026-09-12T20:05:42Z,71,76,30,5208,100,1484,1726,1.07
2026-09-12T20:05:44Z,72,75,30,5237,100,1479,2240,1.07
2026-09-12T20:05:47Z,72,75,30,5208,100,1481,2424,1.07
2026-09-12T20:05:49Z,76,75,30,5252,100,1462,1702,1.06
2026-09-12T20:05:51Z,76,75,30,5252,99,1473,1702,1.06
2026-09-12T20:05:53Z,75,76,30,5208,100,1362,1702,1.06
2026-09-12T20:05:55Z,77,76,30,5208,99,1335,1399,1.06
2026-09-12T20:05:57Z,72,76,30,5208,99,1561,1399,1.21
2026-09-12T20:05:59Z,74,75,30,5208,100,1475,1702,1.21
2026-09-12T20:06:01Z,72,75,30,5208,100,1549,1702,1.21
2026-09-12T20:06:03Z,76,75,30,5252,100,1370,1702,1.36
2026-09-12T20:06:05Z,77,76,30,5208,99,1381,1400,1.36
2026-09-12T20:06:07Z,77,76,30,5237,99,1470,1399,1.25
2026-09-12T20:06:09Z,77,76,30,5252,100,1466,1702,1.25
2026-09-12T20:06:11Z,74,76,30,5237,99,1482,1702,1.25
2026-09-12T20:06:13Z,73,76,30,5252,8,1538,2424,1.15
2026-09-12T20:06:16Z,71,75,30,5252,99,1481,1903,1.15
2026-09-12T20:06:18Z,76,75,30,5252,100,1365,1702,1.06
2026-09-12T20:06:20Z,76,76,30,5252,99,1534,1702,1.06
2026-09-12T20:06:22Z,77,76,30,5237,100,1530,1702,0.97
2026-09-12T20:06:24Z,76,76,30,5252,99,1535,1400,0.97
2026-09-12T20:06:26Z,73,76,30,5237,99,1584,1399,0.97
2026-09-12T20:06:28Z,71,76,30,5237,100,1479,1993,1.13
2026-09-12T20:06:30Z,73,75,30,5252,100,1570,1399,1.13
2026-09-12T20:06:32Z,75,75,30,5237,100,1466,1702,1.04
2026-09-12T20:06:34Z,76,76,30,5237,100,1518,1702,1.04
2026-09-12T20:06:36Z,76,76,30,5252,99,1600,1400,1.04
2026-09-12T20:06:38Z,76,76,30,5237,100,1600,1702,0.96
2026-09-12T20:06:40Z,74,77,30,5237,100,1464,2424,0.96
2026-09-12T20:06:42Z,74,76,30,5252,99,1565,1399,0.88
2026-09-12T20:06:45Z,74,75,30,5252,100,1453,2424,0.88
2026-09-12T20:06:47Z,76,75,30,5237,100,1516,1702,0.97
2026-09-12T20:06:49Z,76,76,30,5281,100,1600,2184,0.97
2026-09-12T20:06:51Z,75,76,30,5237,100,1600,2424,0.97
2026-09-12T20:06:53Z,76,76,30,5252,99,1494,1702,0.89
2026-09-12T20:06:55Z,72,77,30,5252,100,1453,2101,0.89
2026-09-12T20:06:57Z,74,76,30,5252,100,1525,1562,1.06
2026-09-12T20:06:59Z,72,76,30,5237,100,1510,1702,1.06
2026-09-12T20:07:01Z,76,75,30,5237,100,1600,1702,1.06
2026-09-12T20:07:03Z,76,76,30,5252,99,1415,1702,0.98
2026-09-12T20:07:05Z,77,76,30,5237,99,1372,1702,0.98
2026-09-12T20:07:07Z,76,77,30,5237,100,1600,2426,0.90
2026-09-12T20:07:09Z,74,77,30,5252,100,200,2424,0.90
2026-09-12T20:07:11Z,74,76,30,5237,99,1475,1953,0.90
2026-09-12T20:07:14Z,73,76,30,5237,99,1340,1702,1.15
2026-09-12T20:07:16Z,76,75,30,5237,99,1535,1702,1.15
2026-09-12T20:07:18Z,76,76,30,5237,99,1600,1702,1.05
2026-09-12T20:07:20Z,73,76,30,5237,99,1600,1702,1.05
2026-09-12T20:07:22Z,76,77,30,5252,99,1600,1702,0.97
2026-09-12T20:07:24Z,76,77,30,5281,14,1095,2424,0.97
2026-09-12T20:07:26Z,73,76,30,5237,99,1550,1400,0.97
2026-09-12T20:07:28Z,74,76,30,5252,99,1504,1399,0.97
2026-09-12T20:07:30Z,75,75,30,5237,99,1600,1702,0.97
2026-09-12T20:07:32Z,72,76,30,5237,100,1600,1449,0.89
2026-09-12T20:07:34Z,72,76,30,5237,100,1600,1702,0.89
2026-09-12T20:07:36Z,76,77,30,5281,99,1600,1702,0.89
2026-09-12T20:07:38Z,76,77,30,5252,99,1421,2424,0.82
2026-09-12T20:07:40Z,72,76,30,5281,99,1535,1702,0.82
2026-09-12T20:07:43Z,74,76,30,5281,99,1460,2425,1.00
2026-09-12T20:07:45Z,75,75,30,5252,100,1600,1702,1.00
2026-09-12T20:07:47Z,77,76,30,5252,99,1343,1702,0.92
2026-09-12T20:07:49Z,74,77,30,5252,99,1474,1399,0.92
2026-09-12T20:07:51Z,77,77,30,5281,100,1356,1702,0.92
2026-09-12T20:07:53Z,76,77,30,5237,99,1600,2426,0.84
2026-09-12T20:07:55Z,74,76,30,5281,99,1474,2415,0.84
2026-09-12T20:07:57Z,73,76,30,5252,100,1537,1399,0.94
2026-09-12T20:07:59Z,77,75,30,5237,100,1345,1702,0.94
2026-09-12T20:08:01Z,76,76,30,5252,99,1352,1702,0.94
2026-09-12T20:08:03Z,71,76,30,5237,100,1108,2424,0.86
2026-09-12T20:08:05Z,75,77,30,5237,99,1325,1702,0.86
2026-09-12T20:08:07Z,72,77,30,5252,99,1600,1702,0.79
2026-09-12T20:08:09Z,73,76,30,5281,100,1584,1399,0.79
2026-09-12T20:08:11Z,75,76,30,5281,99,1455,2029,0.79
2026-09-12T20:08:14Z,75,75,30,5281,100,1499,1702,0.73
2026-09-12T20:08:16Z,77,76,30,5252,99,1349,1702,0.73
2026-09-12T20:08:18Z,76,77,30,5281,99,1600,1399,0.67
2026-09-12T20:08:20Z,76,77,30,5237,99,1600,2424,0.67
2026-09-12T20:08:22Z,76,77,30,5237,99,1600,2078,0.62
2026-09-12T20:08:24Z,75,76,30,5281,99,1488,1399,0.62
2026-09-12T20:08:26Z,74,76,30,5252,0,1510,2273,0.62
2026-09-12T20:08:28Z,75,75,30,5281,99,1394,1399,0.57
2026-09-12T20:08:30Z,72,76,30,5281,100,1524,1702,0.57
2026-09-12T20:08:32Z,76,77,30,5281,99,1558,1702,0.52
2026-09-12T20:08:34Z,72,77,30,5252,100,1600,1702,0.52
2026-09-12T20:08:36Z,72,77,30,5237,99,1600,1702,0.52
2026-09-12T20:08:38Z,74,77,30,5281,0,1516,2424,0.56
2026-09-12T20:08:40Z,72,76,30,5237,99,1478,2340,0.56
2026-09-12T20:08:43Z,64,76,30,5252,99,1040,2424,0.76
2026-09-12T20:08:45Z,61,74,30,5237,0,200,2424,0.76
2026-09-12T20:08:47Z,60,72,30,5252,0,200,2425,0.86
2026-09-12T20:08:49Z,58,70,30,5252,0,200,2424,0.86
2026-09-12T20:08:51Z,57,68,30,5108,0,200,2425,0.86
2026-09-12T20:08:53Z,57,67,30,5067,0,200,2424,0.87
2026-09-12T20:08:55Z,55,66,30,4783,0,200,2425,0.87
2026-09-12T20:08:57Z,55,63,30,4185,0,200,2424,0.96
2026-09-12T20:08:59Z,68,64,30,4194,99,1393,1702,0.96
2026-09-12T20:09:01Z,72,68,30,3427,100,1385,1702,0.96
2026-09-12T20:09:03Z,71,70,30,3378,100,1364,1702,0.88
2026-09-12T20:09:05Z,72,71,30,3453,100,1326,2424,0.88
2026-09-12T20:09:07Z,72,72,30,3571,99,1529,1405,0.81
2026-09-12T20:09:09Z,73,73,30,3881,100,1442,1399,0.81
2026-09-12T20:09:11Z,75,74,30,4102,100,1600,1722,0.81
2026-09-12T20:09:13Z,74,74,30,4310,0,1283,2425,0.75
2026-09-12T20:09:15Z,72,74,30,4380,100,1513,1702,0.75
2026-09-12T20:09:18Z,74,74,30,4629,100,1424,1783,0.77
2026-09-12T20:09:20Z,69,74,30,4746,100,1040,2424,0.77
2026-09-12T20:09:22Z,72,74,30,4746,99,1374,1702,0.70
2026-09-12T20:09:24Z,73,76,30,4895,100,1464,1702,0.70
2026-09-12T20:09:26Z,77,76,30,4934,100,1340,1399,0.70
2026-09-12T20:09:28Z,76,76,30,4973,100,1403,1399,0.73
2026-09-12T20:09:30Z,76,76,30,5040,99,1385,1702,0.73
2026-09-12T20:09:32Z,77,77,30,5067,100,1379,1702,0.67
2026-09-12T20:09:34Z,76,77,30,5237,100,1317,2424,0.67
2026-09-12T20:09:36Z,74,76,30,5208,99,1326,1702,0.67
2026-09-12T20:09:38Z,73,76,30,5208,100,1529,1399,0.62
2026-09-12T20:09:40Z,74,75,30,5237,99,1445,1702,0.62
2026-09-12T20:09:42Z,78,75,30,5208,100,1382,1702,0.57
2026-09-12T20:09:44Z,76,76,30,5237,100,1376,1702,0.57
2026-09-12T20:09:47Z,77,76,30,5208,100,1378,1400,0.57
2026-09-12T20:09:49Z,69,77,30,5237,100,1251,2425,0.52
2026-09-12T20:09:51Z,76,76,30,5252,99,1374,1702,0.52
2026-09-12T20:09:53Z,76,77,30,5237,100,1372,1702,0.48
2026-09-12T20:09:55Z,76,77,30,5237,100,1374,1399,0.48
2026-09-12T20:09:57Z,73,76,30,5237,99,1532,1399,0.44
2026-09-12T20:09:59Z,72,76,30,5237,100,1480,1702,0.44
2026-09-12T20:10:01Z,75,76,30,5252,0,1509,2165,0.44
2026-09-12T20:10:03Z,75,75,30,5237,100,1371,1702,0.49
2026-09-12T20:10:05Z,76,76,30,5237,100,1422,1702,0.49
2026-09-12T20:10:07Z,77,76,30,5252,99,1371,1702,0.45
2026-09-12T20:10:09Z,76,77,30,5208,99,1323,2425,0.45
2026-09-12T20:10:11Z,76,76,30,5208,99,1378,1702,0.45
2026-09-12T20:10:13Z,76,77,30,5252,99,1370,1702,0.41
2026-09-12T20:10:16Z,77,77,30,5252,99,1376,1702,0.41
2026-09-12T20:10:18Z,73,77,30,5237,100,1444,1702,0.46
2026-09-12T20:10:20Z,74,76,30,5252,99,1505,1702,0.46
2026-09-12T20:10:22Z,71,76,30,5237,99,1455,1772,0.42
2026-09-12T20:10:24Z,69,75,30,5237,99,1040,2424,0.42
2026-09-12T20:10:26Z,76,76,30,5252,99,1600,1702,0.42
2026-09-12T20:10:28Z,76,76,30,5252,100,1600,1702,0.39
2026-09-12T20:10:30Z,76,77,30,5252,99,1398,1400,0.39
2026-09-12T20:10:32Z,77,77,30,5237,100,1375,1702,0.36
2026-09-12T20:10:34Z,76,77,30,5237,100,1373,1702,0.36
2026-09-12T20:10:36Z,76,77,30,5252,100,1362,1702,0.36
2026-09-12T20:10:38Z,77,77,30,5237,100,1327,2424,0.33
2026-09-12T20:10:40Z,73,77,30,5237,99,1502,1702,0.33
2026-09-12T20:10:42Z,74,76,30,5237,100,1479,1702,0.38
2026-09-12T20:10:45Z,72,76,30,5252,100,1477,1702,0.38
2026-09-12T20:10:47Z,76,75,30,5237,99,1600,1702,0.43
2026-09-12T20:10:49Z,77,76,30,5237,100,1439,1702,0.43
2026-09-12T20:10:51Z,72,77,30,5237,100,1597,1702,0.43
2026-09-12T20:10:53Z,73,77,30,5237,99,1120,2424,0.48
2026-09-12T20:10:55Z,76,77,30,5237,100,1379,1702,0.48
2026-09-12T20:10:57Z,76,77,30,5252,99,1379,1702,0.44
2026-09-12T20:10:59Z,76,77,30,5252,99,1370,1702,0.44
2026-09-12T20:11:01Z,75,77,30,5237,99,200,1399,0.44
2026-09-12T20:11:03Z,76,76,30,5281,0,1514,1399,0.40
2026-09-12T20:11:05Z,75,76,30,5252,45,1466,1399,0.40
2026-09-12T20:11:07Z,69,75,30,5281,99,1243,2425,0.61
2026-09-12T20:11:09Z,76,75,30,5281,100,1378,1702,0.61
2026-09-12T20:11:11Z,75,76,30,5237,99,1375,1400,0.61
2026-09-12T20:11:14Z,75,76,30,5237,99,1600,2119,0.56
2026-09-12T20:11:16Z,76,76,30,5252,100,1361,1702,0.56
2026-09-12T20:11:18Z,77,76,30,5252,100,1376,1702,0.52
2026-09-12T20:11:20Z,78,76,30,5252,100,1378,1702,0.52
2026-09-12T20:11:22Z,76,77,30,5252,99,1315,2424,0.56
2026-09-12T20:11:24Z,73,76,30,5252,100,1412,1399,0.56
2026-09-12T20:11:26Z,74,76,30,5281,99,1394,1702,0.56
2026-09-12T20:11:28Z,74,75,30,5252,99,1441,1702,0.51
2026-09-12T20:11:30Z,71,74,30,5237,100,1459,2426,0.51
2026-09-12T20:11:32Z,75,75,30,5281,99,1600,1702,0.47
2026-09-12T20:11:34Z,76,76,30,5281,99,1426,1702,0.47
2026-09-12T20:11:36Z,72,76,30,5237,99,1599,1959,0.47
2026-09-12T20:11:38Z,75,76,30,5281,99,1378,1702,0.51
2026-09-12T20:11:40Z,75,76,30,5281,100,1367,1702,0.51
2026-09-12T20:11:43Z,76,76,30,5252,100,1387,1702,0.71
2026-09-12T20:11:45Z,75,76,30,5252,99,1327,2424,0.71
2026-09-12T20:11:47Z,74,76,30,5252,100,1470,1399,0.65
2026-09-12T20:11:49Z,74,76,30,5252,99,1483,1702,0.65
2026-09-12T20:11:51Z,71,75,30,5281,0,200,2425,0.65
2026-09-12T20:11:53Z,76,75,30,5281,99,1385,1702,0.60
2026-09-12T20:11:55Z,72,76,30,5237,100,1600,1702,0.60
2026-09-12T20:11:57Z,72,76,30,5237,100,1397,1702,0.55
2026-09-12T20:11:59Z,76,76,30,5252,100,1448,1702,0.55
2026-09-12T20:12:01Z,76,76,30,5281,99,1426,1702,0.55
2026-09-12T20:12:03Z,77,77,30,5281,100,1451,1702,0.51
2026-09-12T20:12:05Z,75,77,30,5281,99,1564,2174,0.51
2026-09-12T20:12:07Z,70,76,30,5281,99,1504,1702,0.55
2026-09-12T20:12:09Z,73,76,30,5237,100,1527,1702,0.55
2026-09-12T20:12:12Z,72,75,30,5281,100,1516,1400,0.55
2026-09-12T20:12:14Z,77,75,30,5237,100,1361,1399,0.50
2026-09-12T20:12:16Z,76,76,30,5252,99,1369,1702,0.50
2026-09-12T20:12:18Z,77,76,30,5281,99,1366,1399,0.54
2026-09-12T20:12:20Z,75,76,30,5237,100,1334,2424,0.54
2026-09-12T20:12:22Z,77,76,30,5281,100,1413,1702,0.50
2026-09-12T20:12:24Z,76,77,30,5281,99,1386,1702,0.50
2026-09-12T20:12:26Z,76,77,30,5281,100,1392,1702,0.50
2026-09-12T20:12:28Z,73,77,30,5252,99,1505,1854,0.54
2026-09-12T20:12:30Z,74,76,30,5252,99,1340,1399,0.54
2026-09-12T20:12:32Z,73,76,30,5281,99,1535,1400,0.50
2026-09-12T20:12:34Z,73,75,30,5237,100,1512,1702,0.50
2026-09-12T20:12:36Z,77,76,30,5252,99,1359,1702,0.50
2026-09-12T20:12:39Z,76,76,30,5237,99,1368,1702,0.46
2026-09-12T20:12:41Z,76,76,30,5252,99,1335,2374,0.46
2026-09-12T20:12:43Z,75,76,30,5281,99,1370,1399,0.50
2026-09-12T20:12:45Z,76,76,30,5237,100,1426,1702,0.50
2026-09-12T20:12:47Z,76,76,30,5281,99,1378,1702,0.46
2026-09-12T20:12:49Z,76,77,30,5281,100,1366,2424,0.46
2026-09-12T20:12:51Z,73,76,30,5281,100,1334,1399,0.46
2026-09-12T20:12:53Z,74,76,30,5281,99,1402,1399,0.58
2026-09-12T20:12:55Z,68,75,30,5281,0,200,2425,0.58
2026-09-12T20:12:57Z,76,75,30,5281,100,1375,1702,0.54
2026-09-12T20:12:59Z,77,76,30,5252,100,1364,1702,0.54
2026-09-12T20:13:01Z,77,77,30,5281,100,1367,1702,0.54
2026-09-12T20:13:03Z,76,77,30,5281,100,1355,1399,0.57
2026-09-12T20:13:05Z,75,76,30,5252,99,1337,1702,0.57
2026-09-12T20:13:07Z,76,77,30,5237,99,1372,1702,0.53
2026-09-12T20:13:10Z,76,77,30,5281,99,1296,2424,0.53
2026-09-12T20:13:12Z,75,77,30,5237,31,1528,1400,0.53
2026-09-12T20:13:14Z,75,76,30,5281,54,1530,1400,0.49
2026-09-12T20:13:16Z,75,76,30,5237,100,200,1399,0.49
2026-09-12T20:13:18Z,76,75,30,5237,100,1600,1702,0.45
2026-09-12T20:13:20Z,76,76,30,5252,99,1600,1702,0.45
2026-09-12T20:13:22Z,76,76,30,5252,99,1600,1403,0.41
2026-09-12T20:13:24Z,75,77,30,5237,99,1280,2424,0.41
2026-09-12T20:13:26Z,76,76,30,5237,100,1372,1702,0.41
2026-09-12T20:13:28Z,76,77,30,5281,99,1351,1400,0.38
2026-09-12T20:13:30Z,77,77,30,5281,99,1378,1399,0.38
2026-09-12T20:13:32Z,75,77,30,5281,0,1508,1702,0.43
2026-09-12T20:13:34Z,72,76,30,5252,100,200,2425,0.43
2026-09-12T20:13:36Z,75,75,30,5237,100,200,1399,0.43
2026-09-12T20:13:39Z,75,75,30,5281,100,1383,1702,0.47
2026-09-12T20:13:41Z,76,75,30,5237,99,1376,1702,0.47
2026-09-12T20:13:43Z,77,76,30,5252,99,1387,1702,0.43
2026-09-12T20:13:45Z,75,76,30,5281,100,1323,2425,0.43
2026-09-12T20:13:47Z,76,76,30,5237,99,1329,1702,0.40
2026-09-12T20:13:49Z,76,76,30,5281,99,1342,1400,0.40
2026-09-12T20:13:51Z,75,77,30,5252,100,1327,1702,0.40
2026-09-12T20:13:53Z,76,77,30,5281,100,1505,2424,0.37
2026-09-12T20:13:55Z,74,76,30,5237,99,1370,1399,0.37
2026-09-12T20:13:57Z,75,76,30,5237,99,1317,1702,0.42
2026-09-12T20:13:59Z,66,75,30,5237,0,200,2424,0.42
2026-09-12T20:14:01Z,76,75,30,5281,99,1600,1702,0.42
2026-09-12T20:14:03Z,76,76,30,5281,99,1600,1702,0.38
2026-09-12T20:14:05Z,75,76,30,5252,100,1600,1702,0.38
2026-09-12T20:14:08Z,76,76,30,5281,100,1387,1401,0.43
2026-09-12T20:14:10Z,76,76,30,5237,99,1398,1702,0.43
2026-09-12T20:14:12Z,76,77,30,5237,100,1374,1702,0.56
2026-09-12T20:14:14Z,75,77,30,5237,100,1327,2424,0.56
2026-09-12T20:14:16Z,74,76,30,5252,99,1324,1702,0.56
2026-09-12T20:14:18Z,74,76,30,5281,100,1329,1702,0.60
2026-09-12T20:14:20Z,74,75,30,5237,99,1331,1702,0.60
2026-09-12T20:14:22Z,61,74,30,5237,0,200,2424,0.63
2026-09-12T20:14:24Z,60,72,30,5237,0,200,2425,0.63
2026-09-12T20:14:26Z,58,70,30,5252,9,1040,2425,0.63
2026-09-12T20:14:28Z,58,68,30,5281,37,1040,2424,0.66
2026-09-12T20:14:30Z,56,67,30,5237,0,200,2424,0.66
2026-09-12T20:14:32Z,55,65,30,4496,0,200,2426,0.69
2026-09-12T20:14:34Z,68,66,30,4380,99,1328,1702,0.69
2026-09-12T20:14:36Z,70,69,30,3772,99,1472,1399,0.69
2026-09-12T20:14:39Z,67,70,30,3750,100,1600,1702,0.71
2026-09-12T20:14:41Z,73,72,30,3826,99,1342,1702,0.71
2026-09-12T20:14:43Z,73,72,30,3989,99,1600,1702,0.65
2026-09-12T20:14:45Z,73,73,30,4213,100,1600,1702,0.65
2026-09-12T20:14:47Z,74,74,30,4391,99,1365,1702,0.60
2026-09-12T20:14:49Z,73,74,30,4496,99,1600,1702,0.60
2026-09-12T20:14:51Z,69,75,30,4573,100,1236,2425,0.60
2026-09-12T20:14:53Z,72,74,30,4807,99,1502,1702,0.63
2026-09-12T20:14:55Z,76,74,30,4783,100,1383,1702,0.63
2026-09-12T20:14:57Z,76,75,30,4832,99,1528,1702,0.58
2026-09-12T20:14:59Z,76,75,30,4807,100,1368,1702,0.58
2026-09-12T20:15:01Z,75,76,30,4870,100,1530,1702,0.58
2026-09-12T20:15:03Z,75,76,30,5000,99,1314,1702,0.62
2026-09-12T20:15:05Z,72,76,30,5040,100,1600,1959,0.62
2026-09-12T20:15:08Z,72,76,30,5000,100,1327,1400,0.65
2026-09-12T20:15:10Z,76,76,30,5000,100,1600,1702,0.65
2026-09-12T20:15:12Z,76,76,30,5179,100,1381,2424,0.65
2026-09-12T20:15:14Z,73,76,30,5208,100,1371,1399,0.76
2026-09-12T20:15:16Z,77,76,30,5165,99,1375,1702,0.76
2026-09-12T20:15:18Z,76,76,30,5208,100,1600,1702,0.70
2026-09-12T20:15:20Z,76,76,30,5237,99,1336,1702,0.70
2026-09-12T20:15:22Z,76,76,30,5237,99,1540,1702,0.64
2026-09-12T20:15:24Z,73,76,30,5281,100,1314,1702,0.64
2026-09-12T20:15:26Z,72,77,30,5252,100,1533,1702,0.64
2026-09-12T20:15:28Z,75,77,30,5296,99,1305,1400,0.59
2026-09-12T20:15:30Z,76,76,30,5281,100,1600,1702,0.59
2026-09-12T20:15:32Z,76,77,30,5281,100,1439,2425,0.54
2026-09-12T20:15:34Z,74,76,30,5266,100,1452,1702,0.54
2026-09-12T20:15:37Z,72,75,30,5281,100,1418,1400,0.54
2026-09-12T20:15:39Z,77,76,30,5281,100,1373,1702,0.50
2026-09-12T20:15:41Z,73,76,30,5266,99,1466,1702,0.50
2026-09-12T20:15:43Z,76,76,30,5281,100,1356,1702,0.46
2026-09-12T20:15:45Z,76,77,30,5281,99,1600,1702,0.46
2026-09-12T20:15:47Z,76,77,30,5281,100,1527,1702,0.42
2026-09-12T20:15:49Z,76,76,30,5281,100,1600,1702,0.42
2026-09-12T20:15:51Z,77,77,30,5326,100,1359,1702,0.42
2026-09-12T20:15:53Z,75,76,30,5266,100,1391,1400,0.39
2026-09-12T20:15:55Z,74,76,30,5281,99,1405,1399,0.39
2026-09-12T20:15:57Z,75,75,30,5281,99,1527,1702,0.36
2026-09-12T20:15:59Z,75,76,30,5281,99,1600,1702,0.36
2026-09-12T20:16:01Z,76,76,30,5281,99,1535,1702,0.36
2026-09-12T20:16:03Z,76,76,30,5266,99,1356,1399,0.33
2026-09-12T20:16:06Z,78,76,30,5281,100,1356,1702,0.33
2026-09-12T20:16:08Z,77,77,30,5281,100,1355,1702,0.30
2026-09-12T20:16:10Z,75,77,30,5281,100,1476,1702,0.30
2026-09-12T20:16:12Z,71,76,30,5311,100,1600,1702,0.28
2026-09-12T20:16:14Z,76,77,30,5296,99,1424,2174,0.28
2026-09-12T20:16:16Z,73,76,30,5281,99,1443,1399,0.28
2026-09-12T20:16:18Z,75,75,30,5281,99,1600,1702,0.25
2026-09-12T20:16:20Z,75,76,30,5281,100,1339,1560,0.25
2026-09-12T20:16:22Z,76,76,30,5281,100,1377,1401,0.23
2026-09-12T20:16:24Z,75,76,30,5281,100,1600,1702,0.23
2026-09-12T20:16:26Z,76,76,30,5281,100,1485,1702,0.23
2026-09-12T20:16:28Z,76,77,30,5326,99,1379,1702,0.21
2026-09-12T20:16:30Z,69,77,30,5281,100,1125,2424,0.21
2026-09-12T20:16:32Z,75,76,30,5311,99,1387,1399,0.20
2026-09-12T20:16:35Z,78,76,30,5281,100,1468,1702,0.20
2026-09-12T20:16:37Z,73,76,30,5281,100,1456,1702,0.20
2026-09-12T20:16:39Z,75,75,30,5296,99,1600,1702,0.18
2026-09-12T20:16:41Z,76,76,30,5296,100,1361,1702,0.18
2026-09-12T20:16:43Z,75,76,30,5311,99,1600,2424,0.25
2026-09-12T20:16:45Z,75,76,30,5281,99,1600,1702,0.25
2026-09-12T20:16:47Z,76,76,30,5281,99,1468,1702,0.23
2026-09-12T20:16:49Z,78,76,30,5281,100,1480,1702,0.23
2026-09-12T20:16:51Z,69,76,30,5326,100,1135,2424,0.23
2026-09-12T20:16:53Z,72,76,30,5311,100,1316,1702,0.21
2026-09-12T20:16:55Z,75,76,30,5326,100,1600,1702,0.21
2026-09-12T20:16:57Z,73,76,30,5326,99,1477,1702,0.19
2026-09-12T20:16:59Z,75,75,30,5326,99,1368,1702,0.19
2026-09-12T20:17:02Z,74,76,30,5311,100,1339,1702,0.19
2026-09-12T20:17:04Z,76,76,30,5266,100,1600,1702,0.17
2026-09-12T20:17:06Z,72,76,30,5281,99,1600,1702,0.17
2026-09-12T20:17:08Z,76,76,30,5311,99,1390,1702,0.24
2026-09-12T20:17:10Z,76,77,30,5326,99,1541,1702,0.24
2026-09-12T20:17:12Z,74,77,30,5281,100,1434,1702,0.30
2026-09-12T20:17:14Z,76,76,30,5266,99,1374,1702,0.30
2026-09-12T20:17:16Z,76,77,30,5311,99,1359,1399,0.30
2026-09-12T20:17:18Z,72,76,30,5326,99,1497,1400,0.28
2026-09-12T20:17:20Z,78,75,30,5281,100,1433,1702,0.28
2026-09-12T20:17:22Z,75,76,30,5311,99,1525,1702,0.26
2026-09-12T20:17:24Z,76,76,30,5311,99,1364,1400,0.26
2026-09-12T20:17:26Z,76,76,30,5326,99,1463,1702,0.26
2026-09-12T20:17:28Z,76,76,30,5281,100,1334,1399,0.23
2026-09-12T20:17:31Z,72,76,30,5311,100,1600,1702,0.23
2026-09-12T20:17:33Z,76,76,30,5281,100,1320,2425,0.30
2026-09-12T20:17:35Z,75,76,30,5311,100,1600,1702,0.30
2026-09-12T20:17:37Z,75,76,30,5311,100,1546,1702,0.27
2026-09-12T20:17:39Z,73,76,30,5281,100,1463,1399,0.27
2026-09-12T20:17:41Z,75,75,30,5326,100,1527,1702,0.27
2026-09-12T20:17:43Z,75,76,30,5326,99,1600,1702,0.25
2026-09-12T20:17:45Z,76,76,30,5296,100,1600,1702,0.25
2026-09-12T20:17:47Z,76,76,30,5326,99,1517,1702,0.23
2026-09-12T20:17:49Z,76,76,30,5326,99,1471,1702,0.23
2026-09-12T20:17:51Z,77,76,30,5281,99,1389,1702,0.23
2026-09-12T20:17:53Z,75,77,30,5281,100,1308,2425,0.21
2026-09-12T20:17:55Z,76,76,30,5311,99,1306,1492,0.21
2026-09-12T20:17:57Z,76,77,30,5281,100,1498,1702,0.19
2026-09-12T20:18:00Z,73,76,30,5326,99,1403,1399,0.19
2026-09-12T20:18:02Z,74,76,30,5281,100,1600,1702,0.19
2026-09-12T20:18:04Z,75,76,30,5281,100,1310,1702,0.18
2026-09-12T20:18:06Z,76,76,30,5326,99,1351,1702,0.18
2026-09-12T20:18:08Z,73,76,30,5281,100,1600,1702,0.16
2026-09-12T20:18:10Z,75,76,30,5266,100,1600,2424,0.16
2026-09-12T20:18:12Z,75,77,30,5281,99,1536,1702,0.15
2026-09-12T20:18:14Z,78,77,30,5326,100,1324,2424,0.15
2026-09-12T20:18:16Z,76,76,30,5326,99,1375,1702,0.15
2026-09-12T20:18:18Z,76,77,30,5281,100,1317,1702,0.14
2026-09-12T20:18:20Z,74,76,30,5281,99,1431,1399,0.14
2026-09-12T20:18:22Z,76,76,30,5326,100,1361,1702,0.13
2026-09-12T20:18:24Z,75,76,30,5281,100,1528,1702,0.13
2026-09-12T20:18:27Z,78,76,30,5326,99,1475,1702,0.13
2026-09-12T20:18:29Z,77,76,30,5281,100,1357,1399,0.12
2026-09-12T20:18:31Z,75,76,30,5311,99,1346,1702,0.12
2026-09-12T20:18:33Z,75,76,30,5281,100,1352,1702,0.11
2026-09-12T20:18:35Z,76,77,30,5281,100,1474,2428,0.11
2026-09-12T20:18:37Z,76,76,30,5326,99,1600,1702,0.10
2026-09-12T20:18:39Z,76,76,30,5281,99,1526,1702,0.10
2026-09-12T20:18:41Z,73,76,30,5311,100,1441,1702,0.10
2026-09-12T20:18:43Z,74,75,30,5326,99,1401,1702,0.09
2026-09-12T20:18:45Z,75,76,30,5281,99,1600,1575,0.09
2026-09-12T20:18:47Z,75,76,30,5311,99,1600,2330,0.16
2026-09-12T20:18:49Z,76,76,30,5326,99,1600,2424,0.16
2026-09-12T20:18:51Z,75,76,30,5311,100,1425,2425,0.16
2026-09-12T20:18:53Z,74,76,30,5281,99,1313,1702,0.15
2026-09-12T20:18:55Z,71,76,30,5326,100,1600,2424,0.15
2026-09-12T20:18:58Z,73,76,30,5311,99,1600,1702,0.14
2026-09-12T20:19:00Z,75,76,30,5266,100,1600,1702,0.14
2026-09-12T20:19:02Z,74,76,30,5326,99,1527,1702,0.29
2026-09-12T20:19:04Z,70,75,30,5311,99,1316,2425,0.29
2026-09-12T20:19:06Z,75,76,30,5281,100,1600,1808,0.29
2026-09-12T20:19:08Z,75,76,30,5326,100,1600,1706,0.26
2026-09-12T20:19:10Z,76,76,30,5266,100,1389,1702,0.26
2026-09-12T20:19:12Z,76,76,30,5311,100,1411,2424,0.32
2026-09-12T20:19:14Z,72,76,30,5311,100,1600,1702,0.32
2026-09-12T20:19:16Z,75,76,30,5281,100,1551,2221,0.32
2026-09-12T20:19:18Z,76,76,30,5281,100,1600,1702,0.38
2026-09-12T20:19:20Z,77,76,30,5311,100,1374,1702,0.38
2026-09-12T20:19:22Z,74,76,30,5281,100,1406,1702,0.43
2026-09-12T20:19:24Z,68,76,30,5281,100,1040,2424,0.43
2026-09-12T20:19:26Z,75,75,30,5281,99,1529,1702,0.43
2026-09-12T20:19:29Z,75,76,30,5311,99,1445,1702,0.39
2026-09-12T20:19:31Z,78,76,30,5311,100,1435,1702,0.39
2026-09-12T20:19:33Z,78,76,30,5281,99,1319,2425,0.36
2026-09-12T20:19:35Z,75,76,30,5281,100,1592,1702,0.36
2026-09-12T20:19:37Z,76,77,30,5296,99,1600,1702,0.41
2026-09-12T20:19:39Z,76,76,30,5311,99,1572,1399,0.41
2026-09-12T20:19:41Z,76,77,30,5311,100,1574,1702,0.41
2026-09-12T20:19:43Z,73,76,30,5296,99,1474,1702,0.38
2026-09-12T20:19:45Z,64,76,30,5281,0,200,2424,0.38
2026-09-12T20:19:47Z,60,74,30,5311,0,200,2424,0.35
2026-09-12T20:19:49Z,58,72,30,5326,0,200,2424,0.35
2026-09-12T20:19:51Z,58,70,30,5252,20,1040,2424,0.35
2026-09-12T20:19:53Z,57,68,30,5237,0,200,2424,0.40
2026-09-12T20:19:55Z,55,66,30,5237,0,200,2425,0.40
2026-09-12T20:19:57Z,64,64,30,4518,100,1600,2426,0.37
2026-09-12T20:20:00Z,70,68,30,4185,99,1397,1702,0.37
2026-09-12T20:20:02Z,70,70,30,3735,99,1324,1702,0.37
2026-09-12T20:20:04Z,70,71,30,3750,99,1332,1399,0.34
2026-09-12T20:20:06Z,72,72,30,3890,100,1600,1702,0.34
2026-09-12T20:20:08Z,73,73,30,4120,100,1394,1702,0.31
2026-09-12T20:20:10Z,72,74,30,4280,99,1344,1702,0.31
2026-09-12T20:20:12Z,73,74,30,4496,99,1336,2424,0.37
2026-09-12T20:20:14Z,75,75,30,4518,99,1390,1702,0.37
2026-09-12T20:20:16Z,75,75,30,4807,100,1386,1702,0.37
2026-09-12T20:20:18Z,75,75,30,4870,99,1343,2424,0.34
2026-09-12T20:20:20Z,75,75,30,5000,99,1600,1702,0.34
2026-09-12T20:20:22Z,75,76,30,5040,100,1600,2332,0.31
2026-09-12T20:20:24Z,75,76,30,5252,100,1377,1702,0.31
2026-09-12T20:20:26Z,75,76,30,5208,99,1448,1702,0.31
2026-09-12T20:20:29Z,73,76,30,5208,99,1385,1702,0.37
2026-09-12T20:20:31Z,72,75,30,5208,99,1442,1399,0.37
2026-09-12T20:20:33Z,74,75,30,5208,99,1359,1702,0.34
2026-09-12T20:20:35Z,77,76,30,5237,100,1355,1702,0.34
2026-09-12T20:20:37Z,75,76,30,5208,100,1364,1399,0.31
2026-09-12T20:20:39Z,74,76,30,5252,100,1600,1702,0.31
2026-09-12T20:20:41Z,75,76,30,5252,100,1378,1702,0.31
2026-09-12T20:20:43Z,75,76,30,5208,99,1334,1702,0.28
2026-09-12T20:20:45Z,75,76,30,5237,100,1600,1702,0.28
2026-09-12T20:20:47Z,75,76,30,5208,99,1378,1702,0.26
2026-09-12T20:20:49Z,75,76,30,5237,99,1381,1702,0.26
2026-09-12T20:20:51Z,75,76,30,5208,100,1391,2424,0.26
2026-09-12T20:20:53Z,76,76,30,5237,99,1376,1399,0.32
2026-09-12T20:20:55Z,75,76,30,5252,99,1336,1399,0.32
2026-09-12T20:20:58Z,73,76,30,5208,99,1599,1702,0.29
2026-09-12T20:21:00Z,75,76,30,5252,100,1364,1781,0.29
2026-09-12T20:21:02Z,73,76,30,5252,100,1354,1702,0.29
2026-09-12T20:21:04Z,76,75,30,5208,100,1366,1702,0.35
2026-09-12T20:21:06Z,75,76,30,5237,99,1358,1702,0.35
2026-09-12T20:21:08Z,76,76,30,5237,99,1372,1702,0.32
2026-09-12T20:21:10Z,76,76,30,5208,99,1377,1702,0.32
2026-09-12T20:21:12Z,77,76,30,5252,100,1373,1702,0.30
2026-09-12T20:21:14Z,76,76,30,5237,99,1378,1702,0.30
2026-09-12T20:21:16Z,77,76,30,5237,99,1385,1702,0.30
2026-09-12T20:21:18Z,72,76,30,5252,99,1600,1702,0.35
2026-09-12T20:21:20Z,76,76,30,5237,100,1600,1702,0.35
2026-09-12T20:21:22Z,75,76,30,5208,100,1512,1702,0.33
2026-09-12T20:21:25Z,74,76,30,5252,99,1324,2425,0.33
2026-09-12T20:21:27Z,75,76,30,5237,99,1376,1702,0.33
2026-09-12T20:21:29Z,78,76,30,5252,100,1377,1702,0.30
2026-09-12T20:21:31Z,77,76,30,5252,99,1361,1702,0.30
2026-09-12T20:21:33Z,74,76,30,5252,99,1598,2424,0.27
2026-09-12T20:21:35Z,73,76,30,5237,100,1346,1399,0.27
2026-09-12T20:21:37Z,74,75,30,5252,99,1600,1702,0.25
2026-09-12T20:21:39Z,75,76,30,5237,100,1584,1702,0.25
2026-09-12T20:21:41Z,71,76,30,5237,99,1599,1425,0.25
2026-09-12T20:21:43Z,72,76,30,5252,99,1595,1702,0.23
2026-09-12T20:21:45Z,76,76,30,5252,100,1600,1702,0.23
2026-09-12T20:21:47Z,76,76,30,5237,99,1528,1400,0.21
2026-09-12T20:21:49Z,73,76,30,5237,100,1595,1702,0.21
2026-09-12T20:21:51Z,74,76,30,5237,99,1381,1702,0.21
2026-09-12T20:21:54Z,76,76,30,5237,99,1400,1399,0.20
2026-09-12T20:21:56Z,76,76,30,5237,99,1446,1702,0.20
2026-09-12T20:21:58Z,75,76,30,5237,100,1375,2424,0.18
2026-09-12T20:22:00Z,76,76,30,5252,100,1373,1702,0.18
2026-09-12T20:22:02Z,72,76,30,5237,100,1481,1702,0.25
2026-09-12T20:22:04Z,76,76,30,5252,100,1592,1702,0.25
2026-09-12T20:22:06Z,76,76,30,5252,100,1366,1709,0.25
2026-09-12T20:22:08Z,72,76,30,5237,99,1360,1702,0.31
2026-09-12T20:22:10Z,75,75,30,5237,100,1600,1702,0.31
2026-09-12T20:22:12Z,76,76,30,5237,99,1537,1702,0.28
2026-09-12T20:22:14Z,71,76,30,5237,99,1600,1702,0.28
2026-09-12T20:22:16Z,72,76,30,5237,99,1595,1702,0.28
2026-09-12T20:22:18Z,76,76,30,5252,99,1600,1702,0.34
2026-09-12T20:22:20Z,76,76,30,5237,100,1484,1702,0.34
2026-09-12T20:22:23Z,72,76,30,5252,99,1596,1702,0.31
2026-09-12T20:22:25Z,75,76,30,5252,99,1381,1702,0.31
2026-09-12T20:22:27Z,75,76,30,5237,100,1410,1702,0.31
2026-09-12T20:22:29Z,75,76,30,5252,100,1422,1702,0.29
2026-09-12T20:22:31Z,75,76,30,5252,100,1332,2424,0.29
2026-09-12T20:22:33Z,75,76,30,5237,99,1373,1702,0.34
2026-09-12T20:22:35Z,71,76,30,5237,100,1600,1702,0.34
2026-09-12T20:22:37Z,75,76,30,5252,100,1600,1702,0.32
2026-09-12T20:22:39Z,75,76,30,5252,99,1406,1702,0.32
2026-09-12T20:22:41Z,73,76,30,5252,0,1464,1702,0.32
2026-09-12T20:22:43Z,74,75,30,5237,99,1368,1702,0.29
2026-09-12T20:22:45Z,75,75,30,5237,99,1378,1702,0.29
2026-09-12T20:22:47Z,76,76,30,5237,100,1600,1791,0.27
2026-09-12T20:22:49Z,75,76,30,5237,100,1600,1702,0.27
2026-09-12T20:22:52Z,76,76,30,5252,99,1374,1702,0.27
2026-09-12T20:22:54Z,76,76,30,5252,100,1389,1702,0.25
2026-09-12T20:22:56Z,76,76,30,5237,100,1600,1404,0.25
2026-09-12T20:22:58Z,75,76,30,5252,100,1394,1702,0.31
2026-09-12T20:23:00Z,76,76,30,5237,99,1389,1702,0.31
2026-09-12T20:23:02Z,76,76,30,5252,100,1390,1702,0.28
2026-09-12T20:23:04Z,76,76,30,5252,100,1372,2425,0.28
2026-09-12T20:23:06Z,77,76,30,5281,99,1517,1405,0.28
2026-09-12T20:23:08Z,77,76,30,5252,100,1600,1702,0.26
2026-09-12T20:23:10Z,76,76,30,5237,99,1362,1702,0.26
2026-09-12T20:23:12Z,75,76,30,5237,100,1378,1702,0.24
2026-09-12T20:23:14Z,74,76,30,5237,100,1385,1399,0.24
2026-09-12T20:23:16Z,74,75,30,5237,99,1405,1702,0.24
2026-09-12T20:23:19Z,76,75,30,5252,99,1382,1417,0.22
2026-09-12T20:23:21Z,76,76,30,5237,99,1600,2424,0.22
2026-09-12T20:23:23Z,76,76,30,5252,99,1600,1702,0.20
2026-09-12T20:23:25Z,76,76,30,5281,100,1378,1702,0.20
2026-09-12T20:23:27Z,76,76,30,5252,99,1380,1702,0.18
2026-09-12T20:23:29Z,76,76,30,5237,100,1600,2216,0.18
2026-09-12T20:23:31Z,76,76,30,5237,99,1441,1702,0.18
2026-09-12T20:23:33Z,75,76,30,5281,99,1392,1702,0.17
2026-09-12T20:23:35Z,76,76,30,5252,99,1389,1702,0.17
2026-09-12T20:23:37Z,75,76,30,5237,100,1382,1477,0.24
2026-09-12T20:23:39Z,76,76,30,5237,99,1378,1702,0.24
2026-09-12T20:23:41Z,78,76,30,5252,99,1357,1702,0.24
2026-09-12T20:23:43Z,71,76,30,5237,100,1372,1702,0.22
2026-09-12T20:23:45Z,75,76,30,5252,100,1600,2405,0.22
2026-09-12T20:23:48Z,73,76,30,5237,100,1371,1399,0.20
2026-09-12T20:23:50Z,75,76,30,5237,100,1600,1702,0.20
2026-09-12T20:23:52Z,75,76,30,5252,99,1376,1702,0.20
2026-09-12T20:23:54Z,74,76,30,5237,99,1347,1702,0.18
2026-09-12T20:23:56Z,72,76,30,5252,99,1329,1702,0.18
2026-09-12T20:23:58Z,75,76,30,5237,99,1599,1702,0.17
2026-09-12T20:24:00Z,77,76,30,5237,99,1439,1702,0.17
2026-09-12T20:24:02Z,72,76,30,5252,100,1600,1702,0.32
2026-09-12T20:24:04Z,75,76,30,5237,100,1600,1702,0.32
2026-09-12T20:24:06Z,75,76,30,5237,99,1376,1399,0.32
2026-09-12T20:24:08Z,75,76,30,5252,100,1454,1702,0.29
2026-09-12T20:24:10Z,75,76,30,5281,99,1341,2424,0.29
2026-09-12T20:24:12Z,76,76,30,5252,99,1359,1702,0.27
2026-09-12T20:24:15Z,72,76,30,5252,100,1521,1702,0.27
2026-09-12T20:24:17Z,76,76,30,5252,100,1600,1401,0.27
2026-09-12T20:24:19Z,75,76,30,5237,99,1362,1702,0.25
2026-09-12T20:24:21Z,73,76,30,5237,100,1353,1702,0.25
2026-09-12T20:24:23Z,75,75,30,5252,100,1374,1702,0.22
2026-09-12T20:24:25Z,76,76,30,5281,100,1384,1702,0.22
2026-09-12T20:24:27Z,74,76,30,5252,100,1600,1702,0.21
2026-09-12T20:24:29Z,76,76,30,5252,99,1592,1400,0.21
2026-09-12T20:24:31Z,76,76,30,5252,99,1515,1702,0.21
2026-09-12T20:24:33Z,75,76,30,5252,99,1386,1702,0.19
2026-09-12T20:24:35Z,76,76,30,5252,100,1600,1702,0.19
2026-09-12T20:24:37Z,75,76,30,5252,100,1465,1702,0.26
2026-09-12T20:24:39Z,76,76,30,5252,99,1390,1702,0.26
2026-09-12T20:24:41Z,76,76,30,5237,99,1387,1400,0.26
2026-09-12T20:24:44Z,75,76,30,5252,99,1329,2426,0.23
2026-09-12T20:24:46Z,76,76,30,5237,100,1357,1702,0.23
2026-09-12T20:24:48Z,71,76,30,5252,100,1599,1702,0.22
2026-09-12T20:24:50Z,76,76,30,5237,99,1600,1702,0.22
2026-09-12T20:24:52Z,76,76,30,5237,100,1366,1702,0.28
2026-09-12T20:24:54Z,73,76,30,5252,99,1346,1702,0.28
2026-09-12T20:24:56Z,74,75,30,5252,99,1532,1702,0.28
2026-09-12T20:24:58Z,76,76,30,5237,100,1524,1400,0.26
2026-09-12T20:25:00Z,72,76,30,5252,100,1597,1399,0.26
2026-09-12T20:25:02Z,72,76,30,5237,100,1593,1400,0.24
2026-09-12T20:25:04Z,76,76,30,5252,100,1600,1702,0.24
2026-09-12T20:25:06Z,76,76,30,5281,100,1403,1702,0.24
2026-09-12T20:25:08Z,72,76,30,5252,99,1596,1702,0.22
2026-09-12T20:25:11Z,74,76,30,5252,99,1378,1399,0.22
2026-09-12T20:25:13Z,75,76,30,5252,100,1398,1702,0.20
2026-09-12T20:25:15Z,76,76,30,5237,99,1383,1702,0.20
2026-09-12T20:25:17Z,75,76,30,5252,100,1320,2425,0.20
2026-09-12T20:25:19Z,76,76,30,5252,99,1370,1702,0.26
2026-09-12T20:25:21Z,76,76,30,5252,99,1339,1702,0.26
2026-09-12T20:25:23Z,72,76,30,5252,99,1592,1702,0.24
2026-09-12T20:25:25Z,76,76,30,5252,100,1600,2426,0.24
2026-09-12T20:25:27Z,72,76,30,5237,100,1367,1702,0.38
2026-09-12T20:25:29Z,75,75,30,5237,100,1600,1702,0.38
2026-09-12T20:25:31Z,76,76,30,5252,100,1396,1702,0.38
2026-09-12T20:25:33Z,72,76,30,5237,99,1600,1702,0.35
2026-09-12T20:25:35Z,72,76,30,5237,99,1542,1399,0.35
2026-09-12T20:25:37Z,76,76,30,5252,99,1600,1702,0.32
2026-09-12T20:25:40Z,76,76,30,5281,100,1412,1702,0.32
2026-09-12T20:25:42Z,75,76,30,5281,99,1335,1702,0.32
2026-09-12T20:25:44Z,76,76,30,5237,99,1600,1702,0.30
2026-09-12T20:25:46Z,75,76,30,5252,100,1600,1702,0.30
2026-09-12T20:25:48Z,75,76,30,5237,99,1357,1702,0.27
2026-09-12T20:25:50Z,75,76,30,5252,100,1452,2425,0.27
2026-09-12T20:25:52Z,76,76,30,5237,99,1373,1400,0.25
2026-09-12T20:25:54Z,77,76,30,5237,99,1343,1702,0.25
2026-09-12T20:25:56Z,73,76,30,5237,99,1598,1702,0.25
2026-09-12T20:25:58Z,76,76,30,5252,100,1357,1702,0.23
2026-09-12T20:26:00Z,73,76,30,5252,99,1336,1399,0.23
2026-09-12T20:26:02Z,74,75,30,5237,100,1600,1702,0.21
2026-09-12T20:26:04Z,76,75,30,5252,100,1561,1702,0.21
2026-09-12T20:26:07Z,72,76,30,5252,100,1600,1702,0.21
2026-09-12T20:26:09Z,72,76,30,5237,100,1591,1702,0.20
2026-09-12T20:26:11Z,76,76,30,5281,100,1600,1702,0.20
2026-09-12T20:26:13Z,76,76,30,5252,99,1491,1702,0.18
2026-09-12T20:26:15Z,74,76,30,5237,100,1598,1702,0.18
2026-09-12T20:26:17Z,75,76,30,5237,100,1379,1702,0.16
2026-09-12T20:26:19Z,76,76,30,5237,100,1374,1702,0.16
2026-09-12T20:26:21Z,75,76,30,5252,100,1382,1702,0.16
2026-09-12T20:26:23Z,75,76,30,5237,100,1351,2425,0.15
2026-09-12T20:26:25Z,76,76,30,5252,99,1377,1702,0.15
2026-09-12T20:26:27Z,74,76,30,5237,99,1600,1702,0.14
2026-09-12T20:26:29Z,76,76,30,5237,100,1598,1702,0.14
2026-09-12T20:26:31Z,75,76,30,5237,99,1364,1702,0.14
2026-09-12T20:26:33Z,73,76,30,5237,100,1362,1400,0.21
2026-09-12T20:26:36Z,74,76,30,5252,100,1366,1702,0.21
2026-09-12T20:26:38Z,76,76,30,5252,99,1384,1702,0.19
2026-09-12T20:26:40Z,76,76,30,5252,99,1599,1702,0.19
2026-09-12T20:26:42Z,75,76,30,5252,99,1598,1702,0.19
2026-09-12T20:26:44Z,76,76,30,5252,100,1378,1702,0.26
2026-09-12T20:26:46Z,76,76,30,5237,100,1389,1702,0.26
2026-09-12T20:26:48Z,76,76,30,5281,99,1600,1702,0.24
2026-09-12T20:26:50Z,75,76,30,5252,100,1402,1399,0.24
2026-09-12T20:26:52Z,76,76,30,5252,100,1389,1400,0.22
2026-09-12T20:26:54Z,76,76,30,5252,100,1379,1702,0.22
2026-09-12T20:26:56Z,75,76,30,5237,100,1353,2424,0.22
2026-09-12T20:26:58Z,74,76,30,5237,99,1372,1702,0.28
2026-09-12T20:27:00Z,72,76,30,5237,99,1599,1702,0.28
2026-09-12T20:27:02Z,76,76,30,5237,99,1595,1702,0.26
2026-09-12T20:27:05Z,76,76,30,5252,99,1475,2139,0.26
2026-09-12T20:27:07Z,74,76,30,5237,100,1339,1702,0.26
2026-09-12T20:27:09Z,73,75,30,5252,99,1600,1702,0.24
2026-09-12T20:27:11Z,76,76,30,5237,99,1525,1702,0.24
2026-09-12T20:27:13Z,71,76,30,5237,99,1597,1702,0.22
2026-09-12T20:27:15Z,72,76,30,5237,99,1443,1399,0.22
2026-09-12T20:27:17Z,77,76,30,5252,100,1600,1400,0.20
2026-09-12T20:27:19Z,77,76,30,5252,100,1508,1702,0.20
2026-09-12T20:27:21Z,76,76,30,5252,100,1600,1702,0.20
2026-09-12T20:27:23Z,75,76,30,5237,99,1378,1702,0.26
2026-09-12T20:27:25Z,75,76,30,5252,99,1403,1702,0.26
2026-09-12T20:27:27Z,75,76,30,5252,100,1439,1702,0.24
2026-09-12T20:27:29Z,75,76,30,5252,100,1329,2425,0.24
2026-09-12T20:27:32Z,76,76,30,5237,100,1374,1702,0.24
2026-09-12T20:27:34Z,72,76,30,5252,99,1600,1702,0.22
2026-09-12T20:27:36Z,76,76,30,5237,100,1599,1702,0.22
2026-09-12T20:27:38Z,75,76,30,5252,99,1371,1399,0.20
2026-09-12T20:27:40Z,74,76,30,5252,100,1383,1702,0.20
2026-09-12T20:27:42Z,75,75,30,5237,99,1371,1399,0.19
2026-09-12T20:27:44Z,76,76,30,5252,99,1388,1702,0.19
2026-09-12T20:27:46Z,76,76,30,5281,100,1600,1702,0.19
2026-09-12T20:27:48Z,75,76,30,5281,99,1600,1702,0.17
2026-09-12T20:27:50Z,76,76,30,5237,99,1597,1702,0.17
2026-09-12T20:27:52Z,76,76,30,5252,100,1551,1702,0.16
2026-09-12T20:27:54Z,77,76,30,5252,100,1594,1702,0.16
2026-09-12T20:27:56Z,75,76,30,5252,99,1386,1702,0.16
2026-09-12T20:27:58Z,76,76,30,5252,99,1436,1702,0.15
2026-09-12T20:28:01Z,76,76,30,5252,100,1425,1702,0.15
2026-09-12T20:28:03Z,75,76,30,5237,99,1329,2424,0.21
2026-09-12T20:28:05Z,76,76,30,5252,100,1383,1702,0.21
2026-09-12T20:28:07Z,77,76,30,5252,100,1350,1702,0.21
2026-09-12T20:28:09Z,72,76,30,5252,99,1437,1399,0.20
2026-09-12T20:28:11Z,75,76,30,5281,100,1600,2424,0.20
2026-09-12T20:28:13Z,73,76,30,5237,100,1336,1702,0.26
2026-09-12T20:28:15Z,62,75,30,5252,0,200,2424,0.26
2026-09-12T20:28:17Z,59,73,30,5281,0,200,2425,0.48
2026-09-12T20:28:19Z,59,71,30,5237,0,200,2424,0.48
2026-09-12T20:28:21Z,57,69,30,5237,15,1040,2424,0.48
2026-09-12T20:28:23Z,56,67,30,4807,5,1040,2424,0.52
2026-09-12T20:28:25Z,55,65,30,4770,13,1040,2424,0.52
2026-09-12T20:28:27Z,55,63,30,4573,0,200,2424,0.64
2026-09-12T20:28:29Z,53,62,30,3850,0,200,2424,0.64
2026-09-12T20:28:31Z,64,61,30,3826,100,1370,1702,0.64
2026-09-12T20:28:34Z,67,65,30,3260,99,1329,1702,0.59
2026-09-12T20:28:36Z,66,69,30,3024,100,1600,1936,0.59
2026-09-12T20:28:38Z,68,70,30,3272,100,1600,1399,0.54
2026-09-12T20:28:40Z,72,71,30,3440,99,1317,2424,0.54
2026-09-12T20:28:42Z,74,72,30,3698,100,1365,1400,0.54
2026-09-12T20:28:44Z,72,73,30,3989,99,1514,2424,0.58
2026-09-12T20:28:46Z,73,73,30,4213,100,1341,1400,0.58
2026-09-12T20:28:48Z,74,74,30,4261,99,1502,1702,0.53
2026-09-12T20:28:50Z,68,74,30,4496,99,1466,2286,0.53
2026-09-12T20:28:52Z,73,74,30,4595,0,200,2425,0.73
2026-09-12T20:28:54Z,75,73,30,4629,99,1475,1702,0.73
2026-09-12T20:28:56Z,74,75,30,4711,99,1541,1702,0.73
2026-09-12T20:28:58Z,71,75,30,4770,100,1426,1702,0.75
2026-09-12T20:29:00Z,71,75,30,4870,99,1464,1702,0.75
2026-09-12T20:29:02Z,75,76,30,4870,99,1522,1702,0.69
2026-09-12T20:29:05Z,78,76,30,4973,100,1391,1702,0.69
2026-09-12T20:29:07Z,78,76,30,5026,99,1366,1427,0.69
2026-09-12T20:29:09Z,76,76,30,5026,100,1600,1702,0.64
2026-09-12T20:29:11Z,75,76,30,5040,100,1316,2425,0.64
2026-09-12T20:29:13Z,73,76,30,5040,99,1464,2338,0.67
2026-09-12T20:29:15Z,75,75,30,5208,100,1600,1702,0.67
2026-09-12T20:29:17Z,75,75,30,5208,99,1562,1702,0.61
2026-09-12T20:29:19Z,78,76,30,5208,99,1371,1702,0.61
2026-09-12T20:29:21Z,78,76,30,5208,100,1385,1702,0.61
2026-09-12T20:29:23Z,75,76,30,5193,99,1422,1702,0.64
2026-09-12T20:29:25Z,75,76,30,5208,99,1600,2381,0.64
2026-09-12T20:29:27Z,74,76,30,5208,100,1600,1702,0.67
2026-09-12T20:29:29Z,74,76,30,5237,100,1324,1702,0.67
2026-09-12T20:29:31Z,75,76,30,5208,99,1567,1702,0.67
2026-09-12T20:29:34Z,72,76,30,5208,99,1470,2424,0.70
2026-09-12T20:29:36Z,74,75,30,5208,100,1448,1702,0.70
2026-09-12T20:29:38Z,76,75,30,5252,100,1452,1702,0.64
2026-09-12T20:29:40Z,77,76,30,5222,99,1410,1702,0.64
2026-09-12T20:29:42Z,75,76,30,5252,99,1328,1399,0.99
2026-09-12T20:29:44Z,75,76,30,5252,100,1364,2424,0.99
2026-09-12T20:29:46Z,76,76,30,5208,99,1358,1702,0.99
2026-09-12T20:29:48Z,75,76,30,5237,99,1354,2424,0.99
2026-09-12T20:29:50Z,76,76,30,5208,99,1600,1702,0.99
2026-09-12T20:29:52Z,78,76,30,5222,99,1421,1702,0.99
2026-09-12T20:29:54Z,72,76,30,5222,99,1521,1585,0.99
2026-09-12T20:29:56Z,64,76,30,5208,99,1040,2424,0.99
2026-09-12T20:29:58Z,75,75,30,5252,100,1600,1702,0.91
2026-09-12T20:30:00Z,73,76,30,5237,99,1600,1400,0.91
2026-09-12T20:30:02Z,75,76,30,5237,100,1600,1702,0.84
2026-09-12T20:30:05Z,76,76,30,5208,100,1435,1856,0.84
2026-09-12T20:30:07Z,72,76,30,5237,100,1528,1702,0.84
2026-09-12T20:30:09Z,75,76,30,5208,99,1600,1400,0.77
2026-09-12T20:30:11Z,76,76,30,5237,99,1550,1702,0.77
2026-09-12T20:30:13Z,78,76,30,5208,99,1454,1702,0.71
2026-09-12T20:30:15Z,73,76,30,5237,0,1406,2424,0.71
2026-09-12T20:30:17Z,71,76,30,5237,100,1489,2380,0.73
2026-09-12T20:30:19Z,75,75,30,5208,100,1533,1702,0.73
2026-09-12T20:30:21Z,76,76,30,5252,99,1600,1702,0.73
2026-09-12T20:30:23Z,76,76,30,5208,100,1390,1702,1.00
2026-09-12T20:30:25Z,76,76,30,5281,99,1353,1702,1.00
2026-09-12T20:30:27Z,75,76,30,5281,100,1600,1702,0.92
2026-09-12T20:30:29Z,75,76,30,5281,99,1523,1702,0.92
2026-09-12T20:30:31Z,70,76,30,5281,99,1134,2424,0.92
2026-09-12T20:30:34Z,73,76,30,5281,99,1600,1702,0.84
2026-09-12T20:30:36Z,76,76,30,5281,99,1526,1399,0.84
2026-09-12T20:30:38Z,73,76,30,5281,99,200,2111,0.77
2026-09-12T20:30:40Z,77,75,30,5281,99,1364,1702,0.77
2026-09-12T20:30:42Z,76,76,30,5281,99,1518,1399,0.77
2026-09-12T20:30:44Z,75,76,30,5326,100,1478,1702,0.71
2026-09-12T20:30:46Z,76,76,30,5281,99,1330,1702,0.71
2026-09-12T20:30:48Z,75,76,30,5281,99,1600,2424,0.65
2026-09-12T20:30:50Z,75,76,30,5281,99,1464,1400,0.65
2026-09-12T20:30:52Z,72,76,30,5281,100,1600,2424,0.68
2026-09-12T20:30:54Z,76,76,30,5281,100,1600,1702,0.68
2026-09-12T20:30:56Z,77,76,30,5281,99,1483,1702,0.68
2026-09-12T20:30:58Z,74,76,30,5281,94,1487,1919,0.71
2026-09-12T20:31:00Z,68,76,30,5281,100,1040,2426,0.71
2026-09-12T20:31:02Z,76,75,30,5311,99,1600,1400,0.65
2026-09-12T20:31:05Z,75,76,30,5281,100,1326,2174,0.65
2026-09-12T20:31:07Z,76,76,30,5281,99,1371,1702,0.65
2026-09-12T20:31:09Z,77,76,30,5281,100,1406,2425,0.60
2026-09-12T20:31:11Z,76,76,30,5281,100,1572,1702,0.60
2026-09-12T20:31:13Z,76,76,30,5281,100,1502,1399,0.55
2026-09-12T20:31:15Z,78,76,30,5281,100,1408,1400,0.55
2026-09-12T20:31:17Z,73,76,30,5311,100,1600,1399,0.51
2026-09-12T20:31:19Z,73,76,30,5281,100,1482,1838,0.51
2026-09-12T20:31:21Z,73,76,30,5326,100,1548,1399,0.51
2026-09-12T20:31:23Z,75,75,30,5281,100,1600,1702,0.47
2026-09-12T20:31:25Z,76,76,30,5281,99,1351,1702,0.47
2026-09-12T20:31:27Z,76,76,30,5281,100,1475,1702,0.43
2026-09-12T20:31:29Z,76,76,30,5281,99,1466,1702,0.43
2026-09-12T20:31:31Z,75,76,30,5281,99,1349,1702,0.43
2026-09-12T20:31:34Z,76,76,30,5281,100,1600,2156,0.39
2026-09-12T20:31:36Z,76,76,30,5281,99,1600,1702,0.39
2026-09-12T20:31:38Z,76,76,30,5311,99,1359,1702,0.36
2026-09-12T20:31:40Z,75,76,30,5281,100,1317,2424,0.36
2026-09-12T20:31:42Z,72,76,30,5281,100,1547,1702,0.36
2026-09-12T20:31:44Z,73,75,30,5281,99,1600,1702,0.57
2026-09-12T20:31:46Z,76,76,30,5281,99,1344,1702,0.57
2026-09-12T20:31:48Z,76,76,30,5281,100,1600,1702,0.85
2026-09-12T20:31:50Z,76,76,30,5281,100,1600,1702,0.85
2026-09-12T20:31:52Z,76,76,30,5281,100,1361,1702,0.78
2026-09-12T20:31:54Z,71,76,30,5281,100,1600,2424,0.78
2026-09-12T20:31:56Z,75,76,30,5281,100,1600,1708,0.78
2026-09-12T20:31:58Z,76,76,30,5281,99,1476,1702,0.72
2026-09-12T20:32:00Z,76,76,30,5281,99,1360,1702,0.72
2026-09-12T20:32:03Z,75,76,30,5311,99,1470,2310,0.90
2026-09-12T20:32:05Z,77,75,30,5281,100,1377,1702,0.90
2026-09-12T20:32:07Z,76,76,30,5326,99,1521,1702,0.90
2026-09-12T20:32:09Z,77,76,30,5281,99,1358,1702,0.83
2026-09-12T20:32:11Z,77,76,30,5281,99,1341,1400,0.83
2026-09-12T20:32:13Z,72,76,30,5281,100,1600,1702,0.76
2026-09-12T20:32:15Z,76,77,30,5281,99,1400,1702,0.76
2026-09-12T20:32:17Z,78,77,30,5311,100,1308,2424,0.78
2026-09-12T20:32:19Z,72,76,30,5326,100,1600,1702,0.78
2026-09-12T20:32:21Z,76,76,30,5281,100,1521,1702,0.78
2026-09-12T20:32:23Z,73,76,30,5326,0,1528,1399,0.80
2026-09-12T20:32:25Z,67,76,30,5281,100,1040,2424,0.80
2026-09-12T20:32:27Z,76,76,30,5281,99,1600,1818,0.73
2026-09-12T20:32:29Z,75,76,30,5281,99,1324,1999,0.73
2026-09-12T20:32:32Z,78,76,30,5311,99,1374,1702,0.73
2026-09-12T20:32:34Z,78,76,30,5281,100,1322,2426,0.68
2026-09-12T20:32:36Z,75,76,30,5281,100,1379,1702,0.68
2026-09-12T20:32:38Z,76,76,30,5311,99,1382,2143,0.62
2026-09-12T20:32:40Z,75,76,30,5281,100,1338,1702,0.62
2026-09-12T20:32:42Z,75,76,30,5311,100,1600,2422,0.89
2026-09-12T20:32:44Z,73,76,30,5326,99,1469,1399,0.89
2026-09-12T20:32:46Z,73,76,30,5281,99,1565,1399,0.89
2026-09-12T20:32:48Z,75,75,30,5281,99,1492,1399,0.82
2026-09-12T20:32:50Z,76,76,30,5311,100,1383,1702,0.82
2026-09-12T20:32:52Z,76,76,30,5281,100,1341,1702,0.75
2026-09-12T20:32:54Z,75,76,30,5281,100,1337,1702,0.75
2026-09-12T20:32:56Z,76,76,30,5281,99,1364,1702,0.75
2026-09-12T20:32:58Z,75,76,30,5281,99,1478,1702,0.77
2026-09-12T20:33:01Z,76,76,30,5281,99,1467,1702,0.77
2026-09-12T20:33:03Z,72,76,30,5326,99,1600,1702,0.71
2026-09-12T20:33:05Z,75,76,30,5281,100,1411,2428,0.71
2026-09-12T20:33:07Z,72,76,30,5281,100,1470,1702,0.71
2026-09-12T20:33:09Z,75,75,30,5281,99,1363,1702,0.65
2026-09-12T20:33:11Z,76,76,30,5311,99,1375,1702,0.65
2026-09-12T20:33:13Z,75,76,30,5311,99,1328,1702,0.92
2026-09-12T20:33:15Z,75,76,30,5281,100,1313,1399,0.92
2026-09-12T20:33:17Z,76,76,30,5281,100,1369,1702,0.85
2026-09-12T20:33:19Z,76,76,30,5281,99,1351,1399,0.85
2026-09-12T20:33:21Z,74,76,30,5281,99,1600,1702,0.85
2026-09-12T20:33:23Z,76,76,30,5326,100,1600,1702,0.78
2026-09-12T20:33:25Z,76,76,30,5311,99,1428,1702,0.78
2026-09-12T20:33:27Z,73,76,30,5281,99,1500,1399,1.04
2026-09-12T20:33:30Z,74,75,30,5281,99,1453,1702,1.04
2026-09-12T20:33:32Z,76,76,30,5311,100,1373,1702,1.04
2026-09-12T20:33:34Z,75,76,30,5311,100,1513,1702,0.95
2026-09-12T20:33:36Z,75,76,30,5281,100,1344,1399,0.95
2026-09-12T20:33:38Z,75,76,30,5281,100,1309,2424,0.88
2026-09-12T20:33:40Z,76,76,30,5281,100,1600,1702,0.88
2026-09-12T20:33:42Z,75,77,30,5281,99,1432,2425,0.89
2026-09-12T20:33:44Z,73,76,30,5281,99,1338,1702,0.89
2026-09-12T20:33:46Z,76,76,30,5281,100,1572,1702,0.89
2026-09-12T20:33:48Z,74,76,30,5281,99,1459,1702,0.90
2026-09-12T20:33:50Z,64,76,30,5281,0,200,2424,0.90
2026-09-12T20:33:52Z,61,74,30,5281,0,200,2427,1.07
2026-09-12T20:33:54Z,60,72,30,5281,0,200,2425,1.07
2026-09-12T20:33:56Z,58,70,30,5281,0,200,2425,1.07
2026-09-12T20:33:58Z,57,68,30,5026,0,200,2424,1.06
2026-09-12T20:34:00Z,57,66,30,4908,0,200,2425,1.06
2026-09-12T20:34:03Z,55,64,30,4934,0,200,2425,1.06
2026-09-12T20:34:05Z,54,63,30,4120,0,200,2424,1.06
2026-09-12T20:34:07Z,67,62,30,3930,100,1344,2425,1.06
2026-09-12T20:34:09Z,69,67,30,3591,99,1391,1399,0.97
2026-09-12T20:34:11Z,70,69,30,3151,99,1377,1702,0.97
2026-09-12T20:34:13Z,72,70,30,3318,100,1335,2424,0.89
2026-09-12T20:34:15Z,73,71,30,3504,99,1600,1702,0.89
2026-09-12T20:34:17Z,73,72,30,3772,99,1554,1702,0.82
2026-09-12T20:34:19Z,73,73,30,3989,99,1600,1702,0.82
2026-09-12T20:34:21Z,74,74,30,4232,99,1331,2426,0.82
2026-09-12T20:34:23Z,75,74,30,4411,99,1390,1702,0.75
2026-09-12T20:34:25Z,78,75,30,4629,100,1379,1702,0.75
2026-09-12T20:34:27Z,75,75,30,4783,99,1324,2424,0.77
2026-09-12T20:34:29Z,75,75,30,5026,99,1330,2424,0.77
2026-09-12T20:34:31Z,76,75,30,5040,99,1372,1399,0.77
2026-09-12T20:34:34Z,72,76,30,5281,99,1600,1702,0.71
2026-09-12T20:34:36Z,74,76,30,5326,99,1347,2424,0.71
2026-09-12T20:34:38Z,74,75,30,5281,99,200,1400,0.82
2026-09-12T20:34:40Z,66,75,30,5281,99,1040,2425,0.82
2026-09-12T20:34:42Z,75,75,30,5326,99,1378,1399,0.82
2026-09-12T20:34:44Z,76,75,30,5326,99,1385,1702,0.75
2026-09-12T20:34:46Z,76,76,30,5311,100,1370,1702,0.75
2026-09-12T20:34:48Z,76,76,30,5326,99,1364,1702,0.77
2026-09-12T20:34:50Z,75,76,30,5281,99,1330,1702,0.77
2026-09-12T20:34:52Z,73,76,30,5311,99,1354,1702,0.71
2026-09-12T20:34:54Z,74,76,30,5311,100,1600,2424,0.71
2026-09-12T20:34:56Z,76,76,30,5326,100,1377,1702,0.71
2026-09-12T20:34:58Z,75,76,30,5311,100,1372,1702,0.65
2026-09-12T20:35:00Z,75,76,30,5281,100,1432,1702,0.65
2026-09-12T20:35:02Z,68,76,30,5326,100,1258,2424,0.68
2026-09-12T20:35:05Z,76,76,30,5326,99,1434,1702,0.68
2026-09-12T20:35:07Z,76,76,30,5326,99,1374,1399,0.68
2026-09-12T20:35:09Z,75,76,30,5326,100,1370,1702,0.62
2026-09-12T20:35:11Z,74,76,30,5326,99,1451,1702,0.62
2026-09-12T20:35:13Z,73,75,30,5311,100,200,1399,0.66
2026-09-12T20:35:15Z,75,75,30,5326,99,1375,1702,0.66
2026-09-12T20:35:17Z,75,75,30,5326,99,1392,1399,0.60
2026-09-12T20:35:19Z,75,76,30,5311,99,1357,1400,0.60
2026-09-12T20:35:21Z,78,76,30,5326,100,1368,1399,0.60
2026-09-12T20:35:23Z,75,76,30,5326,99,1335,1702,0.55
2026-09-12T20:35:25Z,76,76,30,5311,100,1370,1702,0.55
2026-09-12T20:35:27Z,74,76,30,5326,100,1408,2424,0.59
2026-09-12T20:35:29Z,75,76,30,5311,100,1359,1702,0.59
2026-09-12T20:35:32Z,76,76,30,5326,100,1365,1702,0.59
2026-09-12T20:35:34Z,76,76,30,5326,100,1409,1702,0.54
2026-09-12T20:35:36Z,75,76,30,5311,99,1333,2424,0.54
2026-09-12T20:35:38Z,75,76,30,5311,99,1412,1702,0.50
2026-09-12T20:35:40Z,75,76,30,5311,100,1408,1702,0.50
2026-09-12T20:35:42Z,76,76,30,5311,99,1380,1702,0.50
2026-09-12T20:35:44Z,72,76,30,5326,100,1422,2425,0.46
2026-09-12T20:35:46Z,74,76,30,5311,99,1344,1400,0.46
2026-09-12T20:35:48Z,75,75,30,5311,100,1371,1702,0.42
2026-09-12T20:35:50Z,75,75,30,5326,100,1358,1702,0.42
2026-09-12T20:35:52Z,75,76,30,5326,100,1370,1702,0.39
2026-09-12T20:35:54Z,75,76,30,5326,99,1332,2424,0.39
2026-09-12T20:35:56Z,76,76,30,5326,100,1600,1702,0.39
2026-09-12T20:35:58Z,76,76,30,5311,100,1525,1702,0.36
2026-09-12T20:36:00Z,75,76,30,5311,99,1368,1702,0.36
2026-09-12T20:36:03Z,75,76,30,5326,99,1412,1702,0.33
2026-09-12T20:36:05Z,76,76,30,5311,100,1373,1702,0.33
2026-09-12T20:36:07Z,76,76,30,5326,99,1369,1702,0.33
2026-09-12T20:36:09Z,76,76,30,5326,99,1298,2424,0.30
2026-09-12T20:36:11Z,76,76,30,5326,99,1408,1399,0.30
2026-09-12T20:36:13Z,76,76,30,5326,99,1379,1702,0.28
2026-09-12T20:36:15Z,78,76,30,5326,99,1378,1702,0.28
2026-09-12T20:36:17Z,75,76,30,5357,99,1512,2424,0.33
2026-09-12T20:36:19Z,74,76,30,5311,100,1448,1702,0.33
2026-09-12T20:36:21Z,75,75,30,5357,100,1352,1702,0.33
2026-09-12T20:36:23Z,75,75,30,5357,99,1378,1702,0.31
2026-09-12T20:36:25Z,75,76,30,5326,99,1379,1702,0.31
2026-09-12T20:36:27Z,76,76,30,5311,100,1334,2424,0.36
2026-09-12T20:36:29Z,75,76,30,5326,100,1600,1716,0.36
2026-09-12T20:36:32Z,76,76,30,5311,100,1432,1702,0.36
2026-09-12T20:36:34Z,76,76,30,5311,100,1599,1702,0.33
2026-09-12T20:36:36Z,75,76,30,5311,99,1494,1702,0.33
2026-09-12T20:36:38Z,76,76,30,5357,99,1389,1702,0.31
2026-09-12T20:36:40Z,75,76,30,5357,100,1406,1702,0.31
2026-09-12T20:36:42Z,75,76,30,5311,100,1327,2424,0.31
2026-09-12T20:36:44Z,75,76,30,5326,100,1415,1702,0.36
2026-09-12T20:36:46Z,75,76,30,5357,100,1373,1702,0.36
2026-09-12T20:36:48Z,75,76,30,5311,100,1375,1399,0.33
2026-09-12T20:36:50Z,75,76,30,5357,100,1320,2424,0.33
2026-09-12T20:36:52Z,73,76,30,5357,99,1338,1399,0.31
2026-09-12T20:36:54Z,68,75,30,5357,99,1040,2424,0.31
2026-09-12T20:36:56Z,75,75,30,5326,100,1381,1702,0.31
2026-09-12T20:36:58Z,76,76,30,5357,99,1376,1702,0.28
2026-09-12T20:37:01Z,76,76,30,5311,99,1377,1399,0.28
2026-09-12T20:37:03Z,77,76,30,5326,100,1361,1702,0.26
2026-09-12T20:37:05Z,76,76,30,5357,100,1342,1399,0.26
2026-09-12T20:37:07Z,74,76,30,5357,99,1328,1702,0.26
2026-09-12T20:37:09Z,75,76,30,5357,100,1396,2424,0.24
2026-09-12T20:37:11Z,76,76,30,5311,99,1365,1702,0.24
2026-09-12T20:37:13Z,75,76,30,5311,99,1373,1702,0.22
2026-09-12T20:37:15Z,76,76,30,5357,100,1400,1399,0.22
2026-09-12T20:37:17Z,75,76,30,5311,99,1355,1702,0.20
2026-09-12T20:37:19Z,75,76,30,5326,99,1600,1702,0.20
2026-09-12T20:37:21Z,75,76,30,5311,99,1357,1400,0.20
2026-09-12T20:37:23Z,75,76,30,5357,100,1371,2025,0.18
2026-09-12T20:37:25Z,72,76,30,5357,99,1382,1702,0.18
2026-09-12T20:37:27Z,65,75,30,5326,0,200,2424,0.25
2026-09-12T20:37:30Z,76,75,30,5326,99,1377,1702,0.25
2026-09-12T20:37:32Z,75,76,30,5311,100,1384,1702,0.25
2026-09-12T20:37:34Z,75,76,30,5357,99,1388,1399,0.23
2026-09-12T20:37:36Z,75,76,30,5326,99,1374,1702,0.23
2026-09-12T20:37:38Z,75,76,30,5357,100,1371,1702,0.21
2026-09-12T20:37:40Z,76,76,30,5326,100,1375,1702,0.21
2026-09-12T20:37:42Z,77,76,30,5357,100,1330,2424,0.35
2026-09-12T20:37:44Z,76,76,30,5357,99,1416,1400,0.35
2026-09-12T20:37:46Z,76,76,30,5326,100,1379,1702,0.35
2026-09-12T20:37:48Z,76,76,30,5326,99,1380,1702,0.33
2026-09-12T20:37:50Z,75,76,30,5357,100,1372,1702,0.33
2026-09-12T20:37:52Z,74,76,30,5326,100,1600,1702,0.30
2026-09-12T20:37:54Z,75,76,30,5326,99,1440,1702,0.30
2026-09-12T20:37:56Z,75,76,30,5357,99,1450,1400,0.30
2026-09-12T20:37:59Z,73,76,30,5311,100,1377,1702,0.36
2026-09-12T20:38:01Z,73,75,30,5326,100,1570,1400,0.36
2026-09-12T20:38:03Z,75,75,30,5311,100,1376,1702,0.41
2026-09-12T20:38:05Z,76,75,30,5326,100,1382,1702,0.41
2026-09-12T20:38:07Z,75,76,30,5326,99,1377,1408,0.41
2026-09-12T20:38:09Z,75,76,30,5311,100,1340,2424,0.37
2026-09-12T20:38:11Z,71,76,30,5311,99,1536,1702,0.37
2026-09-12T20:38:13Z,71,76,30,5311,99,1595,1702,0.34
2026-09-12T20:38:15Z,75,76,30,5326,99,1600,2424,0.34
2026-09-12T20:38:17Z,75,76,30,5357,100,1383,1702,0.32
2026-09-12T20:38:19Z,76,76,30,5326,100,1375,1399,0.32
2026-09-12T20:38:21Z,76,76,30,5311,99,1407,1702,0.32
2026-09-12T20:38:23Z,76,76,30,5357,100,1319,2424,0.29
2026-09-12T20:38:25Z,76,76,30,5326,99,1362,1702,0.29
2026-09-12T20:38:28Z,76,76,30,5326,100,1380,1702,0.27
2026-09-12T20:38:30Z,76,76,30,5326,100,1381,1702,0.27
2026-09-12T20:38:32Z,75,76,30,5326,100,1487,2424,0.27
2026-09-12T20:38:34Z,74,76,30,5311,100,1408,1702,0.25
2026-09-12T20:38:36Z,64,75,30,5357,0,200,2424,0.25
2026-09-12T20:38:38Z,75,74,30,5326,100,1384,1702,0.23
2026-09-12T20:38:40Z,75,75,30,5326,100,1381,1399,0.23
2026-09-12T20:38:42Z,75,75,30,5326,99,1384,1702,0.21
2026-09-12T20:38:44Z,76,75,30,5357,99,1375,1702,0.21
2026-09-12T20:38:46Z,75,75,30,5326,100,1371,1702,0.21
2026-09-12T20:38:48Z,77,76,30,5357,100,1378,1702,0.19
2026-09-12T20:38:50Z,74,76,30,5357,100,1332,2424,0.19
2026-09-12T20:38:53Z,75,76,30,5311,100,1403,1702,0.18
2026-09-12T20:38:55Z,75,76,30,5357,99,1346,1702,0.18
2026-09-12T20:38:57Z,75,76,30,5311,100,1360,1702,0.18
2026-09-12T20:38:59Z,73,76,30,5357,99,1325,1702,0.16
2026-09-12T20:39:01Z,71,76,30,5326,99,1485,1702,0.16
2026-09-12T20:39:03Z,76,76,30,5357,99,1600,1702,0.15
2026-09-12T20:39:05Z,75,76,30,5326,100,1376,1702,0.15
2026-09-12T20:39:07Z,74,76,30,5311,100,1331,1399,0.22
2026-09-12T20:39:09Z,74,75,30,5311,99,200,1399,0.22
2026-09-12T20:39:11Z,75,75,30,5311,100,1600,1702,0.22
2026-09-12T20:39:13Z,75,75,30,5311,100,1449,1702,0.20
2026-09-12T20:39:15Z,75,75,30,5311,99,1600,1399,0.20
2026-09-12T20:39:17Z,75,76,30,5311,100,1399,1702,0.26
2026-09-12T20:39:20Z,75,76,30,5311,99,1390,1702,0.26
2026-09-12T20:39:22Z,75,76,30,5357,99,1382,1702,0.26
2026-09-12T20:39:24Z,75,76,30,5326,99,1321,2425,0.24
2026-09-12T20:39:26Z,72,76,30,5357,100,1325,1702,0.24
2026-09-12T20:39:28Z,74,76,30,5311,100,1600,1702,0.22
2026-09-12T20:39:30Z,76,76,30,5311,99,1600,1702,0.22
2026-09-12T20:39:32Z,75,76,30,5311,100,1391,2424,0.22
2026-09-12T20:39:34Z,75,76,30,5357,100,1339,1702,0.36
2026-09-12T20:39:36Z,75,76,30,5357,99,1396,1399,0.36
2026-09-12T20:39:38Z,76,76,30,5311,99,1600,1702,0.34
2026-09-12T20:39:40Z,74,76,30,5311,45,200,2424,0.34
2026-09-12T20:39:42Z,73,76,30,5311,99,1341,1400,0.31
2026-09-12T20:39:44Z,72,75,30,5357,99,1600,1399,0.31
2026-09-12T20:39:46Z,72,75,30,5311,99,1600,1702,0.31
2026-09-12T20:39:49Z,71,76,30,5326,100,1598,1399,0.28
2026-09-12T20:39:51Z,75,76,30,5311,99,1336,2424,0.28
2026-09-12T20:39:53Z,75,76,30,5326,99,1385,1702,0.26
2026-09-12T20:39:55Z,75,76,30,5326,100,1350,1702,0.26
2026-09-12T20:39:57Z,75,76,30,5326,100,1350,1399,0.26
2026-09-12T20:39:59Z,76,76,30,5357,100,1372,1702,0.32
2026-09-12T20:40:01Z,76,76,30,5326,100,1379,1400,0.32
2026-09-12T20:40:03Z,75,76,30,5326,99,1340,1702,0.29
2026-09-12T20:40:05Z,75,76,30,5326,100,1600,2424,0.29
2026-09-12T20:40:07Z,76,76,30,5326,99,1375,1400,0.27
2026-09-12T20:40:09Z,76,76,30,5357,100,1393,1702,0.27
2026-09-12T20:40:11Z,72,76,30,5311,99,1600,1401,0.27
2026-09-12T20:40:13Z,75,76,30,5326,100,1354,2424,0.25
2026-09-12T20:40:15Z,73,75,30,5326,100,1391,1702,0.25
2026-09-12T20:40:18Z,71,75,30,5357,100,1536,1702,0.31
2026-09-12T20:40:20Z,75,75,30,5326,99,1372,1702,0.31
2026-09-12T20:40:22Z,76,76,30,5357,99,1344,1702,0.31
2026-09-12T20:40:24Z,71,76,30,5326,99,1600,2424,0.28
2026-09-12T20:40:26Z,76,76,30,5326,99,1422,1399,0.28
2026-09-12T20:40:28Z,75,76,30,5311,99,1362,1702,0.26
2026-09-12T20:40:30Z,75,76,30,5326,100,1412,1702,0.26
2026-09-12T20:40:32Z,76,76,30,5326,100,1371,1702,0.32
2026-09-12T20:40:34Z,77,76,30,5357,100,1385,1702,0.32
2026-09-12T20:40:36Z,77,76,30,5326,100,1384,1702,0.32
2026-09-12T20:40:38Z,74,76,30,5311,99,1366,2424,0.29
2026-09-12T20:40:40Z,76,76,30,5357,100,1376,1702,0.29
2026-09-12T20:40:42Z,75,76,30,5326,99,1375,1702,0.27
2026-09-12T20:40:44Z,77,76,30,5357,99,1378,1702,0.27
2026-09-12T20:40:46Z,74,76,30,5357,99,1600,2424,0.27
2026-09-12T20:40:49Z,74,76,30,5326,100,1471,1702,0.33
2026-09-12T20:40:51Z,69,75,30,5326,100,1040,2426,0.33
2026-09-12T20:40:53Z,76,75,30,5326,99,1364,1702,0.30
2026-09-12T20:40:55Z,75,76,30,5311,99,1339,1702,0.30
2026-09-12T20:40:57Z,75,76,30,5326,100,1339,1399,0.30
2026-09-12T20:40:59Z,75,76,30,5357,99,1600,1399,0.36
2026-09-12T20:41:01Z,74,76,30,5326,100,1368,1702,0.36
2026-09-12T20:41:03Z,76,76,30,5326,99,1373,1702,0.33
2026-09-12T20:41:05Z,75,76,30,5326,100,1341,2424,0.33
2026-09-12T20:41:07Z,75,76,30,5311,100,1375,1702,0.30
2026-09-12T20:41:09Z,78,76,30,5311,100,1378,1702,0.30
2026-09-12T20:41:11Z,77,76,30,5311,99,1379,1702,0.30
2026-09-12T20:41:13Z,77,76,30,5311,99,1411,1702,0.36
2026-09-12T20:41:15Z,75,76,30,5357,99,1446,1702,0.36
2026-09-12T20:41:18Z,76,76,30,5311,100,1378,1702,0.33
2026-09-12T20:41:20Z,76,76,30,5311,100,1364,1702,0.33
2026-09-12T20:41:22Z,71,76,30,5326,99,1514,1702,0.33
2026-09-12T20:41:24Z,69,75,30,5357,0,200,2424,0.30
2026-09-12T20:41:26Z,75,75,30,5357,99,1376,1702,0.30
2026-09-12T20:41:28Z,75,75,30,5357,100,1354,1702,0.28
2026-09-12T20:41:30Z,75,76,30,5311,100,1379,1702,0.28
2026-09-12T20:41:32Z,71,76,30,5357,100,1438,1702,0.26
2026-09-12T20:41:34Z,76,76,30,5326,99,1382,1702,0.26
2026-09-12T20:41:36Z,74,76,30,5326,99,1600,1702,0.26
2026-09-12T20:41:38Z,74,76,30,5357,99,1322,2424,0.24
2026-09-12T20:41:40Z,76,76,30,5357,100,1384,1702,0.24
2026-09-12T20:41:42Z,75,76,30,5357,100,1376,1702,0.22
2026-09-12T20:41:44Z,76,76,30,5357,100,1379,1702,0.22
2026-09-12T20:41:47Z,74,76,30,5311,100,1336,1702,0.22
2026-09-12T20:41:49Z,76,76,30,5326,100,1371,1702,0.20
2026-09-12T20:41:51Z,75,76,30,5357,99,1377,1702,0.20
2026-09-12T20:41:53Z,76,76,30,5326,100,1388,1702,0.18
2026-09-12T20:41:55Z,74,76,30,5311,100,1404,1702,0.18
2026-09-12T20:41:57Z,73,75,30,5326,99,1379,1702,0.18
2026-09-12T20:41:59Z,75,75,30,5326,100,1350,1702,0.25
2026-09-12T20:42:01Z,75,75,30,5326,99,1388,1399,0.25
2026-09-12T20:42:03Z,75,76,30,5311,99,1368,1702,0.23
2026-09-12T20:42:05Z,76,76,30,5311,99,1374,1702,0.23
2026-09-12T20:42:07Z,77,76,30,5326,100,1391,1702,0.21
2026-09-12T20:42:09Z,77,76,30,5326,99,1380,1702,0.21
2026-09-12T20:42:11Z,76,76,30,5326,99,1330,2424,0.21
2026-09-12T20:42:14Z,74,76,30,5357,100,1366,1399,0.35
2026-09-12T20:42:16Z,75,76,30,5311,100,1429,1702,0.35
2026-09-12T20:42:18Z,75,76,30,5311,100,1425,1702,0.33
2026-09-12T20:42:20Z,75,76,30,5326,99,1328,2425,0.33
2026-09-12T20:42:22Z,75,76,30,5311,100,1375,1702,0.33
2026-09-12T20:42:24Z,76,76,30,5326,100,1377,1400,0.38
2026-09-12T20:42:26Z,76,76,30,5326,100,1370,1702,0.38
2026-09-12T20:42:28Z,72,76,30,5357,99,1487,1702,0.43
2026-09-12T20:42:30Z,73,76,30,5311,99,1344,1399,0.43
2026-09-12T20:42:32Z,62,75,30,5326,0,200,2424,0.47
2026-09-12T20:42:34Z,59,73,30,5311,0,200,2425,0.47
2026-09-12T20:42:36Z,58,71,30,5326,9,1040,2425,0.47
2026-09-12T20:42:38Z,57,69,30,5357,32,1040,2424,0.52
2026-09-12T20:42:40Z,58,66,30,5326,100,1040,2425,0.52
2026-09-12T20:42:42Z,54,65,30,5067,0,200,2424,0.56
2026-09-12T20:42:44Z,67,64,30,4360,99,1600,1401,0.56
2026-09-12T20:42:47Z,69,68,30,3989,100,1600,1399,0.56
2026-09-12T20:42:49Z,70,69,30,3654,100,1529,1702,0.51
2026-09-12T20:42:51Z,70,70,30,3640,99,1600,1702,0.51
2026-09-12T20:42:53Z,72,71,30,3826,99,1600,1399,0.55
2026-09-12T20:42:55Z,72,72,30,3972,100,1553,1702,0.55
2026-09-12T20:42:57Z,76,73,30,4232,100,1334,2425,0.55
2026-09-12T20:42:59Z,74,73,30,4280,100,1593,1702,0.59
2026-09-12T20:43:01Z,74,74,30,4464,100,1491,1702,0.59
2026-09-12T20:43:03Z,71,74,30,4652,99,1455,1702,0.54
2026-09-12T20:43:05Z,72,73,30,4770,100,1493,1399,0.54
2026-09-12T20:43:07Z,70,73,30,4770,100,1376,2425,0.50
2026-09-12T20:43:09Z,74,74,30,4783,100,1600,1702,0.50
2026-09-12T20:43:11Z,75,75,30,4807,99,1600,1880,0.50
2026-09-12T20:43:13Z,75,76,30,5000,100,1554,1702,0.46
2026-09-12T20:43:16Z,75,76,30,5040,99,1493,2426,0.46
2026-09-12T20:43:18Z,77,76,30,5067,100,1351,1702,0.42
2026-09-12T20:43:20Z,75,76,30,5108,100,1313,2424,0.42
2026-09-12T20:43:22Z,76,76,30,5179,99,1367,1702,0.42
2026-09-12T20:43:24Z,72,76,30,5179,100,1600,1702,0.39
2026-09-12T20:43:26Z,72,76,30,5179,99,1403,1702,0.39
2026-09-12T20:43:28Z,73,75,30,5165,100,1374,1702,0.44
2026-09-12T20:43:30Z,66,75,30,5179,0,200,2424,0.44
2026-09-12T20:43:32Z,73,75,30,5179,100,1382,1702,0.40
2026-09-12T20:43:34Z,75,75,30,5179,99,1331,1702,0.40
2026-09-12T20:43:36Z,76,76,30,5179,99,1373,1702,0.40
2026-09-12T20:43:38Z,75,76,30,5179,100,1600,2345,0.37
2026-09-12T20:43:40Z,76,76,30,5165,99,1453,1702,0.37
2026-09-12T20:43:42Z,76,76,30,5179,99,1368,1702,0.34
2026-09-12T20:43:45Z,76,76,30,5165,99,1452,1702,0.34
2026-09-12T20:43:47Z,75,76,30,5165,99,1423,1702,0.34
2026-09-12T20:43:49Z,74,76,30,5179,99,1433,1702,0.31
2026-09-12T20:43:51Z,74,76,30,5208,99,1442,1399,0.31
2026-09-12T20:43:53Z,74,75,30,5179,99,1428,1702,0.45
2026-09-12T20:43:55Z,76,75,30,5165,100,1373,1702,0.45
2026-09-12T20:43:57Z,76,76,30,5165,100,1600,1702,0.45
2026-09-12T20:43:59Z,77,76,30,5165,100,1600,1702,0.41
2026-09-12T20:44:01Z,76,76,30,5208,100,1600,1702,0.41
2026-09-12T20:44:03Z,77,77,30,5179,100,1457,1702,0.46
2026-09-12T20:44:05Z,79,77,30,5208,99,1447,1702,0.46
2026-09-12T20:44:07Z,76,77,30,5208,99,1483,1702,0.42
2026-09-12T20:44:09Z,75,77,30,5208,99,1307,1400,0.42
2026-09-12T20:44:11Z,76,77,30,5208,17,1152,2424,0.42
2026-09-12T20:44:14Z,74,76,30,5237,99,1429,1702,0.39
2026-09-12T20:44:16Z,73,76,30,5208,100,1416,1702,0.39
2026-09-12T20:44:18Z,76,75,30,5208,100,1343,1702,0.36
2026-09-12T20:44:20Z,76,76,30,5237,100,1436,1702,0.36
2026-09-12T20:44:22Z,75,76,30,5237,99,1302,1702,0.36
2026-09-12T20:44:24Z,77,77,30,5252,100,1364,1702,0.33
2026-09-12T20:44:26Z,76,77,30,5252,99,1600,1702,0.33
2026-09-12T20:44:28Z,77,77,30,5252,100,1565,1702,0.30
2026-09-12T20:44:30Z,72,77,30,5252,100,1393,2413,0.30
2026-09-12T20:44:32Z,76,77,30,5237,100,1565,1400,0.28
2026-09-12T20:44:34Z,78,77,30,5252,99,1477,1400,0.28
2026-09-12T20:44:36Z,74,76,30,5237,99,1396,1702,0.28
2026-09-12T20:44:38Z,73,76,30,5237,99,1530,1702,0.33
2026-09-12T20:44:41Z,76,75,30,5252,100,1523,1399,0.33
2026-09-12T20:44:43Z,73,76,30,5252,100,1600,1702,0.31
2026-09-12T20:44:45Z,76,76,30,5208,99,1600,1994,0.31
2026-09-12T20:44:47Z,76,77,30,5237,99,1559,1702,0.31
2026-09-12T20:44:49Z,76,77,30,5237,99,1534,1702,0.28
2026-09-12T20:44:51Z,77,77,30,5252,99,1373,1702,0.28
2026-09-12T20:44:53Z,75,77,30,5252,100,1313,2425,0.26
2026-09-12T20:44:55Z,75,77,30,5252,99,1316,1702,0.26
2026-09-12T20:44:57Z,76,77,30,5252,99,1437,1702,0.24
2026-09-12T20:44:59Z,74,77,30,5252,100,1363,1399,0.24
2026-09-12T20:45:01Z,74,76,30,5237,99,1454,1702,0.24
2026-09-12T20:45:03Z,75,76,30,5252,100,1333,1702,0.38
2026-09-12T20:45:05Z,76,76,30,5252,100,1339,1702,0.38
2026-09-12T20:45:07Z,72,76,30,5252,100,1527,1702,0.43
2026-09-12T20:45:10Z,72,76,30,5237,99,1600,1399,0.43
2026-09-12T20:45:12Z,75,77,30,5237,99,1440,2424,0.43
2026-09-12T20:45:14Z,78,77,30,5237,99,1396,1702,0.39
2026-09-12T20:45:16Z,78,77,30,5237,100,1310,2424,0.39
2026-09-12T20:45:18Z,77,77,30,5281,100,1360,1702,0.36
2026-09-12T20:45:20Z,72,77,30,5237,100,1600,1702,0.36
2026-09-12T20:45:22Z,74,77,30,5237,99,1413,1702,0.36
2026-09-12T20:45:24Z,74,76,30,5252,100,1444,1702,0.33
2026-09-12T20:45:26Z,69,76,30,5252,99,1040,2424,0.33
2026-09-12T20:45:28Z,77,75,30,5237,100,1353,1400,0.31
2026-09-12T20:45:30Z,73,76,30,5237,99,1529,1702,0.31
2026-09-12T20:45:32Z,76,76,30,5281,99,1600,1702,0.28
2026-09-12T20:45:34Z,74,77,30,5237,100,1600,2425,0.28
2026-09-12T20:45:36Z,77,77,30,5237,100,1357,1702,0.28
2026-09-12T20:45:38Z,76,77,30,5237,100,1346,1400,0.26
2026-09-12T20:45:41Z,78,77,30,5237,100,1390,1702,0.26
2026-09-12T20:45:43Z,73,77,30,5252,100,1477,1702,0.24
2026-09-12T20:45:45Z,74,77,30,5237,100,1446,1702,0.24
2026-09-12T20:45:47Z,74,76,30,5252,0,1458,1702,0.24
2026-09-12T20:45:49Z,74,76,30,5281,100,1460,1702,0.22
2026-09-12T20:45:51Z,76,75,30,5237,100,1472,1702,0.22
2026-09-12T20:45:53Z,74,76,30,5281,99,1502,1399,0.20
2026-09-12T20:45:55Z,75,76,30,5281,99,1330,1400,0.20
2026-09-12T20:45:57Z,77,77,30,5237,100,1355,1399,0.18
2026-09-12T20:45:59Z,76,77,30,5281,100,1600,1702,0.18
2026-09-12T20:46:01Z,76,77,30,5252,100,1583,1702,0.18
2026-09-12T20:46:03Z,76,77,30,5237,100,1600,1702,0.25
2026-09-12T20:46:05Z,76,77,30,5252,99,1444,1702,0.25
2026-09-12T20:46:08Z,72,77,30,5237,99,1438,2424,0.31
2026-09-12T20:46:10Z,73,76,30,5252,99,1456,1399,0.31
2026-09-12T20:46:12Z,74,76,30,5281,100,1513,1702,0.31
2026-09-12T20:46:14Z,76,75,30,5237,100,1445,1399,0.45
2026-09-12T20:46:16Z,76,76,30,5252,99,1600,1702,0.45
2026-09-12T20:46:18Z,76,76,30,5252,100,1475,1702,0.41
2026-09-12T20:46:20Z,76,77,30,5237,99,1425,1702,0.41
2026-09-12T20:46:22Z,76,77,30,5252,99,1328,1702,0.54
2026-09-12T20:46:24Z,73,77,30,5252,99,1529,1702,0.54
2026-09-12T20:46:26Z,77,77,30,5281,100,1356,1702,0.54
2026-09-12T20:46:28Z,76,77,30,5237,100,1600,1702,0.49
2026-09-12T20:46:30Z,76,77,30,5252,99,1441,2074,0.49
2026-09-12T20:46:32Z,73,76,30,5237,99,1564,1402,0.45
2026-09-12T20:46:34Z,73,76,30,5281,99,1458,1702,0.45
2026-09-12T20:46:37Z,76,75,30,5281,99,1329,1702,0.45
2026-09-12T20:46:39Z,78,76,30,5281,100,1363,1702,0.42
2026-09-12T20:46:41Z,75,76,30,5281,99,1333,1702,0.42
2026-09-12T20:46:43Z,77,77,30,5252,99,1359,1702,0.38
2026-09-12T20:46:45Z,76,77,30,5252,100,1419,1702,0.38
2026-09-12T20:46:47Z,76,77,30,5252,99,1600,1702,0.38
2026-09-12T20:46:49Z,75,77,30,5281,99,1365,1400,0.35
2026-09-12T20:46:51Z,76,77,30,5252,99,1600,1702,0.35
2026-09-12T20:46:53Z,76,77,30,5237,100,1457,1702,0.32
2026-09-12T20:46:55Z,74,77,30,5237,100,1511,1399,0.32
2026-09-12T20:46:57Z,74,76,30,5237,100,1386,1702,0.38
2026-09-12T20:46:59Z,75,75,30,5237,100,1525,1702,0.38
2026-09-12T20:47:01Z,74,76,30,5237,100,1600,1413,0.38
2026-09-12T20:47:04Z,76,76,30,5281,99,1391,1702,0.35
2026-09-12T20:47:06Z,76,77,30,5237,100,1600,1702,0.35
2026-09-12T20:47:08Z,76,77,30,5281,100,1470,1702,0.40
2026-09-12T20:47:10Z,76,77,30,5252,100,1439,1702,0.40
2026-09-12T20:47:12Z,73,77,30,5281,99,1600,2424,0.40
2026-09-12T20:47:14Z,75,77,30,5252,100,1341,1702,0.37
2026-09-12T20:47:16Z,76,77,30,5237,100,1600,2260,0.37
2026-09-12T20:47:18Z,74,77,30,5252,99,1437,1702,0.34
2026-09-12T20:47:20Z,74,76,30,5237,6,1449,1702,0.34
2026-09-12T20:47:22Z,71,76,30,5237,100,1402,2425,0.31
2026-09-12T20:47:24Z,76,76,30,5281,100,1600,1702,0.31
2026-09-12T20:47:26Z,76,76,30,5252,100,1600,2297,0.31
2026-09-12T20:47:28Z,76,77,30,5281,100,1572,1702,0.29
2026-09-12T20:47:30Z,75,77,30,5281,99,1400,2424,0.29
2026-09-12T20:47:32Z,76,77,30,5281,99,1321,1399,0.26
2026-09-12T20:47:35Z,75,77,30,5237,99,1383,2249,0.26
2026-09-12T20:47:37Z,76,77,30,5281,99,1600,1447,0.26
2026-09-12T20:47:39Z,76,77,30,5252,100,1356,1702,0.24
2026-09-12T20:47:41Z,74,77,30,5252,99,1415,1702,0.24
2026-09-12T20:47:43Z,74,76,30,5237,99,1453,1702,0.22
2026-09-12T20:47:45Z,66,76,30,5237,0,200,2425,0.22
2026-09-12T20:47:47Z,76,76,30,5281,100,1600,1702,0.22
2026-09-12T20:47:49Z,73,76,30,5281,99,1600,1702,0.20
2026-09-12T20:47:51Z,76,77,30,5237,99,1600,1509,0.20
2026-09-12T20:47:53Z,76,77,30,5281,100,1543,2149,0.19
2026-09-12T20:47:55Z,79,77,30,5252,99,1459,1702,0.19
2026-09-12T20:47:57Z,78,77,30,5237,100,1364,1702,0.17
2026-09-12T20:47:59Z,78,77,30,5237,100,1424,1702,0.17
2026-09-12T20:48:01Z,73,77,30,5281,99,1361,1702,0.17
2026-09-12T20:48:04Z,74,77,30,5281,100,1352,1399,0.16
2026-09-12T20:48:06Z,74,76,30,5252,99,1399,1399,0.16
2026-09-12T20:48:08Z,73,76,30,5237,99,1382,1399,0.23
2026-09-12T20:48:10Z,76,76,30,5281,100,1600,1702,0.23
2026-09-12T20:48:12Z,76,76,30,5237,99,1371,1400,0.23
2026-09-12T20:48:14Z,76,77,30,5281,99,1515,1702,0.21
2026-09-12T20:48:16Z,76,77,30,5252,100,1529,1702,0.21
2026-09-12T20:48:18Z,76,77,30,5237,99,1364,1702,0.19
2026-09-12T20:48:20Z,75,77,30,5237,99,1310,1399,0.19
2026-09-12T20:48:22Z,76,77,30,5252,99,1413,1702,0.17
2026-09-12T20:48:24Z,73,77,30,5252,100,1600,1702,0.17
2026-09-12T20:48:26Z,72,77,30,5281,100,1466,1829,0.17
2026-09-12T20:48:28Z,74,76,30,5252,100,1340,1702,0.16
2026-09-12T20:48:31Z,74,76,30,5252,100,1416,1702,0.16
2026-09-12T20:48:33Z,62,74,30,5252,0,200,2427,0.15
2026-09-12T20:48:35Z,60,72,30,5281,0,200,2424,0.15
2026-09-12T20:48:37Z,59,70,30,5237,1,1040,2429,0.15
2026-09-12T20:48:39Z,57,68,30,5237,14,1040,2427,0.22
2026-09-12T20:48:41Z,56,67,30,4770,0,200,2424,0.22
2026-09-12T20:48:43Z,57,65,30,4652,99,1040,2424,0.28
2026-09-12T20:48:45Z,66,67,30,4280,99,1600,1702,0.28
2026-09-12T20:48:47Z,71,70,30,3826,100,1381,1400,0.28
2026-09-12T20:48:49Z,74,71,30,3826,99,1380,1702,0.26
2026-09-12T20:48:51Z,74,72,30,4032,100,1379,1702,0.26
2026-09-12T20:48:53Z,75,73,30,4102,100,1381,1702,0.24
2026-09-12T20:48:55Z,76,74,30,4330,99,1381,1702,0.24
2026-09-12T20:48:57Z,73,74,30,4464,99,1359,2425,0.30
2026-09-12T20:48:59Z,74,75,30,4606,99,1392,1702,0.30
2026-09-12T20:49:01Z,74,75,30,4783,100,1600,1702,0.30
2026-09-12T20:49:04Z,74,75,30,5000,99,1600,1702,0.27
2026-09-12T20:49:06Z,72,75,30,5026,100,1447,1702,0.27
2026-09-12T20:49:08Z,72,75,30,5208,100,1486,1702,0.25
2026-09-12T20:49:10Z,74,76,30,5208,99,1600,1702,0.25
2026-09-12T20:49:12Z,75,76,30,5208,99,1578,1702,0.25
2026-09-12T20:49:14Z,73,76,30,5252,100,1361,1702,0.23
2026-09-12T20:49:16Z,73,75,30,5252,100,1362,1702,0.23
2026-09-12T20:49:18Z,73,75,30,5252,100,1350,1400,0.29
2026-09-12T20:49:20Z,75,74,30,5208,100,1600,1702,0.29
2026-09-12T20:49:22Z,74,75,30,5237,99,1600,1702,0.27
2026-09-12T20:49:24Z,75,76,30,5237,99,1376,1702,0.27
2026-09-12T20:49:26Z,74,76,30,5237,100,1449,1702,0.27
2026-09-12T20:49:28Z,71,76,30,5237,99,1589,1422,0.25
2026-09-12T20:49:31Z,72,76,30,5237,100,1600,1702,0.25
2026-09-12T20:49:33Z,74,76,30,5208,100,1344,2424,0.23
2026-09-12T20:49:35Z,75,76,30,5237,99,1379,1702,0.23
2026-09-12T20:49:37Z,75,76,30,5208,99,1374,1702,0.23
2026-09-12T20:49:39Z,76,76,30,5252,100,1381,1702,0.21
2026-09-12T20:49:41Z,75,76,30,5208,100,1341,2424,0.21
2026-09-12T20:49:43Z,76,76,30,5237,100,1381,1702,0.19
2026-09-12T20:49:45Z,76,76,30,5237,100,1362,1702,0.19
2026-09-12T20:49:47Z,76,76,30,5252,100,1378,1702,0.19
2026-09-12T20:49:49Z,73,76,30,5252,100,1503,1702,0.26
2026-09-12T20:49:51Z,74,76,30,5237,100,1387,1702,0.26
2026-09-12T20:49:53Z,74,75,30,5252,100,1358,1702,0.32
2026-09-12T20:49:55Z,74,75,30,5237,99,1389,1702,0.32
2026-09-12T20:49:57Z,76,76,30,5237,100,1406,1702,0.29
2026-09-12T20:50:00Z,76,76,30,5252,100,1600,1702,0.29
2026-09-12T20:50:02Z,76,76,30,5252,100,1600,1702,0.29
2026-09-12T20:50:04Z,76,77,30,5252,100,1404,1399,0.35
2026-09-12T20:50:06Z,77,77,30,5237,99,1399,1702,0.35
2026-09-12T20:50:08Z,76,77,30,5237,100,1387,1702,0.32
2026-09-12T20:50:10Z,76,77,30,5252,99,1389,1702,0.32
2026-09-12T20:50:12Z,76,77,30,5237,100,1383,1702,0.32
2026-09-12T20:50:14Z,76,77,30,5237,99,1381,1702,0.29
2026-09-12T20:50:16Z,76,77,30,5326,100,1328,2426,0.29
2026-09-12T20:50:18Z,76,77,30,5387,100,1581,1702,0.35
2026-09-12T20:50:20Z,75,76,30,5403,100,1600,1702,0.35
2026-09-12T20:50:22Z,76,77,30,5387,99,1375,1702,0.32
2026-09-12T20:50:24Z,75,77,30,5387,100,1354,1399,0.32
2026-09-12T20:50:26Z,74,76,30,5403,99,1434,1702,0.32
2026-09-12T20:50:29Z,73,76,30,5387,99,1341,1702,0.38
2026-09-12T20:50:31Z,73,75,30,5434,0,200,2424,0.38
2026-09-12T20:50:33Z,72,75,30,5434,100,1600,1702,0.35
2026-09-12T20:50:35Z,72,76,30,5434,100,1446,1400,0.35
2026-09-12T20:50:37Z,76,76,30,5434,99,1328,1702,0.35
2026-09-12T20:50:39Z,75,76,30,5403,99,1377,1702,0.32
2026-09-12T20:50:41Z,72,76,30,5403,100,1597,1702,0.32
2026-09-12T20:50:43Z,72,76,30,5403,99,1591,1702,0.29
2026-09-12T20:50:45Z,75,76,30,5434,100,1600,2425,0.29
2026-09-12T20:50:47Z,75,76,30,5434,100,1363,1702,0.27
2026-09-12T20:50:49Z,75,76,30,5434,100,1413,1702,0.27
2026-09-12T20:50:51Z,75,76,30,5403,99,1379,1702,0.27
2026-09-12T20:50:53Z,72,76,30,5434,99,1481,1702,0.33
2026-09-12T20:50:55Z,71,76,30,5434,100,1600,1702,0.33
2026-09-12T20:50:58Z,75,76,30,5387,99,1600,1702,0.30
2026-09-12T20:51:00Z,76,76,30,5434,100,1450,1702,0.30
2026-09-12T20:51:02Z,73,76,30,5434,99,1422,1400,0.30
2026-09-12T20:51:04Z,73,75,30,5434,100,1398,1702,0.36
2026-09-12T20:51:06Z,73,75,30,5434,99,1341,1702,0.36
2026-09-12T20:51:08Z,75,74,30,5434,99,1600,1702,0.33
2026-09-12T20:51:10Z,73,75,30,5434,100,1600,1702,0.33
2026-09-12T20:51:12Z,74,76,30,5434,100,1367,1702,0.33
2026-09-12T20:51:14Z,75,76,30,5387,99,1370,1702,0.46
2026-09-12T20:51:16Z,71,76,30,5434,99,1393,1702,0.46
2026-09-12T20:51:18Z,72,76,30,5434,100,1538,1702,0.43
2026-09-12T20:51:20Z,74,76,30,5434,99,1361,2424,0.43
2026-09-12T20:51:22Z,75,76,30,5419,100,1387,1702,0.39
2026-09-12T20:51:25Z,76,76,30,5434,100,1383,1702,0.39
2026-09-12T20:51:27Z,76,76,30,5434,100,1393,1702,0.39
2026-09-12T20:51:29Z,75,76,30,5403,99,1354,2424,0.36
2026-09-12T20:51:31Z,76,76,30,5434,99,1359,1702,0.36
2026-09-12T20:51:33Z,74,76,30,5434,99,1370,1702,0.33
2026-09-12T20:51:35Z,71,76,30,5434,99,1597,1702,0.33
2026-09-12T20:51:37Z,72,76,30,5434,100,1519,1702,0.33
2026-09-12T20:51:39Z,73,76,30,5450,99,1351,1702,0.30
2026-09-12T20:51:41Z,73,75,30,5434,100,1374,1400,0.30
2026-09-12T20:51:43Z,74,75,30,5434,99,1391,1702,0.28
2026-09-12T20:51:45Z,75,75,30,5434,100,1379,1702,0.28
2026-09-12T20:51:47Z,75,76,30,5434,100,1600,1702,0.26
2026-09-12T20:51:49Z,75,76,30,5387,99,1600,1702,0.26
2026-09-12T20:51:51Z,75,76,30,5403,100,1372,1702,0.26
2026-09-12T20:51:54Z,76,76,30,5434,100,1396,1702,0.24
2026-09-12T20:51:56Z,76,76,30,5434,99,1599,1825,0.24
2026-09-12T20:51:58Z,75,76,30,5450,99,1398,1702,0.30
2026-09-12T20:52:00Z,76,76,30,5434,100,1421,1702,0.30
2026-09-12T20:52:02Z,75,76,30,5434,99,1381,1702,0.30
2026-09-12T20:52:04Z,75,76,30,5434,100,1341,2424,0.27
2026-09-12T20:52:06Z,74,76,30,5434,100,1378,1702,0.27
2026-09-12T20:52:08Z,72,76,30,5434,100,1600,1702,0.25
2026-09-12T20:52:10Z,75,76,30,5387,99,1600,1702,0.25
2026-09-12T20:52:12Z,75,76,30,5434,99,1363,1940,0.31
2026-09-12T20:52:14Z,73,75,30,5434,99,1373,1702,0.31
2026-09-12T20:52:16Z,74,75,30,5387,100,1340,1702,0.31
2026-09-12T20:52:18Z,68,75,30,5434,0,200,2424,0.37
2026-09-12T20:52:20Z,76,75,30,5434,100,1364,1702,0.37
2026-09-12T20:52:23Z,75,75,30,5434,100,1366,1702,0.34
2026-09-12T20:52:25Z,76,76,30,5434,100,1398,1702,0.34
2026-09-12T20:52:27Z,75,76,30,5434,99,1376,1702,0.34
2026-09-12T20:52:29Z,75,76,30,5387,100,1373,1702,0.31
2026-09-12T20:52:31Z,75,76,30,5387,99,1378,1702,0.31
2026-09-12T20:52:33Z,75,76,30,5450,99,1349,2424,0.37
2026-09-12T20:52:35Z,76,76,30,5434,99,1374,1702,0.37
2026-09-12T20:52:37Z,75,76,30,5434,100,1381,1702,0.37
2026-09-12T20:52:39Z,77,76,30,5434,100,1376,1702,0.34
2026-09-12T20:52:41Z,71,76,30,5434,99,1207,2424,0.34
2026-09-12T20:52:43Z,75,76,30,5434,100,1363,1702,0.31
2026-09-12T20:52:45Z,75,76,30,5387,99,1370,1702,0.31
2026-09-12T20:52:47Z,75,76,30,5434,100,1380,1702,0.28
2026-09-12T20:52:49Z,72,76,30,5434,42,1551,1399,0.28
2026-09-12T20:52:52Z,73,75,30,5387,100,1368,1400,0.28
2026-09-12T20:52:54Z,72,75,30,5434,99,1366,1702,0.26
2026-09-12T20:52:56Z,76,74,30,5434,100,1375,1702,0.26
2026-09-12T20:52:58Z,77,75,30,5387,99,1382,1702,0.24
2026-09-12T20:53:00Z,75,75,30,5434,99,1376,1702,0.24
2026-09-12T20:53:02Z,75,76,30,5403,99,1334,2424,0.24
2026-09-12T20:53:04Z,77,76,30,5387,100,1381,1702,0.22
2026-09-12T20:53:06Z,76,76,30,5387,99,1377,1702,0.22
2026-09-12T20:53:08Z,77,76,30,5434,100,1341,2299,0.20
2026-09-12T20:53:10Z,75,76,30,5434,100,1388,1702,0.20
2026-09-12T20:53:12Z,73,76,30,5434,100,1600,1702,0.19
2026-09-12T20:53:14Z,76,76,30,5434,99,1597,1702,0.19
2026-09-12T20:53:16Z,74,76,30,5403,100,1372,2425,0.19
2026-09-12T20:53:18Z,75,76,30,5387,99,1379,1702,0.17
2026-09-12T20:53:21Z,74,76,30,5434,100,1360,1702,0.17
2026-09-12T20:53:23Z,76,76,30,5403,100,1370,1400,0.16
2026-09-12T20:53:25Z,71,76,30,5403,99,1305,2424,0.16
2026-09-12T20:53:27Z,73,75,30,5434,99,1566,1702,0.16
2026-09-12T20:53:29Z,73,75,30,5434,99,1390,1399,0.14
2026-09-12T20:53:31Z,69,74,30,5403,100,1245,2424,0.14
2026-09-12T20:53:33Z,75,75,30,5387,100,1539,1702,0.13
2026-09-12T20:53:35Z,76,75,30,5434,99,1536,1399,0.13
2026-09-12T20:53:37Z,71,76,30,5434,100,1593,1702,0.13
2026-09-12T20:53:39Z,75,76,30,5387,100,1600,1702,0.12
2026-09-12T20:53:41Z,75,76,30,5450,99,1598,1702,0.12
2026-09-12T20:53:43Z,76,76,30,5403,99,1382,1702,0.11
2026-09-12T20:53:45Z,73,76,30,5450,100,1369,1702,0.11
2026-09-12T20:53:47Z,75,76,30,5434,100,1392,1702,0.10
2026-09-12T20:53:50Z,76,76,30,5387,100,1399,1702,0.10
2026-09-12T20:53:52Z,74,76,30,5403,99,1314,2425,0.10
2026-09-12T20:53:54Z,76,76,30,5387,100,1354,1702,0.17
2026-09-12T20:53:56Z,75,76,30,5434,99,1374,1702,0.17
2026-09-12T20:53:58Z,71,76,30,5403,100,1597,1399,0.16
2026-09-12T20:54:00Z,75,76,30,5434,99,1598,1702,0.16
2026-09-12T20:54:02Z,73,76,30,5434,100,1349,1702,0.16
2026-09-12T20:54:04Z,73,75,30,5434,99,1376,1702,0.23
2026-09-12T20:54:06Z,72,75,30,5387,99,1437,1399,0.23
2026-09-12T20:54:08Z,74,74,30,5387,99,1386,1702,0.21
2026-09-12T20:54:10Z,75,75,30,5434,100,1600,1702,0.21
2026-09-12T20:54:12Z,75,76,30,5434,100,1600,1702,0.19
2026-09-12T20:54:14Z,75,76,30,5450,100,1446,1418,0.19
2026-09-12T20:54:16Z,75,76,30,5434,99,1378,1400,0.19
2026-09-12T20:54:19Z,75,76,30,5434,99,1600,1702,0.18
2026-09-12T20:54:21Z,75,76,30,5387,99,1322,2424,0.18
2026-09-12T20:54:23Z,75,76,30,5434,100,1349,1702,0.16
2026-09-12T20:54:25Z,75,76,30,5403,100,1388,1702,0.16
2026-09-12T20:54:27Z,75,76,30,5403,99,1383,1702,0.16
2026-09-12T20:54:29Z,74,76,30,5403,100,1337,1702,0.15
2026-09-12T20:54:31Z,72,76,30,5434,99,1600,1702,0.15
2026-09-12T20:54:33Z,75,76,30,5434,99,1596,1702,0.14
2026-09-12T20:54:35Z,75,76,30,5403,99,1600,2208,0.14
2026-09-12T20:54:37Z,72,76,30,5450,99,1370,1702,0.21
2026-09-12T20:54:39Z,72,75,30,5419,99,1357,1702,0.21
2026-09-12T20:54:41Z,73,75,30,5403,99,1354,1399,0.21
2026-09-12T20:54:43Z,74,74,30,5450,99,1433,1702,0.27
2026-09-12T20:54:46Z,75,75,30,5387,100,1378,1702,0.27
2026-09-12T20:54:48Z,75,75,30,5434,99,1600,1399,0.25
2026-09-12T20:54:50Z,75,76,30,5434,100,1339,2427,0.25
2026-09-12T20:54:52Z,75,76,30,5403,99,1397,1702,0.25
2026-09-12T20:54:54Z,75,76,30,5403,99,1362,1702,0.23
2026-09-12T20:54:56Z,75,76,30,5434,100,1344,1399,0.23
2026-09-12T20:54:58Z,75,76,30,5434,99,1388,1702,0.29
2026-09-12T20:55:00Z,75,76,30,5434,100,1370,1702,0.29
2026-09-12T20:55:02Z,75,76,30,5387,99,1378,1702,0.29
2026-09-12T20:55:04Z,75,76,30,5387,99,1337,2424,0.35
2026-09-12T20:55:06Z,75,76,30,5403,99,1600,1702,0.35
2026-09-12T20:55:08Z,75,76,30,5387,99,1600,1702,0.32
2026-09-12T20:55:10Z,75,76,30,5403,99,1381,1702,0.32
2026-09-12T20:55:12Z,75,76,30,5450,100,1324,2425,0.37
2026-09-12T20:55:15Z,73,75,30,5450,100,1574,1399,0.37
2026-09-12T20:55:17Z,73,75,30,5387,100,1413,1400,0.37
2026-09-12T20:55:19Z,68,74,30,5450,99,1040,2424,0.42
2026-09-12T20:55:21Z,75,75,30,5387,100,1387,1702,0.42
2026-09-12T20:55:23Z,75,75,30,5403,99,1377,1702,0.39
2026-09-12T20:55:25Z,75,75,30,5434,99,1380,1702,0.39
2026-09-12T20:55:27Z,75,76,30,5403,99,1369,1702,0.39
2026-09-12T20:55:29Z,75,76,30,5434,99,1382,1399,0.36
2026-09-12T20:55:31Z,75,76,30,5403,100,1381,1702,0.36
2026-09-12T20:55:33Z,75,76,30,5419,100,1335,2424,0.41
2026-09-12T20:55:35Z,72,76,30,5434,100,1337,1702,0.41
2026-09-12T20:55:37Z,71,76,30,5450,99,1592,1702,0.38
2026-09-12T20:55:39Z,74,76,30,5434,100,1598,2399,0.38
2026-09-12T20:55:41Z,75,76,30,5403,99,1384,1702,0.38
2026-09-12T20:55:44Z,75,76,30,5450,100,1379,1702,0.35
2026-09-12T20:55:46Z,76,76,30,5434,99,1378,1702,0.35
2026-09-12T20:55:48Z,77,76,30,5434,99,1376,1399,0.32
2026-09-12T20:55:50Z,73,76,30,5387,99,1387,1702,0.32
2026-09-12T20:55:52Z,72,75,30,5450,99,1406,1399,0.32
2026-09-12T20:55:54Z,72,75,30,5434,100,1390,1702,0.29
2026-09-12T20:55:56Z,74,74,30,5434,99,1600,1702,0.29
2026-09-12T20:55:58Z,75,75,30,5434,99,1375,1702,0.27
2026-09-12T20:56:00Z,74,75,30,5403,99,1335,1702,0.27
2026-09-12T20:56:02Z,75,75,30,5434,100,1600,1400,0.33
2026-09-12T20:56:04Z,75,76,30,5434,100,1599,1702,0.33
2026-09-12T20:56:06Z,75,76,30,5387,100,1391,1702,0.33
2026-09-12T20:56:08Z,71,76,30,5450,100,1600,2425,0.30
2026-09-12T20:56:10Z,75,76,30,5450,100,1414,1702,0.30
2026-09-12T20:56:13Z,75,76,30,5434,100,1437,1702,0.28
2026-09-12T20:56:15Z,76,76,30,5450,99,1366,1702,0.28
2026-09-12T20:56:17Z,75,76,30,5450,100,1370,2424,0.28
2026-09-12T20:56:19Z,74,76,30,5434,99,1376,1702,0.25
2026-09-12T20:56:21Z,71,76,30,5434,99,1600,1702,0.25
2026-09-12T20:56:23Z,75,76,30,5403,100,1600,1399,0.31
2026-09-12T20:56:25Z,73,76,30,5387,99,1545,1702,0.31
2026-09-12T20:56:27Z,73,75,30,5434,100,1392,1702,0.31
2026-09-12T20:56:29Z,72,75,30,5434,100,1383,1702,0.37
2026-09-12T20:56:31Z,74,74,30,5434,99,1395,1702,0.37
2026-09-12T20:56:33Z,75,75,30,5434,100,1385,1399,0.34
2026-09-12T20:56:35Z,75,75,30,5450,99,1379,1401,0.34
2026-09-12T20:56:37Z,75,76,30,5434,100,1361,1399,0.31
2026-09-12T20:56:40Z,75,76,30,5387,99,1402,1702,0.31
2026-09-12T20:56:42Z,75,76,30,5434,99,1382,1702,0.31
2026-09-12T20:56:44Z,74,76,30,5450,99,1600,1702,0.29
2026-09-12T20:56:46Z,75,76,30,5434,99,1460,1702,0.29
2026-09-12T20:56:48Z,75,76,30,5387,99,1374,1702,0.26
2026-09-12T20:56:50Z,75,76,30,5434,99,1398,1702,0.26
2026-09-12T20:56:52Z,75,76,30,5434,100,1347,2424,0.26
2026-09-12T20:56:54Z,72,76,30,5434,99,1351,1702,0.32
2026-09-12T20:56:56Z,71,76,30,5434,100,1595,1702,0.32
2026-09-12T20:56:58Z,75,76,30,5387,100,1600,1702,0.30
2026-09-12T20:57:00Z,74,76,30,5434,100,1345,2424,0.30
2026-09-12T20:57:02Z,72,75,30,5434,100,1373,1702,0.27
2026-09-12T20:57:04Z,73,75,30,5403,100,1434,1400,0.27
2026-09-12T20:57:06Z,68,74,30,5434,99,1040,2426,0.27
2026-09-12T20:57:08Z,75,75,30,5434,100,1384,1702,0.25
2026-09-12T20:57:11Z,76,75,30,5434,99,1373,1702,0.25
2026-09-12T20:57:13Z,75,76,30,5387,99,1369,1702,0.23
2026-09-12T20:57:15Z,76,76,30,5434,100,1389,1702,0.23
2026-09-12T20:57:17Z,75,76,30,5419,99,1393,1702,0.23
2026-09-12T20:57:19Z,75,76,30,5387,99,1380,1702,0.21
2026-09-12T20:57:21Z,75,76,30,5403,99,1323,2424,0.21
2026-09-12T20:57:23Z,75,76,30,5434,99,1381,1702,0.19
2026-09-12T20:57:25Z,76,76,30,5434,100,1373,1702,0.19
2026-09-12T20:57:27Z,77,76,30,5434,100,1384,1702,0.19
2026-09-12T20:57:29Z,75,76,30,5434,100,1600,1400,0.26
2026-09-12T20:57:31Z,75,76,30,5403,100,1381,1702,0.26
2026-09-12T20:57:33Z,75,76,30,5387,99,1386,1702,0.24
2026-09-12T20:57:35Z,75,76,30,5387,99,1379,1702,0.24
2026-09-12T20:57:38Z,73,76,30,5434,99,1429,1702,0.22
2026-09-12T20:57:40Z,72,75,30,5387,100,1420,1400,0.22
2026-09-12T20:57:42Z,73,75,30,5434,99,1490,1400,0.22
2026-09-12T20:57:44Z,60,73,30,5434,0,200,2422,0.28
2026-09-12T20:57:46Z,59,71,30,5434,0,200,2425,0.28
2026-09-12T20:57:48Z,57,69,30,5387,0,200,2424,0.34
2026-09-12T20:57:50Z,57,67,30,5387,0,1040,2425,0.34
2026-09-12T20:57:52Z,56,66,30,4687,7,1040,2424,0.34
2026-09-12T20:57:54Z,55,64,30,4687,0,200,2424,0.39
2026-09-12T20:57:56Z,53,62,30,4120,0,200,2424,0.39
2026-09-12T20:57:58Z,54,61,30,3826,0,200,2424,0.44
2026-09-12T20:58:00Z,67,63,30,3676,99,1395,1702,0.44
2026-09-12T20:58:02Z,70,67,30,3038,100,1390,1702,0.41
2026-09-12T20:58:04Z,69,69,30,3024,99,1327,1702,0.41
2026-09-12T20:58:06Z,70,70,30,3249,99,1341,2197,0.41
2026-09-12T20:58:08Z,72,71,30,3459,100,1595,1702,0.45
2026-09-12T20:58:11Z,72,72,30,3676,100,1505,1854,0.45
2026-09-12T20:58:13Z,66,73,30,3972,100,1040,2424,0.50
2026-09-12T20:58:15Z,74,73,30,4058,99,1381,1702,0.50
2026-09-12T20:58:17Z,70,74,30,4242,99,1600,1702,0.50
2026-09-12T20:58:19Z,70,74,30,4464,99,1465,1399,0.54
2026-09-12T20:58:21Z,69,73,30,4629,100,1466,2424,0.54
2026-09-12T20:58:23Z,63,73,30,4711,0,200,2424,0.82
2026-09-12T20:58:25Z,75,73,30,4746,99,1422,1702,0.82
2026-09-12T20:58:27Z,75,75,30,4870,100,1542,1422,0.82
2026-09-12T20:58:29Z,75,75,30,5000,100,1396,1702,1.07
2026-09-12T20:58:31Z,74,76,30,5026,99,1295,1399,1.07
2026-09-12T20:58:33Z,75,76,30,5040,99,1600,1702,0.99
2026-09-12T20:58:35Z,75,76,30,5026,100,1523,1702,0.99
2026-09-12T20:58:37Z,75,76,30,5026,100,1469,1702,0.91
2026-09-12T20:58:39Z,71,76,30,5208,100,1600,1653,0.91
2026-09-12T20:58:42Z,72,76,30,5208,100,1480,1399,0.91
2026-09-12T20:58:44Z,72,75,30,5208,99,1506,1904,1.07
2026-09-12T20:58:46Z,70,75,30,5208,99,1476,1992,1.07
2026-09-12T20:58:48Z,76,74,30,5208,99,1348,1702,0.99
2026-09-12T20:58:50Z,75,75,30,5208,100,1384,1702,0.99
2026-09-12T20:58:52Z,76,75,30,5208,100,1362,1702,0.99
2026-09-12T20:58:54Z,70,76,30,5208,100,1600,2424,0.91
2026-09-12T20:58:56Z,76,76,30,5208,99,1516,1702,0.91
2026-09-12T20:58:58Z,75,76,30,5208,100,1469,1702,0.84
2026-09-12T20:59:00Z,71,76,30,5208,99,1600,2424,0.84
2026-09-12T20:59:02Z,75,76,30,5208,99,1548,1702,0.77
2026-09-12T20:59:04Z,77,76,30,5252,100,1482,1702,0.77
2026-09-12T20:59:06Z,72,76,30,5208,99,1572,1702,0.77
2026-09-12T20:59:08Z,73,75,30,5208,0,1512,1399,0.95
2026-09-12T20:59:11Z,68,75,30,5208,0,200,2424,0.95
2026-09-12T20:59:13Z,75,75,30,5237,100,1451,1702,0.87
2026-09-12T20:59:15Z,75,75,30,5208,99,1514,1702,0.87
2026-09-12T20:59:17Z,75,76,30,5208,99,1315,1702,0.87
2026-09-12T20:59:19Z,74,76,30,5208,99,1305,1399,0.80
2026-09-12T20:59:21Z,76,76,30,5237,99,1600,1702,0.80
2026-09-12T20:59:23Z,76,76,30,5252,99,1369,1702,0.98
2026-09-12T20:59:25Z,78,76,30,5252,100,1478,1702,0.98
2026-09-12T20:59:27Z,72,76,30,5237,100,1600,1702,0.98
2026-09-12T20:59:29Z,75,76,30,5252,99,1427,2424,0.90
2026-09-12T20:59:31Z,71,76,30,5208,100,1540,1702,0.90
2026-09-12T20:59:33Z,73,75,30,5208,99,1514,1399,1.07
2026-09-12T20:59:35Z,75,74,30,5252,100,1600,1702,1.07
2026-09-12T20:59:37Z,74,75,30,5252,100,1600,1702,0.98
2026-09-12T20:59:40Z,76,76,30,5208,100,1530,1702,0.98
2026-09-12T20:59:42Z,76,76,30,5237,99,1463,1702,0.98
2026-09-12T20:59:44Z,75,76,30,5237,100,1355,1702,0.90
2026-09-12T20:59:46Z,73,76,30,5237,100,1600,1399,0.90
2026-09-12T20:59:48Z,75,76,30,5252,100,1414,2425,0.91
2026-09-12T20:59:50Z,78,76,30,5252,100,1393,1702,0.91
2026-09-12T20:59:52Z,72,76,30,5208,99,1349,1702,0.91
2026-09-12T20:59:54Z,70,76,30,5252,100,1500,1702,0.84
2026-09-12T20:59:56Z,73,76,30,5252,100,200,2424,0.84
2026-09-12T20:59:58Z,65,75,30,5252,0,1040,2424,1.01
2026-09-12T21:00:00Z,76,75,30,5252,99,1520,1702,1.01
2026-09-12T21:00:02Z,75,76,30,5252,100,1546,1702,0.93
2026-09-12T21:00:04Z,75,76,30,5208,99,1378,1399,0.93
2026-09-12T21:00:06Z,75,76,30,5252,99,1293,1702,0.93
2026-09-12T21:00:08Z,76,76,30,5237,99,1600,1702,0.85
2026-09-12T21:00:11Z,76,76,30,5252,99,1537,1400,0.85
2026-09-12T21:00:13Z,75,76,30,5237,100,1410,1702,1.03
2026-09-12T21:00:15Z,76,76,30,5252,100,1600,1702,1.03
2026-09-12T21:00:17Z,72,77,30,5237,100,1416,2425,1.03
2026-09-12T21:00:19Z,73,76,30,5237,100,1572,1399,1.18
2026-09-12T21:00:21Z,74,75,30,5252,99,1462,2424,1.18
2026-09-12T21:00:23Z,73,75,30,5237,100,1301,1399,1.09
2026-09-12T21:00:25Z,79,75,30,5237,100,1473,1702,1.09
2026-09-12T21:00:27Z,72,76,30,5252,99,1600,1399,1.09
2026-09-12T21:00:29Z,76,76,30,5237,99,1354,1702,1.00
2026-09-12T21:00:31Z,77,76,30,5252,99,1542,1702,1.00
2026-09-12T21:00:33Z,76,77,30,5252,100,1360,1399,0.92
2026-09-12T21:00:35Z,74,77,30,5237,99,1291,2426,0.92
2026-09-12T21:00:37Z,76,76,30,5237,100,1569,1702,0.85
2026-09-12T21:00:40Z,77,76,30,5252,99,1377,1702,0.85
2026-09-12T21:00:42Z,74,76,30,5252,0,1487,1471,0.85
2026-09-12T21:00:44Z,72,76,30,5281,99,1518,1399,0.86
2026-09-12T21:00:46Z,64,75,30,5252,100,1040,2424,0.86
2026-09-12T21:00:48Z,75,75,30,5252,100,1600,1702,0.79
2026-09-12T21:00:50Z,76,76,30,5237,99,1600,1419,0.79
2026-09-12T21:00:52Z,76,76,30,5252,99,1513,1702,0.79
2026-09-12T21:00:54Z,76,76,30,5281,99,1358,1736,0.73
2026-09-12T21:00:56Z,72,76,30,5252,100,1600,1702,0.73
2026-09-12T21:00:58Z,76,77,30,5237,99,1600,2424,0.91
2026-09-12T21:01:00Z,76,76,30,5281,100,1492,1702,0.91
2026-09-12T21:01:02Z,76,77,30,5281,100,1346,1702,0.92
2026-09-12T21:01:04Z,74,77,30,5252,100,1520,1399,0.92
2026-09-12T21:01:06Z,75,76,30,5252,99,1467,1702,0.92
2026-09-12T21:01:08Z,72,75,30,5252,100,1526,1499,0.84
2026-09-12T21:01:11Z,77,75,30,5252,100,1345,1399,0.84
2026-09-12T21:01:13Z,76,76,30,5281,99,1457,1702,0.77
2026-09-12T21:01:15Z,74,76,30,5252,99,1313,1702,0.77
2026-09-12T21:01:17Z,75,76,30,5237,100,1357,1702,0.77
2026-09-12T21:01:19Z,76,77,30,5252,99,1600,1702,0.71
2026-09-12T21:01:21Z,76,77,30,5252,100,1358,1399,0.71
2026-09-12T21:01:23Z,75,77,30,5252,99,1318,2424,0.74
2026-09-12T21:01:25Z,76,77,30,5281,99,1426,1702,0.74
2026-09-12T21:01:27Z,76,77,30,5237,100,1546,1702,0.74
2026-09-12T21:01:29Z,74,76,30,5252,99,1463,2425,0.68
2026-09-12T21:01:31Z,73,76,30,5237,100,1515,1399,0.68
2026-09-12T21:01:33Z,64,75,30,5281,99,1040,2424,0.62
2026-09-12T21:01:35Z,76,75,30,5281,100,1600,1453,0.62
2026-09-12T21:01:37Z,72,76,30,5252,100,1600,1399,0.57
2026-09-12T21:01:40Z,76,76,30,5237,99,1600,1702,0.57
2026-09-12T21:01:42Z,76,76,30,5237,99,1398,1779,0.57
2026-09-12T21:01:44Z,72,76,30,5237,100,1529,1702,0.61
2026-09-12T21:01:46Z,76,77,30,5237,100,1600,1702,0.61
2026-09-12T21:01:48Z,76,77,30,5252,99,1600,1702,0.80
2026-09-12T21:01:50Z,79,77,30,5252,99,1484,1702,0.80
2026-09-12T21:01:52Z,74,77,30,5252,99,1340,2424,0.80
2026-09-12T21:01:54Z,73,76,30,5237,99,1591,1702,1.06
2026-09-12T21:01:56Z,75,75,30,5237,100,1450,1399,1.06
2026-09-12T21:01:58Z,76,75,30,5252,99,1352,1702,1.21
2026-09-12T21:02:00Z,76,76,30,5281,99,1600,1702,1.21
2026-09-12T21:02:02Z,77,76,30,5281,99,1521,1702,1.11
2026-09-12T21:02:04Z,76,77,30,5281,100,1522,1702,1.11
2026-09-12T21:02:06Z,74,77,30,5252,100,1318,1702,1.11
2026-09-12T21:02:09Z,76,77,30,5252,100,1600,1720,1.02
2026-09-12T21:02:11Z,75,77,30,5237,100,1402,2425,1.02
2026-09-12T21:02:13Z,74,77,30,5237,100,1332,1702,0.94
2026-09-12T21:02:15Z,77,77,30,5237,100,1600,2424,0.94
2026-09-12T21:02:17Z,73,76,30,5237,100,1550,1399,0.94
2026-09-12T21:02:19Z,74,76,30,5252,100,1465,2422,1.11
2026-09-12T21:02:21Z,64,75,30,5281,99,1040,2424,1.11
2026-09-12T21:02:23Z,75,75,30,5237,100,1600,1702,1.02
2026-09-12T21:02:25Z,73,76,30,5237,100,1600,1399,1.02
2026-09-12T21:02:27Z,77,76,30,5252,100,1600,1854,1.02
2026-09-12T21:02:29Z,76,77,30,5237,100,1432,1819,0.94
2026-09-12T21:02:31Z,73,77,30,5281,99,1600,1702,0.94
2026-09-12T21:02:33Z,76,77,30,5281,99,1600,1702,1.18
2026-09-12T21:02:35Z,75,77,30,5252,100,1499,1702,1.18
2026-09-12T21:02:37Z,76,77,30,5237,100,1358,1400,1.09
2026-09-12T21:02:40Z,74,77,30,5237,100,1346,2424,1.09
2026-09-12T21:02:42Z,72,76,30,5252,100,1487,1702,1.09
2026-09-12T21:02:44Z,73,76,30,5281,100,1559,1702,1.00
2026-09-12T21:02:46Z,76,75,30,5237,100,1457,1940,1.00
2026-09-12T21:02:48Z,76,76,30,5281,99,1558,1702,0.92
2026-09-12T21:02:50Z,78,76,30,5237,99,1360,1399,0.92
2026-09-12T21:02:52Z,76,76,30,5252,100,1435,1702,0.92
2026-09-12T21:02:54Z,76,77,30,5237,99,1600,1702,0.85
2026-09-12T21:02:56Z,76,77,30,5252,100,1482,1399,0.85
2026-09-12T21:02:58Z,75,77,30,5252,99,1323,2424,0.78
2026-09-12T21:03:00Z,75,77,30,5237,99,1434,1702,0.78
2026-09-12T21:03:02Z,76,77,30,5252,99,1600,1400,0.72
2026-09-12T21:03:04Z,72,76,30,5237,99,1501,1399,0.72
2026-09-12T21:03:06Z,73,76,30,5252,0,1495,2149,0.72
2026-09-12T21:03:09Z,67,75,30,5237,100,1040,2424,0.98
2026-09-12T21:03:11Z,72,75,30,5252,100,1600,1422,0.98
2026-09-12T21:03:13Z,74,76,30,5281,99,1290,1399,0.90
2026-09-12T21:03:15Z,75,76,30,5252,99,1600,1702,0.90
2026-09-12T21:03:17Z,76,76,30,5281,100,1374,2075,0.90
2026-09-12T21:03:19Z,75,77,30,5237,99,1336,1702,0.91
2026-09-12T21:03:21Z,73,77,30,5252,100,1600,1702,0.91
2026-09-12T21:03:23Z,76,77,30,5252,99,1600,2302,0.84
2026-09-12T21:03:25Z,77,77,30,5281,99,1485,1702,0.84
2026-09-12T21:03:27Z,71,77,30,5281,99,1316,2425,0.84
2026-09-12T21:03:29Z,73,76,30,5237,100,1580,1702,1.01
2026-09-12T21:03:31Z,73,76,30,5281,100,200,2424,1.01
2026-09-12T21:03:33Z,76,75,30,5252,99,1461,1702,1.01
2026-09-12T21:03:35Z,76,76,30,5281,100,1519,1702,1.01
2026-09-12T21:03:37Z,77,76,30,5237,99,1379,1702,0.93
2026-09-12T21:03:40Z,76,77,30,5252,99,1374,1702,0.93
2026-09-12T21:03:42Z,74,77,30,5252,100,1600,1702,0.93
2026-09-12T21:03:44Z,75,77,30,5281,100,1600,1898,0.85
2026-09-12T21:03:46Z,76,77,30,5252,99,1301,2424,0.85
2026-09-12T21:03:48Z,76,77,30,5252,100,1347,1702,0.86
2026-09-12T21:03:50Z,76,77,30,5237,100,1600,2010,0.86
2026-09-12T21:03:52Z,73,77,30,5252,100,1549,1399,0.86
2026-09-12T21:03:54Z,74,76,30,5237,99,1465,2039,1.04
2026-09-12T21:03:56Z,64,75,30,5281,0,200,2424,1.04
2026-09-12T21:03:58Z,61,73,30,5281,0,200,2424,1.11
2026-09-12T21:04:00Z,60,72,30,5281,0,200,2425,1.11
2026-09-12T21:04:02Z,58,70,30,5281,0,200,2424,1.18
2026-09-12T21:04:04Z,57,68,30,4960,0,200,2424,1.18
2026-09-12T21:04:06Z,57,66,30,4895,0,200,3499,1.18
2026-09-12T21:04:08Z,56,65,30,4573,36,1040,2425,1.17
2026-09-12T21:04:10Z,54,63,30,4058,0,200,2425,1.17
2026-09-12T21:04:13Z,58,62,30,4032,100,1040,2424,1.16
2026-09-12T21:04:15Z,70,66,30,3591,99,1386,1702,1.16
2026-09-12T21:04:17Z,72,69,30,3571,100,1372,1702,1.16
2026-09-12T21:04:19Z,71,70,30,3571,99,1332,1702,1.06
2026-09-12T21:04:21Z,71,71,30,3750,99,1385,1702,1.06
2026-09-12T21:04:23Z,73,72,30,3810,100,1392,1702,0.98
2026-09-12T21:04:25Z,73,73,30,4148,99,1406,1702,0.98
2026-09-12T21:04:27Z,74,74,30,4290,99,1335,2424,0.98
2026-09-12T21:04:29Z,74,74,30,4518,99,1600,1399,0.98
2026-09-12T21:04:31Z,74,75,30,4664,99,1583,1702,0.98
2026-09-12T21:04:33Z,75,75,30,4870,100,1380,1702,0.90
2026-09-12T21:04:35Z,73,75,30,5000,99,1352,1702,0.90
2026-09-12T21:04:37Z,75,75,30,5026,100,1600,1442,0.83
2026-09-12T21:04:39Z,75,76,30,5208,100,1374,1702,0.83
2026-09-12T21:04:42Z,76,76,30,5208,99,1365,1399,0.83
2026-09-12T21:04:44Z,73,76,30,5208,99,1600,1774,0.84
2026-09-12T21:04:46Z,73,75,30,5208,99,1453,1702,0.84
2026-09-12T21:04:48Z,73,75,30,5208,100,1505,1702,0.78
2026-09-12T21:04:50Z,68,74,30,5208,99,1128,2425,0.78
2026-09-12T21:04:52Z,75,74,30,5208,99,1390,1702,0.78
2026-09-12T21:04:54Z,76,75,30,5237,100,1402,1702,0.71
2026-09-12T21:04:56Z,76,76,30,5237,99,1370,1399,0.71
2026-09-12T21:04:58Z,76,76,30,5208,99,1367,1702,0.66
2026-09-12T21:05:00Z,71,76,30,5237,100,1537,1702,0.66
2026-09-12T21:05:02Z,75,76,30,5208,100,1600,1702,0.66
2026-09-12T21:05:04Z,75,76,30,5208,99,1428,2424,0.68
2026-09-12T21:05:06Z,76,76,30,5237,99,1377,1702,0.68
2026-09-12T21:05:08Z,77,76,30,5237,99,1374,1702,0.71
2026-09-12T21:05:11Z,76,76,30,5252,99,1338,1702,0.71
2026-09-12T21:05:13Z,75,76,30,5208,100,1499,1702,0.65
2026-09-12T21:05:15Z,76,76,30,5208,99,1377,1702,0.65
2026-09-12T21:05:17Z,78,76,30,5252,99,1374,1702,0.65
2026-09-12T21:05:19Z,75,76,30,5237,99,1373,1400,0.60
2026-09-12T21:05:21Z,73,76,30,5208,99,1323,1399,0.60
2026-09-12T21:05:23Z,74,76,30,5208,100,1448,1702,0.63
2026-09-12T21:05:25Z,72,75,30,5208,100,1455,2366,0.63
2026-09-12T21:05:27Z,76,75,30,5208,99,1376,1702,0.63
2026-09-12T21:05:29Z,72,76,30,5252,99,1531,1399,0.58
2026-09-12T21:05:31Z,73,76,30,5252,99,1599,1702,0.58
2026-09-12T21:05:33Z,74,76,30,5252,100,1328,2424,0.53
2026-09-12T21:05:35Z,76,76,30,5252,100,1418,1702,0.53
2026-09-12T21:05:37Z,76,76,30,5237,100,1397,1702,0.49
2026-09-12T21:05:40Z,76,77,30,5252,100,1375,1702,0.49
2026-09-12T21:05:42Z,72,76,30,5252,99,1600,1702,0.49
2026-09-12T21:05:44Z,75,76,30,5237,100,1390,1702,0.45
2026-09-12T21:05:46Z,75,77,30,5252,99,1521,1702,0.45
2026-09-12T21:05:48Z,76,77,30,5357,99,1338,2424,0.50
2026-09-12T21:05:50Z,75,76,30,5357,100,1388,1702,0.50
2026-09-12T21:05:52Z,76,76,30,5357,100,1414,1702,0.50
2026-09-12T21:05:54Z,75,76,30,5387,99,1362,1702,0.46
2026-09-12T21:05:56Z,76,76,30,5357,99,1326,2424,0.46
2026-09-12T21:05:58Z,74,76,30,5357,0,1506,1399,0.42
2026-09-12T21:06:00Z,73,75,30,5357,100,1512,1702,0.42
2026-09-12T21:06:02Z,74,75,30,5357,99,1585,1702,0.39
2026-09-12T21:06:04Z,72,75,30,5357,99,1372,1702,0.39
2026-09-12T21:06:06Z,72,76,30,5403,100,1600,1399,0.39
2026-09-12T21:06:09Z,76,76,30,5387,99,1380,1401,0.35
2026-09-12T21:06:11Z,74,76,30,5357,95,1493,2424,0.35
2026-09-12T21:06:13Z,76,76,30,5387,100,1387,1702,0.33
2026-09-12T21:06:15Z,76,76,30,5387,99,1378,1702,0.33
2026-09-12T21:06:17Z,76,76,30,5357,99,1329,2424,0.33
2026-09-12T21:06:19Z,75,76,30,5357,99,1374,1702,0.38
2026-09-12T21:06:21Z,76,76,30,5403,99,1373,1400,0.38
2026-09-12T21:06:23Z,75,76,30,5357,100,1364,1702,0.35
2026-09-12T21:06:25Z,75,76,30,5357,100,1321,2424,0.35
2026-09-12T21:06:27Z,76,76,30,5403,100,1397,1702,0.35
2026-09-12T21:06:29Z,76,76,30,5403,99,1368,1702,0.32
2026-09-12T21:06:31Z,76,76,30,5403,100,1377,1702,0.32
2026-09-12T21:06:33Z,73,76,30,5387,99,1258,2424,0.54
2026-09-12T21:06:35Z,71,76,30,5357,100,1491,1399,0.54
2026-09-12T21:06:38Z,73,75,30,5357,99,1569,1702,0.49
2026-09-12T21:06:40Z,75,75,30,5357,0,200,2424,0.49
2026-09-12T21:06:42Z,75,75,30,5403,100,1376,1399,0.49
2026-09-12T21:06:44Z,76,76,30,5387,100,1379,1702,0.45
2026-09-12T21:06:46Z,78,76,30,5387,100,1389,1400,0.45
2026-09-12T21:06:48Z,75,76,30,5357,100,1600,1702,0.50
2026-09-12T21:06:50Z,76,76,30,5357,99,1385,1702,0.50
2026-09-12T21:06:52Z,76,76,30,5387,99,1381,1702,0.50
2026-09-12T21:06:54Z,75,76,30,5357,100,1331,2425,0.54
2026-09-12T21:06:56Z,76,76,30,5387,100,1358,1702,0.54
2026-09-12T21:06:58Z,72,76,30,5387,99,1524,1400,0.49
2026-09-12T21:07:00Z,76,76,30,5387,100,1468,1702,0.49
2026-09-12T21:07:02Z,75,76,30,5403,100,1335,2424,0.61
2026-09-12T21:07:04Z,75,76,30,5403,99,1378,1702,0.61
2026-09-12T21:07:07Z,75,76,30,5387,100,1600,1702,0.61
2026-09-12T21:07:09Z,75,76,30,5387,99,1441,1702,0.57
2026-09-12T21:07:11Z,74,76,30,5357,100,200,1400,0.57
2026-09-12T21:07:13Z,72,76,30,5403,100,1490,1702,0.52
2026-09-12T21:07:15Z,73,75,30,5357,100,1476,1702,0.52
2026-09-12T21:07:17Z,69,75,30,5403,100,1198,2424,0.52
2026-09-12T21:07:19Z,74,75,30,5403,100,1508,1702,0.48
2026-09-12T21:07:21Z,76,76,30,5357,100,1453,1702,0.48
2026-09-12T21:07:23Z,75,76,30,5387,99,1471,1702,0.44
2026-09-12T21:07:25Z,76,76,30,5387,99,1377,1702,0.44
2026-09-12T21:07:27Z,77,76,30,5387,100,1362,1702,0.44
2026-09-12T21:07:29Z,77,76,30,5387,99,1346,1702,0.40
2026-09-12T21:07:31Z,75,76,30,5357,99,1336,2424,0.40
2026-09-12T21:07:33Z,76,76,30,5403,99,1362,1702,0.37
2026-09-12T21:07:36Z,76,76,30,5403,100,1368,1702,0.37
2026-09-12T21:07:38Z,77,76,30,5357,99,1376,1702,0.34
2026-09-12T21:07:40Z,75,76,30,5387,99,1382,1702,0.34
2026-09-12T21:07:42Z,76,76,30,5403,99,1387,1702,0.34
2026-09-12T21:07:44Z,76,76,30,5387,100,1371,1702,0.31
2026-09-12T21:07:46Z,76,76,30,5357,99,1368,1702,0.31
2026-09-12T21:07:48Z,74,76,30,5387,100,1499,1702,0.29
2026-09-12T21:07:50Z,74,75,30,5387,100,1469,1702,0.29
2026-09-12T21:07:52Z,73,75,30,5387,99,1517,1702,0.29
2026-09-12T21:07:54Z,62,74,30,5357,0,200,2424,0.27
2026-09-12T21:07:57Z,74,73,30,5403,99,1376,1702,0.27
2026-09-12T21:07:59Z,73,74,30,5403,99,1320,1702,0.24
2026-09-12T21:08:01Z,74,75,30,5403,99,1600,1702,0.24
2026-09-12T21:08:03Z,74,75,30,5403,99,1397,1702,0.30
2026-09-12T21:08:05Z,75,75,30,5403,99,1371,1702,0.30
2026-09-12T21:08:07Z,75,75,30,5403,100,1367,1702,0.30
2026-09-12T21:08:09Z,75,76,30,5403,99,1327,2424,0.28
2026-09-12T21:08:11Z,75,76,30,5387,100,1600,1702,0.28
2026-09-12T21:08:13Z,76,76,30,5357,100,1600,1702,0.26
2026-09-12T21:08:15Z,75,76,30,5387,99,1382,1702,0.26
2026-09-12T21:08:17Z,75,76,30,5387,99,1375,2424,0.32
2026-09-12T21:08:20Z,75,76,30,5357,100,1557,1702,0.32
2026-09-12T21:08:22Z,74,76,30,5357,100,1398,1702,0.32
2026-09-12T21:08:24Z,76,76,30,5387,100,1414,1702,0.29
2026-09-12T21:08:26Z,71,76,30,5403,99,1417,2424,0.29
2026-09-12T21:08:28Z,73,75,30,5357,100,1583,1702,0.27
2026-09-12T21:08:30Z,73,75,30,5357,16,1442,1702,0.27
2026-09-12T21:08:32Z,63,74,30,5403,0,200,2424,0.27
2026-09-12T21:08:34Z,73,74,30,5357,99,1298,2424,0.33
2026-09-12T21:08:36Z,73,74,30,5403,99,1180,2799,0.33
2026-09-12T21:08:38Z,73,74,30,5403,100,1180,2848,0.38
2026-09-12T21:08:40Z,75,74,30,5403,100,1393,1702,0.38
2026-09-12T21:08:42Z,76,75,30,5357,99,1382,1702,0.35
2026-09-12T21:08:45Z,78,76,30,5357,100,1373,1702,0.35
2026-09-12T21:08:47Z,74,76,30,5403,99,1366,2424,0.35
2026-09-12T21:08:49Z,75,76,30,5387,99,1387,1702,0.40
2026-09-12T21:08:51Z,76,76,30,5403,99,1407,1702,0.40
2026-09-12T21:08:53Z,76,76,30,5357,99,1381,1702,0.37
2026-09-12T21:08:55Z,72,76,30,5357,100,1600,2424,0.37
2026-09-12T21:08:57Z,76,76,30,5403,99,1412,1702,0.37
2026-09-12T21:08:59Z,76,76,30,5357,100,1375,1702,0.34
2026-09-12T21:09:01Z,74,76,30,5387,99,1368,1702,0.34
2026-09-12T21:09:03Z,74,76,30,5357,99,1409,2425,0.39
2026-09-12T21:09:05Z,69,75,30,5387,99,1501,1702,0.39
2026-09-12T21:09:07Z,72,75,30,5387,99,1587,1400,0.39
2026-09-12T21:09:09Z,66,74,30,5403,0,200,2424,0.36
2026-09-12T21:09:11Z,72,73,30,5403,100,1395,1702,0.36
2026-09-12T21:09:13Z,74,74,30,5403,99,1374,1702,0.33
2026-09-12T21:09:16Z,74,74,30,5357,99,1375,1702,0.33
2026-09-12T21:09:18Z,74,75,30,5357,100,1332,2424,0.39
2026-09-12T21:09:20Z,74,75,30,5403,99,1600,1702,0.39
2026-09-12T21:09:22Z,75,75,30,5357,100,1373,1702,0.39
2026-09-12T21:09:24Z,75,75,30,5357,100,1415,1702,0.35
2026-09-12T21:09:26Z,75,75,30,5357,99,1334,2424,0.35
2026-09-12T21:09:28Z,76,75,30,5403,100,1356,1702,0.41
2026-09-12T21:09:30Z,72,76,30,5357,100,1598,1702,0.41
2026-09-12T21:09:32Z,75,76,30,5403,99,1600,2424,0.41
2026-09-12T21:09:34Z,76,76,30,5357,99,1347,1702,0.45
2026-09-12T21:09:36Z,75,76,30,5387,100,1600,1702,0.45
2026-09-12T21:09:38Z,75,76,30,5357,99,1379,1702,0.42
2026-09-12T21:09:40Z,75,76,30,5357,100,1452,2179,0.42
2026-09-12T21:09:42Z,73,76,30,5403,99,1448,1702,0.46
2026-09-12T21:09:45Z,73,75,30,5403,100,1545,1400,0.46
2026-09-12T21:09:47Z,74,75,30,5387,99,1331,1702,0.46
2026-09-12T21:09:49Z,74,74,30,5357,100,1491,1702,0.43
2026-09-12T21:09:51Z,74,75,30,5357,100,1370,1702,0.43
2026-09-12T21:09:53Z,74,76,30,5387,99,1366,1702,0.39
2026-09-12T21:09:55Z,75,76,30,5403,100,1341,2425,0.39
2026-09-12T21:09:57Z,75,76,30,5357,99,1376,1400,0.39
2026-09-12T21:09:59Z,77,76,30,5403,100,1382,1702,0.36
2026-09-12T21:10:01Z,76,76,30,5403,100,1374,1400,0.36
2026-09-12T21:10:03Z,75,76,30,5387,100,1600,1702,0.41
2026-09-12T21:10:05Z,76,76,30,5357,99,1440,1702,0.41
2026-09-12T21:10:07Z,75,76,30,5387,100,1365,1702,0.62
2026-09-12T21:10:09Z,75,76,30,5387,99,1322,2424,0.62
2026-09-12T21:10:11Z,75,76,30,5357,100,1419,1702,0.62
2026-09-12T21:10:14Z,76,76,30,5387,99,1398,1702,0.65
2026-09-12T21:10:16Z,75,76,30,5403,100,1379,1702,0.65
2026-09-12T21:10:18Z,76,76,30,5387,99,1302,2425,0.68
2026-09-12T21:10:20Z,74,76,30,5357,99,1356,1702,0.68
2026-09-12T21:10:22Z,73,75,30,5403,99,1504,1399,0.68
2026-09-12T21:10:24Z,74,75,30,5357,99,1467,1702,0.70
2026-09-12T21:10:26Z,75,74,30,5357,100,1449,1702,0.70
2026-09-12T21:10:28Z,75,76,30,5387,100,1508,1702,0.65
2026-09-12T21:10:30Z,75,76,30,5403,100,1543,1702,0.65
2026-09-12T21:10:32Z,76,76,30,5357,100,1376,1702,0.65
2026-09-12T21:10:34Z,76,76,30,5403,100,1364,1702,0.68
2026-09-12T21:10:36Z,76,76,30,5357,99,1351,1702,0.68
2026-09-12T21:10:38Z,71,76,30,5387,99,1520,2424,0.62
2026-09-12T21:10:40Z,76,76,30,5403,99,1370,1702,0.62
2026-09-12T21:10:43Z,76,76,30,5387,100,1382,1702,0.57
2026-09-12T21:10:45Z,76,76,30,5403,100,1372,1702,0.57
2026-09-12T21:10:47Z,75,76,30,5357,100,1521,2425,0.57
2026-09-12T21:10:49Z,76,76,30,5403,100,1372,1702,0.53
2026-09-12T21:10:51Z,75,76,30,5387,99,1370,1399,0.53
2026-09-12T21:10:53Z,72,76,30,5387,100,1600,1702,0.48
2026-09-12T21:10:55Z,73,76,30,5357,0,1394,2424,0.48
2026-09-12T21:10:57Z,74,75,30,5387,99,1449,1702,0.48
2026-09-12T21:10:59Z,73,75,30,5387,100,1540,1400,0.44
2026-09-12T21:11:01Z,69,74,30,5403,100,1040,2425,0.44
2026-09-12T21:11:03Z,71,75,30,5387,99,1600,1702,0.41
2026-09-12T21:11:05Z,74,76,30,5403,99,1600,1702,0.41
2026-09-12T21:11:07Z,76,76,30,5387,99,1357,1702,0.38
2026-09-12T21:11:09Z,75,76,30,5357,100,1501,1702,0.38
2026-09-12T21:11:12Z,75,76,30,5387,100,1391,1702,0.38
2026-09-12T21:11:14Z,76,76,30,5357,99,1426,1702,0.35
2026-09-12T21:11:16Z,75,76,30,5403,100,1335,2426,0.35
2026-09-12T21:11:18Z,74,76,30,5387,99,1471,1702,0.32
2026-09-12T21:11:20Z,74,76,30,5357,99,1378,1399,0.32
2026-09-12T21:11:22Z,74,76,30,5403,99,1490,1702,0.32
2026-09-12T21:11:24Z,72,76,30,5403,100,1449,1702,0.37
2026-09-12T21:11:26Z,76,76,30,5357,99,1600,1702,0.37
2026-09-12T21:11:28Z,75,76,30,5357,99,1384,1702,0.34
2026-09-12T21:11:30Z,75,76,30,5357,99,1340,1702,0.34
2026-09-12T21:11:32Z,72,76,30,5357,100,1469,1702,0.34
2026-09-12T21:11:34Z,74,75,30,5387,99,1337,1702,0.47
2026-09-12T21:11:36Z,74,75,30,5357,99,1457,2424,0.47
2026-09-12T21:11:39Z,74,74,30,5387,100,1445,1702,0.52
2026-09-12T21:11:41Z,75,75,30,5403,99,1365,1702,0.52
2026-09-12T21:11:43Z,75,75,30,5357,99,1399,1702,0.48
2026-09-12T21:11:45Z,75,76,30,5387,100,1337,2424,0.48
2026-09-12T21:11:47Z,75,76,30,5357,99,1345,1702,0.48
2026-09-12T21:11:49Z,76,76,30,5357,100,1373,1702,0.44
2026-09-12T21:11:51Z,72,76,30,5357,100,1598,1702,0.44
2026-09-12T21:11:53Z,76,76,30,5403,99,1517,1702,0.48
2026-09-12T21:11:55Z,76,76,30,5403,99,1401,1702,0.48
2026-09-12T21:11:57Z,75,76,30,5357,99,1374,1702,0.48
2026-09-12T21:11:59Z,75,76,30,5387,100,1329,2425,0.44
2026-09-12T21:12:01Z,75,76,30,5387,100,1382,1702,0.44
2026-09-12T21:12:03Z,76,76,30,5403,100,1377,1702,0.41
2026-09-12T21:12:05Z,77,76,30,5387,99,1368,1702,0.41
2026-09-12T21:12:08Z,74,76,30,5357,100,1600,2424,0.54
2026-09-12T21:12:10Z,73,76,30,5357,100,1456,1399,0.54
2026-09-12T21:12:12Z,73,75,30,5403,99,1501,1702,0.54
2026-09-12T21:12:14Z,74,75,30,5387,100,1532,1702,0.49
2026-09-12T21:12:16Z,75,74,30,5357,100,1364,1702,0.49
2026-09-12T21:12:18Z,75,75,30,5357,100,1371,1702,0.45
2026-09-12T21:12:20Z,75,76,30,5387,99,1415,1702,0.45
2026-09-12T21:12:22Z,75,76,30,5403,100,1370,1702,0.45
2026-09-12T21:12:24Z,77,76,30,5387,100,1373,1400,0.42
2026-09-12T21:12:26Z,77,76,30,5387,99,1374,1702,0.42
2026-09-12T21:12:28Z,76,76,30,5403,99,1325,2425,0.38
2026-09-12T21:12:30Z,75,76,30,5403,99,1486,1702,0.38
2026-09-12T21:12:32Z,76,76,30,5357,100,1407,1702,0.43
2026-09-12T21:12:34Z,76,76,30,5357,100,1378,1702,0.43
2026-09-12T21:12:37Z,72,76,30,5357,100,1445,2425,0.43
2026-09-12T21:12:39Z,76,76,30,5357,100,1451,1399,0.40
2026-09-12T21:12:41Z,77,76,30,5357,99,1371,1702,0.40
2026-09-12T21:12:43Z,76,76,30,5403,100,1346,1400,0.37
2026-09-12T21:12:45Z,74,76,30,5403,100,1403,2426,0.37
2026-09-12T21:12:47Z,73,76,30,5357,100,1574,1399,0.37
2026-09-12T21:12:49Z,74,75,30,5357,0,1467,1400,0.34
2026-09-12T21:12:51Z,65,74,30,5387,0,200,2424,0.34
2026-09-12T21:12:53Z,76,75,30,5387,100,1600,1702,0.31
2026-09-12T21:12:55Z,75,76,30,5387,100,1600,1702,0.31
2026-09-12T21:12:57Z,76,76,30,5387,100,1600,2076,0.31
2026-09-12T21:12:59Z,75,76,30,5357,100,1476,1702,0.28
2026-09-12T21:13:01Z,76,76,30,5357,100,1377,1702,0.28
2026-09-12T21:13:03Z,76,76,30,5387,99,1387,1702,0.26
2026-09-12T21:13:06Z,76,76,30,5387,100,1335,2424,0.26
2026-09-12T21:13:08Z,75,76,30,5403,100,1545,1702,0.24
2026-09-12T21:13:10Z,76,76,30,5357,100,1392,1702,0.24
2026-09-12T21:13:12Z,76,76,30,5403,100,1367,1702,0.24
2026-09-12T21:13:14Z,74,76,30,5357,100,1362,1702,0.30
2026-09-12T21:13:16Z,75,76,30,5357,99,1357,1399,0.30
2026-09-12T21:13:18Z,75,76,30,5403,100,1366,1702,0.36
2026-09-12T21:13:20Z,76,76,30,5403,100,1376,1702,0.36
2026-09-12T21:13:22Z,74,76,30,5387,100,1328,1399,0.36
2026-09-12T21:13:24Z,69,75,30,5403,100,1479,1702,0.41
2026-09-12T21:13:26Z,73,75,30,5403,99,1405,1400,0.41
2026-09-12T21:13:28Z,62,74,30,5357,0,200,2416,0.46
2026-09-12T21:13:30Z,60,72,30,5387,0,200,2424,0.46
2026-09-12T21:13:32Z,58,71,30,5403,0,200,3501,0.58
2026-09-12T21:13:34Z,58,69,30,5357,10,1040,2424,0.58
2026-09-12T21:13:37Z,57,67,30,5403,0,200,2424,0.58
2026-09-12T21:13:39Z,55,65,30,4934,0,200,2425,0.69
2026-09-12T21:13:41Z,70,64,30,4443,100,1399,1702,0.69
2026-09-12T21:13:43Z,69,68,30,3906,100,1600,1702,0.64
2026-09-12T21:13:45Z,70,69,30,3826,100,1532,1702,0.64
2026-09-12T21:13:47Z,71,70,30,3850,100,1471,1702,0.64
2026-09-12T21:13:49Z,74,71,30,4014,100,1490,1702,0.59
2026-09-12T21:13:51Z,75,73,30,4139,100,1366,1702,0.59
2026-09-12T21:13:53Z,72,73,30,4360,99,1322,2424,0.62
2026-09-12T21:13:55Z,74,74,30,4464,99,1365,1702,0.62
2026-09-12T21:13:57Z,75,74,30,4652,100,1311,2424,0.62
2026-09-12T21:13:59Z,76,75,30,4807,99,1437,1702,0.65
2026-09-12T21:14:01Z,75,75,30,4870,100,1600,2423,0.65
2026-09-12T21:14:03Z,75,75,30,5026,99,1397,1702,0.60
2026-09-12T21:14:05Z,74,75,30,5108,100,1600,2399,0.60
2026-09-12T21:14:08Z,74,76,30,5208,100,1388,1702,0.63
2026-09-12T21:14:10Z,77,76,30,5237,100,1404,1702,0.63
2026-09-12T21:14:12Z,71,76,30,5281,100,1600,2425,0.63
2026-09-12T21:14:14Z,77,75,30,5281,100,1479,1702,0.58
2026-09-12T21:14:16Z,73,75,30,5252,99,1600,2424,0.58
2026-09-12T21:14:18Z,72,75,30,5237,100,1390,1399,0.61
2026-09-12T21:14:20Z,68,74,30,5281,99,1040,2424,0.61
2026-09-12T21:14:22Z,75,75,30,5281,100,1400,1702,0.61
2026-09-12T21:14:24Z,75,75,30,5252,100,1600,2424,0.56
2026-09-12T21:14:26Z,75,75,30,5281,100,1535,1702,0.56
2026-09-12T21:14:28Z,74,76,30,5252,100,1463,2424,0.52
2026-09-12T21:14:30Z,71,76,30,5281,99,1600,1702,0.52
2026-09-12T21:14:32Z,72,76,30,5281,100,1600,1702,0.52
2026-09-12T21:14:34Z,75,76,30,5252,100,1393,1702,0.56
2026-09-12T21:14:36Z,76,76,30,5281,100,1364,1400,0.56
2026-09-12T21:14:39Z,75,76,30,5281,100,1528,1702,0.59
2026-09-12T21:14:41Z,74,76,30,5281,100,1345,1702,0.59
2026-09-12T21:14:43Z,77,76,30,5281,100,1483,1400,0.63
2026-09-12T21:14:45Z,78,76,30,5237,99,1482,1702,0.63
2026-09-12T21:14:47Z,76,76,30,5252,100,1400,2424,0.63
2026-09-12T21:14:49Z,75,76,30,5281,99,1600,2330,0.58
2026-09-12T21:14:51Z,75,76,30,5281,99,1533,1702,0.58
2026-09-12T21:14:53Z,75,76,30,5281,99,1600,1702,0.53
2026-09-12T21:14:55Z,76,76,30,5281,99,1472,1399,0.53
2026-09-12T21:14:57Z,74,76,30,5281,100,1426,2426,0.53
2026-09-12T21:14:59Z,73,75,30,5281,100,1403,1702,0.49
2026-09-12T21:15:01Z,76,75,30,5281,100,1466,1702,0.49
2026-09-12T21:15:03Z,75,75,30,5281,99,1533,1702,0.45
2026-09-12T21:15:05Z,76,76,30,5281,99,1381,1702,0.45
2026-09-12T21:15:08Z,77,76,30,5281,99,1390,1702,0.41
2026-09-12T21:15:10Z,71,76,30,5281,99,1332,1702,0.41
2026-09-12T21:15:12Z,72,76,30,5281,99,1600,1702,0.41
2026-09-12T21:15:14Z,75,76,30,5252,100,1385,1702,0.46
2026-09-12T21:15:16Z,78,76,30,5281,99,1415,1702,0.46
2026-09-12T21:15:18Z,74,76,30,5281,99,1600,1436,0.50
2026-09-12T21:15:20Z,76,76,30,5281,100,1340,1702,0.50
2026-09-12T21:15:22Z,75,76,30,5281,99,1409,2424,0.50
2026-09-12T21:15:24Z,77,76,30,5281,99,1427,1702,0.54
2026-09-12T21:15:26Z,77,76,30,5281,100,1479,1702,0.54
2026-09-12T21:15:28Z,73,76,30,5281,99,1384,1702,0.50
2026-09-12T21:15:30Z,75,76,30,5281,99,1600,2424,0.50
2026-09-12T21:15:32Z,69,76,30,5281,100,1306,2424,0.46
2026-09-12T21:15:34Z,76,76,30,5281,100,1362,1399,0.46
2026-09-12T21:15:37Z,72,76,30,5281,99,1600,2426,0.46
2026-09-12T21:15:39Z,72,76,30,5281,99,1461,1702,0.42
2026-09-12T21:15:41Z,75,75,30,5281,100,1600,1399,0.42
2026-09-12T21:15:43Z,74,75,30,5281,99,1359,1702,0.39
2026-09-12T21:15:45Z,75,76,30,5281,99,1600,1702,0.39
2026-09-12T21:15:47Z,75,76,30,5281,99,1600,1702,0.39
2026-09-12T21:15:49Z,74,76,30,5281,100,1600,2251,0.36
2026-09-12T21:15:51Z,77,76,30,5281,99,1356,1702,0.36
2026-09-12T21:15:53Z,75,76,30,5281,99,1247,2424,0.33
2026-09-12T21:15:55Z,76,76,30,5281,100,1534,1401,0.33
2026-09-12T21:15:57Z,76,76,30,5281,100,1347,1702,0.33
2026-09-12T21:15:59Z,76,76,30,5281,100,1365,1702,0.38
2026-09-12T21:16:01Z,76,76,30,5281,100,1600,1702,0.38
2026-09-12T21:16:03Z,76,76,30,5281,100,1600,1702,0.59
2026-09-12T21:16:06Z,74,76,30,5281,99,1600,1702,0.59
2026-09-12T21:16:08Z,76,76,30,5281,99,1600,1702,0.62
2026-09-12T21:16:10Z,76,76,30,5281,100,1600,1702,0.62
2026-09-12T21:16:12Z,78,76,30,5281,100,1305,2424,0.62
2026-09-12T21:16:14Z,75,76,30,5281,99,1315,1702,0.57
2026-09-12T21:16:16Z,75,76,30,5281,100,1600,1702,0.57
2026-09-12T21:16:18Z,73,76,30,5281,99,1356,1399,0.61
2026-09-12T21:16:20Z,65,75,30,5281,0,200,2424,0.61
2026-09-12T21:16:22Z,71,75,30,5281,99,1272,1400,0.61
2026-09-12T21:16:24Z,75,75,30,5281,99,1334,1702,0.56
2026-09-12T21:16:26Z,75,76,30,5326,100,1354,1702,0.56
2026-09-12T21:16:28Z,71,76,30,5326,100,1600,1464,0.51
2026-09-12T21:16:30Z,75,76,30,5281,100,1524,1702,0.51
2026-09-12T21:16:32Z,76,76,30,5281,100,1525,1400,0.47
2026-09-12T21:16:35Z,72,76,30,5281,100,1600,1399,0.47
2026-09-12T21:16:37Z,75,76,30,5281,99,1600,1702,0.47
2026-09-12T21:16:39Z,73,76,30,5281,99,1307,1702,0.52
2026-09-12T21:16:41Z,76,76,30,5281,99,1536,1702,0.52
2026-09-12T21:16:43Z,75,76,30,5281,100,1600,1702,0.55
2026-09-12T21:16:45Z,75,76,30,5281,100,1600,2269,0.55
2026-09-12T21:16:47Z,75,77,30,5281,99,1600,2425,0.55
2026-09-12T21:16:49Z,78,77,30,5281,100,1456,1702,0.59
2026-09-12T21:16:51Z,72,77,30,5281,99,1600,1702,0.59
2026-09-12T21:16:53Z,71,76,30,5326,99,1513,1702,0.54
2026-09-12T21:16:55Z,76,76,30,5326,100,1524,1702,0.54
2026-09-12T21:16:57Z,74,76,30,5311,99,1310,2387,0.54
2026-09-12T21:16:59Z,73,76,30,5326,100,1355,1702,0.58
2026-09-12T21:17:01Z,75,75,30,5311,100,1354,1702,0.58
2026-09-12T21:17:03Z,77,75,30,5311,99,1404,1702,0.53
2026-09-12T21:17:06Z,75,76,30,5326,99,1324,1702,0.53
2026-09-12T21:17:08Z,77,76,30,5326,100,1374,1702,0.49
2026-09-12T21:17:10Z,76,76,30,5326,99,1349,1702,0.49
2026-09-12T21:17:12Z,75,76,30,5311,100,1600,1702,0.49
2026-09-12T21:17:14Z,75,76,30,5326,100,1509,1702,0.45
2026-09-12T21:17:16Z,76,76,30,5357,99,1363,1399,0.45
2026-09-12T21:17:18Z,75,76,30,5311,100,1600,2424,0.50
2026-09-12T21:17:20Z,72,76,30,5311,99,1600,1702,0.50
2026-09-12T21:17:22Z,76,76,30,5357,100,1370,1679,0.50
2026-09-12T21:17:24Z,77,76,30,5357,99,1352,1702,0.54
2026-09-12T21:17:26Z,76,76,30,5326,99,1379,1702,0.54
2026-09-12T21:17:28Z,72,76,30,5311,100,1382,1406,0.65
2026-09-12T21:17:30Z,73,76,30,5357,99,1600,1702,0.65
2026-09-12T21:17:33Z,76,76,30,5311,100,1395,2424,0.68
2026-09-12T21:17:35Z,77,76,30,5357,99,1383,1411,0.68
2026-09-12T21:17:37Z,75,76,30,5326,99,1600,1702,0.68
2026-09-12T21:17:39Z,72,76,30,5357,99,1438,1399,0.71
2026-09-12T21:17:41Z,69,75,30,5357,99,1236,2424,0.71
2026-09-12T21:17:43Z,75,75,30,5357,100,1515,1702,0.65
2026-09-12T21:17:45Z,75,76,30,5357,100,1413,2424,0.65
2026-09-12T21:17:47Z,75,76,30,5311,100,1341,1702,0.65
2026-09-12T21:17:49Z,77,76,30,5326,99,1253,2424,0.60
2026-09-12T21:17:51Z,75,76,30,5357,100,1600,1702,0.60
2026-09-12T21:17:53Z,75,76,30,5326,99,1365,1859,0.55
2026-09-12T21:17:55Z,71,76,30,5326,99,1600,1702,0.55
2026-09-12T21:17:57Z,76,76,30,5311,99,1600,1702,0.55
2026-09-12T21:17:59Z,72,76,30,5326,99,1354,1702,0.51
2026-09-12T21:18:01Z,75,76,30,5326,100,1519,1702,0.51
2026-09-12T21:18:04Z,75,76,30,5311,99,1443,1702,0.55
2026-09-12T21:18:06Z,76,76,30,5357,100,1600,1702,0.55
2026-09-12T21:18:08Z,75,76,30,5357,100,1316,2424,0.58
2026-09-12T21:18:10Z,76,76,30,5357,100,1342,1702,0.58
2026-09-12T21:18:12Z,72,76,30,5357,100,1600,1400,0.58
2026-09-12T21:18:14Z,71,76,30,5357,100,1526,1702,0.62
2026-09-12T21:18:16Z,77,76,30,5357,99,1376,1702,0.62
2026-09-12T21:18:18Z,74,76,30,5357,99,1386,2424,0.65
2026-09-12T21:18:20Z,73,75,30,5311,99,1582,1702,0.65
2026-09-12T21:18:22Z,75,75,30,5311,99,1415,1702,0.65
2026-09-12T21:18:24Z,74,76,30,5326,100,1600,2425,0.59
2026-09-12T21:18:26Z,75,76,30,5311,100,1536,1702,0.59
2026-09-12T21:18:28Z,75,76,30,5357,99,1600,1702,0.55
2026-09-12T21:18:30Z,76,76,30,5311,99,1352,1702,0.55
2026-09-12T21:18:33Z,75,76,30,5326,99,1332,1702,0.50
2026-09-12T21:18:35Z,75,76,30,5326,99,1532,1702,0.50
2026-09-12T21:18:37Z,76,76,30,5311,99,1464,1400,0.50
2026-09-12T21:18:39Z,75,76,30,5357,100,1600,1702,0.46
2026-09-12T21:18:41Z,75,76,30,5311,99,1483,1399,0.46
2026-09-12T21:18:43Z,76,76,30,5357,100,1456,2424,0.59
2026-09-12T21:18:45Z,76,76,30,5311,100,1375,1702,0.59
2026-09-12T21:18:47Z,75,76,30,5326,99,1520,1702,0.59
2026-09-12T21:18:49Z,72,76,30,5357,99,1600,1702,0.62
2026-09-12T21:18:51Z,72,76,30,5311,99,1600,1702,0.62
2026-09-12T21:18:53Z,77,76,30,5326,99,1358,1702,0.65
2026-09-12T21:18:55Z,76,76,30,5357,99,1600,2425,0.65
2026-09-12T21:18:57Z,75,76,30,5311,99,1300,1399,0.65
2026-09-12T21:18:59Z,73,76,30,5357,100,1405,1400,0.68
2026-09-12T21:19:02Z,74,75,30,5357,99,1340,1702,0.68
2026-09-12T21:19:04Z,76,75,30,5311,100,1375,1702,0.62
2026-09-12T21:19:06Z,76,76,30,5326,99,1372,1702,0.62
2026-09-12T21:19:08Z,77,76,30,5311,99,1362,1702,0.57
2026-09-12T21:19:10Z,72,76,30,5326,100,1600,1702,0.57
2026-09-12T21:19:12Z,75,76,30,5357,100,1600,1702,0.57
2026-09-12T21:19:14Z,75,76,30,5311,100,1410,2424,0.53
2026-09-12T21:19:16Z,75,76,30,5357,100,1600,1702,0.53
2026-09-12T21:19:18Z,76,76,30,5326,99,1486,2424,0.48
2026-09-12T21:19:20Z,75,76,30,5357,100,1600,1702,0.48
2026-09-12T21:19:22Z,78,76,30,5311,100,1440,1702,0.48
2026-09-12T21:19:24Z,77,76,30,5326,100,1473,1399,0.53
2026-09-12T21:19:26Z,77,76,30,5357,100,1391,1702,0.53
2026-09-12T21:19:28Z,77,76,30,5357,100,1348,1702,0.56
2026-09-12T21:19:30Z,75,76,30,5357,99,1600,1702,0.56
2026-09-12T21:19:33Z,75,76,30,5311,99,1508,1702,0.60
2026-09-12T21:19:35Z,76,76,30,5357,99,1600,1419,0.60
2026-09-12T21:19:37Z,71,76,30,5357,99,1600,1702,0.60
2026-09-12T21:19:39Z,72,76,30,5357,99,1465,1702,0.55
2026-09-12T21:19:41Z,66,76,30,5357,100,1040,2424,0.55
2026-09-12T21:19:43Z,78,75,30,5357,100,1392,1702,0.51
2026-09-12T21:19:45Z,75,76,30,5357,99,1470,1702,0.51
2026-09-12T21:19:47Z,78,76,30,5357,99,1469,1702,0.51
2026-09-12T21:19:49Z,75,76,30,5326,100,1386,2424,0.47
2026-09-12T21:19:51Z,75,76,30,5326,99,1600,1858,0.47
2026-09-12T21:19:53Z,75,76,30,5357,99,1600,1702,0.43
2026-09-12T21:19:55Z,77,76,30,5311,100,1367,1702,0.43
2026-09-12T21:19:57Z,74,76,30,5311,99,1600,1702,0.43
2026-09-12T21:19:59Z,77,76,30,5357,99,1347,1702,0.39
2026-09-12T21:20:02Z,76,77,30,5357,99,1593,1702,0.39
2026-09-12T21:20:04Z,75,76,30,5311,100,1600,1400,0.44
2026-09-12T21:20:06Z,73,76,30,5357,99,1600,2424,0.44
2026-09-12T21:20:08Z,75,76,30,5357,99,1600,2424,0.49
2026-09-12T21:20:10Z,76,76,30,5326,99,1393,1702,0.49
2026-09-12T21:20:12Z,78,76,30,5326,99,1453,1702,0.49
2026-09-12T21:20:14Z,78,76,30,5357,100,1436,1702,0.53
2026-09-12T21:20:16Z,73,76,30,5326,99,1600,1702,0.53
2026-09-12T21:20:18Z,71,76,30,5326,99,1600,2424,0.49
2026-09-12T21:20:20Z,73,76,30,5357,99,1390,1702,0.49
2026-09-12T21:20:22Z,75,75,30,5311,100,1367,1702,0.49
2026-09-12T21:20:24Z,75,75,30,5357,99,1600,2425,0.45
2026-09-12T21:20:26Z,76,76,30,5357,100,1462,1702,0.45
2026-09-12T21:20:28Z,76,76,30,5326,99,1519,1702,0.41
2026-09-12T21:20:31Z,74,76,30,5357,100,1340,1400,0.41
2026-09-12T21:20:33Z,75,76,30,5357,99,1338,1702,0.38
2026-09-12T21:20:35Z,75,76,30,5326,99,1523,1702,0.38
2026-09-12T21:20:37Z,77,76,30,5357,100,1360,1702,0.38
2026-09-12T21:20:39Z,74,76,30,5357,100,1444,2429,0.35
2026-09-12T21:20:41Z,72,76,30,5326,99,1328,1702,0.35
2026-09-12T21:20:43Z,75,77,30,5326,100,1434,2428,0.32
2026-09-12T21:20:45Z,78,76,30,5311,100,1457,1702,0.32
2026-09-12T21:20:47Z,78,77,30,5311,100,1391,1702,0.32
2026-09-12T21:20:49Z,72,77,30,5357,100,1472,1702,0.37
2026-09-12T21:20:51Z,74,77,30,5311,99,1600,2424,0.37
2026-09-12T21:20:53Z,75,77,30,5357,99,1385,1702,0.42
2026-09-12T21:20:55Z,76,76,30,5326,100,1460,1399,0.42
2026-09-12T21:20:57Z,73,76,30,5357,100,1294,1702,0.42
2026-09-12T21:21:00Z,74,76,30,5311,100,1475,1702,0.47
2026-09-12T21:21:02Z,74,76,30,5357,99,1361,1702,0.47
2026-09-12T21:21:04Z,75,75,30,5326,99,1600,1702,0.43
2026-09-12T21:21:06Z,76,76,30,5357,100,1600,1702,0.43
2026-09-12T21:21:08Z,76,76,30,5357,99,1600,2424,0.40
2026-09-12T21:21:10Z,75,76,30,5357,100,1423,2424,0.40
2026-09-12T21:21:12Z,75,76,30,5357,99,1325,1442,0.40
2026-09-12T21:21:14Z,72,76,30,5326,100,1600,2424,0.37
2026-09-12T21:21:16Z,78,76,30,5357,100,1393,1702,0.37
2026-09-12T21:21:18Z,76,77,30,5326,99,1321,1702,0.34
2026-09-12T21:21:20Z,76,77,30,5357,99,1384,1702,0.34
2026-09-12T21:21:22Z,76,77,30,5326,99,1600,1611,0.34
2026-09-12T21:21:24Z,75,77,30,5357,100,1600,2423,0.31
2026-09-12T21:21:26Z,73,77,30,5357,100,1331,1702,0.31
2026-09-12T21:21:29Z,76,77,30,5357,100,1600,2401,0.36
2026-09-12T21:21:31Z,76,77,30,5311,99,1548,1702,0.36
2026-09-12T21:21:33Z,78,77,30,5357,100,1318,2425,0.42
2026-09-12T21:21:35Z,71,76,30,5357,99,1293,1399,0.42
2026-09-12T21:21:37Z,75,76,30,5311,100,1600,1702,0.42
2026-09-12T21:21:39Z,73,76,30,5357,100,1542,1702,0.38
2026-09-12T21:21:41Z,73,76,30,5326,0,200,2424,0.38
2026-09-12T21:21:43Z,75,75,30,5357,99,1333,1702,0.35
2026-09-12T21:21:45Z,75,76,30,5326,100,1494,1702,0.35
2026-09-12T21:21:47Z,74,76,30,5326,99,1600,1702,0.35
2026-09-12T21:21:49Z,71,76,30,5357,99,1529,1399,0.32
2026-09-12T21:21:51Z,76,76,30,5357,99,1600,1702,0.32
2026-09-12T21:21:53Z,75,77,30,5326,99,1371,1702,0.30
2026-09-12T21:21:55Z,74,77,30,5357,100,1309,1702,0.30
2026-09-12T21:21:58Z,76,77,30,5357,99,1600,1702,0.35
2026-09-12T21:22:00Z,77,77,30,5357,99,1432,1702,0.35
2026-09-12T21:22:02Z,76,77,30,5357,100,1600,1702,0.35
2026-09-12T21:22:04Z,76,77,30,5311,99,1600,2425,0.33
2026-09-12T21:22:06Z,76,77,30,5357,99,1600,1702,0.33
2026-09-12T21:22:08Z,76,77,30,5357,100,1600,2427,0.30
2026-09-12T21:22:10Z,76,77,30,5357,99,1346,1702,0.30
2026-09-12T21:22:12Z,72,77,30,5357,99,1358,1702,0.30
2026-09-12T21:22:14Z,78,76,30,5311,100,1357,1702,0.35
2026-09-12T21:22:16Z,75,76,30,5357,100,1516,1400,0.35
2026-09-12T21:22:18Z,76,76,30,5311,99,1338,1702,0.33
2026-09-12T21:22:20Z,74,76,30,5357,100,1536,1702,0.33
2026-09-12T21:22:22Z,76,75,30,5311,99,1471,1399,0.33
2026-09-12T21:22:24Z,75,75,30,5357,100,1529,1702,0.30
2026-09-12T21:22:26Z,75,76,30,5357,99,1446,1702,0.30
2026-09-12T21:22:29Z,76,76,30,5311,100,1521,1702,0.28
2026-09-12T21:22:31Z,77,76,30,5357,100,1356,1702,0.28
2026-09-12T21:22:33Z,74,76,30,5357,100,1308,1702,0.25
2026-09-12T21:22:35Z,75,76,30,5326,99,1600,2118,0.25
2026-09-12T21:22:37Z,78,76,30,5326,99,1392,1702,0.25
2026-09-12T21:22:39Z,74,76,30,5357,100,1600,2424,0.23
2026-09-12T21:22:41Z,73,76,30,5357,100,1469,1702,0.23
2026-09-12T21:22:43Z,76,76,30,5357,100,1488,1702,0.21
2026-09-12T21:22:45Z,79,76,30,5357,100,1368,1702,0.21
2026-09-12T21:22:47Z,76,77,30,5357,99,1528,1702,0.21
2026-09-12T21:22:49Z,75,76,30,5357,99,1349,1702,0.20
2026-09-12T21:22:51Z,73,76,30,5326,99,1312,1702,0.20
2026-09-12T21:22:53Z,76,76,30,5326,100,1600,2425,0.18
2026-09-12T21:22:55Z,76,76,30,5357,100,1399,1702,0.18
2026-09-12T21:22:58Z,71,76,30,5326,99,1600,1399,0.17
2026-09-12T21:23:00Z,73,76,30,5357,99,1376,1399,0.17
2026-09-12T21:23:02Z,69,76,30,5357,100,1040,2424,0.17
2026-09-12T21:23:04Z,75,75,30,5357,100,1548,1400,0.15
2026-09-12T21:23:06Z,75,76,30,5357,100,1457,1691,0.15
2026-09-12T21:23:08Z,77,76,30,5357,100,1403,1702,0.14
2026-09-12T21:23:10Z,76,76,30,5357,100,1371,2424,0.14
2026-09-12T21:23:12Z,75,76,30,5357,99,1568,1702,0.14
2026-09-12T21:23:14Z,75,76,30,5357,100,1600,1883,0.13
2026-09-12T21:23:16Z,75,76,30,5357,99,1331,1702,0.13
2026-09-12T21:23:18Z,76,76,30,5357,100,1354,1400,0.12
2026-09-12T21:23:20Z,77,76,30,5357,100,1354,1702,0.12
2026-09-12T21:23:22Z,76,76,30,5311,100,1600,2199,0.12
2026-09-12T21:23:24Z,76,76,30,5357,100,1600,1702,0.11
2026-09-12T21:23:27Z,76,76,30,5326,99,1600,1702,0.11
2026-09-12T21:23:29Z,75,77,30,5357,99,1600,2424,0.10
2026-09-12T21:23:31Z,76,76,30,5311,100,1363,1702,0.10
2026-09-12T21:23:33Z,77,76,30,5357,100,1350,1702,0.09
2026-09-12T21:23:35Z,76,76,30,5311,100,1356,1702,0.09
2026-09-12T21:23:37Z,76,76,30,5357,100,1600,2424,0.09
2026-09-12T21:23:39Z,71,76,30,5357,99,1271,2425,0.08
2026-09-12T21:23:41Z,73,76,30,5311,100,1400,1400,0.08
2026-09-12T21:23:43Z,61,74,30,5357,0,200,2424,0.08
2026-09-12T21:23:45Z,60,72,30,5326,0,200,2424,0.08
2026-09-12T21:23:47Z,58,70,30,5357,11,1040,2425,0.08
2026-09-12T21:23:49Z,57,68,30,5326,14,1040,2426,0.15
2026-09-12T21:23:51Z,57,66,30,4746,0,200,2425,0.15
2026-09-12T21:23:53Z,54,64,30,4711,0,200,2425,0.22
2026-09-12T21:23:55Z,69,65,30,4213,99,1383,1702,0.22
2026-09-12T21:23:57Z,70,69,30,3787,100,1407,1702,0.22
2026-09-12T21:24:00Z,71,70,30,3765,99,1384,1702,0.20
2026-09-12T21:24:02Z,72,71,30,3787,100,1392,1400,0.20
2026-09-12T21:24:04Z,73,72,30,3972,99,1370,1702,0.18
2026-09-12T21:24:06Z,74,73,30,4185,100,1382,1702,0.18
2026-09-12T21:24:08Z,74,74,30,4232,100,1327,2425,0.25
2026-09-12T21:24:10Z,75,74,30,4464,99,1389,1702,0.25
2026-09-12T21:24:12Z,76,75,30,4722,100,1349,1702,0.25
2026-09-12T21:24:14Z,75,75,30,4746,99,1376,1702,0.23
2026-09-12T21:24:16Z,73,75,30,4908,99,1534,2424,0.23
2026-09-12T21:24:18Z,75,75,30,5000,100,1398,1702,0.29
2026-09-12T21:24:20Z,75,76,30,5165,100,1375,1702,0.29
2026-09-12T21:24:22Z,75,76,30,5208,100,1347,2424,0.29
2026-09-12T21:24:24Z,73,76,30,5252,100,1600,1702,0.35
2026-09-12T21:24:26Z,76,76,30,5281,99,1600,1702,0.35
2026-09-12T21:24:29Z,76,76,30,5237,99,1375,1401,0.32
2026-09-12T21:24:31Z,75,76,30,5237,99,1335,2424,0.32
2026-09-12T21:24:33Z,76,76,30,5281,99,1600,1730,0.29
2026-09-12T21:24:35Z,76,76,30,5281,99,1375,1702,0.29
2026-09-12T21:24:37Z,76,76,30,5281,100,1383,1702,0.29
2026-09-12T21:24:39Z,75,76,30,5281,99,1351,2425,0.35
2026-09-12T21:24:41Z,77,76,30,5252,99,1383,1702,0.35
2026-09-12T21:24:43Z,75,76,30,5281,99,1353,1702,0.32
2026-09-12T21:24:45Z,75,76,30,5281,100,1361,1399,0.32
2026-09-12T21:24:47Z,76,76,30,5281,100,1371,2125,0.32
2026-09-12T21:24:49Z,75,76,30,5281,99,1600,1702,0.38
2026-09-12T21:24:51Z,75,76,30,5281,99,1376,1702,0.38
2026-09-12T21:24:53Z,75,76,30,5281,100,1600,1702,0.35
2026-09-12T21:24:55Z,73,76,30,5252,18,1473,1400,0.35
2026-09-12T21:24:57Z,72,75,30,5281,100,1408,1702,0.64
2026-09-12T21:25:00Z,76,75,30,5281,100,1387,1702,0.64
2026-09-12T21:25:02Z,75,75,30,5281,99,1388,1702,0.64
2026-09-12T21:25:04Z,75,76,30,5281,100,1412,1702,0.67
2026-09-12T21:25:06Z,76,76,30,5237,100,1376,1702,0.67
2026-09-12T21:25:08Z,75,76,30,5281,99,1372,1702,0.70
2026-09-12T21:25:10Z,76,76,30,5281,100,1401,1702,0.70
2026-09-12T21:25:12Z,74,76,30,5281,100,1347,2424,0.70
2026-09-12T21:25:14Z,76,76,30,5281,99,1365,1702,0.72
2026-09-12T21:25:16Z,75,76,30,5281,99,1371,1702,0.72
2026-09-12T21:25:18Z,76,76,30,5281,100,1375,1702,0.66
2026-09-12T21:25:20Z,74,76,30,5252,99,1356,1702,0.66
2026-09-12T21:25:22Z,73,76,30,5281,99,1598,1702,0.66
2026-09-12T21:25:24Z,75,76,30,5281,99,1598,1702,0.61
2026-09-12T21:25:27Z,75,76,30,5281,100,1339,2424,0.61
2026-09-12T21:25:29Z,75,76,30,5281,100,1372,1400,0.64
2026-09-12T21:25:31Z,77,76,30,5281,100,1378,1702,0.64
2026-09-12T21:25:33Z,75,76,30,5281,99,1337,1702,0.59
2026-09-12T21:25:35Z,75,76,30,5281,100,1365,2425,0.59
2026-09-12T21:25:37Z,76,76,30,5281,99,1372,1702,0.59
2026-09-12T21:25:39Z,74,76,30,5281,99,1600,2424,0.54
2026-09-12T21:25:41Z,76,76,30,5281,99,1399,1702,0.54
2026-09-12T21:25:43Z,77,76,30,5281,100,1373,1702,0.66
2026-09-12T21:25:45Z,75,76,30,5281,100,1360,1702,0.66
2026-09-12T21:25:47Z,75,76,30,5281,100,1369,1702,0.66
2026-09-12T21:25:49Z,75,76,30,5281,100,1600,2424,0.61
2026-09-12T21:25:51Z,71,76,30,5281,99,1406,1702,0.61
2026-09-12T21:25:53Z,76,76,30,5281,100,1401,1702,0.56
2026-09-12T21:25:56Z,75,76,30,5281,100,1600,1702,0.56
2026-09-12T21:25:58Z,76,76,30,5281,100,1375,1702,0.51
2026-09-12T21:26:00Z,73,76,30,5281,99,1336,1399,0.51
2026-09-12T21:26:02Z,72,75,30,5281,99,1355,1702,0.51
2026-09-12T21:26:04Z,75,75,30,5281,100,1377,1702,0.47
2026-09-12T21:26:06Z,76,76,30,5281,100,1379,1702,0.47
2026-09-12T21:26:08Z,75,76,30,5281,99,1379,1702,0.43
2026-09-12T21:26:10Z,78,76,30,5281,100,1379,1702,0.43
2026-09-12T21:26:12Z,76,76,30,5281,100,1373,1702,0.43
2026-09-12T21:26:14Z,76,76,30,5281,99,1375,1702,0.40
2026-09-12T21:26:16Z,76,76,30,5281,99,1318,2425,0.40
2026-09-12T21:26:18Z,76,76,30,5281,100,1600,1702,0.37
2026-09-12T21:26:20Z,76,76,30,5281,99,1469,1702,0.37
2026-09-12T21:26:22Z,75,76,30,5281,100,1594,1399,0.37
2026-09-12T21:26:25Z,75,76,30,5326,100,1394,1702,0.34
2026-09-12T21:26:27Z,75,76,30,5281,100,1379,1702,0.34
2026-09-12T21:26:29Z,76,76,30,5281,99,1386,1702,0.31
2026-09-12T21:26:31Z,75,76,30,5281,100,1412,1940,0.31
2026-09-12T21:26:33Z,72,76,30,5281,100,1535,1702,0.28
2026-09-12T21:26:35Z,75,76,30,5281,99,1599,1702,0.28
2026-09-12T21:26:37Z,75,76,30,5311,100,1369,1399,0.28
2026-09-12T21:26:39Z,75,76,30,5281,100,1328,2424,0.26
2026-09-12T21:26:41Z,76,76,30,5281,100,1600,1702,0.26
2026-09-12T21:26:43Z,75,76,30,5281,100,1383,1702,0.24
2026-09-12T21:26:45Z,76,76,30,5281,99,1374,1702,0.24
2026-09-12T21:26:47Z,75,76,30,5281,100,1600,1702,0.24
2026-09-12T21:26:49Z,75,76,30,5281,100,1360,1702,0.22
2026-09-12T21:26:51Z,72,76,30,5281,99,1600,1702,0.22
2026-09-12T21:26:54Z,75,76,30,5281,100,1328,2425,0.20
2026-09-12T21:26:56Z,75,76,30,5281,100,1437,1702,0.20
2026-09-12T21:26:58Z,76,76,30,5281,100,1352,1702,0.19
2026-09-12T21:27:00Z,75,76,30,5281,100,1388,1702,0.19
2026-09-12T21:27:02Z,72,76,30,5281,99,1600,2424,0.19
2026-09-12T21:27:04Z,72,76,30,5281,99,1383,1702,0.25
2026-09-12T21:27:06Z,72,75,30,5281,0,200,2419,0.25
2026-09-12T21:27:08Z,75,75,30,5281,99,1372,1702,0.23
2026-09-12T21:27:10Z,75,75,30,5326,100,1377,1702,0.23
2026-09-12T21:27:12Z,76,76,30,5281,99,1379,1702,0.23
2026-09-12T21:27:14Z,76,76,30,5281,99,1376,1702,0.21
2026-09-12T21:27:16Z,75,76,30,5281,99,1375,1702,0.21
2026-09-12T21:27:18Z,76,76,30,5281,99,1381,1702,0.20
2026-09-12T21:27:20Z,75,76,30,5281,99,1325,2424,0.20
2026-09-12T21:27:23Z,73,76,30,5281,100,1537,1702,0.34
2026-09-12T21:27:25Z,76,76,30,5281,100,1372,1702,0.34
2026-09-12T21:27:27Z,73,76,30,5281,100,1598,1702,0.34
2026-09-12T21:27:29Z,75,76,30,5281,100,1490,1702,0.39
2026-09-12T21:27:31Z,76,76,30,5281,99,1456,1702,0.39
2026-09-12T21:27:33Z,75,76,30,5281,99,1390,1702,0.36
2026-09-12T21:27:35Z,75,76,30,5281,100,1419,2424,0.36
2026-09-12T21:27:37Z,72,76,30,5281,99,1600,1702,0.36
2026-09-12T21:27:39Z,76,76,30,5281,100,1600,1702,0.33
2026-09-12T21:27:41Z,76,76,30,5281,99,1419,1702,0.33
2026-09-12T21:27:43Z,75,76,30,5281,99,1333,2424,0.39
2026-09-12T21:27:45Z,76,76,30,5281,99,1600,1702,0.39
2026-09-12T21:27:47Z,75,76,30,5281,99,1384,1702,0.39
2026-09-12T21:27:49Z,76,76,30,5281,100,1374,1702,0.35
2026-09-12T21:27:52Z,75,76,30,5281,100,1600,1702,0.35
2026-09-12T21:27:54Z,75,76,30,5281,100,1420,1399,0.33
2026-09-12T21:27:56Z,72,76,30,5281,100,1356,1400,0.33
2026-09-12T21:27:58Z,75,76,30,5281,100,1324,2426,0.38
2026-09-12T21:28:00Z,75,76,30,5281,99,1369,1399,0.38
2026-09-12T21:28:02Z,77,76,30,5281,100,1375,1400,0.38
2026-09-12T21:28:04Z,75,76,30,5281,100,1387,1702,0.35
2026-09-12T21:28:06Z,71,76,30,5281,100,1600,2401,0.35
2026-09-12T21:28:08Z,73,76,30,5326,100,1377,1702,0.32
2026-09-12T21:28:10Z,69,75,30,5326,0,200,2424,0.32
2026-09-12T21:28:12Z,75,75,30,5281,100,1371,1702,0.32
2026-09-12T21:28:14Z,76,75,30,5281,99,1378,1702,0.29
2026-09-12T21:28:16Z,76,76,30,5281,100,1381,1702,0.29
2026-09-12T21:28:18Z,76,76,30,5281,99,1383,1702,0.35
2026-09-12T21:28:21Z,75,76,30,5281,99,1374,1702,0.35
2026-09-12T21:28:23Z,75,76,30,5281,99,1362,1702,0.32
2026-09-12T21:28:25Z,75,76,30,5311,99,1337,2424,0.32
2026-09-12T21:28:27Z,72,76,30,5281,99,1361,1702,0.32
2026-09-12T21:28:29Z,74,76,30,5281,100,1377,1702,0.30
2026-09-12T21:28:31Z,72,76,30,5281,100,1594,1702,0.30
2026-09-12T21:28:33Z,75,76,30,5281,99,1380,1702,0.35
2026-09-12T21:28:35Z,76,76,30,5311,99,1440,1702,0.35
2026-09-12T21:28:37Z,75,76,30,5311,100,1381,1702,0.35
2026-09-12T21:28:39Z,75,76,30,5281,100,1357,2424,0.33
2026-09-12T21:28:41Z,75,76,30,5281,99,1339,1399,0.33
2026-09-12T21:28:43Z,76,76,30,5281,99,1598,1702,0.30
2026-09-12T21:28:45Z,75,76,30,5281,99,1600,1702,0.30
2026-09-12T21:28:47Z,75,76,30,5281,99,1342,2425,0.30
2026-09-12T21:28:50Z,73,76,30,5281,100,1600,1719,0.35
2026-09-12T21:28:52Z,75,76,30,5281,99,1405,1702,0.35
2026-09-12T21:28:54Z,76,76,30,5281,100,1351,1702,0.33
2026-09-12T21:28:56Z,75,76,30,5281,100,1600,1702,0.33
2026-09-12T21:28:58Z,76,76,30,5281,99,1378,1702,0.30
2026-09-12T21:29:00Z,76,76,30,5281,99,1348,1702,0.30
2026-09-12T21:29:02Z,75,76,30,5281,99,1330,2424,0.30
2026-09-12T21:29:04Z,74,76,30,5281,100,1600,1702,0.36
2026-09-12T21:29:06Z,76,76,30,5311,100,1381,1702,0.36
2026-09-12T21:29:08Z,75,76,30,5281,99,1381,1702,0.33
2026-09-12T21:29:10Z,72,76,30,5281,99,1600,1702,0.33
2026-09-12T21:29:12Z,72,76,30,5311,99,1340,1702,0.33
2026-09-12T21:29:14Z,70,75,30,5326,0,200,2424,0.46
2026-09-12T21:29:16Z,75,74,30,5281,100,1374,1702,0.46
2026-09-12T21:29:18Z,76,75,30,5281,100,1377,1702,0.42
2026-09-12T21:29:21Z,75,76,30,5281,99,1384,1702,0.42
2026-09-12T21:29:23Z,75,76,30,5281,100,1375,1399,0.39
2026-09-12T21:29:25Z,75,76,30,5281,100,1359,1702,0.39
2026-09-12T21:29:27Z,76,76,30,5281,100,1368,1702,0.39
2026-09-12T21:29:29Z,75,76,30,5281,100,1335,2424,0.36
2026-09-12T21:29:31Z,73,76,30,5281,100,1335,1702,0.36
2026-09-12T21:29:33Z,75,76,30,5281,99,1374,1702,0.33
2026-09-12T21:29:35Z,72,76,30,5281,99,1486,1702,0.33
2026-09-12T21:29:37Z,75,76,30,5281,99,1600,1702,0.33
2026-09-12T21:29:39Z,75,76,30,5281,99,1472,1702,0.30
2026-09-12T21:29:41Z,75,76,30,5281,99,1395,1702,0.30
2026-09-12T21:29:43Z,75,76,30,5281,99,1368,2424,0.28
2026-09-12T21:29:45Z,72,76,30,5281,100,1386,1399,0.28
2026-09-12T21:29:48Z,76,76,30,5281,99,1596,1702,0.28
2026-09-12T21:29:50Z,75,76,30,5281,100,1379,1702,0.26
2026-09-12T21:29:52Z,75,76,30,5281,100,1336,2424,0.26
2026-09-12T21:29:54Z,74,76,30,5281,99,1600,2424,0.24
2026-09-12T21:29:56Z,75,76,30,5281,100,1355,1702,0.24
2026-09-12T21:29:58Z,76,76,30,5326,100,1360,1702,0.22
2026-09-12T21:30:00Z,75,76,30,5281,100,1600,1702,0.22
2026-09-12T21:30:02Z,76,76,30,5281,99,1404,1702,0.22
2026-09-12T21:30:04Z,74,76,30,5281,99,1335,1702,0.20
2026-09-12T21:30:06Z,74,76,30,5281,99,1326,2425,0.20
2026-09-12T21:30:08Z,75,76,30,5281,100,1382,1702,0.18
2026-09-12T21:30:10Z,77,76,30,5281,100,1373,1702,0.18
2026-09-12T21:30:12Z,75,76,30,5281,99,1471,1702,0.18
2026-09-12T21:30:14Z,71,76,30,5281,99,1600,2424,0.17
2026-09-12T21:30:16Z,73,76,30,5281,100,1347,1702,0.17
2026-09-12T21:30:19Z,73,75,30,5281,0,200,2424,0.23
2026-09-12T21:30:21Z,75,75,30,5281,100,1379,1702,0.23
2026-09-12T21:30:23Z,75,75,30,5281,99,1373,1702,0.22
2026-09-12T21:30:25Z,76,76,30,5281,99,1381,1702,0.22
2026-09-12T21:30:27Z,76,76,30,5281,100,1360,1400,0.22
2026-09-12T21:30:29Z,75,76,30,5281,99,1362,1702,0.20
2026-09-12T21:30:31Z,75,76,30,5281,99,1371,1400,0.20
2026-09-12T21:30:33Z,75,76,30,5281,99,1335,2424,0.26
2026-09-12T21:30:35Z,72,76,30,5281,99,1597,1702,0.26
2026-09-12T21:30:37Z,75,76,30,5281,99,1388,1702,0.26
2026-09-12T21:30:39Z,71,76,30,5281,100,1596,1702,0.24
2026-09-12T21:30:41Z,75,76,30,5281,100,1378,1702,0.24
2026-09-12T21:30:43Z,76,76,30,5281,100,1382,1702,0.22
2026-09-12T21:30:45Z,75,76,30,5281,100,1387,1702,0.22
2026-09-12T21:30:48Z,75,76,30,5281,99,1331,2426,0.22
2026-09-12T21:30:50Z,72,76,30,5281,100,1600,1702,0.44
2026-09-12T21:30:52Z,75,76,30,5281,100,1600,1702,0.44
2026-09-12T21:30:54Z,74,76,30,5281,99,1379,1702,0.41
2026-09-12T21:30:56Z,75,76,30,5281,100,1326,2424,0.41
2026-09-12T21:30:58Z,76,76,30,5281,100,1600,1702,0.38
2026-09-12T21:31:00Z,75,76,30,5281,100,1373,1702,0.38
2026-09-12T21:31:02Z,76,76,30,5281,100,1379,1702,0.38
2026-09-12T21:31:04Z,76,76,30,5281,100,1380,1702,0.43
2026-09-12T21:31:06Z,75,76,30,5281,100,1381,1702,0.43
2026-09-12T21:31:08Z,75,76,30,5281,100,1600,1702,0.39
2026-09-12T21:31:10Z,75,76,30,5281,99,1323,2425,0.39
2026-09-12T21:31:12Z,75,76,30,5281,99,1386,1702,0.39
2026-09-12T21:31:14Z,71,76,30,5281,100,1475,1702,0.36
2026-09-12T21:31:17Z,75,76,30,5281,99,1378,1702,0.36
2026-09-12T21:31:19Z,73,76,30,5311,99,1600,2426,0.33
2026-09-12T21:31:21Z,71,76,30,5281,99,1370,1400,0.33
2026-09-12T21:31:23Z,73,75,30,5281,0,200,2425,0.38
2026-09-12T21:31:25Z,75,75,30,5281,100,1376,1702,0.38
2026-09-12T21:31:27Z,76,75,30,5281,100,1372,1702,0.38
2026-09-12T21:31:29Z,75,76,30,5281,100,1384,1702,0.35
2026-09-12T21:31:31Z,77,76,30,5281,99,1362,1702,0.35
2026-09-12T21:31:33Z,75,76,30,5281,100,1373,1702,0.32
2026-09-12T21:31:35Z,76,76,30,5281,100,1367,1702,0.32
2026-09-12T21:31:37Z,76,76,30,5326,100,1332,2425,0.32
2026-09-12T21:31:39Z,76,76,30,5281,100,1600,1702,0.38
2026-09-12T21:31:41Z,76,76,30,5281,100,1598,1702,0.38
2026-09-12T21:31:43Z,76,76,30,5281,99,1597,1702,0.35
2026-09-12T21:31:46Z,75,76,30,5281,100,1392,1702,0.35
2026-09-12T21:31:48Z,76,76,30,5281,99,1388,1702,0.32
2026-09-12T21:31:50Z,75,76,30,5281,100,1394,1702,0.32
2026-09-12T21:31:52Z,75,76,30,5281,100,1331,2424,0.32
2026-09-12T21:31:54Z,75,76,30,5281,100,1600,1702,0.37
2026-09-12T21:31:56Z,74,76,30,5281,99,1378,1702,0.37
2026-09-12T21:31:58Z,75,76,30,5281,100,1393,1702,0.34
2026-09-12T21:32:00Z,75,76,30,5281,99,1319,2424,0.34
2026-09-12T21:32:02Z,75,76,30,5281,99,1600,1702,0.34
2026-09-12T21:32:04Z,75,76,30,5281,99,1378,1702,0.32
2026-09-12T21:32:06Z,77,76,30,5311,100,1377,1702,0.32
2026-09-12T21:32:08Z,74,76,30,5281,99,1379,1702,0.37
2026-09-12T21:32:10Z,75,76,30,5281,99,1385,1702,0.37
2026-09-12T21:32:13Z,75,76,30,5311,99,1600,1702,0.37
2026-09-12T21:32:15Z,75,76,30,5281,99,1325,2424,0.34
2026-09-12T21:32:17Z,75,76,30,5326,100,1402,1702,0.34
2026-09-12T21:32:19Z,75,76,30,5281,100,1369,1702,0.31
2026-09-12T21:32:21Z,75,76,30,5281,99,1387,1702,0.31
2026-09-12T21:32:23Z,72,76,30,5281,99,1600,2425,0.37
2026-09-12T21:32:25Z,73,76,30,5281,100,1384,1702,0.37
2026-09-12T21:32:27Z,73,75,30,5281,0,200,2424,0.37
2026-09-12T21:32:29Z,75,75,30,5281,99,1373,1702,0.34
2026-09-12T21:32:31Z,75,75,30,5281,99,1364,1400,0.34
2026-09-12T21:32:33Z,75,75,30,5281,100,1360,1702,0.31
2026-09-12T21:32:35Z,76,75,30,5281,99,1370,1702,0.31
2026-09-12T21:32:37Z,76,76,30,5281,99,1368,1702,0.31
2026-09-12T21:32:39Z,75,76,30,5281,99,1375,1702,0.29
2026-09-12T21:32:41Z,75,76,30,5281,100,1338,2424,0.29
2026-09-12T21:32:44Z,72,76,30,5281,100,1600,1702,0.26
2026-09-12T21:32:46Z,75,76,30,5281,99,1417,1702,0.26
2026-09-12T21:32:48Z,72,76,30,5281,100,1599,1702,0.24
2026-09-12T21:32:50Z,75,76,30,5281,99,1381,1702,0.24
2026-09-12T21:32:52Z,75,76,30,5281,99,1399,1702,0.24
2026-09-12T21:32:54Z,76,76,30,5281,99,1378,1702,0.22
2026-09-12T21:32:56Z,75,76,30,5281,100,1333,2425,0.22
2026-09-12T21:32:58Z,75,76,30,5281,100,1600,1702,0.20
2026-09-12T21:33:00Z,75,76,30,5281,100,1379,1400,0.20
2026-09-12T21:33:02Z,75,76,30,5281,100,1395,1702,0.20
2026-09-12T21:33:04Z,74,76,30,5281,99,1315,2424,0.19
2026-09-12T21:33:06Z,75,76,30,5281,100,1600,1702,0.19
2026-09-12T21:33:08Z,75,76,30,5281,99,1396,1702,0.17
2026-09-12T21:33:10Z,77,76,30,5281,99,1376,1702,0.17
2026-09-12T21:33:13Z,75,76,30,5311,99,1367,1702,0.17
2026-09-12T21:33:15Z,76,76,30,5281,99,1378,1399,0.16
2026-09-12T21:33:17Z,75,76,30,5281,99,1600,1702,0.16
2026-09-12T21:33:19Z,75,76,30,5281,100,1362,1399,0.15
2026-09-12T21:33:21Z,75,76,30,5281,100,1380,1702,0.15
2026-09-12T21:33:23Z,76,76,30,5281,100,1377,1399,0.13
2026-09-12T21:33:25Z,75,76,30,5281,99,1374,1702,0.13
2026-09-12T21:33:27Z,70,76,30,5281,100,1600,1702,0.13
2026-09-12T21:33:29Z,72,76,30,5281,99,1530,1400,0.20
2026-09-12T21:33:31Z,68,75,30,5281,0,200,2424,0.20
2026-09-12T21:33:33Z,75,75,30,5326,100,1379,1702,0.19
2026-09-12T21:33:35Z,75,75,30,5281,100,1347,1399,0.19
2026-09-12T21:33:37Z,75,75,30,5281,100,1365,1399,0.19
2026-09-12T21:33:40Z,75,76,30,5281,100,1372,1702,0.17
2026-09-12T21:33:42Z,76,76,30,5281,99,1373,1702,0.17
2026-09-12T21:33:44Z,75,76,30,5281,99,1377,1702,0.16
2026-09-12T21:33:46Z,75,76,30,5281,100,1332,2426,0.16
2026-09-12T21:33:48Z,72,76,30,5281,100,1486,1702,0.14
2026-09-12T21:33:50Z,75,76,30,5281,99,1374,1702,0.14
2026-09-12T21:33:52Z,71,76,30,5281,99,1599,1702,0.14
2026-09-12T21:33:54Z,74,76,30,5281,99,1381,1702,0.21
2026-09-12T21:33:56Z,75,76,30,5281,100,1427,1702,0.21
2026-09-12T21:33:58Z,76,76,30,5281,99,1385,1702,0.28
2026-09-12T21:34:00Z,75,76,30,5281,99,1336,2424,0.28
2026-09-12T21:34:02Z,71,76,30,5281,99,1600,1702,0.28
2026-09-12T21:34:04Z,75,76,30,5281,99,1600,1400,0.25
2026-09-12T21:34:06Z,75,76,30,5281,100,1365,1702,0.25
2026-09-12T21:34:08Z,75,76,30,5281,100,1325,2424,0.31
2026-09-12T21:34:11Z,74,76,30,5281,100,1387,1702,0.31
2026-09-12T21:34:13Z,76,76,30,5281,99,1393,1702,0.37
2026-09-12T21:34:15Z,78,76,30,5281,100,1375,1702,0.37
2026-09-12T21:34:17Z,75,76,30,5281,99,1399,1702,0.37
2026-09-12T21:34:19Z,76,76,30,5281,99,1381,1702,0.34
2026-09-12T21:34:21Z,76,76,30,5281,99,1600,1702,0.34
2026-09-12T21:34:23Z,76,76,30,5281,100,1331,2425,0.39
2026-09-12T21:34:25Z,76,76,30,5281,100,1391,1702,0.39
2026-09-12T21:34:27Z,71,76,30,5281,100,1600,1702,0.39
2026-09-12T21:34:29Z,76,76,30,5281,100,1388,1702,0.36
2026-09-12T21:34:31Z,74,76,30,5281,100,1600,2424,0.36
2026-09-12T21:34:33Z,72,76,30,5281,99,1363,1399,0.33
2026-09-12T21:34:35Z,73,75,30,5281,0,200,2424,0.33
2026-09-12T21:34:37Z,75,75,30,5281,100,1360,1702,0.33
2026-09-12T21:34:40Z,71,75,30,5281,99,1341,1702,0.31
2026-09-12T21:34:42Z,73,75,30,5281,100,1325,1702,0.31
2026-09-12T21:34:44Z,74,76,30,5281,99,1600,1702,0.36
2026-09-12T21:34:46Z,75,76,30,5281,99,1406,1399,0.36
2026-09-12T21:34:48Z,72,76,30,5281,99,1389,1702,0.33
2026-09-12T21:34:50Z,72,76,30,5281,99,1600,2425,0.33
2026-09-12T21:34:52Z,76,76,30,5281,100,1381,1702,0.33
2026-09-12T21:34:54Z,75,76,30,5311,99,1432,1702,0.30
2026-09-12T21:34:56Z,76,76,30,5281,100,1408,1702,0.30
2026-09-12T21:34:58Z,75,76,30,5281,100,1397,1702,0.36
2026-09-12T21:35:00Z,76,76,30,5281,99,1380,1702,0.36
2026-09-12T21:35:02Z,75,76,30,5281,99,1375,1702,0.36
2026-09-12T21:35:04Z,75,76,30,5281,100,1334,2425,0.33
2026-09-12T21:35:06Z,74,76,30,5281,99,1382,1702,0.33
2026-09-12T21:35:09Z,74,76,30,5281,100,1364,1702,0.30
2026-09-12T21:35:11Z,76,76,30,5281,100,1406,1702,0.30
2026-09-12T21:35:13Z,75,76,30,5311,99,1290,2425,0.44
2026-09-12T21:35:15Z,75,76,30,5281,100,1421,1702,0.44
2026-09-12T21:35:17Z,75,76,30,5281,100,1378,1702,0.44
2026-09-12T21:35:19Z,74,76,30,5281,99,1337,1702,0.41
2026-09-12T21:35:21Z,75,76,30,5281,99,1381,1400,0.41
2026-09-12T21:35:23Z,77,76,30,5281,100,1385,1702,0.37
2026-09-12T21:35:25Z,75,76,30,5281,99,1375,1702,0.37
2026-09-12T21:35:27Z,76,76,30,5281,99,1327,2424,0.37
2026-09-12T21:35:29Z,75,76,30,5281,100,1381,1400,0.42
2026-09-12T21:35:31Z,75,76,30,5281,99,1600,2146,0.42
2026-09-12T21:35:33Z,75,76,30,5281,99,1372,1702,0.39
2026-09-12T21:35:35Z,75,76,30,5281,100,1600,1702,0.39
2026-09-12T21:35:38Z,73,76,30,5281,99,1407,1702,0.39
2026-09-12T21:35:40Z,73,75,30,5281,100,1367,1399,0.44
2026-09-12T21:35:42Z,75,75,30,5281,99,1368,1400,0.44
2026-09-12T21:35:44Z,76,75,30,5281,100,1359,1702,0.40
2026-09-12T21:35:46Z,77,75,30,5281,100,1385,1702,0.40
2026-09-12T21:35:48Z,73,76,30,5281,99,1329,1702,0.37
2026-09-12T21:35:50Z,75,76,30,5281,100,1377,1702,0.37
2026-09-12T21:35:52Z,76,76,30,5281,99,1378,1702,0.37
2026-09-12T21:35:54Z,72,76,30,5281,99,1600,2424,0.34
2026-09-12T21:35:56Z,75,76,30,5281,99,1371,1702,0.34
2026-09-12T21:35:58Z,75,76,30,5281,99,1390,1702,0.31
2026-09-12T21:36:00Z,75,76,30,5281,99,1386,1702,0.31
2026-09-12T21:36:02Z,75,76,30,5281,100,1387,1702,0.31
2026-09-12T21:36:05Z,75,76,30,5281,100,1384,1702,0.29
2026-09-12T21:36:07Z,75,76,30,5281,100,1365,1702,0.29
2026-09-12T21:36:09Z,75,76,30,5281,100,1331,2424,0.26
2026-09-12T21:36:11Z,75,76,30,5281,100,1600,1702,0.26
2026-09-12T21:36:13Z,75,76,30,5281,100,1423,1702,0.24
2026-09-12T21:36:15Z,75,76,30,5281,99,1379,1400,0.24
2026-09-12T21:36:17Z,76,76,30,5281,99,1330,2424,0.24
2026-09-12T21:36:19Z,75,76,30,5281,99,1376,1702,0.22
2026-09-12T21:36:21Z,75,76,30,5281,99,1380,1702,0.22
2026-09-12T21:36:23Z,77,76,30,5281,100,1376,1702,0.20
2026-09-12T21:36:25Z,75,76,30,5281,99,1409,1702,0.20
2026-09-12T21:36:27Z,75,76,30,5281,100,1383,1702,0.20
2026-09-12T21:36:29Z,76,76,30,5281,99,1600,1702,0.19
2026-09-12T21:36:31Z,75,76,30,5281,99,1329,2424,0.19
2026-09-12T21:36:34Z,75,76,30,5281,99,1376,1702,0.25
2026-09-12T21:36:36Z,75,76,30,5281,100,1600,1702,0.25
2026-09-12T21:36:38Z,75,76,30,5281,99,1377,1702,0.23
2026-09-12T21:36:40Z,75,76,30,5281,100,1389,1702,0.23
2026-09-12T21:36:42Z,73,76,30,5281,100,1396,1437,0.23
2026-09-12T21:36:44Z,70,75,30,5281,99,1355,1702,0.21
2026-09-12T21:36:46Z,76,75,30,5281,100,1500,1702,0.21
2026-09-12T21:36:48Z,71,75,30,5281,99,1600,1400,0.20
2026-09-12T21:36:50Z,72,75,30,5281,100,1351,1702,0.20
2026-09-12T21:36:52Z,73,75,30,5281,100,1600,1702,0.20
2026-09-12T21:36:54Z,76,76,30,5281,99,1392,1702,0.18
2026-09-12T21:36:56Z,73,76,30,5281,100,1368,1702,0.18
2026-09-12T21:36:58Z,70,76,30,5311,99,1600,2424,0.25
2026-09-12T21:37:00Z,75,76,30,5281,100,1370,1702,0.25
2026-09-12T21:37:03Z,75,76,30,5281,100,1398,1702,0.25
2026-09-12T21:37:05Z,75,76,30,5281,100,1386,1702,0.23
2026-09-12T21:37:07Z,75,76,30,5281,99,1394,1702,0.23
2026-09-12T21:37:09Z,76,76,30,5281,100,1380,1399,0.21
2026-09-12T21:37:11Z,75,76,30,5281,99,1375,1702,0.21
2026-09-12T21:37:13Z,75,76,30,5281,99,1313,2424,0.27
2026-09-12T21:37:15Z,75,76,30,5281,100,1374,1702,0.27
2026-09-12T21:37:17Z,76,76,30,5281,99,1386,1702,0.27
2026-09-12T21:37:19Z,76,76,30,5281,99,1417,1702,0.25
2026-09-12T21:37:21Z,77,76,30,5281,100,1309,2424,0.25
2026-09-12T21:37:23Z,76,76,30,5281,99,1396,1702,0.23
2026-09-12T21:37:25Z,76,76,30,5281,99,1379,1702,0.23
2026-09-12T21:37:27Z,74,76,30,5281,100,1332,1702,0.23
2026-09-12T21:37:29Z,75,76,30,5281,99,1383,1702,0.29
2026-09-12T21:37:32Z,76,76,30,5281,100,1381,1702,0.29
2026-09-12T21:37:34Z,75,76,30,5281,100,1373,1702,0.27
2026-09-12T21:37:36Z,75,76,30,5281,100,1331,2424,0.27
2026-09-12T21:37:38Z,75,76,30,5326,99,1406,1702,0.25
2026-09-12T21:37:40Z,75,76,30,5281,100,1600,1399,0.25
2026-09-12T21:37:42Z,76,76,30,5281,99,1424,1702,0.25
2026-09-12T21:37:44Z,76,76,30,5281,99,1600,1702,0.23
2026-09-12T21:37:46Z,72,75,30,5281,99,1403,1702,0.23
2026-09-12T21:37:48Z,73,75,30,5281,99,1405,1702,0.21
2026-09-12T21:37:50Z,74,74,30,5281,99,1373,1702,0.21
2026-09-12T21:37:52Z,77,75,30,5281,100,1377,1702,0.21
2026-09-12T21:37:54Z,77,75,30,5281,100,1374,1400,0.19
2026-09-12T21:37:56Z,75,76,30,5281,99,1338,1702,0.19
2026-09-12T21:37:59Z,76,76,30,5281,100,1379,1702,0.18
2026-09-12T21:38:01Z,77,76,30,5281,99,1380,1702,0.18
2026-09-12T21:38:03Z,76,76,30,5281,99,1284,2425,0.18
2026-09-12T21:38:05Z,76,76,30,5281,99,1600,1702,0.32
2026-09-12T21:38:07Z,75,76,30,5281,100,1517,1400,0.32
2026-09-12T21:38:09Z,75,76,30,5281,100,1600,1481,0.30
2026-09-12T21:38:11Z,75,76,30,5281,99,1385,1702,0.30
2026-09-12T21:38:13Z,75,76,30,5281,100,1389,1702,0.27
2026-09-12T21:38:15Z,74,76,30,5281,100,1349,1702,0.27
2026-09-12T21:38:17Z,75,76,30,5281,99,1329,2424,0.27
2026-09-12T21:38:19Z,75,76,30,5281,99,1600,1702,0.33
2026-09-12T21:38:21Z,75,76,30,5281,99,1387,1702,0.33
2026-09-12T21:38:23Z,76,76,30,5281,100,1389,1702,0.30
2026-09-12T21:38:25Z,75,76,30,5281,99,1334,2424,0.30
2026-09-12T21:38:27Z,75,76,30,5281,99,1389,1702,0.30
2026-09-12T21:38:30Z,75,76,30,5311,100,1399,1702,0.28
2026-09-12T21:38:32Z,77,76,30,5281,99,1380,1702,0.28
2026-09-12T21:38:34Z,75,76,30,5281,100,1376,1702,0.34
2026-09-12T21:38:36Z,76,76,30,5281,99,1383,1702,0.34
2026-09-12T21:38:38Z,75,76,30,5281,100,1600,1702,0.31
2026-09-12T21:38:40Z,75,76,30,5281,100,1335,2424,0.31
2026-09-12T21:38:42Z,75,76,30,5281,100,1406,1702,0.31
2026-09-12T21:38:44Z,74,75,30,5281,100,1600,2424,0.29
2026-09-12T21:38:46Z,75,75,30,5281,100,1355,1702,0.29
2026-09-12T21:38:48Z,75,75,30,5281,100,1600,1702,0.26
2026-09-12T21:38:50Z,72,75,30,5281,99,1371,1702,0.26
2026-09-12T21:38:52Z,73,75,30,5281,99,1324,1399,0.26
2026-09-12T21:38:54Z,75,74,30,5281,99,1378,1702,0.24
2026-09-12T21:38:57Z,76,75,30,5281,99,1390,1702,0.24
2026-09-12T21:38:59Z,75,75,30,5281,99,1371,1702,0.22
2026-09-12T21:39:01Z,75,75,30,5281,100,1378,1702,0.22
2026-09-12T21:39:03Z,76,76,30,5281,99,1397,1702,0.20
2026-09-12T21:39:05Z,76,76,30,5326,99,1418,1702,0.20
2026-09-12T21:39:07Z,75,76,30,5281,100,1336,2424,0.20
2026-09-12T21:39:09Z,75,76,30,5281,100,1345,1702,0.19
2026-09-12T21:39:11Z,74,76,30,5281,99,1373,1702,0.19
2026-09-12T21:39:13Z,71,76,30,5281,100,1600,1702,0.17
2026-09-12T21:39:15Z,75,76,30,5281,99,1376,1702,0.17
2026-09-12T21:39:17Z,74,76,30,5281,99,1361,1702,0.17
2026-09-12T21:39:19Z,75,76,30,5281,99,1379,1702,0.16
2026-09-12T21:39:21Z,75,76,30,5281,100,1330,2424,0.16
2026-09-12T21:39:23Z,74,76,30,5281,99,1600,1702,0.14
2026-09-12T21:39:26Z,75,76,30,5326,99,1376,1702,0.14
2026-09-12T21:39:28Z,75,76,30,5281,100,1380,1702,0.14
2026-09-12T21:39:30Z,74,76,30,5281,100,1323,2426,0.13
2026-09-12T21:39:32Z,75,76,30,5281,100,1600,1702,0.13
2026-09-12T21:39:34Z,75,76,30,5281,100,1388,1702,0.12
2026-09-12T21:39:36Z,76,76,30,5281,99,1380,1702,0.12
2026-09-12T21:39:38Z,75,76,30,5281,100,1382,1702,0.11
2026-09-12T21:39:40Z,75,76,30,5281,100,1379,1702,0.11
2026-09-12T21:39:42Z,72,76,30,5281,100,1600,1702,0.11
2026-09-12T21:39:44Z,75,76,30,5281,100,1335,2424,0.10
2026-09-12T21:39:46Z,75,76,30,5281,99,1386,1702,0.10
2026-09-12T21:39:48Z,72,76,30,5281,99,1320,1702,0.17
2026-09-12T21:39:50Z,75,76,30,5281,100,1372,1702,0.17
2026-09-12T21:39:52Z,72,76,30,5311,99,1600,2424,0.17
2026-09-12T21:39:55Z,72,75,30,5281,99,1355,1399,0.16
2026-09-12T21:39:57Z,73,75,30,5281,100,1344,1399,0.16
2026-09-12T21:39:59Z,60,73,30,5311,0,200,2426,0.15
2026-09-12T21:40:01Z,58,70,30,5281,0,200,2424,0.15
2026-09-12T21:40:03Z,57,69,30,5281,10,1040,2424,0.22
2026-09-12T21:40:05Z,56,67,30,5067,27,1040,2426,0.22
2026-09-12T21:40:07Z,55,65,30,4687,14,1040,2424,0.22
2026-09-12T21:40:09Z,54,63,30,4652,0,200,2425,0.28
2026-09-12T21:40:11Z,53,62,30,3922,0,200,2427,0.28
2026-09-12T21:40:13Z,52,61,30,3826,0,200,2424,0.42
2026-09-12T21:40:15Z,67,60,30,3537,100,1368,1702,0.42
2026-09-12T21:40:17Z,66,66,30,3024,99,1600,1702,0.42
2026-09-12T21:40:19Z,69,68,30,3014,100,1512,1702,0.38
2026-09-12T21:40:21Z,70,69,30,3048,99,1538,1399,0.38
2026-09-12T21:40:23Z,70,70,30,3421,99,1335,1702,0.43
2026-09-12T21:40:25Z,72,72,30,3727,100,1600,1399,0.43
2026-09-12T21:40:27Z,73,73,30,3922,100,1429,2441,0.43
2026-09-12T21:40:30Z,73,73,30,4120,99,1600,1702,0.40
2026-09-12T21:40:32Z,70,74,30,4340,100,1600,2424,0.40
2026-09-12T21:40:34Z,75,74,30,4550,99,1600,1702,0.37
2026-09-12T21:40:36Z,70,75,30,4711,100,1600,1400,0.37
2026-09-12T21:40:38Z,74,75,30,4934,100,1600,1702,0.34
2026-09-12T21:40:40Z,77,75,30,5000,99,1400,1702,0.34
2026-09-12T21:40:42Z,71,75,30,5208,99,1600,1702,0.34
2026-09-12T21:40:44Z,75,75,30,5252,100,1391,1702,0.31
2026-09-12T21:40:46Z,74,75,30,5237,100,1600,2424,0.31
2026-09-12T21:40:48Z,71,75,30,5237,99,1600,1702,0.28
2026-09-12T21:40:50Z,70,75,30,5208,100,1600,1702,0.28
2026-09-12T21:40:52Z,65,75,30,5237,99,1040,2424,0.28
2026-09-12T21:40:54Z,70,74,30,5252,100,1521,1400,0.50
2026-09-12T21:40:56Z,74,73,30,5237,100,1374,1702,0.50
2026-09-12T21:40:58Z,74,74,30,5252,100,1600,2418,0.46
2026-09-12T21:41:01Z,74,74,30,5252,100,1378,1702,0.46
2026-09-12T21:41:03Z,74,75,30,5252,99,1393,1702,0.46
2026-09-12T21:41:05Z,74,75,30,5281,99,1600,2425,0.42
2026-09-12T21:41:07Z,74,75,30,5252,100,1508,1399,0.42
2026-09-12T21:41:09Z,75,75,30,5252,100,1327,2425,0.39
2026-09-12T21:41:11Z,76,75,30,5252,99,1387,1702,0.39
2026-09-12T21:41:13Z,74,75,30,5281,100,1600,2424,0.44
2026-09-12T21:41:15Z,75,75,30,5252,99,1535,1702,0.44
2026-09-12T21:41:17Z,75,75,30,5237,100,1600,2424,0.44
2026-09-12T21:41:19Z,75,76,30,5281,100,1372,1702,0.48
2026-09-12T21:41:21Z,71,76,30,5281,99,1305,1702,0.48
2026-09-12T21:41:23Z,75,76,30,5252,99,1600,2425,0.53
2026-09-12T21:41:25Z,77,76,30,5281,99,1390,1702,0.53
2026-09-12T21:41:27Z,74,76,30,5281,100,1600,2424,0.53
2026-09-12T21:41:30Z,75,75,30,5237,100,1451,1702,0.56
2026-09-12T21:41:32Z,75,75,30,5252,99,1598,1702,0.56
2026-09-12T21:41:34Z,73,75,30,5252,99,1249,2424,0.52
2026-09-12T21:41:36Z,72,75,30,5281,100,1565,1399,0.52
2026-09-12T21:41:38Z,75,74,30,5252,100,1600,1702,0.56
2026-09-12T21:41:40Z,75,75,30,5237,99,1600,1827,0.56
2026-09-12T21:41:42Z,77,75,30,5237,99,1461,1702,0.56
2026-09-12T21:41:44Z,75,75,30,5237,100,1366,1702,0.59
2026-09-12T21:41:46Z,75,75,30,5281,100,1600,2407,0.59
2026-09-12T21:41:48Z,75,75,30,5237,99,1468,1702,0.54
2026-09-12T21:41:50Z,75,76,30,5281,100,1600,1702,0.54
2026-09-12T21:41:52Z,77,76,30,5281,99,1445,1702,0.54
2026-09-12T21:41:54Z,74,76,30,5252,100,1418,2426,0.74
2026-09-12T21:41:56Z,76,76,30,5237,100,1374,1702,0.74
2026-09-12T21:41:58Z,75,76,30,5281,100,1509,1399,0.68
2026-09-12T21:42:01Z,71,76,30,5252,100,1328,1702,0.68
2026-09-12T21:42:03Z,71,76,30,5281,99,1600,1702,0.68
2026-09-12T21:42:05Z,75,76,30,5281,99,1408,1399,0.63
2026-09-12T21:42:07Z,72,76,30,5237,99,1600,1702,0.63
2026-09-12T21:42:09Z,75,76,30,5281,100,1434,2425,0.58
2026-09-12T21:42:11Z,75,76,30,5281,99,1600,1702,0.58
2026-09-12T21:42:13Z,76,76,30,5281,100,1425,1702,0.53
2026-09-12T21:42:15Z,73,76,30,5281,100,1467,1592,0.53
2026-09-12T21:42:17Z,72,75,30,5281,99,1467,1979,0.53
2026-09-12T21:42:19Z,75,74,30,5281,100,1471,1702,0.73
2026-09-12T21:42:21Z,75,75,30,5281,100,1600,2424,0.73
2026-09-12T21:42:23Z,77,75,30,5281,100,1377,1702,0.67
2026-09-12T21:42:25Z,75,75,30,5281,100,1356,1702,0.67
2026-09-12T21:42:27Z,75,76,30,5281,100,1523,1702,0.67
2026-09-12T21:42:30Z,77,76,30,5281,99,1378,1702,0.62
2026-09-12T21:42:32Z,75,76,30,5281,99,1592,1702,0.62
2026-09-12T21:42:34Z,75,76,30,5281,100,1338,1399,0.57
2026-09-12T21:42:36Z,74,76,30,5281,100,1406,2424,0.57
2026-09-12T21:42:38Z,77,76,30,5281,100,1356,1702,0.52
2026-09-12T21:42:40Z,77,76,30,5281,100,1330,2424,0.52
2026-09-12T21:42:42Z,76,76,30,5281,99,1600,1702,0.52
2026-09-12T21:42:44Z,75,76,30,5281,100,1600,1702,0.48
2026-09-12T21:42:46Z,71,76,30,5281,99,1600,1702,0.48
2026-09-12T21:42:48Z,75,76,30,5281,100,1600,2424,0.44
2026-09-12T21:42:50Z,71,76,30,5281,100,1600,2425,0.44
2026-09-12T21:42:52Z,75,76,30,5281,100,1600,1702,0.44
2026-09-12T21:42:54Z,71,76,30,5281,100,1600,2424,0.40
2026-09-12T21:42:56Z,74,76,30,5281,100,1469,2045,0.40
2026-09-12T21:42:58Z,66,75,30,5281,0,200,2425,0.37
2026-09-12T21:43:01Z,75,75,30,5281,100,1481,1702,0.37
2026-09-12T21:43:03Z,75,75,30,5281,99,1477,1702,0.37
2026-09-12T21:43:05Z,75,75,30,5281,100,1600,1702,0.34
2026-09-12T21:43:07Z,75,76,30,5281,99,1600,1702,0.34
2026-09-12T21:43:09Z,75,76,30,5281,99,1406,1702,0.31
2026-09-12T21:43:11Z,72,76,30,5281,99,1600,1702,0.31
2026-09-12T21:43:13Z,78,76,30,5326,99,1412,1702,0.29
2026-09-12T21:43:15Z,75,76,30,5281,100,1600,1702,0.29
2026-09-12T21:43:17Z,72,76,30,5281,99,1600,1806,0.29
2026-09-12T21:43:19Z,72,76,30,5281,100,1600,1702,0.27
2026-09-12T21:43:21Z,72,76,30,5281,99,1600,2425,0.27
2026-09-12T21:43:23Z,76,76,30,5281,99,1600,1702,0.24
2026-09-12T21:43:25Z,76,76,30,5281,100,1453,1702,0.24
2026-09-12T21:43:27Z,76,76,30,5281,100,1600,1499,0.24
2026-09-12T21:43:30Z,74,76,30,5281,99,1333,1702,0.22
2026-09-12T21:43:32Z,75,76,30,5281,99,1600,1702,0.22
2026-09-12T21:43:34Z,75,76,30,5281,100,1417,1702,0.21
2026-09-12T21:43:36Z,75,76,30,5281,99,1600,1702,0.21
2026-09-12T21:43:38Z,71,76,30,5281,100,1537,1702,0.43
2026-09-12T21:43:40Z,69,75,30,5326,99,1040,2424,0.43
2026-09-12T21:43:42Z,75,75,30,5281,99,1355,1702,0.43
2026-09-12T21:43:44Z,75,75,30,5311,99,1600,2424,0.40
2026-09-12T21:43:46Z,75,76,30,5281,99,1464,1702,0.40
2026-09-12T21:43:48Z,75,76,30,5281,100,1423,2425,0.36
2026-09-12T21:43:50Z,75,76,30,5281,99,1533,1702,0.36
2026-09-12T21:43:52Z,76,76,30,5281,99,1474,1400,0.36
2026-09-12T21:43:54Z,75,76,30,5281,99,1527,1702,0.41
2026-09-12T21:43:56Z,73,76,30,5311,99,1290,1702,0.41
2026-09-12T21:43:59Z,73,76,30,5326,99,1342,1702,0.46
2026-09-12T21:44:01Z,76,76,30,5326,99,1375,1399,0.46
2026-09-12T21:44:03Z,75,76,30,5281,99,1268,2424,0.46
2026-09-12T21:44:05Z,75,76,30,5281,100,1600,2424,0.42
2026-09-12T21:44:07Z,75,76,30,5311,100,1368,2005,0.42
2026-09-12T21:44:09Z,75,76,30,5281,99,1600,1702,0.39
2026-09-12T21:44:11Z,75,76,30,5326,99,1478,1702,0.39
2026-09-12T21:44:13Z,72,76,30,5281,100,1419,1399,0.36
2026-09-12T21:44:15Z,75,76,30,5281,100,1377,1702,0.36
2026-09-12T21:44:17Z,75,76,30,5281,100,1600,2424,0.36
2026-09-12T21:44:19Z,73,76,30,5281,99,1490,1702,0.49
2026-09-12T21:44:21Z,70,75,30,5281,100,1431,2424,0.49
2026-09-12T21:44:23Z,75,75,30,5326,99,1600,1702,0.45
2026-09-12T21:44:25Z,74,75,30,5281,99,1554,2425,0.45
2026-09-12T21:44:27Z,73,76,30,5326,99,1280,1702,0.45
2026-09-12T21:44:30Z,75,76,30,5326,99,1600,2424,0.66
2026-09-12T21:44:32Z,75,76,30,5281,100,1437,1702,0.66
2026-09-12T21:44:34Z,72,76,30,5326,100,1600,1702,0.60
2026-09-12T21:44:36Z,76,76,30,5281,99,1351,1702,0.60
2026-09-12T21:44:38Z,75,76,30,5281,99,1362,1702,0.55
2026-09-12T21:44:40Z,75,76,30,5281,100,1600,1702,0.55
2026-09-12T21:44:42Z,75,76,30,5281,100,1600,1702,0.55
2026-09-12T21:44:44Z,75,76,30,5311,100,1549,1702,0.51
2026-09-12T21:44:46Z,76,76,30,5281,100,1421,1702,0.51
2026-09-12T21:44:48Z,73,76,30,5281,100,1600,2426,0.63
2026-09-12T21:44:50Z,75,76,30,5311,100,1468,1702,0.63
2026-09-12T21:44:52Z,72,76,30,5311,100,1600,2424,0.63
2026-09-12T21:44:54Z,74,76,30,5326,99,1600,1400,0.66
2026-09-12T21:44:56Z,72,76,30,5281,100,1600,2425,0.66
2026-09-12T21:44:58Z,71,76,30,5281,100,1600,1400,0.61
2026-09-12T21:45:01Z,71,75,30,5281,100,1526,1702,0.61
2026-09-12T21:45:03Z,74,74,30,5281,100,1453,1702,0.61
2026-09-12T21:45:05Z,77,75,30,5281,100,1471,1702,0.56
2026-09-12T21:45:07Z,75,75,30,5281,99,1317,1702,0.56
2026-09-12T21:45:09Z,72,76,30,5281,99,1600,1702,0.51
2026-09-12T21:45:11Z,75,76,30,5281,99,1523,2424,0.51
2026-09-12T21:45:13Z,72,76,30,5281,100,1600,1702,0.47
2026-09-12T21:45:15Z,75,76,30,5281,100,1463,2424,0.47
2026-09-12T21:45:17Z,76,76,30,5281,100,1600,1702,0.47
2026-09-12T21:45:19Z,78,76,30,5311,100,1469,1702,0.43
2026-09-12T21:45:21Z,78,76,30,5281,100,1491,1702,0.43
2026-09-12T21:45:23Z,75,76,30,5281,100,1370,1702,0.64
2026-09-12T21:45:25Z,78,76,30,5311,99,1481,1702,0.64
2026-09-12T21:45:27Z,72,76,30,5311,100,1600,1702,0.64
2026-09-12T21:45:30Z,74,76,30,5326,99,1437,2424,0.83
2026-09-12T21:45:32Z,72,76,30,5281,99,1600,2424,0.83
2026-09-12T21:45:34Z,77,76,30,5281,100,1472,1399,0.76
2026-09-12T21:45:36Z,71,76,30,5281,100,1600,1949,0.76
2026-09-12T21:45:38Z,78,76,30,5311,100,1393,1702,0.78
2026-09-12T21:45:40Z,75,76,30,5281,99,1490,2349,0.78
2026-09-12T21:45:42Z,70,75,30,5281,99,1487,2108,0.78
2026-09-12T21:45:44Z,74,75,30,5326,100,1600,1702,0.72
2026-09-12T21:45:46Z,71,75,30,5281,100,1600,1702,0.72
2026-09-12T21:45:48Z,76,75,30,5326,99,1362,1702,0.66
2026-09-12T21:45:50Z,75,76,30,5281,100,1512,1399,0.66
2026-09-12T21:45:52Z,75,76,30,5281,99,1340,1702,0.66
2026-09-12T21:45:54Z,75,76,30,5281,100,1600,1702,0.61
2026-09-12T21:45:56Z,77,76,30,5281,100,1327,2424,0.61
2026-09-12T21:45:58Z,75,76,30,5281,99,1504,1399,0.56
2026-09-12T21:46:01Z,73,76,30,5281,100,1600,1702,0.56
2026-09-12T21:46:03Z,75,76,30,5281,99,1600,1702,0.56
2026-09-12T21:46:05Z,71,76,30,5326,100,1600,1702,0.51
2026-09-12T21:46:07Z,76,76,30,5311,100,1525,1702,0.51
2026-09-12T21:46:09Z,75,76,30,5281,100,1515,1399,0.47
2026-09-12T21:46:11Z,71,76,30,5281,99,1600,2424,0.47
2026-09-12T21:46:13Z,76,76,30,5281,99,1466,1702,0.43
2026-09-12T21:46:15Z,71,76,30,5281,100,1600,1666,0.43
2026-09-12T21:46:17Z,75,76,30,5311,99,1553,1702,0.43
2026-09-12T21:46:19Z,71,76,30,5281,99,1422,1702,0.40
2026-09-12T21:46:21Z,71,76,30,5281,100,1600,2424,0.40
2026-09-12T21:46:23Z,70,76,30,5281,100,1510,1702,0.45
2026-09-12T21:46:25Z,75,75,30,5281,99,1410,1702,0.45
2026-09-12T21:46:27Z,75,75,30,5281,100,1600,1702,0.45
2026-09-12T21:46:30Z,74,76,30,5281,99,1546,1702,0.41
2026-09-12T21:46:32Z,75,76,30,5281,100,1519,1702,0.41
2026-09-12T21:46:34Z,72,76,30,5311,99,1600,1702,0.46
2026-09-12T21:46:36Z,75,76,30,5281,99,1600,1399,0.46
2026-09-12T21:46:38Z,75,76,30,5281,99,1318,2424,0.58
2026-09-12T21:46:40Z,76,76,30,5326,99,1377,1702,0.58
2026-09-12T21:46:42Z,75,76,30,5281,100,1600,2424,0.58
2026-09-12T21:46:44Z,76,76,30,5281,99,1600,1702,0.54
2026-09-12T21:46:46Z,75,76,30,5281,99,1600,2427,0.54
2026-09-12T21:46:48Z,76,76,30,5281,99,1373,1702,0.49
2026-09-12T21:46:50Z,71,76,30,5326,99,1314,1702,0.49
2026-09-12T21:46:52Z,76,76,30,5281,99,1600,2424,0.49
2026-09-12T21:46:54Z,77,76,30,5281,100,1398,1702,0.45
2026-09-12T21:46:56Z,75,76,30,5311,99,1431,2424,0.45
2026-09-12T21:46:58Z,78,76,30,5281,100,1476,1702,0.42
2026-09-12T21:47:01Z,77,76,30,5326,99,1376,1702,0.42
2026-09-12T21:47:03Z,73,76,30,5326,100,200,2424,0.42
2026-09-12T21:47:05Z,74,75,30,5281,0,1504,1702,0.38
2026-09-12T21:47:07Z,72,75,30,5281,100,1600,1702,0.38
2026-09-12T21:47:09Z,71,75,30,5281,99,1474,1702,0.35
2026-09-12T21:47:11Z,75,76,30,5281,99,1476,1400,0.35
2026-09-12T21:47:13Z,75,76,30,5311,99,1462,1702,0.40
2026-09-12T21:47:15Z,71,76,30,5281,99,1600,1702,0.40
2026-09-12T21:47:17Z,76,76,30,5281,100,1422,1702,0.40
2026-09-12T21:47:19Z,75,76,30,5281,100,1349,1702,0.37
2026-09-12T21:47:21Z,75,76,30,5281,99,1546,1702,0.37
2026-09-12T21:47:23Z,76,76,30,5281,99,1600,2424,0.42
2026-09-12T21:47:25Z,75,76,30,5281,100,1600,1702,0.42
2026-09-12T21:47:27Z,73,76,30,5326,100,1600,2357,0.42
2026-09-12T21:47:30Z,75,76,30,5311,99,1530,1702,0.47
2026-09-12T21:47:32Z,75,76,30,5326,100,1474,1702,0.47
2026-09-12T21:47:34Z,73,76,30,5281,99,1600,2424,0.51
2026-09-12T21:47:36Z,76,76,30,5281,100,1349,1400,0.51
2026-09-12T21:47:38Z,76,76,30,5281,99,1468,2424,0.63
2026-09-12T21:47:40Z,78,76,30,5281,100,1429,1702,0.63
2026-09-12T21:47:42Z,76,76,30,5281,100,1600,1702,0.63
2026-09-12T21:47:44Z,73,76,30,5281,0,1515,1400,0.58
2026-09-12T21:47:46Z,73,75,30,5311,100,1516,1702,0.58
2026-09-12T21:47:48Z,75,75,30,5311,100,1362,1702,0.53
2026-09-12T21:47:50Z,74,75,30,5311,99,1343,1702,0.53
2026-09-12T21:47:52Z,75,75,30,5281,99,1600,1804,0.53
2026-09-12T21:47:54Z,75,76,30,5281,100,1600,2419,0.49
2026-09-12T21:47:56Z,72,76,30,5281,100,1389,1702,0.49
2026-09-12T21:47:59Z,75,76,30,5326,100,1600,1702,0.45
2026-09-12T21:48:01Z,76,76,30,5281,100,1366,1702,0.45
2026-09-12T21:48:03Z,75,76,30,5281,99,1571,1451,0.45
2026-09-12T21:48:05Z,74,76,30,5326,100,1600,1702,0.41
2026-09-12T21:48:07Z,75,76,30,5281,99,1600,1702,0.41
2026-09-12T21:48:09Z,75,76,30,5326,100,1600,2425,0.38
2026-09-12T21:48:11Z,76,76,30,5281,100,1470,1400,0.38
2026-09-12T21:48:13Z,71,76,30,5281,100,1600,1702,0.35
2026-09-12T21:48:15Z,75,76,30,5281,100,1523,1702,0.35
2026-09-12T21:48:17Z,75,76,30,5281,99,1289,1819,0.35
2026-09-12T21:48:19Z,76,76,30,5311,99,1283,2424,0.32
2026-09-12T21:48:21Z,74,76,30,5311,99,1310,1702,0.32
2026-09-12T21:48:23Z,72,76,30,5281,99,1308,1702,0.30
2026-09-12T21:48:25Z,73,76,30,5311,100,1468,2424,0.30
2026-09-12T21:48:27Z,64,75,30,5281,0,200,2424,0.30
2026-09-12T21:48:29Z,75,75,30,5326,99,1600,2425,0.27
2026-09-12T21:48:32Z,75,75,30,5281,100,1600,1702,0.27
2026-09-12T21:48:34Z,77,76,30,5281,99,1443,1702,0.25
2026-09-12T21:48:36Z,76,76,30,5281,100,1347,1702,0.25
2026-09-12T21:48:38Z,75,76,30,5281,100,1600,1702,0.31
2026-09-12T21:48:40Z,78,76,30,5281,100,1389,1702,0.31
2026-09-12T21:48:42Z,75,76,30,5281,100,1600,1787,0.31
2026-09-12T21:48:44Z,72,76,30,5281,99,1339,1702,0.29
2026-09-12T21:48:46Z,78,76,30,5281,100,1463,1702,0.29
2026-09-12T21:48:48Z,76,76,30,5326,99,1471,1400,0.26
2026-09-12T21:48:50Z,75,76,30,5281,100,1422,2426,0.26
2026-09-12T21:48:52Z,72,76,30,5281,100,1600,2424,0.26
2026-09-12T21:48:54Z,75,76,30,5281,100,1538,1702,0.24
2026-09-12T21:48:56Z,75,76,30,5281,99,1323,1702,0.24
2026-09-12T21:48:58Z,75,76,30,5311,100,1486,1702,0.22
2026-09-12T21:49:01Z,74,76,30,5281,100,1600,1702,0.22
2026-09-12T21:49:03Z,75,76,30,5281,100,1600,2396,0.22
2026-09-12T21:49:05Z,71,76,30,5281,99,1421,1702,0.20
2026-09-12T21:49:07Z,72,76,30,5281,99,200,1400,0.20
2026-09-12T21:49:09Z,68,75,30,5281,100,1040,2426,0.51
2026-09-12T21:49:11Z,74,75,30,5311,100,1352,1702,0.51
2026-09-12T21:49:13Z,75,75,30,5281,100,1600,2353,0.47
2026-09-12T21:49:15Z,75,76,30,5281,99,1447,1400,0.47
2026-09-12T21:49:17Z,75,76,30,5281,100,1414,2425,0.47
2026-09-12T21:49:19Z,76,76,30,5281,100,1536,1702,0.43
2026-09-12T21:49:21Z,77,76,30,5311,100,1480,1702,0.43
2026-09-12T21:49:23Z,75,76,30,5281,100,1451,1702,0.39
2026-09-12T21:49:25Z,75,76,30,5281,99,1351,1702,0.39
2026-09-12T21:49:27Z,75,76,30,5311,100,1363,1702,0.39
2026-09-12T21:49:30Z,75,76,30,5311,100,1344,1400,0.36
2026-09-12T21:49:32Z,77,76,30,5281,100,1306,2424,0.36
2026-09-12T21:49:34Z,75,76,30,5281,100,1600,1702,0.33
2026-09-12T21:49:36Z,76,76,30,5311,100,1600,2424,0.33
2026-09-12T21:49:38Z,72,76,30,5281,99,1600,1702,0.63
2026-09-12T21:49:40Z,75,76,30,5281,100,1514,1702,0.63
2026-09-12T21:49:42Z,72,76,30,5281,100,1445,2424,0.63
2026-09-12T21:49:44Z,76,76,30,5311,100,1383,1702,0.58
2026-09-12T21:49:46Z,75,76,30,5281,100,1600,2424,0.58
2026-09-12T21:49:48Z,73,76,30,5326,15,1495,1399,0.85
2026-09-12T21:49:50Z,70,75,30,5326,99,1473,2424,0.85
2026-09-12T21:49:52Z,75,75,30,5326,100,1600,1702,0.85
2026-09-12T21:49:54Z,75,75,30,5281,99,1600,1702,0.78
2026-09-12T21:49:56Z,77,76,30,5281,99,1397,1702,0.78
2026-09-12T21:49:58Z,74,76,30,5281,99,1292,2425,0.72
2026-09-12T21:50:01Z,74,76,30,5311,99,1532,1702,0.72
2026-09-12T21:50:03Z,76,76,30,5281,100,1353,1702,0.72
2026-09-12T21:50:05Z,75,76,30,5311,100,1537,1702,0.74
2026-09-12T21:50:07Z,74,76,30,5311,99,1600,1702,0.74
2026-09-12T21:50:09Z,72,76,30,5281,100,1600,1702,0.76
2026-09-12T21:50:11Z,72,76,30,5281,100,1521,1702,0.76
2026-09-12T21:50:13Z,72,76,30,5281,99,1600,1702,0.70
2026-09-12T21:50:15Z,76,76,30,5281,99,1600,2425,0.70
2026-09-12T21:50:17Z,75,76,30,5311,100,1422,2424,0.70
2026-09-12T21:50:19Z,76,76,30,5281,99,1600,2369,0.65
2026-09-12T21:50:21Z,71,76,30,5281,100,1600,1702,0.65
2026-09-12T21:50:23Z,71,76,30,5281,100,1600,1702,0.67
2026-09-12T21:50:25Z,71,76,30,5281,99,1309,1702,0.67
2026-09-12T21:50:27Z,76,76,30,5281,99,1465,1399,0.67
2026-09-12T21:50:30Z,69,75,30,5326,100,1486,2263,0.70
2026-09-12T21:50:32Z,63,74,30,5326,0,200,2425,0.70
2026-09-12T21:50:34Z,60,73,30,5311,0,200,2424,0.97
2026-09-12T21:50:36Z,59,71,30,5311,0,200,2425,0.97
2026-09-12T21:50:38Z,57,69,30,5281,0,200,2425,0.97
2026-09-12T21:50:40Z,56,67,30,5311,0,200,2424,0.97
2026-09-12T21:50:42Z,56,65,30,4746,0,200,2424,0.97
2026-09-12T21:50:44Z,54,64,30,4464,0,200,2424,0.97
2026-09-12T21:50:46Z,54,62,30,4280,0,200,2426,0.97
2026-09-12T21:50:48Z,66,61,30,3662,100,1340,2424,0.97
2026-09-12T21:50:50Z,69,66,30,3088,99,1383,1702,0.97
2026-09-12T21:50:52Z,70,69,30,3194,99,1373,1702,0.97
2026-09-12T21:50:54Z,71,70,30,3348,100,1370,2424,0.90
2026-09-12T21:50:56Z,72,71,30,3605,99,1379,1702,0.90
2026-09-12T21:50:58Z,72,72,30,3810,99,1385,1702,0.82
2026-09-12T21:51:00Z,74,73,30,4058,100,1380,1702,0.82
2026-09-12T21:51:02Z,75,74,30,4185,100,1310,2424,0.82
2026-09-12T21:51:05Z,74,74,30,4411,100,1600,1702,0.84
2026-09-12T21:51:07Z,75,75,30,4711,99,1584,1702,0.84
2026-09-12T21:51:09Z,74,75,30,4770,100,1364,2424,0.77
2026-09-12T21:51:11Z,75,75,30,5000,100,1371,1702,0.77
2026-09-12T21:51:13Z,75,75,30,5136,100,1339,1399,0.77
2026-09-12T21:51:15Z,77,75,30,5208,100,1371,1702,0.79
2026-09-12T21:51:17Z,75,76,30,5208,99,1504,2424,0.79
2026-09-12T21:51:19Z,76,76,30,5208,100,1369,1399,0.81
2026-09-12T21:51:21Z,75,76,30,5208,99,1363,1702,0.81
2026-09-12T21:51:23Z,75,76,30,5208,99,1362,1702,0.74
2026-09-12T21:51:25Z,74,76,30,5208,100,1340,2425,0.74
2026-09-12T21:51:27Z,77,76,30,5208,99,1382,1702,0.74
2026-09-12T21:51:29Z,75,76,30,5208,100,1600,1702,0.68
2026-09-12T21:51:31Z,75,76,30,5252,99,1337,2424,0.68
2026-09-12T21:51:33Z,75,76,30,5208,100,1542,1702,0.71
2026-09-12T21:51:36Z,75,76,30,5208,100,1435,1702,0.71
2026-09-12T21:51:38Z,72,76,30,5208,99,1537,1702,0.71
2026-09-12T21:51:40Z,75,76,30,5208,100,1341,2424,0.65
2026-09-12T21:51:42Z,75,76,30,5237,99,1370,1702,0.65
2026-09-12T21:51:44Z,72,76,30,5208,100,1359,1702,0.60
2026-09-12T21:51:46Z,75,76,30,5208,100,1367,1702,0.60
2026-09-12T21:51:48Z,75,76,30,5252,100,1471,2425,0.63
2026-09-12T21:51:50Z,73,75,30,5237,61,1518,1582,0.63
2026-09-12T21:51:52Z,68,75,30,5237,100,1040,2425,0.63
2026-09-12T21:51:54Z,75,74,30,5208,99,1600,1702,0.58
2026-09-12T21:51:56Z,71,75,30,5208,100,1599,1702,0.58
2026-09-12T21:51:58Z,75,75,30,5252,99,1360,1702,0.53
2026-09-12T21:52:00Z,76,76,30,5208,100,1600,1702,0.53
2026-09-12T21:52:02Z,75,76,30,5237,100,1600,1702,0.53
2026-09-12T21:52:05Z,76,76,30,5252,99,1600,1702,0.49
2026-09-12T21:52:07Z,75,76,30,5237,100,1385,2424,0.49
2026-09-12T21:52:09Z,76,76,30,5237,100,1379,1702,0.45
2026-09-12T21:52:11Z,77,76,30,5237,99,1392,1702,0.45
2026-09-12T21:52:13Z,75,76,30,5252,100,1381,1702,0.45
2026-09-12T21:52:15Z,77,76,30,5208,99,1360,1702,0.57
2026-09-12T21:52:17Z,74,76,30,5252,100,1343,1399,0.57
2026-09-12T21:52:19Z,75,76,30,5252,100,1600,1702,0.53
2026-09-12T21:52:21Z,75,76,30,5208,99,1332,2424,0.53
2026-09-12T21:52:23Z,76,76,30,5252,100,1377,1702,0.49
2026-09-12T21:52:25Z,76,76,30,5237,99,1373,1702,0.49
2026-09-12T21:52:27Z,76,76,30,5208,100,1600,1702,0.49
2026-09-12T21:52:29Z,76,76,30,5237,100,1345,2424,0.53
2026-09-12T21:52:31Z,72,76,30,5237,99,1600,1702,0.53
2026-09-12T21:52:34Z,76,76,30,5237,99,1379,1702,0.48
2026-09-12T21:52:36Z,76,76,30,5252,99,1372,1400,0.48
2026-09-12T21:52:38Z,76,76,30,5252,100,1600,1702,0.48
2026-09-12T21:52:40Z,75,76,30,5252,100,1374,1702,0.45
2026-09-12T21:52:42Z,74,76,30,5252,100,1600,2424,0.45
2026-09-12T21:52:44Z,75,76,30,5252,99,1331,2424,0.41
2026-09-12T21:52:46Z,75,76,30,5208,100,1376,1702,0.41
2026-09-12T21:52:48Z,73,76,30,5237,100,1600,2424,0.38
2026-09-12T21:52:50Z,77,76,30,5208,100,1377,1702,0.38
2026-09-12T21:52:52Z,75,76,30,5237,99,1355,2424,0.38
2026-09-12T21:52:54Z,74,76,30,5237,1,1530,1702,0.43
2026-09-12T21:52:56Z,68,75,30,5252,0,200,2424,0.43
2026-09-12T21:52:58Z,75,75,30,5237,99,1342,1399,0.39
2026-09-12T21:53:00Z,77,76,30,5237,100,1379,1702,0.39
2026-09-12T21:53:02Z,76,76,30,5237,100,1384,1702,0.39
2026-09-12T21:53:05Z,76,76,30,5252,100,1345,1702,0.44
2026-09-12T21:53:07Z,76,76,30,5237,100,1368,1702,0.44
2026-09-12T21:53:09Z,77,76,30,5252,100,1357,1702,0.41
2026-09-12T21:53:11Z,71,76,30,5252,99,1600,2424,0.41
2026-09-12T21:53:13Z,75,76,30,5237,99,1377,1702,0.41
2026-09-12T21:53:15Z,76,76,30,5237,99,1395,1702,0.45
2026-09-12T21:53:17Z,76,76,30,5252,99,1396,1702,0.45
2026-09-12T21:53:19Z,76,76,30,5237,100,1360,1702,0.50
2026-09-12T21:53:21Z,77,76,30,5237,99,1381,1702,0.50
2026-09-12T21:53:23Z,77,76,30,5237,99,1379,1702,0.46
2026-09-12T21:53:25Z,74,76,30,5237,99,1331,2424,0.46
2026-09-12T21:53:27Z,76,76,30,5237,100,1390,1702,0.46
2026-09-12T21:53:29Z,76,76,30,5252,100,1376,1702,0.42
2026-09-12T21:53:31Z,78,76,30,5252,99,1380,1399,0.42
2026-09-12T21:53:34Z,75,76,30,5208,100,1600,2424,0.47
2026-09-12T21:53:36Z,76,76,30,5237,99,1375,1702,0.47
2026-09-12T21:53:38Z,72,76,30,5237,100,1600,1573,0.47
2026-09-12T21:53:40Z,76,76,30,5237,100,1377,1702,0.43
2026-09-12T21:53:42Z,76,76,30,5252,99,1378,1702,0.43
2026-09-12T21:53:44Z,75,76,30,5252,100,1391,1399,0.39
2026-09-12T21:53:46Z,76,76,30,5252,100,1385,1702,0.39
2026-09-12T21:53:48Z,76,76,30,5281,100,1600,2424,0.44
2026-09-12T21:53:50Z,71,76,30,5237,100,1476,1399,0.44
2026-09-12T21:53:52Z,76,76,30,5237,100,1373,1702,0.44
2026-09-12T21:53:54Z,76,76,30,5252,99,1600,1702,0.41
2026-09-12T21:53:56Z,75,76,30,5252,100,1366,1702,0.41
2026-09-12T21:53:58Z,74,76,30,5281,99,1449,1702,0.38
2026-09-12T21:54:00Z,70,75,30,5252,100,1497,1702,0.38
2026-09-12T21:54:03Z,76,75,30,5237,99,1394,1702,0.38
2026-09-12T21:54:05Z,76,76,30,5252,100,1387,1702,0.35
2026-09-12T21:54:07Z,75,76,30,5252,99,1600,1702,0.35
2026-09-12T21:54:09Z,76,76,30,5252,99,1434,1702,0.40
2026-09-12T21:54:11Z,75,76,30,5237,99,1381,1702,0.40
2026-09-12T21:54:13Z,76,76,30,5237,99,1380,1702,0.37
2026-09-12T21:54:15Z,75,76,30,5237,99,1345,2424,0.37
2026-09-12T21:54:17Z,78,76,30,5237,100,1358,1400,0.37
2026-09-12T21:54:19Z,78,76,30,5237,100,1372,1702,0.34
2026-09-12T21:54:21Z,74,76,30,5252,99,1321,1702,0.34
2026-09-12T21:54:23Z,75,76,30,5252,99,1334,2426,0.39
2026-09-12T21:54:25Z,75,76,30,5237,99,1371,1702,0.39
2026-09-12T21:54:27Z,76,76,30,5252,99,1365,1702,0.39
2026-09-12T21:54:29Z,77,76,30,5237,99,1363,1702,0.36
2026-09-12T21:54:32Z,77,76,30,5237,99,1353,1702,0.36
2026-09-12T21:54:34Z,76,76,30,5237,99,1600,1702,0.33
2026-09-12T21:54:36Z,76,76,30,5237,100,1389,1702,0.33
2026-09-12T21:54:38Z,76,76,30,5237,100,1362,2426,0.33
2026-09-12T21:54:40Z,76,76,30,5252,100,1600,1702,0.38
2026-09-12T21:54:42Z,76,76,30,5252,99,1373,1702,0.38
2026-09-12T21:54:44Z,77,76,30,5252,99,1373,1702,0.35
2026-09-12T21:54:46Z,76,76,30,5237,100,1385,2425,0.35
2026-09-12T21:54:48Z,72,76,30,5237,99,1330,1702,0.32
2026-09-12T21:54:50Z,75,76,30,5237,99,1374,1702,0.32
2026-09-12T21:54:52Z,75,76,30,5237,100,1354,1702,0.32
2026-09-12T21:54:54Z,70,76,30,5252,99,1324,2424,0.38
2026-09-12T21:54:56Z,77,76,30,5252,100,1370,1702,0.38
2026-09-12T21:54:58Z,75,76,30,5237,99,1380,1702,0.35
2026-09-12T21:55:01Z,78,76,30,5237,99,1376,1702,0.35
2026-09-12T21:55:03Z,75,76,30,5252,100,1362,1702,0.35
2026-09-12T21:55:05Z,74,76,30,5252,0,1513,1702,0.32
2026-09-12T21:55:07Z,76,75,30,5252,99,1373,1702,0.32
2026-09-12T21:55:09Z,76,75,30,5252,99,1378,1702,0.29
2026-09-12T21:55:11Z,76,76,30,5237,99,1444,1702,0.29
2026-09-12T21:55:13Z,75,76,30,5237,99,1333,2424,0.35
2026-09-12T21:55:15Z,76,76,30,5237,99,1373,1702,0.35
2026-09-12T21:55:17Z,77,76,30,5237,100,1377,1702,0.35
2026-09-12T21:55:19Z,78,76,30,5252,100,1374,1702,0.32
2026-09-12T21:55:21Z,73,76,30,5237,100,1600,1702,0.32
2026-09-12T21:55:23Z,76,76,30,5252,100,1516,1702,0.30
2026-09-12T21:55:25Z,76,76,30,5252,100,1600,1702,0.30
2026-09-12T21:55:27Z,75,76,30,5237,100,1369,2424,0.30
2026-09-12T21:55:30Z,76,76,30,5252,100,1377,1702,0.35
2026-09-12T21:55:32Z,76,76,30,5281,99,1368,1399,0.35
2026-09-12T21:55:34Z,76,76,30,5237,99,1371,1702,0.32
2026-09-12T21:55:36Z,75,76,30,5252,100,1600,1702,0.32
2026-09-12T21:55:38Z,76,76,30,5252,100,1464,1702,0.32
2026-09-12T21:55:40Z,76,76,30,5357,99,1377,1702,0.38
2026-09-12T21:55:42Z,76,76,30,5357,100,1333,2402,0.38
2026-09-12T21:55:44Z,76,76,30,5357,99,1405,1702,0.43
2026-09-12T21:55:46Z,76,76,30,5387,99,1370,1702,0.43
2026-09-12T21:55:48Z,72,76,30,5387,99,1484,1702,0.39
2026-09-12T21:55:50Z,75,76,30,5403,99,1337,2424,0.39
2026-09-12T21:55:52Z,72,76,30,5403,99,1533,1702,0.39
2026-09-12T21:55:54Z,76,76,30,5387,100,1348,1702,0.36
2026-09-12T21:55:56Z,77,76,30,5403,100,1364,1702,0.36
2026-09-12T21:55:59Z,75,76,30,5357,99,1339,2424,0.41
2026-09-12T21:56:01Z,75,76,30,5357,99,1371,1702,0.41
2026-09-12T21:56:03Z,78,76,30,5357,100,1360,1400,0.41
2026-09-12T21:56:05Z,75,76,30,5387,100,1423,1702,0.38
2026-09-12T21:56:07Z,75,76,30,5357,100,1599,2425,0.38
2026-09-12T21:56:09Z,69,75,30,5403,100,1477,1702,0.43
2026-09-12T21:56:11Z,67,75,30,5403,99,1040,2424,0.43
2026-09-12T21:56:13Z,72,74,30,5403,99,1600,1702,0.39
2026-09-12T21:56:15Z,71,75,30,5387,99,1600,1702,0.39
2026-09-12T21:56:17Z,75,75,30,5387,99,1355,1702,0.39
2026-09-12T21:56:19Z,75,75,30,5387,99,1600,1702,0.44
2026-09-12T21:56:21Z,76,76,30,5357,100,1597,1702,0.44
2026-09-12T21:56:23Z,75,76,30,5357,99,1600,1702,0.41
2026-09-12T21:56:25Z,74,76,30,5357,99,1333,2425,0.41
2026-09-12T21:56:28Z,75,76,30,5357,99,1359,1702,0.41
2026-09-12T21:56:30Z,75,76,30,5387,100,1373,1702,0.38
2026-09-12T21:56:32Z,75,76,30,5357,100,1382,1702,0.38
2026-09-12T21:56:34Z,75,76,30,5403,100,1373,1702,0.43
2026-09-12T21:56:36Z,75,76,30,5357,100,1353,1702,0.43
2026-09-12T21:56:38Z,76,76,30,5387,100,1353,1702,0.47
2026-09-12T21:56:40Z,75,76,30,5403,99,1600,2425,0.47
2026-09-12T21:56:42Z,76,76,30,5403,100,1377,1702,0.47
2026-09-12T21:56:44Z,75,76,30,5387,99,1374,1702,0.43
2026-09-12T21:56:46Z,72,76,30,5403,99,1329,1702,0.43
2026-09-12T21:56:48Z,74,76,30,5403,99,1409,2426,0.48
2026-09-12T21:56:50Z,78,76,30,5403,99,1376,1702,0.48
2026-09-12T21:56:52Z,75,76,30,5357,100,1600,1702,0.48
2026-09-12T21:56:54Z,76,76,30,5357,100,1361,1702,0.44
2026-09-12T21:56:57Z,71,76,30,5387,100,1318,1702,0.44
2026-09-12T21:56:59Z,75,76,30,5403,99,1364,1702,0.49
2026-09-12T21:57:01Z,72,76,30,5357,99,1600,2424,0.49
2026-09-12T21:57:03Z,75,76,30,5403,100,1385,2424,0.49
2026-09-12T21:57:05Z,75,76,30,5387,100,1454,1702,0.53
2026-09-12T21:57:07Z,72,76,30,5357,100,1600,2424,0.53
2026-09-12T21:57:09Z,75,76,30,5387,100,1373,1702,0.48
2026-09-12T21:57:11Z,75,76,30,5357,100,1362,2424,0.48
2026-09-12T21:57:13Z,74,76,30,5387,15,1464,1399,0.45
2026-09-12T21:57:15Z,70,75,30,5387,0,200,2425,0.45
2026-09-12T21:57:17Z,75,74,30,5387,99,1369,1399,0.45
2026-09-12T21:57:19Z,75,75,30,5387,100,1377,1702,0.41
2026-09-12T21:57:21Z,75,75,30,5357,99,1384,1702,0.41
2026-09-12T21:57:23Z,76,76,30,5403,99,1372,1702,0.38
2026-09-12T21:57:25Z,75,76,30,5357,100,1377,1702,0.38
2026-09-12T21:57:28Z,75,76,30,5357,100,1359,1702,0.38
2026-09-12T21:57:30Z,77,76,30,5357,100,1325,2425,0.35
2026-09-12T21:57:32Z,75,76,30,5387,100,1600,1702,0.35
2026-09-12T21:57:34Z,76,76,30,5357,99,1557,1702,0.32
2026-09-12T21:57:36Z,74,76,30,5387,99,1600,1702,0.32
2026-09-12T21:57:38Z,75,76,30,5403,100,1388,1702,0.37
2026-09-12T21:57:40Z,75,76,30,5357,99,1390,1702,0.37
2026-09-12T21:57:42Z,75,76,30,5357,99,1375,1702,0.37
2026-09-12T21:57:44Z,75,76,30,5403,99,1322,2424,0.34
2026-09-12T21:57:46Z,76,76,30,5403,99,1416,1702,0.34
2026-09-12T21:57:48Z,75,76,30,5357,100,1403,1702,0.31
2026-09-12T21:57:50Z,76,76,30,5357,99,1379,1702,0.31
2026-09-12T21:57:52Z,73,76,30,5357,99,1600,2425,0.31
2026-09-12T21:57:54Z,75,76,30,5403,99,1397,1399,0.29
2026-09-12T21:57:57Z,72,76,30,5387,100,1600,1702,0.29
2026-09-12T21:57:59Z,75,76,30,5387,100,1361,1702,0.27
2026-09-12T21:58:01Z,76,76,30,5357,100,1368,1702,0.27
2026-09-12T21:58:03Z,75,76,30,5387,99,1377,1702,0.27
2026-09-12T21:58:05Z,76,76,30,5357,99,1377,1702,0.24
2026-09-12T21:58:07Z,75,76,30,5387,100,1600,2425,0.24
2026-09-12T21:58:09Z,70,76,30,5387,100,1600,1702,0.31
2026-09-12T21:58:11Z,76,76,30,5403,99,1413,1702,0.31
2026-09-12T21:58:13Z,76,76,30,5403,99,1600,1702,0.28
2026-09-12T21:58:15Z,75,76,30,5357,100,1365,1702,0.28
2026-09-12T21:58:17Z,74,75,30,5357,99,1441,1841,0.28
2026-09-12T21:58:19Z,75,75,30,5403,99,1434,1702,0.34
2026-09-12T21:58:21Z,75,75,30,5357,100,1379,1399,0.34
2026-09-12T21:58:24Z,75,75,30,5357,100,1447,1399,0.31
2026-09-12T21:58:26Z,72,76,30,5357,100,1600,1702,0.31
2026-09-12T21:58:28Z,75,76,30,5403,99,1373,1702,0.31
2026-09-12T21:58:30Z,75,76,30,5403,100,1384,1702,0.29
2026-09-12T21:58:32Z,75,76,30,5357,100,1437,1702,0.29
2026-09-12T21:58:34Z,75,76,30,5387,100,1376,2424,0.26
2026-09-12T21:58:36Z,76,76,30,5357,99,1372,1702,0.26
2026-09-12T21:58:38Z,77,76,30,5403,100,1383,1702,0.24
2026-09-12T21:58:40Z,78,76,30,5357,99,1380,1702,0.24
2026-09-12T21:58:42Z,75,76,30,5403,99,1426,2424,0.24
2026-09-12T21:58:44Z,75,76,30,5403,100,1379,1702,0.22
2026-09-12T21:58:46Z,76,76,30,5357,99,1432,1702,0.22
2026-09-12T21:58:48Z,75,76,30,5357,100,1365,1702,0.20
2026-09-12T21:58:50Z,76,76,30,5357,100,1376,1702,0.20
2026-09-12T21:58:53Z,74,76,30,5357,100,1599,1400,0.20
2026-09-12T21:58:55Z,75,76,30,5387,100,1600,1702,0.19
2026-09-12T21:58:57Z,75,76,30,5357,99,1349,2424,0.19
2026-09-12T21:58:59Z,75,76,30,5387,99,1339,1399,0.17
2026-09-12T21:59:01Z,75,76,30,5403,99,1353,1702,0.17
2026-09-12T21:59:03Z,75,76,30,5357,100,1365,1702,0.17
2026-09-12T21:59:05Z,75,76,30,5403,100,1600,2424,0.16
2026-09-12T21:59:07Z,77,76,30,5357,100,1378,1702,0.16
2026-09-12T21:59:09Z,75,76,30,5387,99,1600,1399,0.14
2026-09-12T21:59:11Z,75,76,30,5387,99,1404,1702,0.14
2026-09-12T21:59:13Z,73,76,30,5357,99,1136,2425,0.21
2026-09-12T21:59:15Z,75,76,30,5403,100,1600,1399,0.21
2026-09-12T21:59:17Z,75,76,30,5357,100,1372,1702,0.21
2026-09-12T21:59:19Z,74,76,30,5387,100,1600,1400,0.20
2026-09-12T21:59:22Z,70,76,30,5357,99,1419,1976,0.20
2026-09-12T21:59:24Z,72,75,30,5387,99,1509,1702,0.18
2026-09-12T21:59:26Z,76,74,30,5357,99,1374,1702,0.18
2026-09-12T21:59:28Z,76,75,30,5387,100,1391,1702,0.18
2026-09-12T21:59:30Z,76,75,30,5357,99,1374,1702,0.17
2026-09-12T21:59:32Z,76,76,30,5387,99,1316,2425,0.17
2026-09-12T21:59:34Z,72,76,30,5403,100,1600,1702,0.15
2026-09-12T21:59:36Z,71,76,30,5357,100,1591,1702,0.15
2026-09-12T21:59:38Z,72,76,30,5357,100,1600,2397,0.22
2026-09-12T21:59:40Z,76,76,30,5357,99,1419,1702,0.22
2026-09-12T21:59:42Z,75,76,30,5357,100,1454,1702,0.22
2026-09-12T21:59:44Z,75,76,30,5387,100,1380,1702,0.20
2026-09-12T21:59:46Z,75,76,30,5387,100,1334,2424,0.20
2026-09-12T21:59:48Z,77,76,30,5357,100,1379,1702,0.19
2026-09-12T21:59:50Z,75,76,30,5357,100,1376,1702,0.19
2026-09-12T21:59:53Z,71,76,30,5357,99,1597,1702,0.19
2026-09-12T21:59:55Z,74,76,30,5387,100,1402,1702,0.25
2026-09-12T21:59:57Z,76,76,30,5357,99,1429,1702,0.25
2026-09-12T21:59:59Z,75,76,30,5357,99,1374,1702,0.23
2026-09-12T22:00:01Z,73,76,30,5357,99,1600,2424,0.23
2026-09-12T22:00:03Z,75,76,30,5387,99,1375,1399,0.23
2026-09-12T22:00:05Z,75,76,30,5387,100,1352,1702,0.21
2026-09-12T22:00:07Z,75,76,30,5357,99,1600,1400,0.21
2026-09-12T22:00:09Z,75,76,30,5387,99,1338,2424,0.19
2026-09-12T22:00:11Z,75,76,30,5403,99,1600,1702,0.19
2026-09-12T22:00:13Z,76,76,30,5357,100,1418,1702,0.18
2026-09-12T22:00:15Z,72,76,30,5403,100,1600,2424,0.18
2026-09-12T22:00:17Z,77,76,30,5357,99,1338,2425,0.18
2026-09-12T22:00:19Z,76,76,30,5357,100,1379,1702,0.16
2026-09-12T22:00:22Z,71,76,30,5357,100,1600,2425,0.16
2026-09-12T22:00:24Z,77,76,30,5387,100,1376,1702,0.15
2026-09-12T22:00:26Z,76,76,30,5387,100,1331,2424,0.15
2026-09-12T22:00:28Z,70,75,30,5357,100,1494,1415,0.15
2026-09-12T22:00:30Z,75,75,30,5357,99,1381,1399,0.22
2026-09-12T22:00:32Z,75,75,30,5403,100,1600,1844,0.22
2026-09-12T22:00:34Z,75,75,30,5387,100,1600,1702,0.28
2026-09-12T22:00:36Z,75,76,30,5357,100,1309,2425,0.28
2026-09-12T22:00:38Z,75,76,30,5357,100,1369,1400,0.26
2026-09-12T22:00:40Z,75,76,30,5357,99,1482,1702,0.26
2026-09-12T22:00:42Z,75,76,30,5357,100,1426,1702,0.26
2026-09-12T22:00:44Z,76,76,30,5357,99,1390,1702,0.32
2026-09-12T22:00:46Z,75,76,30,5403,100,1377,1702,0.32
2026-09-12T22:00:48Z,75,76,30,5357,99,1377,1702,0.29
2026-09-12T22:00:51Z,75,76,30,5403,99,1331,2424,0.29
2026-09-12T22:00:53Z,76,76,30,5357,100,1600,1702,0.29
2026-09-12T22:00:55Z,75,76,30,5357,99,1380,1702,0.27
2026-09-12T22:00:57Z,75,76,30,5357,100,1373,1702,0.27
2026-09-12T22:00:59Z,76,76,30,5357,99,1335,2425,0.33
2026-09-12T22:01:01Z,72,76,30,5403,100,1600,1399,0.33
2026-09-12T22:01:03Z,75,76,30,5387,99,1600,1702,0.33
2026-09-12T22:01:05Z,75,76,30,5357,100,1354,1702,0.30
2026-09-12T22:01:07Z,78,76,30,5403,99,1362,1702,0.30
2026-09-12T22:01:09Z,75,76,30,5403,99,1600,1702,0.36
2026-09-12T22:01:11Z,75,76,30,5387,99,1377,1702,0.36
2026-09-12T22:01:13Z,76,76,30,5357,99,1316,2424,0.41
2026-09-12T22:01:15Z,75,76,30,5357,100,1384,1702,0.41
2026-09-12T22:01:17Z,72,76,30,5387,100,1381,1702,0.41
2026-09-12T22:01:19Z,75,76,30,5387,100,1572,1702,0.38
2026-09-12T22:01:22Z,76,76,30,5357,100,1288,2424,0.38
2026-09-12T22:01:24Z,77,76,30,5357,100,1392,1702,0.35
2026-09-12T22:01:26Z,75,76,30,5403,99,1424,1400,0.35
2026-09-12T22:01:28Z,77,76,30,5357,100,1375,1399,0.35
2026-09-12T22:01:30Z,75,76,30,5357,100,1343,2425,0.32
2026-09-12T22:01:32Z,74,75,30,5357,99,1447,1702,0.32
2026-09-12T22:01:34Z,74,75,30,5357,100,1391,1702,0.29
2026-09-12T22:01:36Z,75,75,30,5357,99,1367,1399,0.29
2026-09-12T22:01:38Z,75,75,30,5357,100,1374,1702,0.27
2026-09-12T22:01:40Z,75,76,30,5387,99,1343,2424,0.27
2026-09-12T22:01:42Z,76,76,30,5357,99,1384,1702,0.27
2026-09-12T22:01:44Z,76,76,30,5403,99,1441,1702,0.33
2026-09-12T22:01:46Z,76,76,30,5387,100,1373,1702,0.33
2026-09-12T22:01:48Z,76,76,30,5403,99,1375,1702,0.46
2026-09-12T22:01:51Z,77,76,30,5357,99,1373,1400,0.46
2026-09-12T22:01:53Z,77,76,30,5357,100,1373,1399,0.46
2026-09-12T22:01:55Z,75,76,30,5387,99,1326,2425,0.42
2026-09-12T22:01:57Z,75,76,30,5357,99,1392,1702,0.42
2026-09-12T22:01:59Z,75,76,30,5357,99,1380,1702,0.39
2026-09-12T22:02:01Z,75,76,30,5357,100,1391,1409,0.39
2026-09-12T22:02:03Z,75,76,30,5357,99,1328,2424,0.60
2026-09-12T22:02:05Z,75,76,30,5387,99,1600,1702,0.60
2026-09-12T22:02:07Z,75,76,30,5387,99,1377,1702,0.60
2026-09-12T22:02:09Z,75,76,30,5403,100,1369,1702,0.55
2026-09-12T22:02:11Z,78,76,30,5403,100,1372,1702,0.55
2026-09-12T22:02:13Z,74,76,30,5357,100,1600,1702,0.51
2026-09-12T22:02:15Z,75,76,30,5357,99,1375,1399,0.51
2026-09-12T22:02:17Z,76,76,30,5403,99,1293,2425,0.51
2026-09-12T22:02:20Z,75,76,30,5403,99,1392,1702,0.55
2026-09-12T22:02:22Z,76,76,30,5357,99,1330,1702,0.55
2026-09-12T22:02:24Z,75,76,30,5357,99,1466,1702,0.50
2026-09-12T22:02:26Z,77,76,30,5357,100,1324,2425,0.50
2026-09-12T22:02:28Z,77,76,30,5357,99,1374,1411,0.50
2026-09-12T22:02:30Z,75,76,30,5403,99,1451,1702,0.46
2026-09-12T22:02:32Z,75,76,30,5403,99,1339,1702,0.46
2026-09-12T22:02:34Z,75,76,30,5357,99,1332,2424,0.42
2026-09-12T22:02:36Z,70,75,30,5357,99,1489,1702,0.42
2026-09-12T22:02:38Z,68,74,30,5357,100,1040,2424,0.39
2026-09-12T22:02:40Z,71,75,30,5387,100,1395,1702,0.39
2026-09-12T22:02:42Z,71,75,30,5357,100,1600,1702,0.39
2026-09-12T22:02:44Z,74,75,30,5403,99,1360,1702,0.36
2026-09-12T22:02:46Z,74,75,30,5403,99,1600,1399,0.36
2026-09-12T22:02:49Z,76,76,30,5357,100,1600,1803,0.33
2026-09-12T22:02:51Z,75,76,30,5403,99,1600,2182,0.33
2026-09-12T22:02:53Z,75,76,30,5357,100,1386,2426,0.33
2026-09-12T22:02:55Z,76,76,30,5357,99,1372,1702,0.30
2026-09-12T22:02:57Z,76,76,30,5403,99,1370,1702,0.30
2026-09-12T22:02:59Z,75,76,30,5357,100,1381,1399,0.28
2026-09-12T22:03:01Z,77,76,30,5357,99,1374,1702,0.28
2026-09-12T22:03:03Z,77,76,30,5403,100,1367,1702,0.34
2026-09-12T22:03:05Z,72,76,30,5357,100,1335,1702,0.34
2026-09-12T22:03:07Z,75,76,30,5357,99,1600,2425,0.34
2026-09-12T22:03:09Z,75,76,30,5387,100,1389,1702,0.31
2026-09-12T22:03:11Z,76,76,30,5357,100,1349,1702,0.31
2026-09-12T22:03:13Z,73,76,30,5387,99,1600,1702,0.28
2026-09-12T22:03:15Z,75,76,30,5357,100,1336,2425,0.28
2026-09-12T22:03:17Z,77,76,30,5357,99,1382,1399,0.28
2026-09-12T22:03:20Z,75,76,30,5403,100,1600,1702,0.26
2026-09-12T22:03:22Z,75,76,30,5387,99,1363,1702,0.26
2026-09-12T22:03:24Z,71,76,30,5403,100,1600,1400,0.32
2026-09-12T22:03:26Z,75,76,30,5387,99,1370,1409,0.32
2026-09-12T22:03:28Z,72,76,30,5357,100,1600,2425,0.32
2026-09-12T22:03:30Z,75,76,30,5357,99,1357,2424,0.30
2026-09-12T22:03:32Z,75,76,30,5403,99,1387,1702,0.30
2026-09-12T22:03:34Z,71,76,30,5403,100,1600,2424,0.27
2026-09-12T22:03:36Z,75,76,30,5357,100,1363,1702,0.27
2026-09-12T22:03:38Z,74,76,30,5387,99,1334,2424,0.33
2026-09-12T22:03:40Z,73,75,30,5403,76,1466,2424,0.33
2026-09-12T22:03:42Z,74,75,30,5357,0,200,2424,0.33
2026-09-12T22:03:45Z,61,73,30,5403,0,200,2424,0.54
2026-09-12T22:03:47Z,74,73,30,5387,99,1379,1400,0.54
2026-09-12T22:03:49Z,76,74,30,5357,100,1379,1702,0.50
2026-09-12T22:03:51Z,77,74,30,5403,100,1380,1702,0.50
2026-09-12T22:03:53Z,75,74,30,5357,100,1343,1702,0.46
2026-09-12T22:03:55Z,75,75,30,5403,99,1373,1702,0.46
2026-09-12T22:03:57Z,76,75,30,5357,100,1376,1702,0.46
2026-09-12T22:03:59Z,75,75,30,5403,100,1366,2425,0.42
2026-09-12T22:04:01Z,75,75,30,5403,99,1600,1702,0.42
2026-09-12T22:04:03Z,75,75,30,5403,99,1381,1702,0.39
2026-09-12T22:04:06Z,75,75,30,5357,99,1383,1702,0.39
2026-09-12T22:04:08Z,74,75,30,5403,99,1372,1702,0.39
2026-09-12T22:04:10Z,75,75,30,5387,99,1378,1702,0.36
2026-09-12T22:04:12Z,76,75,30,5403,99,1368,1702,0.36
2026-09-12T22:04:14Z,74,75,30,5403,99,1319,2426,0.33
2026-09-12T22:04:16Z,75,75,30,5357,99,1374,1702,0.33
2026-09-12T22:04:18Z,76,75,30,5387,99,1373,1702,0.33
2026-09-12T22:04:20Z,78,76,30,5387,100,1384,1702,0.30
2026-09-12T22:04:22Z,74,76,30,5357,100,1333,2424,0.30
2026-09-12T22:04:24Z,75,76,30,5403,99,1374,1702,0.28
2026-09-12T22:04:26Z,73,76,30,5387,100,1600,1702,0.28
2026-09-12T22:04:28Z,75,76,30,5403,99,1413,1702,0.26
2026-09-12T22:04:30Z,76,76,30,5387,99,1378,1702,0.26
2026-09-12T22:04:32Z,75,76,30,5403,99,1413,1702,0.26
2026-09-12T22:04:35Z,76,76,30,5403,100,1388,1399,0.23
2026-09-12T22:04:37Z,75,76,30,5387,99,1600,2327,0.23
2026-09-12T22:04:39Z,72,76,30,5357,100,1600,1702,0.38
2026-09-12T22:04:41Z,75,76,30,5387,99,1379,1702,0.38
2026-09-12T22:04:43Z,75,76,30,5357,99,1600,1702,0.38
2026-09-12T22:04:45Z,75,76,30,5387,100,1348,1411,0.35
2026-09-12T22:04:47Z,74,76,30,5357,99,1438,1877,0.35
2026-09-12T22:04:49Z,71,75,30,5403,99,1511,1702,0.32
2026-09-12T22:04:51Z,75,74,30,5357,99,1368,1702,0.32
2026-09-12T22:04:53Z,75,75,30,5357,100,1427,1702,0.29
2026-09-12T22:04:55Z,75,75,30,5387,100,1383,1702,0.29
2026-09-12T22:04:57Z,76,75,30,5357,100,1443,1702,0.29
2026-09-12T22:04:59Z,75,76,30,5357,99,1384,1702,0.27
2026-09-12T22:05:01Z,76,76,30,5387,100,1380,1702,0.27
2026-09-12T22:05:04Z,75,76,30,5403,99,1343,2424,0.33
2026-09-12T22:05:06Z,75,76,30,5403,99,1375,1702,0.33
2026-09-12T22:05:08Z,75,76,30,5403,100,1385,1702,0.33
2026-09-12T22:05:10Z,76,76,30,5387,99,1373,1702,0.30
2026-09-12T22:05:12Z,74,76,30,5403,99,1344,2424,0.30
2026-09-12T22:05:14Z,75,76,30,5357,100,1458,1702,0.28
2026-09-12T22:05:16Z,75,76,30,5357,100,1371,1702,0.28
2026-09-12T22:05:18Z,75,76,30,5357,100,1359,1412,0.33
2026-09-12T22:05:20Z,76,76,30,5403,99,1375,1399,0.33
2026-09-12T22:05:22Z,74,76,30,5357,99,1492,1399,0.33
2026-09-12T22:05:24Z,76,76,30,5403,99,1600,1823,0.31
2026-09-12T22:05:26Z,75,76,30,5387,99,1342,2424,0.31
2026-09-12T22:05:28Z,73,76,30,5403,99,1345,1702,0.28
2026-09-12T22:05:30Z,76,76,30,5357,99,1371,1702,0.28
2026-09-12T22:05:33Z,75,76,30,5387,100,1367,1702,0.28
2026-09-12T22:05:35Z,73,76,30,5403,99,1599,2424,0.26
2026-09-12T22:05:37Z,75,76,30,5403,100,1376,1702,0.26
2026-09-12T22:05:39Z,71,76,30,5403,99,1544,1702,0.24
2026-09-12T22:05:41Z,75,76,30,5403,100,1487,1702,0.24
2026-09-12T22:05:43Z,71,76,30,5357,100,1194,2424,0.24
2026-09-12T22:05:45Z,77,76,30,5403,100,1377,1702,0.22
2026-09-12T22:05:47Z,75,76,30,5387,99,1389,1702,0.22
2026-09-12T22:05:49Z,76,76,30,5387,99,1356,1702,0.20
2026-09-12T22:05:51Z,73,75,30,5357,99,1536,1702,0.20
2026-09-12T22:05:53Z,72,75,30,5357,100,1539,1702,0.27
2026-09-12T22:05:55Z,74,74,30,5357,99,1369,1702,0.27
2026-09-12T22:05:57Z,75,75,30,5357,99,1367,1702,0.27
2026-09-12T22:05:59Z,75,75,30,5357,100,1366,1702,0.24
2026-09-12T22:06:02Z,75,75,30,5357,99,1342,2424,0.24
2026-09-12T22:06:04Z,75,75,30,5357,100,1372,1702,0.22
2026-09-12T22:06:06Z,75,76,30,5357,99,1382,1702,0.22
2026-09-12T22:06:08Z,75,76,30,5403,99,1367,1702,0.22
2026-09-12T22:06:10Z,76,76,30,5387,100,1380,1400,0.29
2026-09-12T22:06:12Z,77,76,30,5357,100,1373,1702,0.29
2026-09-12T22:06:14Z,77,76,30,5387,100,1383,1702,0.26
2026-09-12T22:06:16Z,70,76,30,5357,100,1600,2425,0.26
2026-09-12T22:06:18Z,76,76,30,5387,99,1431,1702,0.24
2026-09-12T22:06:20Z,75,76,30,5357,99,1374,1702,0.24
2026-09-12T22:06:22Z,75,76,30,5387,99,1381,1400,0.24
2026-09-12T22:06:24Z,77,76,30,5357,99,1377,1702,0.30
2026-09-12T22:06:26Z,72,76,30,5387,99,1598,1702,0.30
2026-09-12T22:06:28Z,75,76,30,5357,99,1388,1702,0.28
2026-09-12T22:06:31Z,75,76,30,5387,99,1343,2424,0.28
2026-09-12T22:06:33Z,74,76,30,5357,99,1600,1399,0.28
2026-09-12T22:06:35Z,76,76,30,5357,100,1430,1702,0.26
2026-09-12T22:06:37Z,76,76,30,5357,100,1446,1702,0.26
2026-09-12T22:06:39Z,71,76,30,5403,100,1600,2424,0.32
2026-09-12T22:06:41Z,75,76,30,5403,100,1405,1400,0.32
2026-09-12T22:06:43Z,73,76,30,5357,99,1600,2425,0.32
2026-09-12T22:06:45Z,76,76,30,5403,100,1378,1702,0.29
2026-09-12T22:06:47Z,74,76,30,5387,99,1362,1702,0.29
2026-09-12T22:06:49Z,71,76,30,5387,100,1600,2424,0.27
2026-09-12T22:06:51Z,75,76,30,5357,99,1397,1702,0.27
2026-09-12T22:06:53Z,75,76,30,5357,100,1600,1702,0.25
2026-09-12T22:06:55Z,72,76,30,5403,99,1444,1702,0.25
2026-09-12T22:06:57Z,73,75,30,5357,100,1423,1702,0.25
2026-09-12T22:07:00Z,61,74,30,5357,0,1040,2427,0.31
2026-09-12T22:07:02Z,59,72,30,5357,0,200,2425,0.31
2026-09-12T22:07:04Z,58,70,30,5357,11,1040,2424,0.36
2026-09-12T22:07:06Z,57,68,30,5208,15,1040,2424,0.36
2026-09-12T22:07:08Z,55,66,30,5208,0,200,2424,0.36
2026-09-12T22:07:10Z,55,65,30,4973,0,200,2424,0.41
2026-09-12T22:07:12Z,57,63,30,4290,99,1040,2425,0.41
2026-09-12T22:07:14Z,68,65,30,3964,100,1477,1702,0.38
2026-09-12T22:07:16Z,69,68,30,3571,99,1600,2427,0.38
2026-09-12T22:07:18Z,70,69,30,3578,99,1600,1702,0.51
2026-09-12T22:07:20Z,70,71,30,3676,100,1600,2425,0.51
2026-09-12T22:07:22Z,73,72,30,3818,99,1352,1702,0.51
2026-09-12T22:07:24Z,73,73,30,4120,100,1347,1401,0.47
2026-09-12T22:07:26Z,73,73,30,4360,100,1600,1990,0.47
2026-09-12T22:07:28Z,74,74,30,4518,100,1396,1702,0.43
2026-09-12T22:07:30Z,74,74,30,4652,100,1600,1702,0.43
2026-09-12T22:07:33Z,75,75,30,4770,100,1359,1702,0.43
2026-09-12T22:07:35Z,75,75,30,5026,100,1452,1702,0.40
2026-09-12T22:07:37Z,75,75,30,5026,99,1468,1702,0.40
2026-09-12T22:07:39Z,74,75,30,5208,99,1502,2425,0.44
2026-09-12T22:07:41Z,71,75,30,5208,100,1600,1702,0.44
2026-09-12T22:07:43Z,75,75,30,5237,100,1600,2375,0.44
2026-09-12T22:07:45Z,75,75,30,5252,100,1600,1702,0.49
2026-09-12T22:07:47Z,75,75,30,5281,99,1392,1702,0.49
2026-09-12T22:07:49Z,74,75,30,5237,1,200,2424,0.53
2026-09-12T22:07:51Z,72,75,30,5237,99,1470,1702,0.53
2026-09-12T22:07:53Z,72,74,30,5281,99,1387,1400,0.57
2026-09-12T22:07:55Z,74,74,30,5252,100,1339,1702,0.57
2026-09-12T22:07:57Z,75,75,30,5281,99,1345,1702,0.57
2026-09-12T22:07:59Z,72,75,30,5252,99,1600,1702,0.52
2026-09-12T22:08:01Z,74,75,30,5281,99,1314,1702,0.52
2026-09-12T22:08:04Z,76,76,30,5281,99,1596,1400,0.56
2026-09-12T22:08:06Z,75,76,30,5252,100,1600,1934,0.56
2026-09-12T22:08:08Z,76,76,30,5281,99,1474,1702,0.56
2026-09-12T22:08:10Z,75,76,30,5281,100,1363,1702,0.52
2026-09-12T22:08:12Z,75,76,30,5281,100,1464,2425,0.52
2026-09-12T22:08:14Z,75,76,30,5281,99,1600,1702,0.47
2026-09-12T22:08:16Z,76,76,30,5281,100,1373,1511,0.47
2026-09-12T22:08:18Z,76,76,30,5281,100,1348,1702,0.44
2026-09-12T22:08:20Z,76,76,30,5281,99,1379,1702,0.44
2026-09-12T22:08:22Z,74,76,30,5281,99,1600,1702,0.44
2026-09-12T22:08:24Z,75,76,30,5252,99,1600,1702,0.40
2026-09-12T22:08:26Z,76,76,30,5281,100,1370,2424,0.40
2026-09-12T22:08:28Z,75,76,30,5281,99,1600,2424,0.37
2026-09-12T22:08:30Z,75,76,30,5281,100,1357,1702,0.37
2026-09-12T22:08:33Z,72,76,30,5281,32,1489,1702,0.37
2026-09-12T22:08:35Z,72,75,30,5281,99,1328,1399,0.34
2026-09-12T22:08:37Z,64,75,30,5252,61,1040,2424,0.34
2026-09-12T22:08:39Z,75,74,30,5281,99,1600,1702,0.31
2026-09-12T22:08:41Z,71,75,30,5252,100,1305,1400,0.31
2026-09-12T22:08:43Z,72,76,30,5281,99,1600,1702,0.31
2026-09-12T22:08:45Z,75,76,30,5281,100,1347,2225,0.29
2026-09-12T22:08:47Z,76,76,30,5281,100,1477,1702,0.29
2026-09-12T22:08:49Z,76,76,30,5281,99,1474,1702,0.26
2026-09-12T22:08:51Z,76,76,30,5281,100,1600,1702,0.26
2026-09-12T22:08:53Z,76,76,30,5281,100,1511,1702,0.24
2026-09-12T22:08:55Z,75,76,30,5281,100,1600,1702,0.24
2026-09-12T22:08:57Z,76,76,30,5281,99,1455,1702,0.24
2026-09-12T22:08:59Z,75,76,30,5281,99,1526,1702,0.22
2026-09-12T22:09:02Z,75,76,30,5281,100,1600,1702,0.22
2026-09-12T22:09:04Z,76,77,30,5281,100,1482,2424,0.20
2026-09-12T22:09:06Z,78,76,30,5281,100,1436,1702,0.20
2026-09-12T22:09:08Z,72,76,30,5281,99,1600,1702,0.20
2026-09-12T22:09:10Z,72,76,30,5281,100,1600,1702,0.27
2026-09-12T22:09:12Z,76,76,30,5281,99,1600,1702,0.27
2026-09-12T22:09:14Z,73,76,30,5281,99,1600,2425,0.25
2026-09-12T22:09:16Z,73,76,30,5281,99,1538,1702,0.25
2026-09-12T22:09:18Z,73,75,30,5281,99,1591,1399,0.23
2026-09-12T22:09:20Z,75,74,30,5281,100,1329,1702,0.23
2026-09-12T22:09:22Z,76,75,30,5281,99,1476,1702,0.23
2026-09-12T22:09:24Z,77,76,30,5281,100,1351,1400,0.21
2026-09-12T22:09:26Z,75,76,30,5281,100,1367,1702,0.21
2026-09-12T22:09:28Z,71,76,30,5281,99,1600,1702,0.27
2026-09-12T22:09:31Z,76,76,30,5281,99,1600,1702,0.27
2026-09-12T22:09:33Z,74,76,30,5281,100,1428,2424,0.27
2026-09-12T22:09:35Z,72,76,30,5281,100,1600,1702,0.25
2026-09-12T22:09:37Z,75,76,30,5281,100,1471,2424,0.25
2026-09-12T22:09:39Z,76,76,30,5281,99,1600,1702,0.23
2026-09-12T22:09:41Z,77,77,30,5281,99,1346,1702,0.23
2026-09-12T22:09:43Z,72,77,30,5387,99,1470,1702,0.23
2026-09-12T22:09:45Z,78,77,30,5357,100,1474,1702,0.21
2026-09-12T22:09:47Z,72,77,30,5387,99,1600,2424,0.21
2026-09-12T22:09:49Z,76,77,30,5357,99,1600,1702,0.19
2026-09-12T22:09:51Z,76,76,30,5403,100,1426,2424,0.19
2026-09-12T22:09:53Z,77,76,30,5357,99,1370,1702,0.18
2026-09-12T22:09:55Z,75,76,30,5387,100,1600,1702,0.18
2026-09-12T22:09:57Z,73,76,30,5357,99,1434,1702,0.18
2026-09-12T22:10:00Z,72,75,30,5403,99,1433,1401,0.24
2026-09-12T22:10:02Z,65,75,30,5387,0,200,2425,0.24
2026-09-12T22:10:04Z,76,75,30,5357,100,1376,1702,0.22
2026-09-12T22:10:06Z,75,75,30,5403,100,1521,1702,0.22
2026-09-12T22:10:08Z,75,76,30,5357,100,1387,1702,0.22
2026-09-12T22:10:10Z,78,76,30,5403,99,1379,1702,0.21
2026-09-12T22:10:12Z,71,76,30,5387,100,1600,1702,0.21
2026-09-12T22:10:14Z,74,76,30,5387,99,1600,1702,0.19
2026-09-12T22:10:16Z,77,76,30,5403,100,1476,1399,0.19
2026-09-12T22:10:18Z,74,76,30,5387,99,1333,1426,0.17
2026-09-12T22:10:20Z,75,76,30,5357,100,1479,1702,0.17
2026-09-12T22:10:22Z,72,76,30,5387,100,1600,1702,0.17
2026-09-12T22:10:24Z,73,76,30,5357,99,1318,1702,0.16
2026-09-12T22:10:26Z,76,76,30,5357,100,1355,1702,0.16
2026-09-12T22:10:29Z,77,76,30,5357,100,1295,2424,0.23
2026-09-12T22:10:31Z,76,76,30,5387,100,1600,1400,0.23
2026-09-12T22:10:33Z,76,76,30,5387,99,1353,1702,0.23
2026-09-12T22:10:35Z,75,76,30,5357,99,1469,1702,0.29
2026-09-12T22:10:37Z,74,76,30,5387,99,1314,1702,0.29
2026-09-12T22:10:39Z,75,76,30,5403,99,1462,2424,0.27
2026-09-12T22:10:41Z,73,76,30,5403,99,1453,1702,0.27
2026-09-12T22:10:43Z,73,75,30,5387,36,1583,1702,0.27
2026-09-12T22:10:45Z,76,75,30,5357,99,1502,1702,0.32
2026-09-12T22:10:47Z,73,75,30,5357,99,1600,1702,0.32
2026-09-12T22:10:49Z,75,76,30,5403,100,1600,1702,0.30
2026-09-12T22:10:51Z,76,76,30,5357,100,1564,1702,0.30
2026-09-12T22:10:53Z,75,76,30,5403,99,1504,1702,0.35
2026-09-12T22:10:55Z,78,76,30,5357,100,1377,1702,0.35
2026-09-12T22:10:58Z,75,76,30,5387,100,1316,2424,0.35
2026-09-12T22:11:00Z,76,76,30,5403,100,1517,1702,0.33
2026-09-12T22:11:02Z,77,76,30,5387,99,1281,2426,0.33
2026-09-12T22:11:04Z,78,76,30,5403,100,1377,1702,0.30
2026-09-12T22:11:06Z,76,76,30,5387,99,1600,2092,0.30
2026-09-12T22:11:08Z,76,76,30,5403,99,1600,1702,0.30
2026-09-12T22:11:10Z,75,76,30,5403,99,1600,1702,0.28
2026-09-12T22:11:12Z,75,76,30,5403,99,1355,1702,0.28
2026-09-12T22:11:14Z,75,76,30,5387,99,1355,1702,0.25
2026-09-12T22:11:16Z,72,76,30,5387,100,1600,2424,0.25
2026-09-12T22:11:18Z,72,76,30,5387,100,1600,1702,0.23
2026-09-12T22:11:20Z,76,76,30,5387,100,1366,1702,0.23
2026-09-12T22:11:22Z,72,76,30,5387,99,1438,1399,0.23
2026-09-12T22:11:24Z,73,75,30,5403,99,1420,1702,0.21
2026-09-12T22:11:26Z,66,75,30,5403,0,200,2425,0.21
2026-09-12T22:11:29Z,76,75,30,5403,100,1600,1702,0.20
2026-09-12T22:11:31Z,73,76,30,5357,100,1600,1702,0.20
2026-09-12T22:11:33Z,75,76,30,5403,99,1387,1702,0.20
2026-09-12T22:11:35Z,75,76,30,5387,100,1600,2398,0.18
2026-09-12T22:11:37Z,78,76,30,5403,100,1397,1702,0.18
2026-09-12T22:11:39Z,76,76,30,5387,99,1350,1400,0.17
2026-09-12T22:11:41Z,76,76,30,5387,99,1600,1399,0.17
2026-09-12T22:11:43Z,76,76,30,5357,100,1475,1702,0.23
2026-09-12T22:11:45Z,75,76,30,5357,100,1600,1400,0.23
2026-09-12T22:11:47Z,78,76,30,5357,99,1405,1702,0.23
2026-09-12T22:11:49Z,75,76,30,5403,99,1353,2424,0.21
2026-09-12T22:11:51Z,77,76,30,5357,100,1371,1702,0.21
2026-09-12T22:11:53Z,76,77,30,5387,100,1421,2424,0.28
2026-09-12T22:11:55Z,72,76,30,5357,99,1600,1702,0.28
2026-09-12T22:11:58Z,75,76,30,5357,99,1600,2424,0.28
2026-09-12T22:12:00Z,72,76,30,5387,100,1600,2425,0.33
2026-09-12T22:12:02Z,77,76,30,5387,100,1412,1702,0.33
2026-09-12T22:12:04Z,74,76,30,5387,99,1600,2425,0.31
2026-09-12T22:12:06Z,73,76,30,5357,100,1443,1702,0.31
2026-09-12T22:12:08Z,74,75,30,5403,99,1541,1702,0.31
2026-09-12T22:12:10Z,73,75,30,5403,99,1307,1959,0.28
2026-09-12T22:12:12Z,76,75,30,5387,99,1368,1702,0.28
2026-09-12T22:12:14Z,75,76,30,5387,100,1401,1702,0.26
2026-09-12T22:12:16Z,77,76,30,5403,100,1372,1702,0.26
2026-09-12T22:12:18Z,72,76,30,5403,100,1423,1702,0.24
2026-09-12T22:12:20Z,76,76,30,5387,99,1600,1702,0.24
2026-09-12T22:12:22Z,75,76,30,5387,100,1417,2424,0.24
2026-09-12T22:12:24Z,74,76,30,5403,100,1600,1702,0.22
2026-09-12T22:12:27Z,75,76,30,5357,99,1456,2424,0.22
2026-09-12T22:12:29Z,75,76,30,5387,100,1600,1934,0.20
2026-09-12T22:12:31Z,77,77,30,5357,100,1356,1702,0.20
2026-09-12T22:12:33Z,75,76,30,5387,100,1333,1702,0.20
2026-09-12T22:12:35Z,76,77,30,5387,99,1357,1399,0.18
2026-09-12T22:12:37Z,72,76,30,5403,100,1338,1782,0.18
2026-09-12T22:12:39Z,76,76,30,5357,99,1528,1702,0.17
2026-09-12T22:12:41Z,76,76,30,5357,100,1409,2424,0.17
2026-09-12T22:12:43Z,78,76,30,5357,99,1413,1702,0.16
2026-09-12T22:12:45Z,76,76,30,5387,100,1600,2424,0.16
2026-09-12T22:12:47Z,73,76,30,5403,99,1584,1702,0.16
2026-09-12T22:12:49Z,73,75,30,5387,100,1458,1702,0.14
2026-09-12T22:12:51Z,73,75,30,5387,0,200,2425,0.14
2026-09-12T22:12:53Z,73,75,30,5403,100,1336,1702,0.13
2026-09-12T22:12:56Z,75,75,30,5403,99,1488,1702,0.13
2026-09-12T22:12:58Z,72,76,30,5403,100,1600,1702,0.13
2026-09-12T22:13:00Z,74,76,30,5357,100,1304,1702,0.12
2026-09-12T22:13:02Z,75,76,30,5387,99,1600,2424,0.12
2026-09-12T22:13:04Z,75,76,30,5357,99,1353,1702,0.11
2026-09-12T22:13:06Z,76,76,30,5387,100,1326,1702,0.11
2026-09-12T22:13:08Z,76,76,30,5403,100,1600,1702,0.11
2026-09-12T22:13:10Z,77,76,30,5357,100,1477,1702,0.10
2026-09-12T22:13:12Z,76,76,30,5403,100,1600,1702,0.10
2026-09-12T22:13:14Z,74,76,30,5357,99,1600,2425,0.09
2026-09-12T22:13:16Z,75,76,30,5357,100,1600,2073,0.09
2026-09-12T22:13:18Z,73,76,30,5403,99,1600,2424,0.17
2026-09-12T22:13:20Z,76,76,30,5403,100,1360,1702,0.17
2026-09-12T22:13:22Z,78,76,30,5387,100,1398,1702,0.17
2026-09-12T22:13:25Z,75,76,30,5403,99,1369,1400,0.23
2026-09-12T22:13:27Z,76,76,30,5403,100,1600,1702,0.23
2026-09-12T22:13:29Z,75,76,30,5403,99,1565,1826,0.21
2026-09-12T22:13:31Z,72,76,30,5387,100,1433,1702,0.21
2026-09-12T22:13:33Z,73,75,30,5403,100,1474,1702,0.21
2026-09-12T22:13:35Z,74,75,30,5357,100,1511,1702,0.28
2026-09-12T22:13:37Z,75,75,30,5387,100,1600,1702,0.28
2026-09-12T22:13:39Z,75,76,30,5403,100,1554,1702,0.25
2026-09-12T22:13:41Z,75,76,30,5357,100,1600,2424,0.25
2026-09-12T22:13:43Z,76,76,30,5403,99,1523,1702,0.23
2026-09-12T22:13:45Z,76,76,30,5387,100,1446,1702,0.23
2026-09-12T22:13:47Z,73,76,30,5403,100,1600,2424,0.23
2026-09-12T22:13:49Z,75,76,30,5387,100,1479,1702,0.22
2026-09-12T22:13:51Z,76,76,30,5387,100,1322,2424,0.22
2026-09-12T22:13:54Z,77,77,30,5403,99,1478,1702,0.20
2026-09-12T22:13:56Z,76,77,30,5403,99,1600,1702,0.20
2026-09-12T22:13:58Z,75,77,30,5387,99,1600,1702,0.20
2026-09-12T22:14:00Z,76,77,30,5387,99,1600,1702,0.18
2026-09-12T22:14:02Z,76,77,30,5403,99,1600,1702,0.18
2026-09-12T22:14:04Z,77,77,30,5387,99,1457,1702,0.17
2026-09-12T22:14:06Z,77,77,30,5357,99,1296,2424,0.17
2026-09-12T22:14:08Z,76,76,30,5403,99,1318,1702,0.17
2026-09-12T22:14:10Z,75,76,30,5357,100,1600,1702,0.15
2026-09-12T22:14:12Z,73,76,30,5357,99,1431,1702,0.15
2026-09-12T22:14:14Z,73,76,30,5357,100,1491,1399,0.14
2026-09-12T22:14:16Z,73,75,30,5403,100,1464,1400,0.14
2026-09-12T22:14:18Z,73,75,30,5357,99,1469,1702,0.13
2026-09-12T22:14:20Z,75,75,30,5403,100,1369,1400,0.13
2026-09-12T22:14:23Z,76,76,30,5357,99,1600,2093,0.13
2026-09-12T22:14:25Z,76,76,30,5357,99,1600,1702,0.12
2026-09-12T22:14:27Z,75,76,30,5357,100,1537,1702,0.12
2026-09-12T22:14:29Z,77,76,30,5403,100,1377,1702,0.11
2026-09-12T22:14:31Z,75,76,30,5387,99,1600,1702,0.11
2026-09-12T22:14:33Z,75,76,30,5357,99,1600,1702,0.11
2026-09-12T22:14:35Z,75,76,30,5403,99,1314,1702,0.10
2026-09-12T22:14:37Z,75,77,30,5357,99,1555,1702,0.10
2026-09-12T22:14:39Z,75,77,30,5403,99,1600,2425,0.09
2026-09-12T22:14:41Z,76,77,30,5387,100,1600,1702,0.09
2026-09-12T22:14:43Z,75,77,30,5357,99,1600,2424,0.16
2026-09-12T22:14:45Z,78,76,30,5403,99,1365,1702,0.16
2026-09-12T22:14:47Z,76,76,30,5357,99,1343,1702,0.16
2026-09-12T22:14:49Z,76,76,30,5357,99,1444,1702,0.31
2026-09-12T22:14:52Z,75,76,30,5357,100,1530,1702,0.31
2026-09-12T22:14:54Z,77,76,30,5403,100,1354,1702,0.29
2026-09-12T22:14:56Z,73,76,30,5357,100,1405,1702,0.29
2026-09-12T22:14:58Z,73,75,30,5387,100,1464,1399,0.29
2026-09-12T22:15:00Z,76,75,30,5403,99,1362,1399,0.26
2026-09-12T22:15:02Z,75,75,30,5403,99,1600,2321,0.26
2026-09-12T22:15:04Z,76,76,30,5357,99,1468,1702,0.24
2026-09-12T22:15:06Z,75,76,30,5357,99,1535,1702,0.24
2026-09-12T22:15:08Z,76,76,30,5387,100,1467,1702,0.30
2026-09-12T22:15:10Z,76,76,30,5387,100,1475,1702,0.30
2026-09-12T22:15:12Z,72,76,30,5387,100,1600,2424,0.30
2026-09-12T22:15:14Z,76,76,30,5387,99,1459,1702,0.28
2026-09-12T22:15:16Z,75,76,30,5387,99,1322,2425,0.28
2026-09-12T22:15:18Z,78,77,30,5387,99,1466,1702,0.26
2026-09-12T22:15:21Z,75,77,30,5357,100,1600,1702,0.26
2026-09-12T22:15:23Z,75,76,30,5403,100,1600,2024,0.26
2026-09-12T22:15:25Z,76,77,30,5357,100,1600,1702,0.24
2026-09-12T22:15:27Z,76,77,30,5357,99,1600,2424,0.24
2026-09-12T22:15:29Z,76,77,30,5403,100,1470,1702,0.22
2026-09-12T22:15:31Z,77,76,30,5387,100,1290,2424,0.22
2026-09-12T22:15:33Z,76,76,30,5403,99,1345,1702,0.22
2026-09-12T22:15:35Z,76,76,30,5357,100,1600,2425,0.20
2026-09-12T22:15:37Z,73,76,30,5403,99,1391,1399,0.20
2026-09-12T22:15:39Z,73,76,30,5403,99,1329,1399,0.18
2026-09-12T22:15:41Z,72,75,30,5403,99,200,1632,0.18
2026-09-12T22:15:43Z,75,75,30,5387,100,1438,1702,0.17
2026-09-12T22:15:45Z,76,76,30,5403,100,1600,1833,0.17
2026-09-12T22:15:48Z,77,76,30,5387,99,1379,1399,0.17
2026-09-12T22:15:50Z,76,76,30,5403,100,1518,1702,0.15
2026-09-12T22:15:52Z,76,76,30,5403,99,1331,1702,0.15
2026-09-12T22:15:54Z,75,76,30,5357,99,1339,1702,0.14
2026-09-12T22:15:56Z,75,76,30,5387,99,1525,1702,0.14
2026-09-12T22:15:58Z,77,76,30,5357,100,1428,1702,0.14
2026-09-12T22:16:00Z,77,76,30,5387,99,1566,1702,0.13
2026-09-12T22:16:02Z,75,76,30,5357,99,1324,1702,0.13
2026-09-12T22:16:04Z,75,76,30,5357,99,1321,2424,0.12
2026-09-12T22:16:06Z,76,76,30,5387,100,1342,1702,0.12
2026-09-12T22:16:08Z,77,77,30,5357,100,1271,2424,0.19
2026-09-12T22:16:10Z,76,77,30,5357,99,1600,1702,0.19
2026-09-12T22:16:12Z,75,77,30,5403,100,1369,1702,0.19
2026-09-12T22:16:14Z,76,76,30,5387,100,1600,1702,0.25
2026-09-12T22:16:16Z,72,76,30,5357,99,1525,1399,0.25
2026-09-12T22:16:19Z,75,76,30,5357,100,1514,2123,0.23
2026-09-12T22:16:21Z,73,76,30,5403,99,1441,1702,0.23
2026-09-12T22:16:23Z,73,75,30,5387,99,1458,1702,0.23
2026-09-12T22:16:25Z,74,75,30,5387,100,1600,1399,0.30
2026-09-12T22:16:27Z,76,75,30,5357,100,1344,1702,0.30
2026-09-12T22:16:29Z,76,76,30,5357,99,1350,1702,0.35
2026-09-12T22:16:31Z,72,76,30,5387,99,1600,1702,0.35
2026-09-12T22:16:33Z,75,76,30,5387,100,1600,2414,0.35
2026-09-12T22:16:35Z,76,76,30,5357,100,1541,1702,0.40
2026-09-12T22:16:37Z,77,76,30,5387,99,1323,2424,0.40
2026-09-12T22:16:39Z,76,76,30,5403,100,1600,1702,0.37
2026-09-12T22:16:41Z,76,77,30,5357,100,1425,2424,0.37
2026-09-12T22:16:43Z,75,77,30,5403,100,1524,1702,0.34
2026-09-12T22:16:45Z,72,77,30,5387,100,1600,1399,0.34
2026-09-12T22:16:48Z,72,77,30,5403,100,1600,1401,0.34
2026-09-12T22:16:50Z,73,77,30,5357,100,1343,1702,0.31
2026-09-12T22:16:52Z,73,77,30,5403,99,1600,1702,0.31
2026-09-12T22:16:54Z,76,77,30,5357,100,1524,1702,0.29
2026-09-12T22:16:56Z,75,77,30,5357,100,1393,2424,0.29
2026-09-12T22:16:58Z,76,76,30,5403,100,1474,1702,0.29
2026-09-12T22:17:00Z,74,76,30,5357,100,1600,2424,0.27
2026-09-12T22:17:02Z,72,76,30,5357,99,1420,1702,0.27
2026-09-12T22:17:04Z,73,75,30,5403,100,1437,1400,0.32
2026-09-12T22:17:06Z,73,75,30,5357,99,200,2424,0.32
2026-09-12T22:17:08Z,75,75,30,5387,99,1454,1702,0.30
2026-09-12T22:17:10Z,76,76,30,5357,100,1600,1399,0.30
2026-09-12T22:17:12Z,78,76,30,5357,99,1404,1702,0.30
2026-09-12T22:17:14Z,76,76,30,5357,99,1367,1702,0.27
2026-09-12T22:17:17Z,73,76,30,5387,99,1313,1702,0.27
2026-09-12T22:17:19Z,75,76,30,5387,100,1354,1702,0.25
2026-09-12T22:17:21Z,76,76,30,5357,99,1383,1702,0.25
2026-09-12T22:17:23Z,77,76,30,5357,100,1363,1702,0.25
2026-09-12T22:17:25Z,76,76,30,5387,99,1398,1702,0.23
2026-09-12T22:17:27Z,75,76,30,5357,100,1325,1399,0.23
2026-09-12T22:17:29Z,76,76,30,5357,100,1308,2424,0.29
2026-09-12T22:17:31Z,75,76,30,5357,99,1314,1702,0.29
2026-09-12T22:17:33Z,77,76,30,5357,100,1275,2425,0.29
2026-09-12T22:17:35Z,76,76,30,5403,100,1600,1702,0.35
2026-09-12T22:17:37Z,76,76,30,5403,100,1430,1702,0.35
2026-09-12T22:17:39Z,76,76,30,5403,100,1467,1702,0.40
2026-09-12T22:17:41Z,76,76,30,5403,100,1600,1702,0.40
2026-09-12T22:17:43Z,75,76,30,5403,99,1455,1999,0.37
2026-09-12T22:17:46Z,73,76,30,5357,99,1390,1702,0.37
2026-09-12T22:17:48Z,74,75,30,5403,100,1479,1702,0.37
2026-09-12T22:17:50Z,62,75,30,5403,0,200,2427,0.42
2026-09-12T22:17:52Z,60,73,30,5387,0,200,2424,0.42
2026-09-12T22:17:54Z,58,71,30,5403,11,1040,2424,0.47
2026-09-12T22:17:56Z,57,69,30,5252,14,1040,2424,0.47
2026-09-12T22:17:58Z,56,67,30,5252,0,200,2424,0.47
2026-09-12T22:18:00Z,55,64,30,4908,0,200,2424,0.51
2026-09-12T22:18:02Z,68,64,30,4360,100,1344,2424,0.51
2026-09-12T22:18:04Z,70,68,30,3803,100,1600,1702,0.47
2026-09-12T22:18:06Z,72,70,30,3654,99,1600,1702,0.47
2026-09-12T22:18:08Z,71,71,30,3765,99,1600,2425,0.51
2026-09-12T22:18:10Z,73,72,30,3865,99,1384,1702,0.51
2026-09-12T22:18:12Z,73,73,30,4175,100,1600,1702,0.51
2026-09-12T22:18:14Z,74,74,30,4360,99,1600,1702,0.47
2026-09-12T22:18:16Z,73,74,30,4464,100,1330,2424,0.47
2026-09-12T22:18:19Z,75,75,30,4722,100,1377,1400,0.43
2026-09-12T22:18:21Z,75,75,30,4746,99,1375,1400,0.43
2026-09-12T22:18:23Z,75,75,30,4870,99,1326,2424,0.43
2026-09-12T22:18:25Z,75,75,30,4973,99,1342,1702,0.48
2026-09-12T22:18:27Z,71,76,30,5208,100,1594,1702,0.48
2026-09-12T22:18:29Z,75,76,30,5252,99,1565,1702,0.44
2026-09-12T22:18:31Z,75,76,30,5252,100,1316,2427,0.44
2026-09-12T22:18:33Z,75,76,30,5281,100,1363,1702,0.44
2026-09-12T22:18:35Z,76,76,30,5281,99,1367,1702,0.40
2026-09-12T22:18:37Z,76,76,30,5237,100,1600,2424,0.40
2026-09-12T22:18:39Z,75,76,30,5281,99,1339,2424,0.45
2026-09-12T22:18:41Z,76,76,30,5281,99,1600,1702,0.45
2026-09-12T22:18:43Z,76,76,30,5281,99,1423,1702,0.42
2026-09-12T22:18:45Z,75,76,30,5281,100,1334,2424,0.42
2026-09-12T22:18:47Z,76,76,30,5252,99,1420,1702,0.42
2026-09-12T22:18:50Z,76,76,30,5237,99,1381,1702,0.38
2026-09-12T22:18:52Z,75,76,30,5281,99,1600,1702,0.38
2026-09-12T22:18:54Z,76,76,30,5281,99,1329,2424,0.43
2026-09-12T22:18:56Z,76,76,30,5281,100,1385,1702,0.43
2026-09-12T22:18:58Z,74,76,30,5281,100,1600,1702,0.43
2026-09-12T22:19:00Z,76,76,30,5281,99,1440,1702,0.40
2026-09-12T22:19:02Z,75,76,30,5281,99,1326,2424,0.40
2026-09-12T22:19:04Z,72,75,30,5281,100,1341,1702,0.45
2026-09-12T22:19:06Z,72,75,30,5281,99,1369,1399,0.45
2026-09-12T22:19:08Z,73,74,30,5281,0,200,2424,0.65
2026-09-12T22:19:10Z,76,75,30,5281,99,1600,1702,0.65
2026-09-12T22:19:12Z,75,75,30,5281,99,1600,1702,0.65
2026-09-12T22:19:14Z,72,76,30,5281,100,1599,1702,0.60
2026-09-12T22:19:16Z,75,76,30,5281,100,1379,1702,0.60
2026-09-12T22:19:19Z,76,76,30,5281,100,1600,2372,0.55
2026-09-12T22:19:21Z,75,76,30,5281,99,1600,1702,0.55
2026-09-12T22:19:23Z,74,76,30,5281,100,1361,2424,0.55
2026-09-12T22:19:25Z,76,76,30,5281,99,1388,1702,0.50
2026-09-12T22:19:27Z,76,76,30,5281,99,1380,1702,0.50
2026-09-12T22:19:29Z,76,76,30,5281,99,1375,1399,0.46
2026-09-12T22:19:31Z,76,76,30,5281,99,1373,1702,0.46
2026-09-12T22:19:33Z,76,76,30,5281,99,1366,1702,0.46
2026-09-12T22:19:35Z,75,76,30,5281,99,1348,1702,0.43
2026-09-12T22:19:37Z,76,76,30,5281,100,1600,2425,0.43
2026-09-12T22:19:39Z,76,76,30,5281,100,1373,1702,0.39
2026-09-12T22:19:41Z,76,76,30,5281,99,1388,1702,0.39
2026-09-12T22:19:43Z,78,76,30,5281,100,1375,1702,0.36
2026-09-12T22:19:45Z,76,76,30,5311,100,1336,2424,0.36
2026-09-12T22:19:48Z,77,76,30,5281,99,1380,1702,0.36
2026-09-12T22:19:50Z,72,76,30,5281,100,1440,1399,0.33
2026-09-12T22:19:52Z,75,76,30,5281,99,1600,1702,0.33
2026-09-12T22:19:54Z,76,76,30,5281,100,1370,1702,0.39
2026-09-12T22:19:56Z,75,76,30,5281,99,1600,1702,0.39
2026-09-12T22:19:58Z,76,76,30,5281,100,1381,1702,0.39
2026-09-12T22:20:00Z,73,76,30,5311,99,1600,2424,0.35
2026-09-12T22:20:02Z,77,76,30,5281,99,1378,1400,0.35
2026-09-12T22:20:04Z,75,76,30,5281,100,1406,1702,0.33
2026-09-12T22:20:06Z,72,76,30,5281,99,1600,2424,0.33
2026-09-12T22:20:08Z,76,76,30,5326,99,1360,1702,0.30
2026-09-12T22:20:10Z,73,76,30,5281,99,1396,1702,0.30
2026-09-12T22:20:12Z,73,75,30,5281,99,1384,1702,0.30
2026-09-12T22:20:14Z,73,75,30,5281,100,1434,1702,0.35
2026-09-12T22:20:17Z,73,74,30,5311,99,1600,1702,0.35
2026-09-12T22:20:19Z,73,76,30,5281,100,1342,1702,0.33
2026-09-12T22:20:21Z,75,76,30,5311,100,1375,1702,0.33
2026-09-12T22:20:23Z,74,76,30,5281,99,1339,1702,0.33
2026-09-12T22:20:25Z,73,76,30,5281,100,1353,1702,0.30
2026-09-12T22:20:27Z,72,76,30,5311,100,1414,1401,0.30
2026-09-12T22:20:29Z,75,76,30,5281,100,1339,2426,0.28
2026-09-12T22:20:31Z,76,76,30,5281,99,1377,1702,0.28
2026-09-12T22:20:33Z,75,76,30,5281,100,1378,1702,0.28
2026-09-12T22:20:35Z,76,76,30,5281,100,1415,1702,0.25
2026-09-12T22:20:37Z,75,76,30,5281,100,1327,2424,0.25
2026-09-12T22:20:39Z,76,76,30,5311,100,1348,1702,0.23
2026-09-12T22:20:41Z,75,76,30,5281,99,1338,1702,0.23
2026-09-12T22:20:43Z,72,76,30,5326,99,1509,1427,0.21
2026-09-12T22:20:46Z,76,76,30,5281,99,1378,1702,0.21
2026-09-12T22:20:48Z,76,76,30,5281,100,1387,1702,0.21
2026-09-12T22:20:50Z,78,77,30,5281,100,1379,1702,0.20
2026-09-12T22:20:52Z,72,77,30,5326,99,1600,2424,0.20
2026-09-12T22:20:54Z,76,76,30,5311,100,1384,1400,0.18
2026-09-12T22:20:56Z,78,76,30,5326,100,1379,1702,0.18
2026-09-12T22:20:58Z,76,76,30,5326,100,1600,1702,0.18
2026-09-12T22:21:00Z,76,76,30,5326,99,1327,2424,0.17
2026-09-12T22:21:02Z,76,76,30,5311,100,1600,1702,0.17
2026-09-12T22:21:04Z,76,76,30,5357,99,1382,1702,0.15
2026-09-12T22:21:06Z,73,76,30,5326,100,1600,1702,0.15
2026-09-12T22:21:08Z,74,76,30,5326,100,1359,1702,0.14
2026-09-12T22:21:10Z,75,76,30,5311,99,1347,1702,0.14
2026-09-12T22:21:12Z,72,76,30,5326,99,1404,1702,0.14
2026-09-12T22:21:15Z,76,76,30,5326,100,1382,1702,0.13
2026-09-12T22:21:17Z,72,76,30,5357,100,1468,1399,0.13
2026-09-12T22:21:19Z,72,76,30,5357,68,1489,1702,0.20
2026-09-12T22:21:21Z,73,75,30,5311,100,1405,1702,0.20
2026-09-12T22:21:23Z,75,75,30,5311,100,1397,1702,0.20
2026-09-12T22:21:25Z,76,75,30,5326,100,1380,1702,0.18
2026-09-12T22:21:27Z,76,76,30,5326,99,1390,1702,0.18
2026-09-12T22:21:29Z,75,76,30,5311,99,1377,1702,0.17
2026-09-12T22:21:31Z,76,76,30,5326,100,1370,1702,0.17
2026-09-12T22:21:33Z,75,76,30,5357,99,1380,1702,0.15
2026-09-12T22:21:35Z,76,76,30,5311,99,1387,1702,0.15
2026-09-12T22:21:37Z,76,76,30,5357,100,1388,1702,0.15
2026-09-12T22:21:39Z,76,76,30,5311,100,1395,1702,0.14
2026-09-12T22:21:42Z,76,76,30,5311,99,1390,1702,0.14
2026-09-12T22:21:44Z,76,76,30,5311,100,1327,2425,0.21
2026-09-12T22:21:46Z,72,76,30,5326,99,1600,1702,0.21
2026-09-12T22:21:48Z,76,76,30,5326,100,1599,1702,0.21
2026-09-12T22:21:50Z,75,76,30,5357,100,1600,1702,0.19
2026-09-12T22:21:52Z,75,76,30,5311,100,1344,2424,0.19
2026-09-12T22:21:54Z,78,76,30,5357,100,1378,1702,0.18
2026-09-12T22:21:56Z,74,76,30,5326,99,1345,1702,0.18
2026-09-12T22:21:58Z,76,76,30,5357,100,1600,1702,0.18
2026-09-12T22:22:00Z,76,76,30,5311,99,1384,1874,0.24
2026-09-12T22:22:02Z,78,76,30,5357,99,1374,1702,0.24
2026-09-12T22:22:04Z,76,76,30,5326,99,1600,1702,0.22
2026-09-12T22:22:06Z,76,76,30,5311,100,1351,2424,0.22
2026-09-12T22:22:08Z,75,76,30,5326,99,1600,1702,0.21
2026-09-12T22:22:11Z,76,76,30,5357,100,1389,1702,0.21
2026-09-12T22:22:13Z,76,76,30,5311,99,1368,1702,0.21
2026-09-12T22:22:15Z,75,76,30,5311,99,1322,2424,0.19
2026-09-12T22:22:17Z,77,76,30,5311,100,1383,1702,0.19
2026-09-12T22:22:19Z,75,76,30,5326,99,1377,1702,0.17
2026-09-12T22:22:21Z,77,76,30,5357,99,1381,1702,0.17
2026-09-12T22:22:23Z,75,76,30,5326,99,1349,2424,0.17
2026-09-12T22:22:25Z,72,76,30,5326,99,1376,1702,0.24
2026-09-12T22:22:27Z,72,75,30,5311,99,1469,1399,0.24
2026-09-12T22:22:29Z,73,75,30,5311,99,1434,1399,0.30
2026-09-12T22:22:31Z,75,75,30,5311,99,1389,1702,0.30
2026-09-12T22:22:33Z,75,75,30,5311,99,1380,1702,0.28
2026-09-12T22:22:35Z,75,76,30,5357,99,1375,1702,0.28
2026-09-12T22:22:37Z,75,76,30,5357,100,1447,1399,0.28
2026-09-12T22:22:40Z,75,76,30,5326,99,1375,1702,0.25
2026-09-12T22:22:42Z,76,76,30,5326,99,1385,1702,0.25
2026-09-12T22:22:44Z,75,76,30,5357,100,1335,2424,0.31
2026-09-12T22:22:46Z,75,76,30,5311,99,1356,1702,0.31
2026-09-12T22:22:48Z,75,76,30,5311,100,1373,1400,0.31
2026-09-12T22:22:50Z,76,76,30,5357,99,1379,1702,0.29
2026-09-12T22:22:52Z,75,76,30,5357,99,1345,1702,0.29
2026-09-12T22:22:54Z,76,76,30,5326,100,1600,1702,0.27
2026-09-12T22:22:56Z,76,76,30,5326,100,1600,1702,0.27
2026-09-12T22:22:58Z,75,76,30,5326,99,1344,2424,0.27
2026-09-12T22:23:00Z,75,76,30,5311,100,1376,1702,0.32
2026-09-12T22:23:02Z,77,76,30,5311,100,1379,1702,0.32
2026-09-12T22:23:04Z,72,76,30,5311,100,1539,1702,0.30
2026-09-12T22:23:06Z,75,76,30,5357,99,1348,2424,0.30
2026-09-12T22:23:08Z,76,76,30,5357,99,1375,1702,0.27
2026-09-12T22:23:11Z,74,76,30,5326,100,1600,2424,0.27
2026-09-12T22:23:13Z,76,76,30,5357,100,1373,1399,0.27
2026-09-12T22:23:15Z,75,76,30,5311,99,1373,1702,0.33
2026-09-12T22:23:17Z,76,76,30,5357,100,1369,1702,0.33
2026-09-12T22:23:19Z,76,76,30,5326,100,1378,1702,0.31
2026-09-12T22:23:21Z,75,76,30,5357,99,1600,2424,0.31
2026-09-12T22:23:23Z,75,76,30,5357,99,1600,1702,0.31
2026-09-12T22:23:25Z,76,76,30,5326,100,1382,1702,0.28
2026-09-12T22:23:27Z,76,76,30,5326,99,1600,1702,0.28
2026-09-12T22:23:29Z,76,76,30,5311,100,1375,1702,0.26
2026-09-12T22:23:31Z,73,76,30,5326,100,1377,1399,0.26
2026-09-12T22:23:33Z,73,75,30,5326,100,1443,1702,0.24
2026-09-12T22:23:35Z,73,75,30,5357,99,200,1399,0.24
2026-09-12T22:23:38Z,75,74,30,5357,100,1371,1702,0.24
2026-09-12T22:23:40Z,75,75,30,5311,100,1378,1702,0.22
2026-09-12T22:23:42Z,76,76,30,5311,100,1401,1399,0.22
2026-09-12T22:23:44Z,75,76,30,5311,99,1336,2427,0.20
2026-09-12T22:23:46Z,75,76,30,5357,99,1375,1702,0.20
2026-09-12T22:23:48Z,77,76,30,5357,99,1361,1702,0.20
2026-09-12T22:23:50Z,77,76,30,5311,99,1371,1399,0.18
2026-09-12T22:23:52Z,72,76,30,5357,100,1525,1702,0.18
2026-09-12T22:23:54Z,76,76,30,5357,100,1380,1702,0.17
2026-09-12T22:23:56Z,72,76,30,5357,99,1599,1702,0.17
2026-09-12T22:23:58Z,75,76,30,5311,99,1334,2424,0.40
2026-09-12T22:24:00Z,76,76,30,5357,99,1368,1702,0.40
2026-09-12T22:24:02Z,75,76,30,5326,99,1377,1702,0.40
2026-09-12T22:24:04Z,76,76,30,5357,100,1371,1702,0.36
2026-09-12T22:24:07Z,77,76,30,5357,100,1377,1399,0.36
2026-09-12T22:24:09Z,75,76,30,5326,100,1600,1702,0.33
2026-09-12T22:24:11Z,75,76,30,5311,99,1380,1702,0.33
2026-09-12T22:24:13Z,75,76,30,5311,100,1325,2425,0.33
2026-09-12T22:24:15Z,72,76,30,5357,99,1600,1702,0.39
2026-09-12T22:24:17Z,76,76,30,5357,100,1467,1702,0.39
2026-09-12T22:24:19Z,76,76,30,5326,100,1362,1702,0.36
2026-09-12T22:24:21Z,75,76,30,5357,100,1600,2426,0.36
2026-09-12T22:24:23Z,76,76,30,5311,100,1360,1399,0.36
2026-09-12T22:24:25Z,76,76,30,5326,100,1600,1702,0.33
2026-09-12T22:24:27Z,75,76,30,5326,100,1368,1702,0.33
2026-09-12T22:24:29Z,75,76,30,5326,100,1600,2425,0.38
2026-09-12T22:24:31Z,76,76,30,5326,99,1380,1702,0.38
2026-09-12T22:24:33Z,75,76,30,5357,99,1378,1702,0.35
2026-09-12T22:24:36Z,72,76,30,5311,99,1600,2424,0.35
2026-09-12T22:24:38Z,75,76,30,5357,99,1283,2424,0.35
2026-09-12T22:24:40Z,73,76,30,5357,99,1443,1702,0.40
2026-09-12T22:24:42Z,73,75,30,5311,99,1359,1702,0.40
2026-09-12T22:24:44Z,68,75,30,5357,100,1040,2424,0.45
2026-09-12T22:24:46Z,76,75,30,5311,99,1600,1702,0.45
2026-09-12T22:24:48Z,76,76,30,5357,100,1600,1702,0.45
2026-09-12T22:24:50Z,76,76,30,5357,99,1382,1702,0.42
2026-09-12T22:24:52Z,74,76,30,5311,99,1600,1702,0.42
2026-09-12T22:24:54Z,75,76,30,5357,100,1600,1702,0.46
2026-09-12T22:24:56Z,75,76,30,5326,100,1600,1702,0.46
2026-09-12T22:24:58Z,75,76,30,5311,100,1360,2424,0.59
2026-09-12T22:25:00Z,76,76,30,5311,100,1371,1702,0.59
2026-09-12T22:25:02Z,76,76,30,5357,100,1383,1702,0.59
2026-09-12T22:25:04Z,76,76,30,5357,99,1387,1702,0.54
2026-09-12T22:25:07Z,77,76,30,5357,99,1378,1702,0.54
2026-09-12T22:25:09Z,78,76,30,5311,99,1381,1400,0.50
2026-09-12T22:25:11Z,75,76,30,5326,99,1337,1702,0.50
2026-09-12T22:25:13Z,75,76,30,5357,99,1600,2424,0.50
2026-09-12T22:25:15Z,76,76,30,5357,100,1368,1702,0.54
2026-09-12T22:25:17Z,75,76,30,5357,100,1379,1702,0.54
2026-09-12T22:25:19Z,77,76,30,5357,99,1377,1702,0.49
2026-09-12T22:25:21Z,74,76,30,5326,100,1600,1702,0.49
2026-09-12T22:25:23Z,75,76,30,5357,99,1349,1702,0.49
2026-09-12T22:25:25Z,76,76,30,5357,99,1358,1702,0.53
2026-09-12T22:25:27Z,75,76,30,5326,100,1600,2404,0.53
2026-09-12T22:25:29Z,76,76,30,5326,100,1376,1399,0.57
2026-09-12T22:25:31Z,76,76,30,5311,99,1600,1702,0.57
2026-09-12T22:25:33Z,76,76,30,5357,100,1379,1702,0.53
2026-09-12T22:25:36Z,75,76,30,5357,100,1600,2424,0.53
2026-09-12T22:25:38Z,71,76,30,5326,100,1600,1702,0.53
2026-09-12T22:25:40Z,75,76,30,5357,100,1398,1702,0.48
2026-09-12T22:25:42Z,76,76,30,5357,100,1600,1702,0.48
2026-09-12T22:25:44Z,76,76,30,5311,99,1418,1702,0.44
2026-09-12T22:25:46Z,73,76,30,5357,100,1339,1399,0.44
2026-09-12T22:25:48Z,73,75,30,5357,99,1390,1702,0.44
2026-09-12T22:25:50Z,73,75,30,5326,100,1369,1400,0.41
2026-09-12T22:25:52Z,72,75,30,5357,100,1370,1400,0.41
2026-09-12T22:25:54Z,75,75,30,5326,100,1350,1702,0.38
2026-09-12T22:25:56Z,75,76,30,5326,100,1347,1399,0.38
2026-09-12T22:25:58Z,72,76,30,5326,100,1600,1702,0.35
2026-09-12T22:26:00Z,75,76,30,5357,99,1600,1401,0.35
2026-09-12T22:26:03Z,76,76,30,5357,99,1391,1702,0.35
2026-09-12T22:26:05Z,72,76,30,5357,99,1600,2424,0.32
2026-09-12T22:26:07Z,76,76,30,5357,100,1385,1702,0.32
2026-09-12T22:26:09Z,75,76,30,5357,100,1364,1399,0.29
2026-09-12T22:26:11Z,76,76,30,5357,99,1419,1702,0.29
2026-09-12T22:26:13Z,75,76,30,5357,100,1355,2424,0.29
2026-09-12T22:26:15Z,77,76,30,5357,100,1369,1702,0.27
2026-09-12T22:26:17Z,78,76,30,5311,100,1383,1702,0.27
2026-09-12T22:26:19Z,76,76,30,5357,99,1326,2074,0.25
2026-09-12T22:26:21Z,75,76,30,5357,100,1441,1702,0.25
2026-09-12T22:26:23Z,76,76,30,5326,100,1394,1702,0.25
2026-09-12T22:26:25Z,76,76,30,5326,99,1360,1702,0.23
2026-09-12T22:26:27Z,71,76,30,5357,100,1600,2424,0.23
2026-09-12T22:26:29Z,76,76,30,5357,99,1364,1702,0.21
2026-09-12T22:26:31Z,77,76,30,5311,100,1375,1399,0.21
2026-09-12T22:26:34Z,76,76,30,5357,99,1600,1399,0.19
2026-09-12T22:26:36Z,76,76,30,5311,100,1341,2424,0.19
2026-09-12T22:26:38Z,75,76,30,5311,100,1600,1702,0.19
2026-09-12T22:26:40Z,76,76,30,5357,99,1362,1702,0.18
2026-09-12T22:26:42Z,72,76,30,5357,100,1600,1702,0.18
2026-09-12T22:26:44Z,73,76,30,5357,100,1554,1702,0.24
2026-09-12T22:26:46Z,76,76,30,5311,99,1384,1399,0.24
2026-09-12T22:26:48Z,77,76,30,5357,99,1377,1702,0.24
2026-09-12T22:26:50Z,76,76,30,5311,100,1381,1400,0.22
2026-09-12T22:26:52Z,73,76,30,5357,99,1507,1399,0.22
2026-09-12T22:26:54Z,73,75,30,5357,99,1398,1702,0.20
2026-09-12T22:26:56Z,73,75,30,5357,100,1367,1399,0.20
2026-09-12T22:26:58Z,75,74,30,5326,99,1516,1702,0.19
2026-09-12T22:27:00Z,72,75,30,5311,99,1525,1702,0.19
2026-09-12T22:27:03Z,72,76,30,5357,100,1490,1702,0.19
2026-09-12T22:27:05Z,72,76,30,5357,99,1596,1702,0.17
2026-09-12T22:27:07Z,76,76,30,5357,100,1395,1702,0.17
2026-09-12T22:27:09Z,73,76,30,5326,99,1481,1702,0.16
2026-09-12T22:27:11Z,73,76,30,5326,100,1331,1526,0.16
2026-09-12T22:27:13Z,75,76,30,5357,100,1600,1702,0.16
2026-09-12T22:27:15Z,76,76,30,5311,99,1394,1702,0.15
2026-09-12T22:27:17Z,75,76,30,5357,99,1600,1702,0.15
2026-09-12T22:27:19Z,75,76,30,5311,100,1340,2426,0.13
2026-09-12T22:27:21Z,76,76,30,5311,99,1376,1702,0.13
2026-09-12T22:27:23Z,77,76,30,5357,100,1374,1702,0.20
2026-09-12T22:27:25Z,76,76,30,5357,100,1378,1400,0.20
2026-09-12T22:27:27Z,76,76,30,5357,99,1600,1702,0.20
2026-09-12T22:27:30Z,76,76,30,5357,99,1349,1702,0.19
2026-09-12T22:27:32Z,75,76,30,5357,99,1377,1702,0.19
2026-09-12T22:27:34Z,78,76,30,5326,100,1343,2274,0.17
2026-09-12T22:27:36Z,76,76,30,5326,100,1399,1702,0.17
2026-09-12T22:27:38Z,77,76,30,5326,99,1379,1702,0.17
2026-09-12T22:27:40Z,73,76,30,5357,100,1600,1702,0.24
2026-09-12T22:27:42Z,75,76,30,5357,99,1343,2424,0.24
2026-09-12T22:27:44Z,75,76,30,5326,99,1600,1702,0.22
2026-09-12T22:27:46Z,76,76,30,5357,99,1372,1702,0.22
2026-09-12T22:27:48Z,78,76,30,5311,99,1380,1702,0.22
2026-09-12T22:27:50Z,75,76,30,5326,100,1355,2425,0.20
2026-09-12T22:27:52Z,76,76,30,5357,100,1377,1702,0.20
2026-09-12T22:27:54Z,76,76,30,5357,99,1375,1702,0.18
2026-09-12T22:27:56Z,75,76,30,5311,100,1377,1702,0.18
2026-09-12T22:27:58Z,72,76,30,5326,100,1600,2425,0.25
2026-09-12T22:28:01Z,73,76,30,5311,100,1413,1400,0.25
2026-09-12T22:28:03Z,73,75,30,5357,99,1385,1702,0.25
2026-09-12T22:28:05Z,63,75,30,5326,100,1040,2424,0.31
2026-09-12T22:28:07Z,76,75,30,5357,99,1371,1399,0.31
2026-09-12T22:28:09Z,76,76,30,5357,99,1381,1702,0.29
2026-09-12T22:28:11Z,76,76,30,5326,99,1364,1414,0.29
2026-09-12T22:28:13Z,76,76,30,5357,100,1377,1702,0.29
2026-09-12T22:28:15Z,76,76,30,5311,99,1375,1702,0.26
2026-09-12T22:28:17Z,76,76,30,5357,99,1378,1702,0.26
2026-09-12T22:28:19Z,75,76,30,5311,99,1375,1400,0.32
2026-09-12T22:28:21Z,77,76,30,5357,100,1380,1702,0.32
2026-09-12T22:28:23Z,76,76,30,5357,99,1369,1702,0.30
2026-09-12T22:28:25Z,75,76,30,5357,99,1330,1702,0.30
2026-09-12T22:28:27Z,75,76,30,5357,100,1457,1702,0.30
2026-09-12T22:28:30Z,75,76,30,5357,100,1398,1702,0.27
2026-09-12T22:28:32Z,75,76,30,5357,100,1344,1702,0.27
2026-09-12T22:28:34Z,75,76,30,5311,100,1321,2424,0.33
2026-09-12T22:28:36Z,72,76,30,5311,99,1403,1702,0.33
2026-09-12T22:28:38Z,76,76,30,5311,99,1600,1702,0.33
2026-09-12T22:28:40Z,76,76,30,5326,100,1395,1702,0.30
2026-09-12T22:28:42Z,75,76,30,5357,100,1337,2424,0.30
2026-09-12T22:28:44Z,76,76,30,5311,99,1600,1702,0.28
2026-09-12T22:28:46Z,76,76,30,5311,100,1366,1702,0.28
2026-09-12T22:28:48Z,76,76,30,5357,100,1371,1399,0.28
2026-09-12T22:28:50Z,76,76,30,5357,100,1387,1702,0.34
2026-09-12T22:28:52Z,76,76,30,5326,99,1370,1702,0.34
2026-09-12T22:28:54Z,76,76,30,5326,99,1600,1702,0.31
2026-09-12T22:28:56Z,75,76,30,5311,100,1330,2424,0.31
2026-09-12T22:28:59Z,75,76,30,5357,100,1401,1702,0.29
2026-09-12T22:29:01Z,72,76,30,5357,100,1600,2424,0.29
2026-09-12T22:29:03Z,75,76,30,5357,99,1363,1702,0.29
2026-09-12T22:29:05Z,75,76,30,5326,100,1361,1435,0.26
2026-09-12T22:29:07Z,73,76,30,5357,99,1559,1702,0.26
2026-09-12T22:29:09Z,73,75,30,5357,99,1408,1702,0.24
2026-09-12T22:29:11Z,73,75,30,5326,99,1375,1400,0.24
2026-09-12T22:29:13Z,75,74,30,5357,99,1600,1702,0.24
2026-09-12T22:29:15Z,71,75,30,5357,99,1600,1702,0.22
2026-09-12T22:29:17Z,74,76,30,5357,100,1375,1702,0.22
2026-09-12T22:29:19Z,71,76,30,5357,100,1600,1702,0.20
2026-09-12T22:29:21Z,76,76,30,5326,99,1596,1400,0.20
2026-09-12T22:29:23Z,75,76,30,5357,100,1600,1702,0.19
2026-09-12T22:29:26Z,76,76,30,5326,99,1523,2424,0.19
2026-09-12T22:29:28Z,76,76,30,5357,100,1432,1702,0.19
2026-09-12T22:29:30Z,76,76,30,5326,100,1382,1702,0.17
2026-09-12T22:29:32Z,75,76,30,5326,100,1385,1702,0.17
2026-09-12T22:29:34Z,76,76,30,5311,100,1318,2424,0.24
2026-09-12T22:29:36Z,75,76,30,5357,99,1362,1702,0.24
2026-09-12T22:29:38Z,76,76,30,5357,99,1334,1702,0.24
2026-09-12T22:29:40Z,72,76,30,5311,100,1597,1702,0.22
2026-09-12T22:29:42Z,75,76,30,5357,99,1384,1702,0.22
2026-09-12T22:29:44Z,76,76,30,5357,99,1380,1702,0.20
2026-09-12T22:29:46Z,76,76,30,5357,100,1356,1702,0.20
2026-09-12T22:29:48Z,76,76,30,5357,99,1289,2424,0.20
2026-09-12T22:29:50Z,76,76,30,5326,99,1375,1702,0.27
2026-09-12T22:29:52Z,76,76,30,5357,99,1377,1702,0.27
2026-09-12T22:29:54Z,71,76,30,5357,100,1599,1702,0.24
2026-09-12T22:29:57Z,75,76,30,5357,99,1338,2424,0.24
2026-09-12T22:29:59Z,76,76,30,5357,99,1600,2417,0.22
2026-09-12T22:30:01Z,76,76,30,5326,99,1383,1702,0.22
2026-09-12T22:30:03Z,73,76,30,5357,100,1536,1702,0.22
2026-09-12T22:30:05Z,74,76,30,5326,99,1417,1400,0.29
2026-09-12T22:30:07Z,75,76,30,5311,99,1362,1702,0.29
2026-09-12T22:30:09Z,78,76,30,5326,100,1375,1702,0.26
2026-09-12T22:30:11Z,75,76,30,5357,100,1398,1702,0.26
2026-09-12T22:30:13Z,72,76,30,5311,99,1376,1702,0.26
2026-09-12T22:30:15Z,73,75,30,5311,99,1329,1399,0.24
2026-09-12T22:30:17Z,73,75,30,5326,99,1359,1702,0.24
2026-09-12T22:30:19Z,74,74,30,5326,99,1389,1702,0.22
2026-09-12T22:30:21Z,76,75,30,5357,100,1415,1702,0.22
2026-09-12T22:30:24Z,76,76,30,5311,100,1600,1702,0.20
2026-09-12T22:30:26Z,75,76,30,5311,100,1600,1702,0.20
2026-09-12T22:30:28Z,75,76,30,5357,99,1376,1702,0.20
2026-09-12T22:30:30Z,75,76,30,5357,100,1373,1702,0.19
2026-09-12T22:30:32Z,76,76,30,5357,100,1600,1702,0.19
2026-09-12T22:30:34Z,75,76,30,5326,99,1423,1702,0.25
2026-09-12T22:30:36Z,75,76,30,5357,99,1373,1702,0.25
2026-09-12T22:30:38Z,76,76,30,5357,99,1363,1702,0.25
2026-09-12T22:30:40Z,75,76,30,5357,100,1358,2425,0.23
2026-09-12T22:30:42Z,75,76,30,5326,100,1364,1702,0.23
2026-09-12T22:30:44Z,73,76,30,5357,100,1351,1702,0.21
2026-09-12T22:30:46Z,72,76,30,5311,99,1591,1702,0.21
2026-09-12T22:30:48Z,75,76,30,5311,99,1339,2424,0.28
2026-09-12T22:30:50Z,76,76,30,5311,100,1376,1702,0.28
2026-09-12T22:30:53Z,78,76,30,5311,100,1370,1702,0.28
2026-09-12T22:30:55Z,71,76,30,5326,100,1530,1400,0.25
2026-09-12T22:30:57Z,76,76,30,5357,99,1373,1702,0.25
2026-09-12T22:30:59Z,77,76,30,5311,99,1374,1702,0.23
2026-09-12T22:31:01Z,76,76,30,5311,100,1600,1702,0.23
2026-09-12T22:31:03Z,75,76,30,5357,99,1354,2424,0.23
2026-09-12T22:31:05Z,75,76,30,5326,99,1600,1459,0.30
2026-09-12T22:31:07Z,75,76,30,5357,100,1391,1399,0.30
2026-09-12T22:31:09Z,75,76,30,5326,100,1351,1702,0.27
2026-09-12T22:31:11Z,75,76,30,5357,100,1329,2426,0.27
2026-09-12T22:31:13Z,75,76,30,5326,100,1389,1702,0.27
2026-09-12T22:31:15Z,77,76,30,5357,99,1385,1702,0.25
2026-09-12T22:31:17Z,75,76,30,5326,100,1388,1702,0.25
2026-09-12T22:31:19Z,76,76,30,5357,100,1292,2424,0.23
2026-09-12T22:31:21Z,72,76,30,5311,99,1353,1702,0.23
2026-09-12T22:31:24Z,73,75,30,5326,100,1387,1702,0.29
2026-09-12T22:31:26Z,73,75,30,5357,0,200,2424,0.29
2026-09-12T22:31:28Z,75,74,30,5357,99,1376,1702,0.29
2026-09-12T22:31:30Z,76,76,30,5357,99,1377,1702,0.27
2026-09-12T22:31:32Z,76,76,30,5326,100,1381,1400,0.27
2026-09-12T22:31:34Z,76,76,30,5357,99,1381,1702,0.33
2026-09-12T22:31:36Z,76,76,30,5357,99,1377,1399,0.33
2026-09-12T22:31:38Z,75,76,30,5311,99,1377,1702,0.33
2026-09-12T22:31:40Z,75,76,30,5357,99,1316,2426,0.30
2026-09-12T22:31:42Z,75,76,30,5326,100,1600,1702,0.30
2026-09-12T22:31:44Z,76,76,30,5357,99,1435,1702,0.28
2026-09-12T22:31:46Z,76,76,30,5311,100,1595,1702,0.28
2026-09-12T22:31:48Z,76,76,30,5311,100,1395,1702,0.25
2026-09-12T22:31:50Z,76,76,30,5357,100,1383,1702,0.25
2026-09-12T22:31:53Z,76,76,30,5357,99,1389,1702,0.25
2026-09-12T22:31:55Z,76,76,30,5311,100,1328,2424,0.23
2026-09-12T22:31:57Z,76,76,30,5357,100,1600,1702,0.23
2026-09-12T22:31:59Z,75,76,30,5357,100,1457,1702,0.21
2026-09-12T22:32:01Z,75,76,30,5357,100,1454,1702,0.21
2026-09-12T22:32:03Z,75,76,30,5357,100,1324,2424,0.21
2026-09-12T22:32:05Z,76,76,30,5357,100,1600,1702,0.20
2026-09-12T22:32:07Z,76,76,30,5311,100,1382,1702,0.20
2026-09-12T22:32:09Z,76,76,30,5311,100,1376,1702,0.26
2026-09-12T22:32:11Z,75,76,30,5357,99,1381,1702,0.26
2026-09-12T22:32:13Z,76,76,30,5357,100,1376,1702,0.26
2026-09-12T22:32:15Z,76,76,30,5357,99,1600,1702,0.24
2026-09-12T22:32:17Z,75,76,30,5357,100,1346,2425,0.24
2026-09-12T22:32:19Z,75,76,30,5326,99,1381,1702,0.30
2026-09-12T22:32:22Z,75,76,30,5357,99,1382,1702,0.30
2026-09-12T22:32:24Z,78,76,30,5326,99,1376,1702,0.28
2026-09-12T22:32:26Z,76,76,30,5357,99,1394,1702,0.28
2026-09-12T22:32:28Z,72,76,30,5311,100,1393,1702,0.28
2026-09-12T22:32:30Z,73,75,30,5326,100,1406,1702,0.33
2026-09-12T22:32:32Z,73,75,30,5357,99,1410,1399,0.33
2026-09-12T22:32:34Z,75,74,30,5357,100,1386,1702,0.31
2026-09-12T22:32:36Z,75,75,30,5357,99,1429,1702,0.31
2026-09-12T22:32:38Z,75,76,30,5311,100,1394,1702,0.31
2026-09-12T22:32:40Z,75,76,30,5311,99,1343,2425,0.28
2026-09-12T22:32:42Z,76,76,30,5357,99,1362,1702,0.28
2026-09-12T22:32:44Z,76,76,30,5326,99,1347,1702,0.34
2026-09-12T22:32:46Z,75,76,30,5311,100,1351,1702,0.34
2026-09-12T22:32:49Z,75,76,30,5357,100,1377,1702,0.31
2026-09-12T22:32:51Z,75,76,30,5357,99,1380,1702,0.31
2026-09-12T22:32:53Z,76,76,30,5357,100,1376,1702,0.31
2026-09-12T22:32:55Z,77,76,30,5357,100,1336,2424,0.29
2026-09-12T22:32:57Z,76,76,30,5326,99,1600,1702,0.29
2026-09-12T22:32:59Z,76,76,30,5311,100,1600,1702,0.26
2026-09-12T22:33:01Z,76,76,30,5357,100,1378,1400,0.26
2026-09-12T22:33:03Z,76,76,30,5326,100,1405,1702,0.26
2026-09-12T22:33:05Z,76,76,30,5357,100,1392,1702,0.24
2026-09-12T22:33:07Z,76,76,30,5357,99,1344,1702,0.24
2026-09-12T22:33:09Z,76,76,30,5357,100,1541,2424,0.22
2026-09-12T22:33:11Z,76,76,30,5357,100,1378,1702,0.22
2026-09-12T22:33:13Z,74,76,30,5357,99,1332,1702,0.21
2026-09-12T22:33:15Z,75,76,30,5357,99,1354,1702,0.21
2026-09-12T22:33:18Z,75,76,30,5311,99,1333,2425,0.21
2026-09-12T22:33:20Z,75,76,30,5357,100,1376,1702,0.19
2026-09-12T22:33:22Z,76,76,30,5311,100,1360,1702,0.19
2026-09-12T22:33:24Z,76,76,30,5311,100,1600,2424,0.17
2026-09-12T22:33:26Z,77,76,30,5326,99,1345,2425,0.17
2026-09-12T22:33:28Z,75,76,30,5357,99,1370,1702,0.17
2026-09-12T22:33:30Z,73,76,30,5326,99,1600,2424,0.16
2026-09-12T22:33:32Z,75,76,30,5311,100,1374,1702,0.16
2026-09-12T22:33:34Z,74,76,30,5326,99,1421,2424,0.23
2026-09-12T22:33:36Z,73,76,30,5357,99,1404,1702,0.23
2026-09-12T22:33:38Z,73,75,30,5326,99,1366,1400,0.23
2026-09-12T22:33:40Z,69,75,30,5311,99,1040,2425,0.21
2026-09-12T22:33:42Z,77,75,30,5311,100,1383,1702,0.21
2026-09-12T22:33:44Z,78,76,30,5357,100,1378,1702,0.19
2026-09-12T22:33:46Z,75,76,30,5311,99,1355,1702,0.19
2026-09-12T22:33:49Z,76,76,30,5357,99,1356,1702,0.18
2026-09-12T22:33:51Z,77,76,30,5326,99,1376,1702,0.18
2026-09-12T22:33:53Z,77,76,30,5326,100,1377,1702,0.18
2026-09-12T22:33:55Z,74,76,30,5357,99,1334,2425,0.24
2026-09-12T22:33:57Z,75,76,30,5311,100,1600,1702,0.24
2026-09-12T22:33:59Z,76,76,30,5357,100,1600,1702,0.22
2026-09-12T22:34:01Z,76,76,30,5326,100,1600,2424,0.22
2026-09-12T22:34:03Z,76,76,30,5326,100,1383,1702,0.22
2026-09-12T22:34:05Z,76,76,30,5311,99,1376,1702,0.20
2026-09-12T22:34:07Z,76,76,30,5311,99,1368,1399,0.20
2026-09-12T22:34:09Z,77,76,30,5357,99,1333,2424,0.27
2026-09-12T22:34:11Z,76,76,30,5357,100,1600,1702,0.27
2026-09-12T22:34:13Z,76,76,30,5311,99,1455,1400,0.33
2026-09-12T22:34:15Z,76,76,30,5357,99,1377,1702,0.33
2026-09-12T22:34:18Z,73,76,30,5326,100,1344,1702,0.33
2026-09-12T22:34:20Z,76,76,30,5326,100,1368,1702,0.30
2026-09-12T22:34:22Z,76,76,30,5357,99,1381,1702,0.30
2026-09-12T22:34:24Z,76,76,30,5357,99,1327,2134,0.28
2026-09-12T22:34:26Z,75,76,30,5357,99,1376,1702,0.28
2026-09-12T22:34:28Z,72,76,30,5357,99,1600,2424,0.28
2026-09-12T22:34:30Z,76,76,30,5357,100,1368,1702,0.25
2026-09-12T22:34:32Z,76,76,30,5357,99,1295,2425,0.25
2026-09-12T22:34:34Z,76,76,30,5311,100,1380,1702,0.23
2026-09-12T22:34:36Z,76,76,30,5311,100,1412,1702,0.23
2026-09-12T22:34:38Z,77,76,30,5326,100,1380,1702,0.23
2026-09-12T22:34:40Z,75,76,30,5311,99,1380,1702,0.21
2026-09-12T22:34:42Z,71,76,30,5357,99,1365,1702,0.21
2026-09-12T22:34:44Z,73,75,30,5311,6,1515,1702,0.20
2026-09-12T22:34:47Z,73,75,30,5326,100,1416,1702,0.20
2026-09-12T22:34:49Z,60,74,30,5326,0,200,2424,0.18
2026-09-12T22:34:51Z,58,71,30,5311,0,200,2424,0.18
2026-09-12T22:34:53Z,57,69,30,5326,9,1040,2424,0.18
2026-09-12T22:34:55Z,57,67,30,5108,8,1040,2424,0.25
2026-09-12T22:34:57Z,56,65,30,5067,14,1040,2424,0.25
2026-09-12T22:34:59Z,54,63,30,4539,0,200,2424,0.31
2026-09-12T22:35:01Z,54,62,30,4194,0,200,2425,0.31
2026-09-12T22:35:03Z,53,61,30,4032,0,200,2425,0.31
2026-09-12T22:35:05Z,67,63,30,3348,99,1530,1726,0.36
2026-09-12T22:35:07Z,69,67,30,3033,100,1600,2425,0.36
2026-09-12T22:35:09Z,70,69,30,3083,99,1525,1702,0.33
2026-09-12T22:35:11Z,71,70,30,3289,100,1355,1702,0.33
2026-09-12T22:35:13Z,69,71,30,3605,100,1341,1702,0.33
2026-09-12T22:35:15Z,69,72,30,3881,100,1600,1399,0.31
2026-09-12T22:35:17Z,74,73,30,4049,99,1475,1702,0.31
2026-09-12T22:35:20Z,71,74,30,4251,99,1285,1399,0.28
2026-09-12T22:35:22Z,73,74,30,4464,99,1394,2425,0.28
2026-09-12T22:35:24Z,74,75,30,4687,99,1537,1702,0.26
2026-09-12T22:35:26Z,75,75,30,4870,99,1600,2425,0.26
2026-09-12T22:35:28Z,75,75,30,5040,100,1526,1702,0.26
2026-09-12T22:35:30Z,75,76,30,5179,100,1537,1702,0.24
2026-09-12T22:35:32Z,76,76,30,5252,100,1364,1702,0.24
2026-09-12T22:35:34Z,72,76,30,5237,100,1600,2424,0.22
2026-09-12T22:35:36Z,68,76,30,5281,100,1040,2424,0.22
2026-09-12T22:35:38Z,75,75,30,5237,100,1363,1702,0.22
2026-09-12T22:35:40Z,72,75,30,5237,99,1600,1702,0.20
2026-09-12T22:35:42Z,73,75,30,5281,99,1431,2296,0.20
2026-09-12T22:35:44Z,72,74,30,5281,99,1597,1399,0.51
2026-09-12T22:35:46Z,69,74,30,5281,99,1440,2156,0.51
2026-09-12T22:35:48Z,75,73,30,5252,99,1456,1702,0.47
2026-09-12T22:35:51Z,75,74,30,5237,100,1517,1702,0.47
2026-09-12T22:35:53Z,75,75,30,5237,99,1342,1702,0.47
2026-09-12T22:35:55Z,71,75,30,5281,99,1329,1702,0.43
2026-09-12T22:35:57Z,75,75,30,5281,99,1591,1702,0.43
2026-09-12T22:35:59Z,75,76,30,5281,100,1474,1702,0.63
2026-09-12T22:36:01Z,72,76,30,5281,100,1600,1702,0.63
2026-09-12T22:36:03Z,75,76,30,5281,100,1521,1399,0.63
2026-09-12T22:36:05Z,75,76,30,5281,99,1311,2424,0.58
2026-09-12T22:36:07Z,75,76,30,5252,99,1310,1702,0.58
2026-09-12T22:36:09Z,75,76,30,5281,99,1359,2425,0.54
2026-09-12T22:36:11Z,71,76,30,5281,100,1468,1702,0.54
2026-09-12T22:36:13Z,72,76,30,5237,99,1600,1702,0.54
2026-09-12T22:36:15Z,75,76,30,5281,100,1513,1702,0.49
2026-09-12T22:36:17Z,76,76,30,5237,100,1335,1999,0.49
2026-09-12T22:36:19Z,75,76,30,5281,93,1481,2424,0.45
2026-09-12T22:36:22Z,76,76,30,5281,99,1358,1702,0.45
2026-09-12T22:36:24Z,75,76,30,5281,100,1600,1702,0.42
2026-09-12T22:36:26Z,72,76,30,5281,100,1587,1702,0.42
2026-09-12T22:36:28Z,72,75,30,5281,99,1567,1702,0.42
2026-09-12T22:36:30Z,72,75,30,5281,99,1526,1702,0.38
2026-09-12T22:36:32Z,76,74,30,5281,100,1358,1702,0.38
2026-09-12T22:36:34Z,76,75,30,5281,99,1371,1702,0.35
2026-09-12T22:36:36Z,75,76,30,5281,99,1328,1702,0.35
2026-09-12T22:36:38Z,76,76,30,5281,99,1365,1702,0.35
2026-09-12T22:36:40Z,75,76,30,5281,99,1518,1702,0.40
2026-09-12T22:36:42Z,75,76,30,5281,99,1377,1702,0.40
2026-09-12T22:36:44Z,76,76,30,5281,100,1375,1702,0.69
2026-09-12T22:36:46Z,75,76,30,5281,100,1526,1399,0.69
2026-09-12T22:36:48Z,73,76,30,5281,99,1600,1702,0.72
2026-09-12T22:36:51Z,77,76,30,5281,100,1412,1702,0.72
2026-09-12T22:36:53Z,74,76,30,5281,100,1413,2425,0.72
2026-09-12T22:36:55Z,76,76,30,5281,99,1330,1702,0.66
2026-09-12T22:36:57Z,74,76,30,5281,99,1326,1702,0.66
2026-09-12T22:36:59Z,75,76,30,5281,100,1600,2405,0.61
2026-09-12T22:37:01Z,76,76,30,5281,99,1355,1702,0.61
2026-09-12T22:37:03Z,75,76,30,5281,99,1600,1702,0.61
2026-09-12T22:37:05Z,76,76,30,5281,99,1533,1702,0.56
2026-09-12T22:37:07Z,77,76,30,5326,99,1358,1702,0.56
2026-09-12T22:37:09Z,72,76,30,5281,100,1488,1848,0.59
2026-09-12T22:37:11Z,71,75,30,5281,99,1482,2218,0.59
2026-09-12T22:37:13Z,74,75,30,5281,0,200,2424,0.59
2026-09-12T22:37:15Z,74,74,30,5281,100,1600,2424,0.63
2026-09-12T22:37:17Z,75,75,30,5281,99,1401,1702,0.63
2026-09-12T22:37:20Z,78,76,30,5326,100,1474,1702,0.58
2026-09-12T22:37:22Z,78,76,30,5281,100,1473,1702,0.58
2026-09-12T22:37:24Z,75,76,30,5281,100,1600,1702,0.53
2026-09-12T22:37:26Z,75,76,30,5281,99,1504,1702,0.53
2026-09-12T22:37:28Z,72,76,30,5281,99,1600,1702,0.53
2026-09-12T22:37:30Z,75,76,30,5311,99,1368,1702,0.49
2026-09-12T22:37:32Z,73,76,30,5311,99,1600,1702,0.49
2026-09-12T22:37:34Z,76,76,30,5281,100,1347,1702,0.45
2026-09-12T22:37:36Z,76,76,30,5281,100,1409,2424,0.45
2026-09-12T22:37:38Z,71,76,30,5326,100,1600,1702,0.45
2026-09-12T22:37:40Z,72,76,30,5281,99,1600,1400,0.41
2026-09-12T22:37:42Z,75,76,30,5281,99,1368,1702,0.41
2026-09-12T22:37:44Z,75,76,30,5281,99,1314,1399,0.38
2026-09-12T22:37:46Z,75,76,30,5281,100,1600,1702,0.38
2026-09-12T22:37:49Z,75,76,30,5326,100,1538,1702,0.35
2026-09-12T22:37:51Z,76,76,30,5281,100,1350,1702,0.35
2026-09-12T22:37:53Z,73,76,30,5281,84,1534,1699,0.35
2026-09-12T22:37:55Z,73,75,30,5281,0,1490,2254,0.32
2026-09-12T22:37:57Z,65,75,30,5281,0,200,2424,0.32
2026-09-12T22:37:59Z,75,75,30,5281,100,1485,1702,0.29
2026-09-12T22:38:01Z,75,76,30,5281,99,1523,1702,0.29
2026-09-12T22:38:03Z,74,76,30,5326,99,1320,1400,0.29
2026-09-12T22:38:05Z,74,76,30,5281,99,1297,1493,0.27
2026-09-12T22:38:07Z,76,76,30,5311,99,1600,1702,0.27
2026-09-12T22:38:09Z,76,76,30,5281,99,1376,1702,0.65
2026-09-12T22:38:11Z,76,76,30,5281,100,1600,1702,0.65
2026-09-12T22:38:13Z,76,77,30,5281,100,1493,1702,0.65
2026-09-12T22:38:15Z,75,77,30,5281,100,1600,1702,0.68
2026-09-12T22:38:18Z,73,77,30,5281,99,1340,1702,0.68
2026-09-12T22:38:20Z,78,77,30,5281,99,1318,2424,0.62
2026-09-12T22:38:22Z,76,77,30,5281,100,1600,1702,0.62
2026-09-12T22:38:24Z,74,77,30,5326,99,1600,2424,0.57
2026-09-12T22:38:26Z,72,77,30,5357,99,1310,1399,0.57
2026-09-12T22:38:28Z,72,77,30,5357,99,1600,1399,0.57
2026-09-12T22:38:30Z,69,76,30,5326,100,1227,2424,0.53
2026-09-12T22:38:32Z,76,76,30,5357,100,1329,1399,0.53
2026-09-12T22:38:34Z,77,76,30,5357,99,1600,1702,0.48
2026-09-12T22:38:36Z,73,76,30,5326,99,1468,1674,0.48
2026-09-12T22:38:38Z,74,75,30,5357,99,1455,2425,0.48
2026-09-12T22:38:40Z,64,75,30,5357,0,200,2424,0.53
2026-09-12T22:38:42Z,77,75,30,5326,99,1380,1702,0.53
2026-09-12T22:38:44Z,76,76,30,5311,100,1472,1702,0.48
2026-09-12T22:38:46Z,75,76,30,5357,99,1365,1402,0.48
2026-09-12T22:38:49Z,72,76,30,5357,100,1600,1702,0.52
2026-09-12T22:38:51Z,75,76,30,5357,99,1547,1702,0.52
2026-09-12T22:38:53Z,76,76,30,5357,99,1377,1702,0.52
2026-09-12T22:38:55Z,75,76,30,5357,100,1600,1702,0.56
2026-09-12T22:38:57Z,76,76,30,5357,100,1484,1702,0.56
2026-09-12T22:38:59Z,75,76,30,5357,100,1600,1702,0.52
2026-09-12T22:39:01Z,75,77,30,5326,99,1316,1399,0.52
2026-09-12T22:39:03Z,75,77,30,5357,99,1263,2425,0.52
2026-09-12T22:39:05Z,73,77,30,5357,100,1600,1702,0.48
2026-09-12T22:39:07Z,73,77,30,5357,100,1600,2424,0.48
2026-09-12T22:39:09Z,78,77,30,5357,100,1396,1702,0.44
2026-09-12T22:39:11Z,75,77,30,5357,99,1335,1702,0.44
2026-09-12T22:39:13Z,72,76,30,5311,99,1600,1702,0.44
2026-09-12T22:39:15Z,76,76,30,5357,100,1404,1702,0.40
2026-09-12T22:39:17Z,75,76,30,5357,100,1600,1702,0.40
2026-09-12T22:39:20Z,75,76,30,5357,100,1476,1590,0.69
2026-09-12T22:39:22Z,70,75,30,5357,99,1477,1702,0.69
2026-09-12T22:39:24Z,68,74,30,5357,100,1040,2425,0.72
2026-09-12T22:39:26Z,75,75,30,5311,99,1396,1400,0.72
2026-09-12T22:39:28Z,75,76,30,5357,100,1571,1399,0.72
2026-09-12T22:39:30Z,77,76,30,5311,100,1470,1702,0.66
2026-09-12T22:39:32Z,76,76,30,5326,100,1402,2424,0.66
2026-09-12T22:39:34Z,76,76,30,5357,99,1568,1702,0.61
2026-09-12T22:39:36Z,76,76,30,5357,99,1489,1702,0.61
2026-09-12T22:39:38Z,76,76,30,5357,100,1457,1702,0.61
2026-09-12T22:39:40Z,75,76,30,5326,99,1540,1702,0.56
2026-09-12T22:39:42Z,76,76,30,5357,100,1600,2197,0.56
2026-09-12T22:39:44Z,75,77,30,5311,100,1306,1781,0.51
2026-09-12T22:39:46Z,72,77,30,5357,100,1600,1702,0.51
2026-09-12T22:39:49Z,73,77,30,5357,99,1600,1702,0.47
2026-09-12T22:39:51Z,74,77,30,5357,99,1585,2425,0.47
2026-09-12T22:39:53Z,76,77,30,5357,100,1366,1702,0.47
2026-09-12T22:39:55Z,73,76,30,5357,99,1600,2424,0.43
2026-09-12T22:39:57Z,75,76,30,5326,100,1600,2424,0.43
2026-09-12T22:39:59Z,71,76,30,5311,100,1600,1702,0.40
2026-09-12T22:40:01Z,76,76,30,5357,100,1460,1399,0.40
2026-09-12T22:40:03Z,72,76,30,5311,99,1520,1399,0.40
2026-09-12T22:40:05Z,70,75,30,5357,100,1493,1726,0.45
2026-09-12T22:40:07Z,69,75,30,5357,99,1040,2424,0.45
2026-09-12T22:40:09Z,75,75,30,5357,99,1360,1702,0.41
2026-09-12T22:40:11Z,72,76,30,5357,99,1600,1399,0.41
2026-09-12T22:40:13Z,76,76,30,5357,100,1582,1702,0.41
2026-09-12T22:40:15Z,76,76,30,5357,99,1477,2424,0.38
2026-09-12T22:40:17Z,76,76,30,5357,100,1600,1702,0.38
2026-09-12T22:40:19Z,75,76,30,5357,99,1600,2391,0.67
2026-09-12T22:40:22Z,76,76,30,5357,99,1366,1702,0.67
2026-09-12T22:40:24Z,76,76,30,5357,99,1600,2424,0.61
2026-09-12T22:40:26Z,72,76,30,5357,99,1600,1440,0.61
2026-09-12T22:40:28Z,76,77,30,5326,99,1386,2041,0.61
2026-09-12T22:40:30Z,78,77,30,5357,100,1480,1702,0.56
2026-09-12T22:40:32Z,77,77,30,5357,99,1372,1399,0.56
2026-09-12T22:40:34Z,78,77,30,5357,99,1302,2425,0.52
2026-09-12T22:40:36Z,75,77,30,5357,100,1600,1702,0.52
2026-09-12T22:40:38Z,76,76,30,5357,100,1354,1702,0.52
2026-09-12T22:40:40Z,78,76,30,5357,100,1470,1702,0.56
2026-09-12T22:40:42Z,75,76,30,5357,100,1588,1702,0.56
2026-09-12T22:40:44Z,72,76,30,5357,100,1600,1702,0.51
2026-09-12T22:40:46Z,73,76,30,5357,100,1559,1702,0.51
2026-09-12T22:40:48Z,73,75,30,5357,99,1553,1702,0.47
2026-09-12T22:40:51Z,69,75,30,5357,99,1049,2425,0.47
2026-09-12T22:40:53Z,72,75,30,5357,99,1600,1702,0.47
2026-09-12T22:40:55Z,75,76,30,5357,100,1520,2215,0.43
2026-09-12T22:40:57Z,76,76,30,5311,99,1371,1702,0.43
2026-09-12T22:40:59Z,78,76,30,5357,100,1324,2424,0.48
2026-09-12T22:41:01Z,76,76,30,5357,99,1506,1702,0.48
2026-09-12T22:41:03Z,75,76,30,5357,99,1504,1702,0.48
2026-09-12T22:41:05Z,76,76,30,5357,100,1600,1702,0.52
2026-09-12T22:41:07Z,76,76,30,5357,99,1447,1702,0.52
2026-09-12T22:41:09Z,76,76,30,5311,100,1600,1702,0.48
2026-09-12T22:41:11Z,74,77,30,5357,100,1324,1702,0.48
2026-09-12T22:41:13Z,73,77,30,5357,99,1325,1702,0.48
2026-09-12T22:41:15Z,73,77,30,5357,99,1600,1702,0.44
2026-09-12T22:41:17Z,73,77,30,5357,100,1600,2424,0.44
2026-09-12T22:41:19Z,78,77,30,5357,99,1378,1702,0.40
2026-09-12T22:41:22Z,72,77,30,5311,100,1600,1702,0.40
2026-09-12T22:41:24Z,73,76,30,5357,99,1600,2425,0.37
2026-09-12T22:41:26Z,74,76,30,5357,99,1328,1702,0.37
2026-09-12T22:41:28Z,76,76,30,5357,100,1539,2273,0.37
2026-09-12T22:41:30Z,72,76,30,5357,99,1531,1400,0.34
2026-09-12T22:41:32Z,73,75,30,5357,100,1528,1449,0.34
2026-09-12T22:41:34Z,69,75,30,5357,99,1204,2424,0.39
2026-09-12T22:41:36Z,78,75,30,5357,99,1387,1412,0.39
2026-09-12T22:41:38Z,75,76,30,5357,100,1308,2425,0.39
2026-09-12T22:41:40Z,75,76,30,5357,100,1600,2420,0.36
2026-09-12T22:41:42Z,75,76,30,5357,100,1460,2424,0.36
2026-09-12T22:41:44Z,77,76,30,5326,99,1360,1702,0.33
2026-09-12T22:41:46Z,75,77,30,5357,99,1600,1955,0.33
2026-09-12T22:41:48Z,78,77,30,5357,100,1449,1702,0.33
2026-09-12T22:41:50Z,75,77,30,5357,99,1346,1702,0.31
2026-09-12T22:41:53Z,75,77,30,5326,99,1330,1702,0.31
2026-09-12T22:41:55Z,76,77,30,5311,100,1504,1702,0.28
2026-09-12T22:41:57Z,76,77,30,5357,100,1539,1702,0.28
2026-09-12T22:41:59Z,76,77,30,5357,100,1460,1702,0.26
2026-09-12T22:42:01Z,76,77,30,5326,100,1431,2424,0.26
2026-09-12T22:42:03Z,75,77,30,5357,100,1600,2428,0.26
2026-09-12T22:42:05Z,75,77,30,5357,99,1468,1702,0.24
2026-09-12T22:42:07Z,73,76,30,5357,99,1324,1529,0.24
2026-09-12T22:42:09Z,75,76,30,5357,100,1600,1400,0.22
2026-09-12T22:42:11Z,75,76,30,5357,99,1382,2424,0.22
2026-09-12T22:42:13Z,71,76,30,5357,100,1499,1702,0.22
2026-09-12T22:42:15Z,71,75,30,5357,99,1512,1702,0.44
2026-09-12T22:42:17Z,69,75,30,5357,100,1566,1702,0.44
2026-09-12T22:42:19Z,77,75,30,5326,99,1363,1401,0.41
2026-09-12T22:42:21Z,74,76,30,5357,99,1310,1702,0.41
2026-09-12T22:42:24Z,76,76,30,5357,99,1351,1702,0.37
2026-09-12T22:42:26Z,75,76,30,5357,99,1470,2424,0.37
2026-09-12T22:42:28Z,76,76,30,5326,100,1355,1702,0.37
2026-09-12T22:42:30Z,75,76,30,5357,100,1347,2249,0.58
2026-09-12T22:42:32Z,76,76,30,5357,99,1340,1702,0.58
2026-09-12T22:42:34Z,75,76,30,5357,100,1600,1702,0.54
2026-09-12T22:42:36Z,72,77,30,5357,99,1600,1702,0.54
2026-09-12T22:42:38Z,77,77,30,5357,99,1395,1702,0.54
2026-09-12T22:42:40Z,78,77,30,5357,99,1453,1702,0.49
2026-09-12T22:42:42Z,75,77,30,5357,99,1312,1702,0.49
2026-09-12T22:42:44Z,72,77,30,5326,99,1600,2425,0.45
2026-09-12T22:42:46Z,78,77,30,5357,100,1410,1702,0.45
2026-09-12T22:42:48Z,74,76,30,5357,99,1292,1399,0.45
2026-09-12T22:42:50Z,75,76,30,5357,99,1600,1702,0.50
2026-09-12T22:42:53Z,77,76,30,5326,99,1369,1702,0.50
2026-09-12T22:42:55Z,76,76,30,5357,100,1600,2424,0.46
2026-09-12T22:42:57Z,73,76,30,5357,99,1459,1976,0.46
2026-09-12T22:42:59Z,73,75,30,5357,100,1458,2424,0.50
2026-09-12T22:43:01Z,75,74,30,5326,100,1600,1702,0.50
2026-09-12T22:43:03Z,76,75,30,5357,100,1344,1702,0.50
2026-09-12T22:43:05Z,76,76,30,5357,99,1600,1702,0.46
2026-09-12T22:43:07Z,75,76,30,5357,99,1515,1399,0.46
2026-09-12T22:43:09Z,76,76,30,5357,100,1425,2424,0.50
2026-09-12T22:43:11Z,76,76,30,5357,99,1600,1702,0.50
2026-09-12T22:43:13Z,75,76,30,5357,99,1391,2425,0.50
2026-09-12T22:43:15Z,75,76,30,5357,100,1600,1702,0.54
2026-09-12T22:43:17Z,75,77,30,5357,100,1513,1702,0.54
2026-09-12T22:43:19Z,76,77,30,5326,100,1592,1702,0.50
2026-09-12T22:43:21Z,72,77,30,5357,100,1600,1702,0.50
2026-09-12T22:43:24Z,75,77,30,5357,100,1600,1702,0.46
2026-09-12T22:43:26Z,75,77,30,5357,100,1600,2424,0.46
2026-09-12T22:43:28Z,76,77,30,5311,99,1428,2424,0.46
2026-09-12T22:43:30Z,77,77,30,5311,99,1600,1400,0.42
2026-09-12T22:43:32Z,76,77,30,5357,100,1600,2351,0.42
2026-09-12T22:43:34Z,77,76,30,5357,99,1378,1702,0.39
2026-09-12T22:43:36Z,74,76,30,5357,100,1600,2424,0.39
2026-09-12T22:43:38Z,71,76,30,5326,99,1223,2425,0.39
2026-09-12T22:43:40Z,73,76,30,5311,99,1541,1702,0.36
2026-09-12T22:43:42Z,72,75,30,5357,100,1508,2150,0.36
2026-09-12T22:43:44Z,77,75,30,5311,99,1336,1702,0.33
2026-09-12T22:43:46Z,76,75,30,5357,100,1418,1702,0.33
2026-09-12T22:43:48Z,77,76,30,5357,100,1355,1702,0.33
2026-09-12T22:43:50Z,72,76,30,5357,99,1600,2424,0.30
2026-09-12T22:43:52Z,76,76,30,5357,99,1587,1702,0.30
2026-09-12T22:43:55Z,76,76,30,5326,99,1467,1702,0.28
2026-09-12T22:43:57Z,72,77,30,5357,100,1600,2424,0.28
2026-09-12T22:43:59Z,77,77,30,5357,100,1475,1702,0.26
2026-09-12T22:44:01Z,75,77,30,5357,100,1319,2324,0.26
2026-09-12T22:44:03Z,72,77,30,5326,99,1600,1399,0.26
2026-09-12T22:44:05Z,76,77,30,5357,99,1377,1702,0.23
2026-09-12T22:44:07Z,78,77,30,5326,99,1362,1702,0.23
2026-09-12T22:44:09Z,74,77,30,5311,99,1308,1702,0.22
2026-09-12T22:44:11Z,74,77,30,5357,99,1600,1702,0.22
2026-09-12T22:44:13Z,77,77,30,5357,99,1600,1702,0.22
2026-09-12T22:44:15Z,77,77,30,5357,99,1258,2424,0.44
2026-09-12T22:44:17Z,74,76,30,5357,100,1600,2424,0.44
2026-09-12T22:44:19Z,76,76,30,5311,100,1353,1399,0.40
2026-09-12T22:44:21Z,72,76,30,5357,99,1512,1519,0.40
2026-09-12T22:44:23Z,73,76,30,5357,100,1541,1399,0.69
2026-09-12T22:44:26Z,72,75,30,5311,100,1554,1399,0.69
2026-09-12T22:44:28Z,75,75,30,5326,100,1488,1702,0.69
2026-09-12T22:44:30Z,76,75,30,5357,100,1600,1702,0.64
2026-09-12T22:44:32Z,76,76,30,5357,99,1370,1702,0.64
2026-09-12T22:44:34Z,76,76,30,5326,99,1368,1702,0.83
2026-09-12T22:44:36Z,72,76,30,5357,100,1600,1702,0.83
2026-09-12T22:44:38Z,76,76,30,5357,100,1600,2186,0.83
2026-09-12T22:44:40Z,75,76,30,5311,99,1421,2424,0.76
2026-09-12T22:44:42Z,77,77,30,5357,99,1600,1963,0.76
2026-09-12T22:44:44Z,78,77,30,5357,99,1321,2425,0.70
2026-09-12T22:44:46Z,77,77,30,5357,100,1347,1702,0.70
2026-09-12T22:44:48Z,75,77,30,5326,99,1537,1702,0.70
2026-09-12T22:44:50Z,76,77,30,5357,100,1456,1702,0.72
2026-09-12T22:44:52Z,78,77,30,5311,100,1397,1702,0.72
2026-09-12T22:44:55Z,72,77,30,5357,100,1385,1702,0.75
2026-09-12T22:44:57Z,75,77,30,5311,99,1533,1702,0.75
2026-09-12T22:44:59Z,78,77,30,5357,99,1319,2424,0.77
2026-09-12T22:45:01Z,76,76,30,5357,100,1600,1702,0.77
2026-09-12T22:45:03Z,76,76,30,5357,100,1479,1702,0.77
2026-09-12T22:45:05Z,74,76,30,5357,99,1283,2424,0.70
2026-09-12T22:45:07Z,73,76,30,5357,100,200,2425,0.70
2026-09-12T22:45:09Z,73,75,30,5357,15,1482,2425,0.97
2026-09-12T22:45:11Z,74,74,30,5357,100,1600,1702,0.97
2026-09-12T22:45:13Z,76,76,30,5357,99,1364,1702,0.97
2026-09-12T22:45:15Z,76,76,30,5311,100,1557,1702,0.89
2026-09-12T22:45:17Z,76,76,30,5357,100,1554,1702,0.89
2026-09-12T22:45:19Z,76,76,30,5357,99,1331,1702,0.90
2026-09-12T22:45:21Z,75,76,30,5357,100,1600,2424,0.90
2026-09-12T22:45:23Z,78,76,30,5357,100,1466,1702,0.99
2026-09-12T22:45:26Z,76,77,30,5357,99,1377,1508,0.99
2026-09-12T22:45:28Z,76,77,30,5357,99,1427,2424,0.99
2026-09-12T22:45:30Z,77,77,30,5357,99,1363,1702,0.91
2026-09-12T22:45:32Z,75,77,30,5357,99,1600,2424,0.91
2026-09-12T22:45:34Z,77,77,30,5357,99,1380,1400,0.84
2026-09-12T22:45:36Z,76,77,30,5357,100,1527,1702,0.84
2026-09-12T22:45:38Z,72,77,30,5357,99,1600,1702,0.84
2026-09-12T22:45:40Z,75,77,30,5357,100,1600,1399,0.77
2026-09-12T22:45:42Z,77,77,30,5357,100,1322,2425,0.77
2026-09-12T22:45:44Z,71,76,30,5357,100,1600,1702,0.79
2026-09-12T22:45:46Z,75,76,30,5357,99,1360,1702,0.79
2026-09-12T22:45:48Z,74,76,30,5357,99,1491,1399,0.79
2026-09-12T22:45:50Z,72,76,30,5357,100,1570,1702,0.72
2026-09-12T22:45:52Z,73,75,30,5357,0,1503,1399,0.72
2026-09-12T22:45:55Z,61,74,30,5357,0,200,2425,0.91
2026-09-12T22:45:57Z,61,72,30,5357,0,200,3499,0.91
2026-09-12T22:45:59Z,58,70,30,5311,0,200,2424,0.99
2026-09-12T22:46:01Z,57,68,30,5311,0,200,2424,0.99
2026-09-12T22:46:03Z,56,66,30,4934,0,200,3499,0.99
2026-09-12T22:46:05Z,60,65,30,4934,99,1040,2425,0.99
2026-09-12T22:46:07Z,55,63,30,4157,0,200,2424,0.99
2026-09-12T22:46:09Z,65,62,30,4148,99,1236,2425,1.08
2026-09-12T22:46:11Z,69,67,30,3690,100,1600,1400,1.08
2026-09-12T22:46:13Z,70,69,30,3591,100,1462,1702,1.08
2026-09-12T22:46:15Z,71,70,30,3626,99,1600,2424,0.99
2026-09-12T22:46:17Z,72,71,30,3803,100,1385,1702,0.99
2026-09-12T22:46:19Z,74,72,30,3972,99,1381,1702,0.91
2026-09-12T22:46:21Z,73,73,30,4213,100,1361,1702,0.91
2026-09-12T22:46:23Z,75,74,30,4360,100,1324,2424,0.91
2026-09-12T22:46:25Z,74,74,30,4573,99,1378,1702,0.92
2026-09-12T22:46:27Z,74,75,30,4687,100,1375,1702,0.92
2026-09-12T22:46:30Z,75,75,30,4870,99,1368,1399,0.84
2026-09-12T22:46:32Z,71,75,30,5000,100,1599,2424,0.84
2026-09-12T22:46:34Z,75,76,30,5208,100,1403,1702,0.77
2026-09-12T22:46:36Z,75,76,30,5237,100,1364,1702,0.77
2026-09-12T22:46:38Z,75,76,30,5252,99,1322,2426,0.77
2026-09-12T22:46:40Z,76,76,30,5237,99,1398,1702,0.79
2026-09-12T22:46:42Z,75,76,30,5237,99,1398,1702,0.79
2026-09-12T22:46:44Z,77,76,30,5208,99,1372,1400,0.73
2026-09-12T22:46:46Z,74,76,30,5208,99,1447,2424,0.73
2026-09-12T22:46:48Z,73,76,30,5208,100,1600,1702,0.73
2026-09-12T22:46:50Z,76,76,30,5252,99,1432,1702,0.67
2026-09-12T22:46:52Z,76,76,30,5208,99,1368,1702,0.67
2026-09-12T22:46:54Z,75,76,30,5252,100,1328,2425,0.70
2026-09-12T22:46:56Z,76,76,30,5208,99,1600,1702,0.70
2026-09-12T22:46:58Z,75,76,30,5252,100,1394,1702,0.72
2026-09-12T22:47:01Z,75,76,30,5252,100,1600,2424,0.72
2026-09-12T22:47:03Z,75,76,30,5252,100,1405,2424,0.72
2026-09-12T22:47:05Z,75,76,30,5208,99,1600,1702,0.66
2026-09-12T22:47:07Z,77,76,30,5208,99,1386,1702,0.66
2026-09-12T22:47:09Z,76,76,30,5252,99,1363,1702,0.61
2026-09-12T22:47:11Z,73,76,30,5237,100,1554,1399,0.61
2026-09-12T22:47:13Z,71,75,30,5252,100,1517,1702,0.61
2026-09-12T22:47:15Z,74,75,30,5252,93,1462,1400,0.64
2026-09-12T22:47:17Z,67,75,30,5252,100,1040,2425,0.64
2026-09-12T22:47:19Z,76,75,30,5252,100,1388,1702,0.59
2026-09-12T22:47:21Z,75,75,30,5237,100,1349,1399,0.59
2026-09-12T22:47:23Z,75,76,30,5252,99,1366,1702,0.59
2026-09-12T22:47:25Z,76,76,30,5252,100,1350,1702,0.62
2026-09-12T22:47:28Z,73,76,30,5252,99,1326,1702,0.62
2026-09-12T22:47:30Z,76,76,30,5208,100,1600,1399,0.57
2026-09-12T22:47:32Z,75,76,30,5237,99,1374,2424,0.57
2026-09-12T22:47:34Z,76,76,30,5237,99,1374,1702,0.53
2026-09-12T22:47:36Z,76,76,30,5237,100,1367,1702,0.53
2026-09-12T22:47:38Z,72,76,30,5252,99,1600,1702,0.53
2026-09-12T22:47:40Z,76,76,30,5252,99,1479,1702,0.56
2026-09-12T22:47:42Z,76,76,30,5237,99,1383,1702,0.56
2026-09-12T22:47:44Z,78,76,30,5252,100,1378,1702,0.52
2026-09-12T22:47:46Z,76,76,30,5237,100,1527,2425,0.52
2026-09-12T22:47:48Z,76,76,30,5252,99,1375,1702,0.52
2026-09-12T22:47:50Z,72,76,30,5252,100,1600,1702,0.48
2026-09-12T22:47:52Z,76,77,30,5281,99,1383,1702,0.48
2026-09-12T22:47:54Z,76,77,30,5357,99,1328,2424,0.52
2026-09-12T22:47:56Z,76,77,30,5387,99,1348,1702,0.52
2026-09-12T22:47:59Z,78,77,30,5387,100,1368,1702,0.48
2026-09-12T22:48:01Z,76,77,30,5357,99,1379,1399,0.48
2026-09-12T22:48:03Z,72,76,30,5357,99,1600,2424,0.48
2026-09-12T22:48:05Z,76,76,30,5357,99,1378,1702,0.44
2026-09-12T22:48:07Z,75,76,30,5357,100,1600,1702,0.44
2026-09-12T22:48:09Z,76,76,30,5357,99,1379,1702,0.40
2026-09-12T22:48:11Z,70,76,30,5357,100,1341,2424,0.40
2026-09-12T22:48:13Z,77,76,30,5403,99,1362,1702,0.40
2026-09-12T22:48:15Z,75,76,30,5357,99,1437,1702,0.37
2026-09-12T22:48:17Z,73,76,30,5357,99,1361,1401,0.37
2026-09-12T22:48:19Z,73,76,30,5357,100,1549,1702,0.42
2026-09-12T22:48:21Z,73,76,30,5357,99,1330,1399,0.42
2026-09-12T22:48:23Z,71,75,30,5357,100,1511,1702,0.42
2026-09-12T22:48:25Z,66,75,30,5387,99,1040,2424,0.39
2026-09-12T22:48:28Z,76,75,30,5357,99,1348,1702,0.39
2026-09-12T22:48:30Z,76,76,30,5403,100,1378,1702,0.36
2026-09-12T22:48:32Z,76,76,30,5357,99,1377,1702,0.36
2026-09-12T22:48:34Z,75,76,30,5387,100,1372,1400,0.33
2026-09-12T22:48:36Z,72,76,30,5357,99,1599,1702,0.33
2026-09-12T22:48:38Z,75,76,30,5387,100,1600,1702,0.33
2026-09-12T22:48:40Z,75,76,30,5387,100,1378,2424,0.30
2026-09-12T22:48:42Z,76,76,30,5403,100,1375,1702,0.30
2026-09-12T22:48:44Z,76,76,30,5403,100,1377,1702,0.28
2026-09-12T22:48:46Z,77,76,30,5403,99,1342,1702,0.28
2026-09-12T22:48:48Z,75,76,30,5403,99,1450,1702,0.28
2026-09-12T22:48:50Z,77,76,30,5387,100,1439,1702,0.25
2026-09-12T22:48:52Z,77,76,30,5357,100,1371,1702,0.25
2026-09-12T22:48:54Z,75,76,30,5387,99,1395,2426,0.23
2026-09-12T22:48:57Z,76,76,30,5387,100,1366,1702,0.23
2026-09-12T22:48:59Z,76,76,30,5403,99,1354,1702,0.21
2026-09-12T22:49:01Z,75,76,30,5387,100,1600,1702,0.21
2026-09-12T22:49:03Z,75,76,30,5403,99,1330,2424,0.21
2026-09-12T22:49:05Z,76,76,30,5403,99,1370,1702,0.20
2026-09-12T22:49:07Z,76,76,30,5387,100,1373,1702,0.20
2026-09-12T22:49:09Z,76,76,30,5357,100,1600,1702,0.18
2026-09-12T22:49:11Z,76,76,30,5387,99,1329,2425,0.18
2026-09-12T22:49:13Z,76,76,30,5403,100,1369,1702,0.18
2026-09-12T22:49:15Z,72,76,30,5403,99,1600,1702,0.17
2026-09-12T22:49:17Z,76,76,30,5387,100,1412,1702,0.17
2026-09-12T22:49:19Z,74,76,30,5403,34,1182,2424,0.23
2026-09-12T22:49:21Z,76,76,30,5357,99,1600,2374,0.23
2026-09-12T22:49:23Z,77,76,30,5387,99,1378,1702,0.23
2026-09-12T22:49:26Z,75,76,30,5403,99,1430,1702,0.21
2026-09-12T22:49:28Z,73,76,30,5403,100,1549,1399,0.21
2026-09-12T22:49:30Z,74,75,30,5387,100,1357,1702,0.20
2026-09-12T22:49:32Z,74,75,30,5387,100,1339,1702,0.20
2026-09-12T22:49:34Z,69,74,30,5403,100,1040,2425,0.26
2026-09-12T22:49:36Z,77,75,30,5387,100,1383,1702,0.26
2026-09-12T22:49:38Z,76,76,30,5403,100,1377,1702,0.26
2026-09-12T22:49:40Z,76,76,30,5387,100,1366,1702,0.24
2026-09-12T22:49:42Z,75,76,30,5387,99,1373,1702,0.24
2026-09-12T22:49:44Z,75,76,30,5403,99,1518,1702,0.22
2026-09-12T22:49:46Z,76,76,30,5357,99,1432,1702,0.22
2026-09-12T22:49:48Z,76,76,30,5403,99,1327,2424,0.22
2026-09-12T22:49:50Z,75,76,30,5403,100,1380,1702,0.28
2026-09-12T22:49:52Z,75,76,30,5387,99,1600,1702,0.28
2026-09-12T22:49:55Z,75,76,30,5403,100,1371,1702,0.26
2026-09-12T22:49:57Z,76,76,30,5403,100,1375,1702,0.26
2026-09-12T22:49:59Z,75,76,30,5387,100,1367,1702,0.24
2026-09-12T22:50:01Z,76,76,30,5403,99,1600,1702,0.24
2026-09-12T22:50:03Z,74,76,30,5357,99,1374,2424,0.24
2026-09-12T22:50:05Z,73,76,30,5403,99,1345,1702,0.30
2026-09-12T22:50:07Z,74,76,30,5403,100,1366,1702,0.30
2026-09-12T22:50:09Z,77,76,30,5403,99,1374,1702,0.28
2026-09-12T22:50:11Z,72,76,30,5357,100,1600,2424,0.28
2026-09-12T22:50:13Z,76,76,30,5357,100,1404,1702,0.28
2026-09-12T22:50:15Z,74,76,30,5387,100,1600,1528,0.25
2026-09-12T22:50:17Z,76,76,30,5387,100,1370,1400,0.25
2026-09-12T22:50:19Z,75,76,30,5387,100,1600,1702,0.31
2026-09-12T22:50:21Z,76,76,30,5403,99,1377,1702,0.31
2026-09-12T22:50:24Z,75,76,30,5387,100,1600,1702,0.31
2026-09-12T22:50:26Z,76,76,30,5403,100,1370,1410,0.37
2026-09-12T22:50:28Z,75,76,30,5387,99,1402,1702,0.37
2026-09-12T22:50:30Z,76,76,30,5403,99,1600,1702,0.34
2026-09-12T22:50:32Z,77,76,30,5403,99,1382,1399,0.34
2026-09-12T22:50:34Z,75,76,30,5403,100,1341,1399,0.31
2026-09-12T22:50:36Z,74,76,30,5387,99,1478,1702,0.31
2026-09-12T22:50:38Z,74,76,30,5403,99,200,1399,0.31
2026-09-12T22:50:40Z,73,75,30,5387,100,1537,1400,0.29
2026-09-12T22:50:42Z,75,75,30,5403,99,1370,1702,0.29
2026-09-12T22:50:44Z,76,75,30,5387,100,1378,1702,0.26
2026-09-12T22:50:46Z,76,76,30,5357,100,1369,1702,0.26
2026-09-12T22:50:48Z,76,76,30,5387,100,1333,2409,0.26
2026-09-12T22:50:50Z,76,76,30,5403,100,1369,1702,0.32
2026-09-12T22:50:53Z,76,76,30,5387,99,1374,1702,0.32
2026-09-12T22:50:55Z,76,76,30,5357,100,1367,1702,0.30
2026-09-12T22:50:57Z,75,76,30,5403,99,1319,2424,0.30
2026-09-12T22:50:59Z,72,76,30,5403,99,1600,1702,0.27
2026-09-12T22:51:01Z,76,76,30,5387,100,1600,1702,0.27
2026-09-12T22:51:03Z,75,76,30,5387,99,1363,1702,0.27
2026-09-12T22:51:05Z,77,76,30,5403,99,1359,1400,0.33
2026-09-12T22:51:07Z,75,76,30,5387,100,1336,1400,0.33
2026-09-12T22:51:09Z,74,76,30,5387,99,1600,1702,0.30
2026-09-12T22:51:11Z,75,76,30,5357,100,1344,2424,0.30
2026-09-12T22:51:13Z,76,76,30,5387,99,1348,1702,0.30
2026-09-12T22:51:15Z,76,76,30,5387,100,1600,1702,0.28
2026-09-12T22:51:17Z,75,76,30,5403,99,1369,1702,0.28
2026-09-12T22:51:19Z,73,76,30,5403,99,1600,2424,0.34
2026-09-12T22:51:22Z,76,76,30,5387,100,1373,1702,0.34
2026-09-12T22:51:24Z,72,76,30,5357,99,1600,1702,0.31
2026-09-12T22:51:26Z,75,76,30,5387,100,1487,1702,0.31
2026-09-12T22:51:28Z,72,76,30,5357,100,1356,1702,0.31
2026-09-12T22:51:30Z,76,76,30,5357,100,1394,1702,0.29
2026-09-12T22:51:32Z,74,76,30,5403,99,1340,1702,0.29
2026-09-12T22:51:34Z,75,76,30,5387,99,1336,2424,0.26
2026-09-12T22:51:36Z,76,76,30,5357,99,1378,1702,0.26
2026-09-12T22:51:38Z,74,76,30,5387,99,1600,1702,0.26
2026-09-12T22:51:40Z,76,76,30,5387,100,1369,1702,0.32
2026-09-12T22:51:42Z,75,76,30,5403,99,1357,1961,0.32
2026-09-12T22:51:44Z,73,76,30,5403,99,1394,1702,0.38
2026-09-12T22:51:46Z,71,76,30,5357,99,1495,1702,0.38
2026-09-12T22:51:48Z,74,75,30,5403,99,200,1702,0.38
2026-09-12T22:51:51Z,62,74,30,5357,0,200,2424,0.43
2026-09-12T22:51:53Z,71,74,30,5387,99,1600,1702,0.43
2026-09-12T22:51:55Z,76,75,30,5403,100,1600,1702,0.39
2026-09-12T22:51:57Z,75,76,30,5387,100,1600,1795,0.39
2026-09-12T22:51:59Z,75,76,30,5403,99,1379,1702,0.36
2026-09-12T22:52:01Z,76,76,30,5387,100,1379,1702,0.36
2026-09-12T22:52:03Z,75,76,30,5403,100,1375,1702,0.36
2026-09-12T22:52:05Z,76,76,30,5387,100,1336,2424,0.41
2026-09-12T22:52:07Z,76,76,30,5403,100,1376,1702,0.41
2026-09-12T22:52:09Z,76,76,30,5387,99,1347,1702,0.46
2026-09-12T22:52:11Z,75,76,30,5357,99,1358,1399,0.46
2026-09-12T22:52:13Z,73,76,30,5403,100,1360,1702,0.46
2026-09-12T22:52:15Z,76,76,30,5387,99,1600,2232,0.42
2026-09-12T22:52:18Z,76,76,30,5403,100,1423,1702,0.42
2026-09-12T22:52:20Z,76,76,30,5357,99,1327,2424,0.39
2026-09-12T22:52:22Z,75,76,30,5403,99,1530,1702,0.39
2026-09-12T22:52:24Z,76,76,30,5357,100,1368,1702,0.36
2026-09-12T22:52:26Z,76,76,30,5613,100,1371,1702,0.36
2026-09-12T22:52:28Z,75,76,30,5403,100,1600,2424,0.36
2026-09-12T22:52:30Z,77,76,30,5357,99,1385,1702,0.41
2026-09-12T22:52:32Z,75,76,30,5403,99,1600,1702,0.41
2026-09-12T22:52:34Z,76,76,30,5403,99,1368,1702,0.38
2026-09-12T22:52:36Z,74,76,30,5387,99,1356,2424,0.38
2026-09-12T22:52:38Z,72,76,30,5403,100,1600,2424,0.38
2026-09-12T22:52:40Z,75,76,30,5357,100,1374,1702,0.35
2026-09-12T22:52:42Z,75,76,30,5403,100,1600,1702,0.35
2026-09-12T22:52:44Z,74,76,30,5403,99,1331,1399,0.40
2026-09-12T22:52:46Z,75,76,30,5387,99,1372,1702,0.40
2026-09-12T22:52:49Z,74,76,30,5357,99,1382,1702,0.53
2026-09-12T22:52:51Z,78,76,30,5357,99,1375,1702,0.53
2026-09-12T22:52:53Z,75,76,30,5357,100,1410,1399,0.53
2026-09-12T22:52:55Z,74,75,30,5387,99,1462,1702,0.56
2026-09-12T22:52:57Z,73,75,30,5387,99,1327,1702,0.56
2026-09-12T22:53:00Z,63,74,30,5403,0,200,2424,0.60
2026-09-12T22:53:02Z,75,73,30,5357,99,1381,1702,0.60
2026-09-12T22:53:04Z,76,74,30,5403,100,1388,1702,0.55
2026-09-12T22:53:06Z,77,75,30,5387,99,1377,1702,0.55
2026-09-12T22:53:08Z,73,75,30,5387,100,1345,2424,0.55
2026-09-12T22:53:10Z,75,75,30,5357,100,1384,1702,0.51
2026-09-12T22:53:12Z,75,75,30,5387,100,1353,1702,0.51
2026-09-12T22:53:14Z,75,75,30,5387,100,1365,1400,0.47
2026-09-12T22:53:16Z,76,75,30,5387,100,1374,1702,0.47
2026-09-12T22:53:18Z,74,76,30,5387,99,1375,1702,0.47
2026-09-12T22:53:20Z,73,76,30,5387,99,1600,1702,0.43
2026-09-12T22:53:22Z,74,76,30,5357,100,1373,2424,0.43
2026-09-12T22:53:24Z,77,76,30,5357,100,1390,1702,0.39
2026-09-12T22:53:26Z,72,76,30,5403,100,1363,1702,0.39
2026-09-12T22:53:28Z,76,76,30,5403,99,1560,1400,0.39
2026-09-12T22:53:31Z,75,76,30,5403,100,1334,2424,0.36
2026-09-12T22:53:33Z,72,76,30,5357,100,1600,1702,0.36
2026-09-12T22:53:35Z,76,76,30,5387,99,1371,1399,0.33
2026-09-12T22:53:37Z,76,76,30,5387,99,1404,1399,0.33
2026-09-12T22:53:39Z,76,76,30,5403,100,1600,1702,0.31
2026-09-12T22:53:41Z,75,76,30,5357,100,1400,1702,0.31
2026-09-12T22:53:43Z,73,76,30,5357,99,1600,2424,0.31
2026-09-12T22:53:45Z,75,76,30,5403,99,1367,2424,0.28
2026-09-12T22:53:47Z,76,76,30,5403,99,1380,1399,0.28
2026-09-12T22:53:49Z,77,76,30,5387,100,1374,1702,0.26
2026-09-12T22:53:51Z,76,76,30,5403,100,1410,1702,0.26
2026-09-12T22:53:53Z,75,76,30,5357,99,1371,2424,0.26
2026-09-12T22:53:55Z,74,76,30,5387,99,1331,1702,0.32
2026-09-12T22:53:57Z,75,76,30,5357,100,1387,1702,0.32
2026-09-12T22:54:00Z,76,76,30,5403,99,1600,1702,0.29
2026-09-12T22:54:02Z,76,76,30,5387,100,1334,2424,0.29
2026-09-12T22:54:04Z,74,76,30,5403,0,1493,1399,0.27
2026-09-12T22:54:06Z,73,75,30,5357,100,1390,1702,0.27
2026-09-12T22:54:08Z,72,75,30,5357,100,1474,1702,0.27
2026-09-12T22:54:10Z,75,74,30,5387,99,1600,1702,0.25
2026-09-12T22:54:12Z,75,75,30,5387,99,1600,1702,0.25
2026-09-12T22:54:14Z,75,76,30,5357,100,1371,1702,0.23
2026-09-12T22:54:16Z,75,76,30,5387,100,1329,2425,0.23
2026-09-12T22:54:18Z,78,76,30,5403,100,1375,1702,0.23
2026-09-12T22:54:20Z,77,76,30,5403,100,1365,1702,0.29
2026-09-12T22:54:22Z,76,76,30,5403,99,1349,2074,0.29
2026-09-12T22:54:24Z,76,76,30,5357,99,1406,1702,0.35
2026-09-12T22:54:26Z,76,76,30,5387,99,1375,1702,0.35
2026-09-12T22:54:29Z,75,76,30,5387,99,1379,1702,0.35
2026-09-12T22:54:31Z,74,76,30,5403,100,1394,2424,0.32
2026-09-12T22:54:33Z,76,76,30,5387,99,1373,1702,0.32
2026-09-12T22:54:35Z,76,76,30,5403,99,1369,1702,0.29
2026-09-12T22:54:37Z,76,76,30,5403,100,1372,1702,0.29
2026-09-12T22:54:39Z,75,76,30,5403,100,1376,1702,0.43
2026-09-12T22:54:41Z,76,76,30,5403,99,1433,1702,0.43
2026-09-12T22:54:43Z,78,76,30,5403,100,1389,1400,0.43
2026-09-12T22:54:45Z,76,76,30,5387,100,1600,2424,0.39
2026-09-12T22:54:47Z,75,76,30,5387,100,1347,1702,0.39
2026-09-12T22:54:49Z,75,76,30,5403,99,1373,1702,0.36
2026-09-12T22:54:51Z,76,76,30,5403,99,1374,1702,0.36
2026-09-12T22:54:53Z,75,76,30,5357,100,1600,2425,0.36
2026-09-12T22:54:55Z,76,76,30,5357,99,1348,1702,0.41
2026-09-12T22:54:57Z,76,76,30,5403,100,1509,1702,0.41
2026-09-12T22:55:00Z,77,76,30,5357,100,1380,1702,0.38
2026-09-12T22:55:02Z,75,76,30,5403,100,1357,2424,0.38
2026-09-12T22:55:04Z,75,76,30,5357,99,1396,1702,0.35
2026-09-12T22:55:06Z,76,76,30,5403,99,1600,1702,0.35
2026-09-12T22:55:08Z,75,76,30,5357,100,1381,1399,0.35
2026-09-12T22:55:10Z,76,76,30,5403,100,1351,2425,0.32
2026-09-12T22:55:12Z,74,76,30,5387,99,1403,1399,0.32
2026-09-12T22:55:14Z,73,75,30,5403,100,1337,1400,0.38
2026-09-12T22:55:16Z,71,75,30,5403,100,1487,1702,0.38
2026-09-12T22:55:18Z,75,74,30,5357,99,1361,1399,0.38
2026-09-12T22:55:20Z,76,75,30,5387,100,1367,1702,0.35
2026-09-12T22:55:22Z,76,76,30,5387,100,1373,1702,0.35
2026-09-12T22:55:24Z,76,76,30,5357,99,1346,1702,0.40
2026-09-12T22:55:27Z,76,76,30,5403,100,1600,1499,0.40
2026-09-12T22:55:29Z,76,76,30,5357,99,1600,1792,0.40
2026-09-12T22:55:31Z,75,76,30,5403,100,1372,2424,0.45
2026-09-12T22:55:33Z,76,76,30,5387,99,1380,1702,0.45
2026-09-12T22:55:35Z,78,76,30,5357,100,1359,1399,0.41
2026-09-12T22:55:37Z,72,76,30,5403,100,1395,1702,0.41
2026-09-12T22:55:39Z,75,76,30,5403,99,1347,2424,0.46
2026-09-12T22:55:41Z,76,76,30,5387,99,1375,1399,0.46
2026-09-12T22:55:43Z,77,76,30,5403,100,1371,1702,0.46
2026-09-12T22:55:45Z,75,76,30,5387,100,1600,1702,0.42
2026-09-12T22:55:47Z,76,76,30,5387,100,1389,1702,0.42
2026-09-12T22:55:49Z,76,76,30,5403,100,1355,1702,0.39
2026-09-12T22:55:51Z,75,76,30,5387,100,1600,1702,0.39
2026-09-12T22:55:53Z,76,76,30,5403,99,1344,2424,0.39
2026-09-12T22:55:55Z,74,76,30,5357,99,1389,1702,0.44
2026-09-12T22:55:58Z,75,76,30,5403,100,1371,1702,0.44
2026-09-12T22:56:00Z,72,76,30,5387,99,1600,1702,0.40
2026-09-12T22:56:02Z,75,76,30,5403,99,1340,2425,0.40
2026-09-12T22:56:04Z,76,76,30,5387,100,1375,1702,0.37
2026-09-12T22:56:06Z,76,76,30,5357,100,1379,1702,0.37
2026-09-12T22:56:08Z,75,76,30,5387,99,1363,1702,0.37
2026-09-12T22:56:10Z,77,76,30,5357,99,1294,2424,0.34
2026-09-12T22:56:12Z,75,76,30,5403,99,1341,1702,0.34
2026-09-12T22:56:14Z,76,76,30,5403,99,1374,1702,0.31
2026-09-12T22:56:16Z,75,76,30,5357,99,1600,2386,0.31
2026-09-12T22:56:18Z,77,76,30,5387,100,1322,2425,0.31
2026-09-12T22:56:20Z,73,76,30,5387,99,1320,1399,0.37
2026-09-12T22:56:22Z,72,75,30,5357,99,1489,1702,0.37
2026-09-12T22:56:24Z,74,75,30,5387,100,200,1399,0.42
2026-09-12T22:56:27Z,76,75,30,5387,99,1367,1399,0.42
2026-09-12T22:56:29Z,76,75,30,5387,99,1404,1702,0.46
2026-09-12T22:56:31Z,76,76,30,5357,100,1381,1702,0.46
2026-09-12T22:56:33Z,76,76,30,5403,99,1382,1702,0.46
2026-09-12T22:56:35Z,76,76,30,5403,99,1381,1702,0.43
2026-09-12T22:56:37Z,75,76,30,5403,100,1373,1702,0.43
2026-09-12T22:56:39Z,75,76,30,5357,99,1325,2425,0.47
2026-09-12T22:56:41Z,75,76,30,5387,100,1524,1702,0.47
2026-09-12T22:56:43Z,76,76,30,5403,100,1476,1702,0.47
2026-09-12T22:56:45Z,76,76,30,5387,100,1381,1702,0.43
2026-09-12T22:56:47Z,75,76,30,5357,99,1327,2424,0.43
2026-09-12T22:56:49Z,76,76,30,5387,99,1398,1702,0.40
2026-09-12T22:56:51Z,76,76,30,5387,100,1367,1702,0.40
2026-09-12T22:56:53Z,76,76,30,5357,99,1361,1702,0.40
2026-09-12T22:56:56Z,74,76,30,5387,100,1600,1702,0.37
2026-09-12T22:56:58Z,76,76,30,5387,99,1386,1702,0.37
2026-09-12T22:57:00Z,76,76,30,5357,100,1370,1702,0.34
2026-09-12T22:57:02Z,76,76,30,5403,99,1600,2424,0.34
2026-09-12T22:57:04Z,77,76,30,5403,100,1364,1702,0.31
2026-09-12T22:57:06Z,75,76,30,5387,99,1380,1702,0.31
2026-09-12T22:57:08Z,76,76,30,5403,100,1376,1702,0.31
2026-09-12T22:57:10Z,75,76,30,5403,100,1600,2424,0.29
2026-09-12T22:57:12Z,77,76,30,5387,99,1381,1702,0.29
2026-09-12T22:57:14Z,76,76,30,5387,100,1374,1702,0.26
2026-09-12T22:57:16Z,78,76,30,5403,100,1367,1702,0.26
2026-09-12T22:57:18Z,75,76,30,5387,99,1325,2427,0.26
2026-09-12T22:57:20Z,76,76,30,5357,100,1382,1702,0.32
2026-09-12T22:57:22Z,76,76,30,5357,99,1600,1702,0.32
2026-09-12T22:57:25Z,76,76,30,5387,99,1347,1702,0.30
2026-09-12T22:57:27Z,76,76,30,5357,100,1327,2425,0.30
2026-09-12T22:57:29Z,72,76,30,5387,99,1503,1702,0.35
2026-09-12T22:57:31Z,73,75,30,5403,99,1514,1702,0.35
2026-09-12T22:57:33Z,73,75,30,5387,100,1490,1702,0.35
2026-09-12T22:57:35Z,75,74,30,5357,100,1370,1399,0.32
2026-09-12T22:57:37Z,75,75,30,5357,100,1370,1702,0.32
2026-09-12T22:57:39Z,75,76,30,5387,100,1367,1702,0.30
2026-09-12T22:57:41Z,71,76,30,5387,99,1411,1702,0.30
2026-09-12T22:57:43Z,75,76,30,5357,100,1600,1399,0.30
2026-09-12T22:57:45Z,75,76,30,5357,100,1375,1702,0.27
2026-09-12T22:57:47Z,75,76,30,5403,100,1336,2424,0.27
2026-09-12T22:57:49Z,77,76,30,5403,99,1383,1702,0.25
2026-09-12T22:57:51Z,72,76,30,5387,99,1347,1702,0.25
2026-09-12T22:57:54Z,75,76,30,5387,100,1600,1702,0.25
2026-09-12T22:57:56Z,75,76,30,5387,100,1346,2424,0.23
2026-09-12T22:57:58Z,76,76,30,5403,100,1367,1702,0.23
2026-09-12T22:58:00Z,73,76,30,5403,99,1534,1400,0.21
2026-09-12T22:58:02Z,76,76,30,5387,100,1600,1702,0.21
2026-09-12T22:58:04Z,76,76,30,5387,99,1361,1399,0.20
2026-09-12T22:58:06Z,72,76,30,5387,99,1484,1702,0.20
2026-09-12T22:58:08Z,75,76,30,5403,99,1379,1702,0.20
2026-09-12T22:58:10Z,75,76,30,5387,99,1352,2426,0.18
2026-09-12T22:58:12Z,75,76,30,5403,99,1385,1702,0.18
2026-09-12T22:58:14Z,76,76,30,5387,99,1375,1702,0.16
2026-09-12T22:58:16Z,73,76,30,5387,99,1600,1702,0.16
2026-09-12T22:58:18Z,76,76,30,5387,100,1342,2424,0.16
2026-09-12T22:58:20Z,76,76,30,5387,100,1378,1702,0.31
2026-09-12T22:58:23Z,77,76,30,5403,100,1375,1702,0.31
2026-09-12T22:58:25Z,76,76,30,5387,99,1375,1702,0.29
2026-09-12T22:58:27Z,73,76,30,5357,100,1600,2424,0.29
2026-09-12T22:58:29Z,72,76,30,5403,99,1600,1702,0.26
2026-09-12T22:58:31Z,75,76,30,5403,100,1371,1702,0.26
2026-09-12T22:58:33Z,76,76,30,5403,100,1356,1702,0.26
2026-09-12T22:58:35Z,76,76,30,5387,99,1599,2424,0.40
2026-09-12T22:58:37Z,73,76,30,5403,99,1402,1399,0.40
2026-09-12T22:58:39Z,72,75,30,5403,99,1522,1702,0.53
2026-09-12T22:58:41Z,74,75,30,5387,0,200,2425,0.53
2026-09-12T22:58:43Z,75,74,30,5357,99,1534,1702,0.53
2026-09-12T22:58:45Z,75,75,30,5403,99,1600,1702,0.49
2026-09-12T22:58:47Z,75,76,30,5403,100,1600,1702,0.49
2026-09-12T22:58:49Z,75,76,30,5403,100,1384,1702,0.69
2026-09-12T22:58:52Z,76,76,30,5403,100,1371,1702,0.69
2026-09-12T22:58:54Z,75,76,30,5387,99,1373,1702,0.69
2026-09-12T22:58:56Z,76,76,30,5403,99,1325,2425,0.63
2026-09-12T22:58:58Z,76,76,30,5387,100,1359,1702,0.63
2026-09-12T22:59:00Z,76,76,30,5403,99,1362,1702,0.58
2026-09-12T22:59:02Z,76,76,30,5403,99,1365,1702,0.58
2026-09-12T22:59:04Z,76,76,30,5387,99,1329,2425,0.62
2026-09-12T22:59:06Z,76,76,30,5387,100,1380,1702,0.62
2026-09-12T22:59:08Z,76,76,30,5403,99,1366,1702,0.62
2026-09-12T22:59:10Z,76,76,30,5387,99,1377,1399,0.57
2026-09-12T22:59:12Z,75,76,30,5387,99,1600,1702,0.57
2026-09-12T22:59:14Z,75,76,30,5357,99,1371,1702,0.52
2026-09-12T22:59:16Z,76,76,30,5387,100,1365,1702,0.52
2026-09-12T22:59:18Z,71,76,30,5357,99,1600,2425,0.52
2026-09-12T22:59:20Z,76,76,30,5403,100,1373,1702,0.56
2026-09-12T22:59:23Z,76,76,30,5403,100,1600,1702,0.56
2026-09-12T22:59:25Z,75,76,30,5387,99,1375,1702,0.52
2026-09-12T22:59:27Z,71,76,30,5387,99,1600,2424,0.52
2026-09-12T22:59:29Z,75,76,30,5387,99,1352,1702,0.47
2026-09-12T22:59:31Z,75,76,30,5403,100,1525,1702,0.47
2026-09-12T22:59:33Z,78,76,30,5403,100,1375,1702,0.47
2026-09-12T22:59:35Z,76,76,30,5403,99,1338,2424,0.52
2026-09-12T22:59:37Z,75,76,30,5357,100,1382,1702,0.52
2026-09-12T22:59:39Z,72,76,30,5387,100,1600,1702,0.47
2026-09-12T22:59:41Z,76,76,30,5403,100,1366,1399,0.47
2026-09-12T22:59:43Z,75,76,30,5387,100,1336,2424,0.47
2026-09-12T22:59:45Z,74,76,30,5387,99,1543,1399,0.52
2026-09-12T22:59:47Z,75,75,30,5387,100,1346,1399,0.52
2026-09-12T22:59:49Z,64,75,30,5357,0,200,2424,0.56
2026-09-12T22:59:52Z,75,75,30,5357,100,1600,1400,0.56
2026-09-12T22:59:54Z,75,76,30,5387,99,1600,1569,0.56
2026-09-12T22:59:56Z,75,76,30,5403,99,1600,1702,0.51
2026-09-12T22:59:58Z,76,76,30,5357,99,1401,1399,0.51
2026-09-12T23:00:00Z,75,76,30,5387,100,1368,1400,0.47
2026-09-12T23:00:02Z,78,76,30,5387,100,1356,1702,0.47
2026-09-12T23:00:04Z,72,76,30,5387,100,1600,2424,0.51
2026-09-12T23:00:06Z,76,76,30,5387,99,1372,1702,0.51
2026-09-12T23:00:08Z,76,76,30,5403,99,1407,1702,0.51
2026-09-12T23:00:10Z,76,76,30,5387,100,1369,1702,0.47
2026-09-12T23:00:12Z,73,76,30,5403,100,1444,1400,0.47
2026-09-12T23:00:14Z,76,76,30,5387,99,1373,1702,0.43
2026-09-12T23:00:16Z,76,76,30,5387,99,1368,1702,0.43
2026-09-12T23:00:18Z,76,76,30,5403,100,1320,2424,0.43
2026-09-12T23:00:21Z,74,76,30,5357,100,1371,1702,0.48
2026-09-12T23:00:23Z,76,76,30,5403,100,1380,1702,0.48
2026-09-12T23:00:25Z,78,76,30,5387,99,1378,1400,0.44
2026-09-12T23:00:27Z,76,76,30,5357,100,1330,2425,0.44
2026-09-12T23:00:29Z,78,76,30,5403,99,1383,1702,0.40
2026-09-12T23:00:31Z,75,76,30,5357,100,1600,1399,0.40
2026-09-12T23:00:33Z,76,76,30,5387,99,1351,1702,0.40
2026-09-12T23:00:35Z,74,76,30,5357,99,1327,2424,0.45
2026-09-12T23:00:37Z,72,76,30,5387,100,1600,2424,0.45
2026-09-12T23:00:39Z,76,76,30,5387,99,1387,1702,0.50
2026-09-12T23:00:41Z,76,76,30,5357,99,1600,1702,0.50
2026-09-12T23:00:43Z,74,76,30,5403,99,1366,1702,0.50
2026-09-12T23:00:45Z,77,76,30,5387,100,1379,1702,0.46
2026-09-12T23:00:47Z,75,76,30,5357,100,1418,1702,0.46
2026-09-12T23:00:50Z,71,76,30,5357,99,1600,1399,0.42
2026-09-12T23:00:52Z,73,76,30,5403,100,1543,1702,0.42
2026-09-12T23:00:54Z,74,75,30,5387,100,1332,1399,0.47
2026-09-12T23:00:56Z,74,75,30,5387,99,1345,1399,0.47
2026-09-12T23:00:58Z,68,75,30,5403,100,1040,2425,0.47
2026-09-12T23:01:00Z,76,75,30,5403,99,1600,1702,0.43
2026-09-12T23:01:02Z,76,76,30,5387,100,1600,1669,0.43
2026-09-12T23:01:04Z,75,76,30,5357,100,1503,1702,0.39
2026-09-12T23:01:06Z,76,76,30,5387,99,1404,1702,0.39
2026-09-12T23:01:08Z,76,76,30,5357,100,1404,1702,0.39
2026-09-12T23:01:10Z,76,76,30,5403,99,1381,1702,0.36
2026-09-12T23:01:12Z,75,76,30,5387,99,1321,2424,0.36
2026-09-12T23:01:14Z,75,76,30,5387,99,1516,1702,0.33
2026-09-12T23:01:16Z,76,76,30,5403,100,1398,1702,0.33
2026-09-12T23:01:19Z,76,76,30,5387,100,1397,1702,0.33
2026-09-12T23:01:21Z,76,76,30,5403,99,1335,1702,0.39
2026-09-12T23:01:23Z,75,76,30,5387,100,1600,1702,0.39
2026-09-12T23:01:25Z,75,76,30,5387,100,1508,1702,0.36
2026-09-12T23:01:27Z,76,76,30,5403,99,1329,2424,0.36
2026-09-12T23:01:29Z,75,76,30,5403,99,1376,1702,0.33
2026-09-12T23:01:31Z,76,76,30,5357,100,1410,1702,0.33
2026-09-12T23:01:33Z,77,76,30,5387,100,1382,1702,0.33
2026-09-12T23:01:35Z,75,76,30,5387,99,1312,2425,0.30
2026-09-12T23:01:37Z,77,76,30,5387,100,1366,1702,0.30
2026-09-12T23:01:39Z,76,76,30,5357,100,1387,1702,0.28
2026-09-12T23:01:41Z,76,76,30,5387,99,1376,1702,0.28
2026-09-12T23:01:43Z,74,76,30,5387,100,1445,2199,0.28
2026-09-12T23:01:45Z,76,76,30,5357,99,1340,1702,0.25
2026-09-12T23:01:48Z,76,76,30,5403,100,1375,1702,0.25
2026-09-12T23:01:50Z,76,76,30,5403,100,1361,1702,0.23
2026-09-12T23:01:52Z,71,76,30,5403,100,1362,2424,0.23
2026-09-12T23:01:54Z,76,76,30,5387,100,1343,1399,0.29
2026-09-12T23:01:56Z,75,76,30,5357,99,1600,1702,0.29
2026-09-12T23:01:58Z,77,76,30,5403,100,1382,1702,0.29
2026-09-12T23:02:00Z,75,76,30,5357,99,1501,1399,0.35
2026-09-12T23:02:02Z,74,75,30,5357,0,1522,1702,0.35
2026-09-12T23:02:04Z,74,75,30,5403,99,1344,1702,0.32
2026-09-12T23:02:06Z,74,75,30,5387,99,1369,1702,0.32
2026-09-12T23:02:08Z,75,75,30,5387,99,1396,1702,0.32
2026-09-12T23:02:10Z,75,76,30,5387,100,1384,1702,0.30
2026-09-12T23:02:12Z,75,76,30,5357,100,1329,2424,0.30
2026-09-12T23:02:14Z,74,76,30,5357,100,1600,1702,0.27
2026-09-12T23:02:17Z,76,76,30,5387,99,1600,1702,0.27
2026-09-12T23:02:19Z,76,76,30,5357,100,1377,1702,0.27
2026-09-12T23:02:21Z,75,76,30,5403,100,1324,2424,0.25
2026-09-12T23:02:23Z,78,76,30,5403,99,1377,1702,0.25
2026-09-12T23:02:25Z,72,76,30,5387,99,1394,1702,0.23
2026-09-12T23:02:27Z,75,76,30,5387,99,1600,2424,0.23
2026-09-12T23:02:29Z,75,76,30,5403,99,1442,1702,0.21
2026-09-12T23:02:31Z,75,76,30,5403,100,1364,1702,0.21
2026-09-12T23:02:33Z,72,76,30,5403,99,1535,1702,0.21
2026-09-12T23:02:35Z,75,76,30,5403,99,1416,2424,0.19
2026-09-12T23:02:37Z,76,76,30,5403,100,1365,1702,0.19
2026-09-12T23:02:39Z,75,76,30,5357,99,1600,1400,0.18
2026-09-12T23:02:41Z,76,76,30,5357,99,1364,1702,0.18
2026-09-12T23:02:43Z,74,76,30,5403,99,1599,2424,0.18
2026-09-12T23:02:45Z,76,76,30,5403,100,1369,1702,0.16
2026-09-12T23:02:48Z,76,76,30,5387,99,1600,1702,0.16
2026-09-12T23:02:50Z,76,76,30,5357,99,1465,1399,0.15
2026-09-12T23:02:52Z,72,76,30,5403,99,1600,1702,0.15
2026-09-12T23:02:54Z,76,76,30,5403,99,1414,1702,0.14
2026-09-12T23:02:56Z,74,76,30,5403,100,1600,1702,0.14
2026-09-12T23:02:58Z,75,76,30,5357,99,1327,2424,0.14
2026-09-12T23:03:00Z,76,76,30,5387,100,1368,1702,0.21
2026-09-12T23:03:02Z,74,76,30,5403,99,1374,1702,0.21
2026-09-12T23:03:04Z,78,76,30,5357,100,1376,1702,0.19
2026-09-12T23:03:06Z,76,76,30,5387,99,1357,1859,0.19
2026-09-12T23:03:08Z,73,76,30,5357,99,1392,1399,0.19
2026-09-12T23:03:10Z,73,75,30,5387,99,1333,1702,0.18
2026-09-12T23:03:12Z,73,75,30,5357,100,1510,1702,0.18
2026-09-12T23:03:15Z,62,74,30,5357,0,200,2425,0.24
2026-09-12T23:03:17Z,60,72,30,5357,0,200,2425,0.24
2026-09-12T23:03:19Z,58,70,30,5403,0,200,3499,0.24
2026-09-12T23:03:21Z,57,68,30,5357,14,1040,2424,0.30
2026-09-12T23:03:23Z,56,67,30,5281,0,200,2424,0.30
2026-09-12T23:03:25Z,55,65,30,4573,0,200,2424,0.36
2026-09-12T23:03:27Z,54,63,30,4550,0,200,2424,0.36
2026-09-12T23:03:29Z,69,65,30,3947,100,1542,1702,0.33
2026-09-12T23:03:31Z,70,68,30,3654,100,1568,1702,0.33
2026-09-12T23:03:33Z,71,70,30,3654,99,1520,1702,0.33
2026-09-12T23:03:35Z,72,71,30,3698,100,1534,1702,0.30
2026-09-12T23:03:37Z,72,72,30,3922,99,1396,1702,0.30
2026-09-12T23:03:39Z,74,73,30,4120,100,1354,1702,0.28
2026-09-12T23:03:41Z,73,73,30,4370,100,1600,1702,0.28
2026-09-12T23:03:43Z,74,74,30,4443,100,1537,1702,0.28
2026-09-12T23:03:45Z,73,75,30,4664,99,1600,1399,0.26
2026-09-12T23:03:48Z,77,75,30,4870,100,1413,1702,0.26
2026-09-12T23:03:50Z,75,75,30,4973,100,1474,2425,0.24
2026-09-12T23:03:52Z,77,75,30,5067,100,1470,1702,0.24
2026-09-12T23:03:54Z,76,76,30,5252,100,1488,1721,0.38
2026-09-12T23:03:56Z,75,76,30,5208,99,1600,1702,0.38
2026-09-12T23:03:58Z,75,76,30,5237,100,1600,2424,0.38
2026-09-12T23:04:00Z,71,76,30,5252,100,1600,1702,0.43
2026-09-12T23:04:02Z,75,76,30,5252,100,1600,1702,0.43
2026-09-12T23:04:04Z,77,76,30,5237,100,1285,2424,0.47
2026-09-12T23:04:06Z,72,76,30,5208,100,1600,2424,0.47
2026-09-12T23:04:08Z,75,76,30,5208,100,1474,1702,0.47
2026-09-12T23:04:10Z,76,76,30,5208,99,1383,1702,0.52
2026-09-12T23:04:12Z,75,76,30,5208,99,1335,1702,0.52
2026-09-12T23:04:14Z,70,76,30,5208,99,1600,2424,0.56
2026-09-12T23:04:16Z,75,76,30,5208,99,1600,1399,0.56
2026-09-12T23:04:19Z,75,76,30,5252,99,1600,2425,0.56
2026-09-12T23:04:21Z,77,76,30,5252,100,1378,1702,0.59
2026-09-12T23:04:23Z,76,76,30,5252,100,1350,1702,0.59
2026-09-12T23:04:25Z,75,76,30,5252,100,1600,2424,0.54
2026-09-12T23:04:27Z,71,76,30,5252,99,1600,2425,0.54
2026-09-12T23:04:29Z,71,76,30,5252,99,1600,2424,0.50
2026-09-12T23:04:31Z,71,76,30,5237,100,1600,2424,0.50
2026-09-12T23:04:33Z,70,76,30,5252,100,1600,1400,0.50
2026-09-12T23:04:35Z,74,76,30,5237,99,1244,2424,0.46
2026-09-12T23:04:37Z,70,75,30,5208,100,1600,2424,0.46
2026-09-12T23:04:39Z,69,75,30,5252,100,1600,2424,0.42
2026-09-12T23:04:41Z,71,75,30,5252,100,1600,2424,0.42
2026-09-12T23:04:43Z,76,75,30,5237,99,1349,1702,0.42
2026-09-12T23:04:45Z,74,75,30,5208,100,1600,1399,0.39
2026-09-12T23:04:47Z,70,75,30,5237,99,1240,2424,0.39
2026-09-12T23:04:49Z,72,74,30,5237,99,1506,1399,0.36
2026-09-12T23:04:52Z,75,74,30,5237,100,1600,1702,0.36
2026-09-12T23:04:54Z,71,75,30,5237,99,1418,1702,0.36
2026-09-12T23:04:56Z,75,76,30,5252,99,1600,1702,0.33
2026-09-12T23:04:58Z,76,76,30,5237,99,1361,1702,0.33
2026-09-12T23:05:00Z,75,76,30,5237,99,1537,1702,0.38
2026-09-12T23:05:02Z,76,76,30,5252,100,1503,1702,0.38
2026-09-12T23:05:04Z,75,76,30,5237,100,1357,1702,0.35
2026-09-12T23:05:06Z,75,76,30,5252,99,1600,1702,0.35
2026-09-12T23:05:08Z,78,76,30,5252,100,1473,1702,0.35
2026-09-12T23:05:10Z,75,76,30,5237,100,1592,1702,0.32
2026-09-12T23:05:12Z,72,76,30,5252,99,1600,2424,0.32
2026-09-12T23:05:14Z,76,76,30,5252,99,1600,1702,0.30
2026-09-12T23:05:16Z,76,77,30,5252,100,1600,1702,0.30
2026-09-12T23:05:18Z,76,76,30,5357,100,1371,1702,0.30
2026-09-12T23:05:21Z,77,77,30,5357,99,1427,1400,0.27
2026-09-12T23:05:23Z,74,76,30,5357,99,1600,1702,0.27
2026-09-12T23:05:25Z,77,76,30,5357,100,1466,1400,0.25
2026-09-12T23:05:27Z,75,76,30,5357,99,1600,2424,0.25
2026-09-12T23:05:29Z,72,76,30,5357,100,1600,1702,0.23
2026-09-12T23:05:31Z,71,76,30,5387,100,1600,1702,0.23
2026-09-12T23:05:33Z,72,76,30,5357,100,1600,1702,0.23
2026-09-12T23:05:35Z,76,76,30,5403,100,1353,1702,0.21
2026-09-12T23:05:37Z,77,76,30,5357,99,1351,1702,0.21
2026-09-12T23:05:39Z,72,76,30,5357,99,1600,2424,0.19
2026-09-12T23:05:41Z,75,76,30,5357,99,1360,1702,0.19
2026-09-12T23:05:43Z,75,76,30,5403,100,1600,1702,0.19
2026-09-12T23:05:45Z,75,76,30,5357,99,1600,1399,0.18
2026-09-12T23:05:47Z,75,76,30,5387,99,1306,2424,0.18
2026-09-12T23:05:49Z,75,76,30,5357,100,1450,1702,0.16
2026-09-12T23:05:52Z,71,76,30,5357,99,1600,1702,0.16
2026-09-12T23:05:54Z,76,76,30,5403,99,1342,1702,0.16
2026-09-12T23:05:56Z,75,76,30,5387,99,1395,1702,0.15
2026-09-12T23:05:58Z,75,75,30,5387,100,1600,2425,0.15
2026-09-12T23:06:00Z,75,75,30,5403,99,1470,1702,0.14
2026-09-12T23:06:02Z,75,75,30,5403,100,1435,1702,0.14
2026-09-12T23:06:04Z,75,75,30,5357,99,1416,2424,0.21
2026-09-12T23:06:06Z,75,75,30,5403,100,1363,1702,0.21
2026-09-12T23:06:08Z,77,75,30,5357,99,1359,1702,0.21
2026-09-12T23:06:10Z,68,75,30,5357,100,1227,2424,0.19
2026-09-12T23:06:12Z,72,75,30,5357,100,1558,1399,0.19
2026-09-12T23:06:14Z,76,74,30,5387,99,1359,1702,0.18
2026-09-12T23:06:16Z,75,75,30,5357,100,1527,1702,0.18
2026-09-12T23:06:18Z,76,75,30,5403,99,1339,1702,0.18
2026-09-12T23:06:21Z,77,76,30,5357,99,1465,1399,0.16
2026-09-12T23:06:23Z,72,76,30,5387,99,1600,1702,0.16
2026-09-12T23:06:25Z,75,76,30,5357,99,1398,1702,0.15
2026-09-12T23:06:27Z,75,76,30,5403,100,1486,1399,0.15
2026-09-12T23:06:29Z,76,76,30,5357,100,1342,1702,0.14
2026-09-12T23:06:31Z,75,76,30,5403,99,1320,2425,0.14
2026-09-12T23:06:33Z,75,76,30,5387,100,1600,1702,0.14
2026-09-12T23:06:35Z,75,76,30,5387,100,1422,2424,0.12
2026-09-12T23:06:37Z,75,76,30,5387,99,1336,1702,0.12
2026-09-12T23:06:39Z,76,76,30,5387,99,1346,1702,0.11
2026-09-12T23:06:41Z,72,76,30,5387,99,1600,1702,0.11
2026-09-12T23:06:43Z,74,76,30,5403,99,1600,2424,0.11
2026-09-12T23:06:45Z,78,76,30,5403,99,1480,1399,0.11
2026-09-12T23:06:47Z,76,76,30,5387,99,1600,1702,0.11
2026-09-12T23:06:50Z,76,76,30,5403,100,1302,2424,0.10
2026-09-12T23:06:52Z,77,76,30,5403,100,1359,1702,0.10
2026-09-12T23:06:54Z,75,76,30,5403,99,1600,2424,0.10
2026-09-12T23:06:56Z,75,76,30,5403,99,1600,2424,0.09
2026-09-12T23:06:58Z,74,76,30,5403,100,1528,1702,0.09
2026-09-12T23:07:00Z,75,76,30,5357,100,1457,2424,0.08
2026-09-12T23:07:02Z,76,76,30,5387,99,1473,1702,0.08
2026-09-12T23:07:04Z,76,76,30,5357,100,1380,1702,0.07
2026-09-12T23:07:06Z,72,76,30,5357,100,1600,2424,0.07
2026-09-12T23:07:08Z,70,76,30,5403,100,1377,1399,0.07
2026-09-12T23:07:10Z,74,76,30,5403,99,1600,2425,0.07
2026-09-12T23:07:12Z,74,76,30,5357,99,1600,1702,0.07
2026-09-12T23:07:14Z,75,76,30,5357,100,1526,1702,0.06
2026-09-12T23:07:16Z,74,75,30,5387,100,1600,1702,0.06
2026-09-12T23:07:18Z,75,75,30,5387,100,1600,1702,0.06
2026-09-12T23:07:21Z,77,75,30,5387,100,1332,1702,0.06
2026-09-12T23:07:23Z,76,75,30,5387,100,1339,1399,0.06
2026-09-12T23:07:25Z,77,75,30,5387,99,1345,1702,0.05
2026-09-12T23:07:27Z,75,75,30,5403,99,1278,2424,0.05
2026-09-12T23:07:29Z,69,75,30,5403,99,1600,1479,0.05
2026-09-12T23:07:31Z,70,75,30,5387,100,1600,2424,0.05
2026-09-12T23:07:33Z,72,75,30,5403,99,1600,2425,0.05
2026-09-12T23:07:35Z,72,75,30,5403,99,1415,1399,0.12
2026-09-12T23:07:37Z,76,74,30,5357,100,1352,1400,0.12
2026-09-12T23:07:39Z,75,74,30,5357,99,1533,1702,0.11
2026-09-12T23:07:41Z,77,75,30,5387,100,1394,1702,0.11
2026-09-12T23:07:43Z,75,75,30,5403,99,1375,1702,0.11
2026-09-12T23:07:45Z,74,76,30,5357,99,1312,1702,0.10
2026-09-12T23:07:47Z,72,76,30,5357,99,1600,1702,0.10
2026-09-12T23:07:49Z,75,76,30,5403,100,1539,1793,0.18
2026-09-12T23:07:52Z,74,76,30,5403,100,1327,1702,0.18
2026-09-12T23:07:54Z,75,76,30,5387,99,1600,2425,0.18
2026-09-12T23:07:56Z,75,76,30,5403,99,1600,1400,0.24
2026-09-12T23:07:58Z,77,76,30,5357,100,1375,1702,0.24
2026-09-12T23:08:00Z,75,76,30,5387,99,1341,1702,0.30
2026-09-12T23:08:02Z,76,76,30,5403,100,1476,1702,0.30
2026-09-12T23:08:04Z,71,76,30,5387,99,1600,1587,0.28
2026-09-12T23:08:06Z,75,76,30,5403,100,1600,1682,0.28
2026-09-12T23:08:08Z,75,76,30,5403,100,1422,2424,0.28
2026-09-12T23:08:10Z,75,76,30,5387,100,1600,1702,0.26
2026-09-12T23:08:12Z,76,76,30,5387,100,1368,1400,0.26
2026-09-12T23:08:14Z,75,76,30,5403,100,1416,1702,0.24
2026-09-12T23:08:16Z,75,76,30,5387,100,1600,2326,0.24
2026-09-12T23:08:18Z,72,76,30,5357,99,1600,1702,0.24
2026-09-12T23:08:21Z,75,76,30,5357,99,1325,1399,0.22
2026-09-12T23:08:23Z,71,76,30,5357,100,1600,2424,0.22
2026-09-12T23:08:25Z,76,76,30,5387,100,1348,1702,0.20
2026-09-12T23:08:27Z,75,76,30,5387,99,1362,1702,0.20
2026-09-12T23:08:29Z,75,76,30,5403,99,1313,1702,0.18
2026-09-12T23:08:31Z,75,76,30,5357,100,1600,1702,0.18
2026-09-12T23:08:33Z,75,76,30,5357,100,1340,1939,0.18
2026-09-12T23:08:35Z,76,76,30,5357,100,1600,2424,0.25
2026-09-12T23:08:37Z,71,76,30,5403,99,1600,2424,0.25
2026-09-12T23:08:39Z,70,76,30,5403,99,1600,2424,0.31
2026-09-12T23:08:41Z,71,75,30,5403,99,1600,2424,0.31
2026-09-12T23:08:43Z,70,75,30,5403,100,1600,2424,0.31
2026-09-12T23:08:45Z,70,75,30,5387,100,1600,2424,0.37
2026-09-12T23:08:47Z,70,75,30,5387,100,1600,2424,0.37
2026-09-12T23:08:49Z,70,75,30,5403,100,1600,2424,0.34
2026-09-12T23:08:51Z,71,75,30,5357,99,1275,1400,0.34
2026-09-12T23:08:53Z,74,75,30,5387,100,1600,1702,0.34
2026-09-12T23:08:56Z,74,75,30,5403,100,1526,1406,0.39
2026-09-12T23:08:58Z,71,74,30,5387,100,1443,1702,0.39
2026-09-12T23:09:00Z,74,74,30,5403,99,1463,1702,0.44
2026-09-12T23:09:02Z,75,74,30,5403,100,1600,1399,0.44
2026-09-12T23:09:04Z,74,75,30,5403,100,1600,2303,0.40
2026-09-12T23:09:06Z,75,75,30,5387,100,1600,2424,0.40
2026-09-12T23:09:08Z,75,75,30,5357,100,1410,2429,0.40
2026-09-12T23:09:10Z,75,76,30,5403,99,1311,1702,0.37
2026-09-12T23:09:12Z,72,76,30,5387,100,1600,2425,0.37
2026-09-12T23:09:14Z,77,76,30,5387,100,1358,1702,0.34
2026-09-12T23:09:16Z,71,76,30,5357,100,1351,1399,0.34
2026-09-12T23:09:18Z,76,76,30,5387,99,1359,1400,0.34
2026-09-12T23:09:20Z,75,76,30,5357,99,1600,2223,0.31
2026-09-12T23:09:22Z,76,76,30,5387,100,1600,1702,0.31
2026-09-12T23:09:25Z,72,76,30,5387,99,1600,1702,0.29
2026-09-12T23:09:27Z,75,76,30,5403,100,1600,1702,0.29
2026-09-12T23:09:29Z,75,76,30,5403,100,1536,1702,0.29
2026-09-12T23:09:31Z,75,76,30,5403,99,1240,2425,0.26
2026-09-12T23:09:33Z,76,76,30,5357,99,1392,1702,0.26
2026-09-12T23:09:35Z,77,76,30,5387,100,1353,1702,0.24
2026-09-12T23:09:37Z,77,76,30,5403,99,1446,1702,0.24
2026-09-12T23:09:39Z,75,76,30,5387,100,1600,1702,0.22
2026-09-12T23:09:41Z,71,76,30,5403,99,1600,2426,0.22
2026-09-12T23:09:43Z,75,76,30,5403,99,1600,2424,0.22
2026-09-12T23:09:45Z,75,76,30,5357,100,1600,1702,0.21
2026-09-12T23:09:47Z,76,76,30,5357,100,1377,1702,0.21
2026-09-12T23:09:49Z,75,76,30,5403,99,1365,1702,0.19
2026-09-12T23:09:51Z,77,76,30,5403,100,1306,2425,0.19
2026-09-12T23:09:53Z,75,76,30,5387,100,1600,1702,0.19
2026-09-12T23:09:56Z,71,76,30,5387,99,1600,2412,0.17
2026-09-12T23:09:58Z,74,76,30,5387,100,1319,1702,0.17
2026-09-12T23:10:00Z,74,75,30,5387,100,1493,1702,0.16
2026-09-12T23:10:02Z,75,75,30,5403,99,1262,2424,0.16
2026-09-12T23:10:04Z,73,75,30,5403,99,1317,1702,0.23
2026-09-12T23:10:06Z,76,75,30,5387,100,1366,1702,0.23
2026-09-12T23:10:08Z,75,75,30,5403,100,1455,1702,0.23
2026-09-12T23:10:10Z,75,75,30,5403,100,1456,1702,0.21
2026-09-12T23:10:12Z,75,75,30,5403,100,1464,1702,0.21
2026-09-12T23:10:14Z,70,75,30,5403,100,1600,2424,0.19
2026-09-12T23:10:16Z,70,75,30,5357,99,1600,2424,0.19
2026-09-12T23:10:18Z,75,75,30,5403,99,1600,2425,0.19
2026-09-12T23:10:20Z,72,75,30,5357,100,1481,1399,0.26
2026-09-12T23:10:22Z,69,74,30,5403,100,1300,2424,0.26
2026-09-12T23:10:24Z,75,75,30,5403,100,1600,1702,0.24
2026-09-12T23:10:27Z,75,75,30,5357,99,1525,1702,0.24
2026-09-12T23:10:29Z,76,75,30,5357,99,1362,1702,0.24
2026-09-12T23:10:31Z,75,76,30,5403,99,1378,2424,0.22
2026-09-12T23:10:33Z,75,76,30,5357,100,1600,1702,0.22
2026-09-12T23:10:35Z,75,76,30,5387,100,1542,2201,0.20
2026-09-12T23:10:37Z,75,76,30,5403,99,1334,1702,0.20
2026-09-12T23:10:39Z,73,76,30,5357,100,1600,1702,0.18
2026-09-12T23:10:41Z,76,76,30,5403,100,1354,1702,0.18
2026-09-12T23:10:43Z,75,76,30,5357,99,1600,1702,0.18
2026-09-12T23:10:45Z,75,76,30,5403,99,1600,1702,0.25
2026-09-12T23:10:47Z,75,76,30,5357,99,1600,1702,0.25
2026-09-12T23:10:49Z,75,76,30,5357,100,1600,2426,0.31
2026-09-12T23:10:51Z,77,76,30,5387,99,1364,1409,0.31
2026-09-12T23:10:53Z,74,76,30,5357,99,1377,1702,0.31
2026-09-12T23:10:56Z,71,76,30,5357,100,1600,1400,0.36
2026-09-12T23:10:58Z,75,76,30,5357,99,1600,1702,0.36
2026-09-12T23:11:00Z,75,76,30,5387,100,1335,1702,0.42
2026-09-12T23:11:02Z,71,76,30,5357,100,1332,1702,0.42
2026-09-12T23:11:04Z,74,76,30,5403,100,1417,2424,0.42
2026-09-12T23:11:06Z,77,76,30,5387,100,1356,1400,0.54
2026-09-12T23:11:08Z,76,76,30,5387,99,1374,1702,0.54
2026-09-12T23:11:10Z,71,76,30,5403,99,1600,2424,0.58
2026-09-12T23:11:12Z,75,76,30,5387,100,1518,1702,0.58
2026-09-12T23:11:14Z,75,76,30,5403,100,1518,2424,0.61
2026-09-12T23:11:16Z,72,76,30,5357,100,1357,1400,0.61
2026-09-12T23:11:18Z,75,76,30,5387,100,1600,2214,0.61
2026-09-12T23:11:20Z,77,76,30,5403,100,1386,1702,0.64
2026-09-12T23:11:22Z,75,76,30,5357,99,1600,1702,0.64
2026-09-12T23:11:24Z,71,75,30,5403,100,1600,2424,0.59
2026-09-12T23:11:26Z,71,75,30,5387,99,1600,2424,0.59
2026-09-12T23:11:29Z,71,75,30,5357,99,1600,2424,0.59
2026-09-12T23:11:31Z,71,75,30,5387,99,1600,2424,0.54
2026-09-12T23:11:33Z,71,75,30,5403,100,1600,2425,0.54
2026-09-12T23:11:35Z,71,75,30,5387,100,1600,2425,0.50
2026-09-12T23:11:37Z,76,75,30,5387,100,1346,1702,0.50
2026-09-12T23:11:39Z,74,75,30,5387,100,1600,1399,0.46
2026-09-12T23:11:41Z,74,75,30,5403,99,1586,1702,0.46
2026-09-12T23:11:43Z,73,75,30,5357,100,1593,1702,0.46
2026-09-12T23:11:45Z,67,74,30,5403,100,1040,2427,0.50
2026-09-12T23:11:47Z,75,74,30,5387,99,1523,1400,0.50
2026-09-12T23:11:49Z,74,75,30,5403,100,1600,2425,0.46
2026-09-12T23:11:51Z,76,76,30,5387,100,1546,1702,0.46
2026-09-12T23:11:53Z,75,76,30,5403,99,1492,2424,0.46
2026-09-12T23:11:55Z,71,76,30,5403,99,1600,1702,0.51
2026-09-12T23:11:57Z,72,76,30,5357,100,1600,1702,0.51
2026-09-12T23:12:00Z,75,76,30,5357,100,1459,1702,0.47
2026-09-12T23:12:02Z,77,76,30,5357,99,1359,1702,0.47
2026-09-12T23:12:04Z,75,76,30,5387,99,1500,1399,0.47
2026-09-12T23:12:06Z,73,76,30,5387,99,1600,1399,0.43
2026-09-12T23:12:08Z,75,76,30,5387,99,1316,1702,0.43
2026-09-12T23:12:10Z,72,76,30,5357,99,1600,1702,0.39
2026-09-12T23:12:12Z,74,76,30,5357,100,1445,2424,0.39
2026-09-12T23:12:14Z,76,76,30,5387,99,1370,1702,0.36
2026-09-12T23:12:16Z,78,76,30,5357,99,1463,1702,0.36
2026-09-12T23:12:18Z,75,76,30,5387,100,1600,2353,0.36
2026-09-12T23:12:20Z,72,76,30,5403,99,1600,1702,0.33
2026-09-12T23:12:22Z,75,76,30,5403,100,1469,1702,0.33
2026-09-12T23:12:24Z,75,76,30,5387,99,1600,1702,0.31
2026-09-12T23:12:26Z,71,76,30,5357,100,1600,2424,0.31
2026-09-12T23:12:28Z,75,76,30,5403,99,1519,1702,0.31
2026-09-12T23:12:31Z,73,76,30,5403,99,1600,1702,0.28
2026-09-12T23:12:33Z,74,76,30,5387,100,1600,2416,0.28
2026-09-12T23:12:35Z,75,76,30,5357,100,1375,1702,0.26
2026-09-12T23:12:37Z,70,76,30,5357,99,1600,2424,0.26
2026-09-12T23:12:39Z,76,76,30,5357,99,1369,1702,0.32
2026-09-12T23:12:41Z,77,76,30,5403,99,1356,1702,0.32
2026-09-12T23:12:43Z,75,76,30,5357,100,1600,2424,0.32
2026-09-12T23:12:45Z,76,75,30,5357,100,1353,1702,0.29
2026-09-12T23:12:47Z,75,75,30,5387,99,1600,2254,0.29
2026-09-12T23:12:49Z,75,75,30,5403,99,1600,1634,0.27
2026-09-12T23:12:51Z,76,75,30,5357,100,1355,1702,0.27
2026-09-12T23:12:53Z,77,75,30,5357,100,1325,2424,0.27
2026-09-12T23:12:55Z,72,75,30,5403,100,1414,1702,0.25
2026-09-12T23:12:57Z,74,75,30,5387,99,1327,1702,0.25
2026-09-12T23:13:00Z,73,75,30,5403,99,1552,1702,0.31
2026-09-12T23:13:02Z,76,75,30,5403,100,1351,1702,0.31
2026-09-12T23:13:04Z,71,75,30,5403,99,1600,1399,0.31
2026-09-12T23:13:06Z,72,75,30,5357,99,1367,1702,0.28
2026-09-12T23:13:08Z,63,74,30,5357,0,200,2424,0.28
2026-09-12T23:13:10Z,71,74,30,5387,100,1600,1400,0.26
2026-09-12T23:13:12Z,76,75,30,5403,99,1359,1399,0.26
2026-09-12T23:13:14Z,75,75,30,5403,100,1351,1702,0.24
2026-09-12T23:13:16Z,71,75,30,5403,100,1600,1402,0.24
2026-09-12T23:13:18Z,75,76,30,5403,99,1572,1702,0.24
2026-09-12T23:13:20Z,75,76,30,5357,100,1527,1702,0.22
2026-09-12T23:13:22Z,72,76,30,5357,100,1600,1702,0.22
2026-09-12T23:13:24Z,75,76,30,5387,100,1600,1702,0.20
2026-09-12T23:13:26Z,76,76,30,5403,100,1370,1702,0.20
2026-09-12T23:13:29Z,75,76,30,5403,99,1600,1702,0.20
2026-09-12T23:13:31Z,75,76,30,5387,100,1600,2364,0.18
2026-09-12T23:13:33Z,76,76,30,5357,99,1600,1702,0.18
2026-09-12T23:13:35Z,71,76,30,5387,99,1600,1702,0.17
2026-09-12T23:13:37Z,76,76,30,5403,100,1544,1702,0.17
2026-09-12T23:13:39Z,77,76,30,5357,99,1393,1702,0.16
2026-09-12T23:13:41Z,76,76,30,5357,100,1600,1702,0.16
2026-09-12T23:13:43Z,76,76,30,5403,100,1473,1702,0.16
2026-09-12T23:13:45Z,75,76,30,5387,99,1446,2424,0.14
2026-09-12T23:13:47Z,75,76,30,5357,99,1600,1702,0.14
2026-09-12T23:13:49Z,77,76,30,5357,100,1399,1702,0.13
2026-09-12T23:13:51Z,71,76,30,5387,99,1600,2424,0.13
2026-09-12T23:13:53Z,72,76,30,5387,100,1525,1702,0.13
2026-09-12T23:13:55Z,71,76,30,5357,99,1600,1583,0.12
2026-09-12T23:13:58Z,75,76,30,5387,99,1600,1702,0.12
2026-09-12T23:14:00Z,75,76,30,5357,99,1600,2425,0.11
2026-09-12T23:14:02Z,71,76,30,5357,100,1600,2425,0.11
2026-09-12T23:14:04Z,76,76,30,5387,100,1406,1702,0.11
2026-09-12T23:14:06Z,73,76,30,5403,99,1600,1702,0.10
2026-09-12T23:14:08Z,75,76,30,5357,100,1447,1702,0.10
2026-09-12T23:14:10Z,72,75,30,5403,100,1377,1702,0.09
2026-09-12T23:14:12Z,72,75,30,5387,99,1311,1702,0.09
2026-09-12T23:14:14Z,77,75,30,5403,100,1391,1702,0.09
2026-09-12T23:14:16Z,75,75,30,5403,99,1414,2424,0.09
2026-09-12T23:14:18Z,76,75,30,5357,100,1347,1702,0.09
2026-09-12T23:14:20Z,78,75,30,5387,100,1413,1702,0.08
2026-09-12T23:14:22Z,68,75,30,5403,99,1099,2425,0.08
2026-09-12T23:14:24Z,69,75,30,5357,99,1600,1702,0.07
2026-09-12T23:14:26Z,70,75,30,5357,100,1600,2425,0.07
2026-09-12T23:14:29Z,72,75,30,5387,99,1395,1702,0.07
2026-09-12T23:14:31Z,67,74,30,5357,0,200,2425,0.23
2026-09-12T23:14:33Z,74,74,30,5357,99,1504,1702,0.23
2026-09-12T23:14:35Z,75,75,30,5403,100,1556,1702,0.21
2026-09-12T23:14:37Z,75,75,30,5387,99,1465,1702,0.21
2026-09-12T23:14:39Z,75,75,30,5357,99,1526,1702,0.19
2026-09-12T23:14:41Z,75,76,30,5357,100,1342,1702,0.19
2026-09-12T23:14:43Z,72,76,30,5357,99,1334,1702,0.19
2026-09-12T23:14:45Z,75,76,30,5357,99,1523,1702,0.26
2026-09-12T23:14:47Z,75,76,30,5403,99,1369,1702,0.26
2026-09-12T23:14:49Z,75,76,30,5357,99,1600,1702,0.32
2026-09-12T23:14:51Z,78,76,30,5387,100,1368,1400,0.32
2026-09-12T23:14:53Z,75,76,30,5387,100,1390,2425,0.32
2026-09-12T23:14:55Z,76,76,30,5387,99,1482,1702,0.29
2026-09-12T23:14:58Z,75,76,30,5403,99,1600,1702,0.29
2026-09-12T23:15:00Z,74,76,30,5403,99,1319,1702,0.27
2026-09-12T23:15:02Z,73,76,30,5403,100,1328,1702,0.27
2026-09-12T23:15:04Z,77,76,30,5387,100,1468,1702,0.27
2026-09-12T23:15:06Z,72,76,30,5403,99,1313,1702,0.25
2026-09-12T23:15:08Z,75,76,30,5387,99,1416,2425,0.25
2026-09-12T23:15:10Z,78,76,30,5387,99,1362,1702,0.23
2026-09-12T23:15:12Z,75,76,30,5387,99,1600,1399,0.23
2026-09-12T23:15:14Z,72,76,30,5357,100,1600,1702,0.21
2026-09-12T23:15:16Z,72,76,30,5387,100,1600,2424,0.21
2026-09-12T23:15:18Z,75,76,30,5357,99,1412,2424,0.21
2026-09-12T23:15:20Z,76,76,30,5403,100,1454,1702,0.19
2026-09-12T23:15:22Z,76,76,30,5357,99,1362,1400,0.19
2026-09-12T23:15:24Z,71,76,30,5403,100,1600,1702,0.17
2026-09-12T23:15:26Z,75,76,30,5357,100,1600,1702,0.17
2026-09-12T23:15:29Z,71,76,30,5387,99,1600,2424,0.17
2026-09-12T23:15:31Z,72,76,30,5403,99,1600,2384,0.16
2026-09-12T23:15:33Z,76,76,30,5403,99,1369,1702,0.16
2026-09-12T23:15:35Z,75,75,30,5387,100,1453,1702,0.23
2026-09-12T23:15:37Z,74,75,30,5387,100,1600,1702,0.23
2026-09-12T23:15:39Z,71,75,30,5387,99,1600,2424,0.37
2026-09-12T23:15:41Z,74,75,30,5387,99,1512,1702,0.37
2026-09-12T23:15:43Z,74,75,30,5387,100,1600,1702,0.37
2026-09-12T23:15:45Z,74,75,30,5357,99,1398,2424,0.34
2026-09-12T23:15:47Z,76,75,30,5357,99,1366,1399,0.34
2026-09-12T23:15:49Z,74,75,30,5387,100,1339,1702,0.31
2026-09-12T23:15:51Z,72,75,30,5357,100,1600,1702,0.31
2026-09-12T23:15:53Z,72,74,30,5387,99,1589,1399,0.31
2026-09-12T23:15:55Z,72,74,30,5403,100,1298,1702,0.29
2026-09-12T23:15:58Z,77,75,30,5403,99,1431,1702,0.29
2026-09-12T23:16:00Z,74,75,30,5357,99,1322,1702,0.26
2026-09-12T23:16:02Z,75,75,30,5387,100,1411,1702,0.26
2026-09-12T23:16:04Z,75,75,30,5403,100,1600,1702,0.26
2026-09-12T23:16:06Z,75,76,30,5387,100,1600,1824,0.24
2026-09-12T23:16:08Z,75,76,30,5403,100,1479,1702,0.24
2026-09-12T23:16:10Z,72,76,30,5387,99,1357,1702,0.22
2026-09-12T23:16:12Z,74,76,30,5357,100,1554,1702,0.22
2026-09-12T23:16:14Z,74,76,30,5357,99,1372,1702,0.20
2026-09-12T23:16:16Z,78,76,30,5403,100,1292,2425,0.20
2026-09-12T23:16:18Z,73,76,30,5357,99,1600,1702,0.20
2026-09-12T23:16:20Z,75,76,30,5387,99,1315,1400,0.19
2026-09-12T23:16:22Z,75,76,30,5387,99,1600,1823,0.19
2026-09-12T23:16:24Z,75,76,30,5387,100,1517,1702,0.17
2026-09-12T23:16:27Z,74,76,30,5403,99,1335,1702,0.17
2026-09-12T23:16:29Z,76,76,30,5403,100,1451,1702,0.17
2026-09-12T23:16:31Z,71,76,30,5357,99,1600,2425,0.16
2026-09-12T23:16:33Z,71,76,30,5387,99,1470,1702,0.16
2026-09-12T23:16:35Z,76,76,30,5357,99,1346,1702,0.15
2026-09-12T23:16:37Z,76,76,30,5387,100,1360,1702,0.15
2026-09-12T23:16:39Z,75,76,30,5387,99,1503,1702,0.13
2026-09-12T23:16:41Z,75,76,30,5403,99,1422,2425,0.13
2026-09-12T23:16:43Z,71,76,30,5403,100,1600,2424,0.13
2026-09-12T23:16:45Z,75,76,30,5357,100,1501,1702,0.12
2026-09-12T23:16:47Z,74,76,30,5403,100,1320,1702,0.12
2026-09-12T23:16:49Z,74,76,30,5357,99,1600,1702,0.11
2026-09-12T23:16:51Z,75,76,30,5357,99,1464,2424,0.11
2026-09-12T23:16:53Z,74,75,30,5387,100,1600,2425,0.11
2026-09-12T23:16:55Z,77,75,30,5357,100,1398,1702,0.18
2026-09-12T23:16:58Z,74,75,30,5403,99,1434,1702,0.18
2026-09-12T23:17:00Z,76,75,30,5357,100,1600,1702,0.17
2026-09-12T23:17:02Z,72,75,30,5357,99,1600,2424,0.17
2026-09-12T23:17:04Z,75,75,30,5357,99,1600,2424,0.17
2026-09-12T23:17:06Z,76,75,30,5387,99,1600,1702,0.16
2026-09-12T23:17:08Z,74,75,30,5403,100,1600,2425,0.16
2026-09-12T23:17:10Z,74,75,30,5357,99,1600,1702,0.14
2026-09-12T23:17:12Z,75,75,30,5387,100,1518,1399,0.14
2026-09-12T23:17:14Z,70,75,30,5387,100,1344,2424,0.21
2026-09-12T23:17:16Z,72,75,30,5357,99,1345,1400,0.21
2026-09-12T23:17:18Z,74,74,30,5357,99,1349,1702,0.21
2026-09-12T23:17:20Z,75,75,30,5403,100,1528,1400,0.19
2026-09-12T23:17:22Z,77,75,30,5403,100,1459,1702,0.19
2026-09-12T23:17:24Z,76,75,30,5403,99,1478,1702,0.18
2026-09-12T23:17:26Z,72,76,30,5403,99,1527,1702,0.18
2026-09-12T23:17:29Z,75,76,30,5357,99,1352,1702,0.18
2026-09-12T23:17:31Z,75,76,30,5357,100,1540,1702,0.16
2026-09-12T23:17:33Z,77,76,30,5357,99,1363,1702,0.16
2026-09-12T23:17:35Z,75,76,30,5403,99,1526,2424,0.15
2026-09-12T23:17:37Z,72,76,30,5403,99,1600,1702,0.15
2026-09-12T23:17:39Z,75,76,30,5403,100,1430,2425,0.30
2026-09-12T23:17:41Z,76,76,30,5357,99,1351,1702,0.30
2026-09-12T23:17:43Z,77,76,30,5387,100,1435,1702,0.30
2026-09-12T23:17:45Z,72,76,30,5403,99,1600,1702,0.36
2026-09-12T23:17:47Z,75,76,30,5387,100,1600,1702,0.36
2026-09-12T23:17:49Z,77,76,30,5403,100,1378,1399,0.41
2026-09-12T23:17:51Z,75,76,30,5357,99,1600,1702,0.41
2026-09-12T23:17:53Z,76,76,30,5387,99,1269,2424,0.41
2026-09-12T23:17:55Z,76,76,30,5403,99,1354,1702,0.45
2026-09-12T23:17:58Z,75,76,30,5403,100,1600,1702,0.45
2026-09-12T23:18:00Z,76,76,30,5387,99,1600,2044,0.50
2026-09-12T23:18:02Z,75,76,30,5387,100,1462,1702,0.50
2026-09-12T23:18:04Z,75,76,30,5403,100,1497,2424,0.50
2026-09-12T23:18:06Z,77,76,30,5387,99,1381,1702,0.54
2026-09-12T23:18:08Z,77,76,30,5357,100,1355,1702,0.54
2026-09-12T23:18:10Z,76,76,30,5357,100,1600,2424,0.58
2026-09-12T23:18:12Z,70,76,30,5403,100,1600,1702,0.58
2026-09-12T23:18:14Z,74,76,30,5387,100,1452,2424,0.61
2026-09-12T23:18:16Z,75,76,30,5357,99,1600,1702,0.61
2026-09-12T23:18:18Z,77,75,30,5357,99,1385,1702,0.61
2026-09-12T23:18:20Z,75,75,30,5403,99,1520,1702,0.56
2026-09-12T23:18:22Z,74,75,30,5387,100,1600,1702,0.56
2026-09-12T23:18:24Z,75,75,30,5387,99,1331,1399,0.52
2026-09-12T23:18:26Z,72,75,30,5387,100,1600,1702,0.52
2026-09-12T23:18:29Z,71,75,30,5403,99,1471,1702,0.52
2026-09-12T23:18:31Z,71,75,30,5403,99,1600,2424,0.47
2026-09-12T23:18:33Z,70,75,30,5357,100,1600,2425,0.47
2026-09-12T23:18:35Z,75,75,30,5357,99,1600,2425,0.44
2026-09-12T23:18:37Z,75,75,30,5387,99,1450,1979,0.44
2026-09-12T23:18:39Z,71,74,30,5357,99,1594,1702,0.56
2026-09-12T23:18:41Z,73,74,30,5357,100,1509,1702,0.56
2026-09-12T23:18:43Z,74,74,30,5403,99,1600,1702,0.56
2026-09-12T23:18:45Z,75,75,30,5403,99,1600,1702,0.52
2026-09-12T23:18:47Z,75,75,30,5357,100,1455,1399,0.52
2026-09-12T23:18:49Z,75,75,30,5387,99,1499,1702,0.56
2026-09-12T23:18:51Z,76,76,30,5403,99,1382,1702,0.56
2026-09-12T23:18:53Z,76,76,30,5403,99,1315,2425,0.56
2026-09-12T23:18:55Z,75,76,30,5403,100,1526,1702,0.51
2026-09-12T23:18:58Z,78,76,30,5387,100,1321,2424,0.51
2026-09-12T23:19:00Z,76,76,30,5387,99,1360,1702,0.47
2026-09-12T23:19:02Z,75,76,30,5357,99,1600,1702,0.47
2026-09-12T23:19:04Z,76,76,30,5387,100,1600,1943,0.47
2026-09-12T23:19:06Z,75,76,30,5403,100,1600,1702,0.43
2026-09-12T23:19:08Z,75,76,30,5357,100,1600,1702,0.43
2026-09-12T23:19:10Z,76,76,30,5357,100,1360,1702,0.40
2026-09-12T23:19:12Z,76,76,30,5387,99,1242,2424,0.40
2026-09-12T23:19:14Z,75,76,30,5357,100,1347,1702,0.36
2026-09-12T23:19:16Z,74,76,30,5357,100,1600,1702,0.36
2026-09-12T23:19:18Z,78,76,30,5357,100,1349,1702,0.36
2026-09-12T23:19:20Z,76,76,30,5403,100,1361,1702,0.34
2026-09-12T23:19:22Z,75,76,30,5357,99,1539,1702,0.34
2026-09-12T23:19:24Z,75,76,30,5357,100,1600,1702,0.31
2026-09-12T23:19:27Z,75,76,30,5403,99,1600,2424,0.31
2026-09-12T23:19:29Z,70,76,30,5387,100,1600,1988,0.31
2026-09-12T23:19:31Z,74,76,30,5403,100,1600,1405,0.28
2026-09-12T23:19:33Z,75,76,30,5403,99,1600,1702,0.28
2026-09-12T23:19:35Z,75,76,30,5403,100,1385,1702,0.26
2026-09-12T23:19:37Z,76,76,30,5357,99,1346,1702,0.26
2026-09-12T23:19:39Z,75,76,30,5357,99,1381,1400,0.32
2026-09-12T23:19:41Z,71,76,30,5403,100,1600,2424,0.32
2026-09-12T23:19:43Z,71,75,30,5403,99,1600,2424,0.32
2026-09-12T23:19:45Z,70,75,30,5387,100,1600,2424,0.29
2026-09-12T23:19:47Z,70,75,30,5387,100,1600,2424,0.29
2026-09-12T23:19:49Z,71,75,30,5403,99,1600,2424,0.27
2026-09-12T23:19:51Z,72,75,30,5403,100,1600,2424,0.27
2026-09-12T23:19:53Z,73,75,30,5387,99,1600,2424,0.27
2026-09-12T23:19:55Z,72,75,30,5403,99,1600,1702,0.41
2026-09-12T23:19:57Z,74,75,30,5357,99,1600,1399,0.41
2026-09-12T23:19:59Z,74,75,30,5357,99,1452,1399,0.38
2026-09-12T23:20:02Z,72,75,30,5403,99,1462,1399,0.38
2026-09-12T23:20:04Z,74,74,30,5357,100,1458,1702,0.38
2026-09-12T23:20:06Z,75,74,30,5403,99,1538,1702,0.35
2026-09-12T23:20:08Z,75,75,30,5357,99,1536,1702,0.35
2026-09-12T23:20:10Z,75,75,30,5357,100,1600,1702,0.32
2026-09-12T23:20:12Z,74,76,30,5403,99,1422,2425,0.32
2026-09-12T23:20:14Z,74,76,30,5387,99,1310,1702,0.29
2026-09-12T23:20:16Z,73,76,30,5387,100,1600,2425,0.29
2026-09-12T23:20:18Z,75,76,30,5357,99,1392,1702,0.29
2026-09-12T23:20:20Z,71,76,30,5357,99,1600,1702,0.27
2026-09-12T23:20:22Z,76,76,30,5387,100,1342,1702,0.27
2026-09-12T23:20:24Z,75,76,30,5387,100,1600,1702,0.25
2026-09-12T23:20:26Z,76,76,30,5357,100,1600,2167,0.25
2026-09-12T23:20:28Z,76,76,30,5387,100,1600,2424,0.25
2026-09-12T23:20:31Z,75,76,30,5357,100,1600,1702,0.23
2026-09-12T23:20:33Z,76,76,30,5403,100,1397,1702,0.23
2026-09-12T23:20:35Z,76,76,30,5403,99,1267,2425,0.21
2026-09-12T23:20:37Z,75,76,30,5387,99,1468,1702,0.21
2026-09-12T23:20:39Z,72,76,30,5387,100,1600,2392,0.21
2026-09-12T23:20:41Z,71,76,30,5403,99,1389,1702,0.19
2026-09-12T23:20:43Z,75,76,30,5387,99,1538,1702,0.19
2026-09-12T23:20:45Z,75,76,30,5357,99,1600,2424,0.18
2026-09-12T23:20:47Z,76,76,30,5403,99,1377,1400,0.18
2026-09-12T23:20:49Z,75,76,30,5403,99,1526,1399,0.16
2026-09-12T23:20:51Z,76,76,30,5357,100,1383,1702,0.16
2026-09-12T23:20:53Z,76,76,30,5403,99,1462,1702,0.16
2026-09-12T23:20:55Z,71,76,30,5403,99,1600,2425,0.15
2026-09-12T23:20:57Z,70,76,30,5403,100,1466,1702,0.15
2026-09-12T23:20:59Z,74,76,30,5387,99,1600,1702,0.14
2026-09-12T23:21:02Z,75,76,30,5403,100,1355,1702,0.14
2026-09-12T23:21:04Z,74,75,30,5387,99,1600,1702,0.14
2026-09-12T23:21:06Z,76,75,30,5403,100,1320,2426,0.12
2026-09-12T23:21:08Z,76,75,30,5387,100,1344,1702,0.12
2026-09-12T23:21:10Z,75,75,30,5387,100,1455,1702,0.11
2026-09-12T23:21:12Z,75,75,30,5403,99,1550,1702,0.11
2026-09-12T23:21:14Z,76,75,30,5357,100,1493,1702,0.10
2026-09-12T23:21:16Z,74,75,30,5357,100,1600,1990,0.10
2026-09-12T23:21:18Z,69,75,30,5403,99,1600,2424,0.10
2026-09-12T23:21:20Z,70,75,30,5403,100,1600,2424,0.10
2026-09-12T23:21:22Z,71,75,30,5357,99,1600,2424,0.10
2026-09-12T23:21:24Z,72,75,30,5357,100,1419,1702,0.09
2026-09-12T23:21:26Z,66,74,30,5387,100,1040,2424,0.09
2026-09-12T23:21:28Z,71,74,30,5403,99,1600,1702,0.09
2026-09-12T23:21:30Z,73,75,30,5403,99,1322,2299,0.08
2026-09-12T23:21:33Z,75,75,30,5357,99,1600,2420,0.08
2026-09-12T23:21:35Z,74,75,30,5387,100,1492,2424,0.07
2026-09-12T23:21:37Z,75,76,30,5403,100,1406,1702,0.07
2026-09-12T23:21:39Z,74,76,30,5357,99,1324,1702,0.07
2026-09-12T23:21:41Z,75,76,30,5357,100,1541,1702,0.15
2026-09-12T23:21:43Z,75,76,30,5357,100,1362,1702,0.15
2026-09-12T23:21:45Z,75,76,30,5357,99,1600,2306,0.22
2026-09-12T23:21:47Z,75,76,30,5357,99,1336,1402,0.22
2026-09-12T23:21:49Z,77,76,30,5357,100,1466,1702,0.20
2026-09-12T23:21:51Z,77,76,30,5357,99,1356,1702,0.20
2026-09-12T23:21:53Z,75,76,30,5387,100,1422,2424,0.20
2026-09-12T23:21:55Z,74,76,30,5357,100,1600,1399,0.18
2026-09-12T23:21:57Z,75,76,30,5387,99,1600,2425,0.18
2026-09-12T23:21:59Z,72,76,30,5387,99,1600,2424,0.17
2026-09-12T23:22:01Z,76,76,30,5403,100,1536,1702,0.17
2026-09-12T23:22:04Z,72,76,30,5357,100,1600,1702,0.17
2026-09-12T23:22:06Z,71,76,30,5387,100,1600,1702,0.15
2026-09-12T23:22:08Z,76,76,30,5403,99,1319,2425,0.15
2026-09-12T23:22:10Z,76,76,30,5357,100,1350,1702,0.14
2026-09-12T23:22:12Z,76,76,30,5403,100,1355,1702,0.14
2026-09-12T23:22:14Z,70,76,30,5357,100,1600,2425,0.14
2026-09-12T23:22:16Z,74,76,30,5357,100,1493,1702,0.13
2026-09-12T23:22:18Z,74,76,30,5387,100,1412,2424,0.13
2026-09-12T23:22:20Z,75,76,30,5357,99,1600,1702,0.12
2026-09-12T23:22:22Z,75,76,30,5357,100,1600,1702,0.12
2026-09-12T23:22:24Z,76,76,30,5403,100,1354,1702,0.11
2026-09-12T23:22:26Z,75,75,30,5403,100,1600,1702,0.11
2026-09-12T23:22:28Z,70,76,30,5357,100,1600,2424,0.11
2026-09-12T23:22:30Z,70,75,30,5387,100,1600,2424,0.18
2026-09-12T23:22:32Z,71,75,30,5357,99,1600,2424,0.18
2026-09-12T23:22:35Z,71,75,30,5387,99,1600,2425,0.25
2026-09-12T23:22:37Z,72,75,30,5403,100,1600,2425,0.25
2026-09-12T23:22:39Z,71,75,30,5403,99,1600,2424,0.25
2026-09-12T23:22:41Z,75,75,30,5403,99,1352,1702,0.23
2026-09-12T23:22:43Z,74,75,30,5357,99,1600,1702,0.23
2026-09-12T23:22:45Z,74,75,30,5403,99,1519,1702,0.21
2026-09-12T23:22:47Z,72,75,30,5403,99,1533,1399,0.21
2026-09-12T23:22:49Z,63,74,30,5387,1,1040,2425,0.27
2026-09-12T23:22:51Z,74,74,30,5403,100,1524,1702,0.27
2026-09-12T23:22:53Z,75,75,30,5357,99,1600,1702,0.27
2026-09-12T23:22:55Z,75,75,30,5357,100,1548,1702,0.25
2026-09-12T23:22:57Z,75,75,30,5387,100,1382,1802,0.25
2026-09-12T23:22:59Z,74,76,30,5403,99,1327,1702,0.23
2026-09-12T23:23:01Z,74,76,30,5403,99,1314,1702,0.23
2026-09-12T23:23:03Z,74,76,30,5357,100,1416,1702,0.23
2026-09-12T23:23:06Z,76,76,30,5403,99,1484,1399,0.21
2026-09-12T23:23:08Z,75,76,30,5357,99,1531,1702,0.21
2026-09-12T23:23:10Z,76,76,30,5387,100,1349,1702,0.19
2026-09-12T23:23:12Z,76,76,30,5357,100,1460,1702,0.19
2026-09-12T23:23:14Z,76,76,30,5357,99,1416,1702,0.19
2026-09-12T23:23:16Z,75,76,30,5387,100,1410,2425,0.18
2026-09-12T23:23:18Z,73,76,30,5403,100,1600,1702,0.18
2026-09-12T23:23:20Z,74,76,30,5357,99,1600,2425,0.16
2026-09-12T23:23:22Z,76,76,30,5357,100,1354,1702,0.16
2026-09-12T23:23:24Z,75,76,30,5357,99,1600,2424,0.23
2026-09-12T23:23:26Z,74,76,30,5403,100,1600,1702,0.23
2026-09-12T23:23:28Z,77,76,30,5357,99,1401,1702,0.23
2026-09-12T23:23:30Z,75,76,30,5403,99,1600,2424,0.21
2026-09-12T23:23:32Z,76,76,30,5387,100,1350,1702,0.21
2026-09-12T23:23:35Z,75,76,30,5357,100,1507,1702,0.20
2026-09-12T23:23:37Z,75,76,30,5357,99,1460,1702,0.20
2026-09-12T23:23:39Z,77,76,30,5403,99,1398,1702,0.20
2026-09-12T23:23:41Z,70,76,30,5403,100,1600,2425,0.18
2026-09-12T23:23:43Z,70,76,30,5387,100,1415,1702,0.18
2026-09-12T23:23:45Z,75,76,30,5357,99,1600,1702,0.16
2026-09-12T23:23:47Z,75,76,30,5357,99,1466,1702,0.16
2026-09-12T23:23:49Z,74,75,30,5357,99,1600,1400,0.15
2026-09-12T23:23:51Z,74,75,30,5387,99,1353,1702,0.15
2026-09-12T23:23:53Z,75,75,30,5403,100,1501,1702,0.15
2026-09-12T23:23:55Z,74,75,30,5357,99,1600,1702,0.14
2026-09-12T23:23:57Z,72,75,30,5403,99,1600,2424,0.14
2026-09-12T23:23:59Z,75,75,30,5357,100,1507,1399,0.13
2026-09-12T23:24:01Z,75,75,30,5387,99,1517,1702,0.13
2026-09-12T23:24:04Z,68,75,30,5387,99,1221,2424,0.13
2026-09-12T23:24:06Z,74,75,30,5387,99,1363,1702,0.12
2026-09-12T23:24:08Z,75,75,30,5403,100,1348,1702,0.12
2026-09-12T23:24:10Z,72,75,30,5403,99,1419,1400,0.27
2026-09-12T23:24:12Z,65,74,30,5387,0,200,2425,0.27
2026-09-12T23:24:14Z,59,73,30,5387,0,200,2424,0.27
2026-09-12T23:24:16Z,58,71,30,5387,0,200,2424,0.25
2026-09-12T23:24:18Z,57,69,30,5387,15,1040,2424,0.25
2026-09-12T23:24:20Z,56,67,30,5357,15,1040,2424,0.31
2026-09-12T23:24:22Z,55,64,30,4783,0,200,2425,0.31
2026-09-12T23:24:24Z,53,63,30,4464,0,200,2424,0.36
2026-09-12T23:24:26Z,65,62,30,4213,99,1368,2424,0.36
2026-09-12T23:24:28Z,69,67,30,3619,99,1379,1702,0.36
2026-09-12T23:24:30Z,70,69,30,3378,99,1398,1400,0.33
2026-09-12T23:24:32Z,70,70,30,3378,100,1381,1702,0.33
2026-09-12T23:24:34Z,72,71,30,3605,100,1458,1702,0.31
2026-09-12T23:24:37Z,73,72,30,3865,99,1403,1702,0.31
2026-09-12T23:24:39Z,74,73,30,4058,99,1379,1702,0.31
2026-09-12T23:24:41Z,73,73,30,4261,100,1334,2425,0.36
2026-09-12T23:24:43Z,75,74,30,4485,99,1385,1702,0.36
2026-09-12T23:24:45Z,75,75,30,4518,99,1374,1702,0.33
2026-09-12T23:24:47Z,75,75,30,4722,99,1340,2424,0.33
2026-09-12T23:24:49Z,75,75,30,5000,100,1600,1702,0.33
2026-09-12T23:24:51Z,75,75,30,5026,100,1600,1702,0.39
2026-09-12T23:24:53Z,75,76,30,5208,100,1379,1702,0.39
2026-09-12T23:24:55Z,75,76,30,5208,99,1342,2424,0.44
2026-09-12T23:24:57Z,73,76,30,5208,99,1366,1702,0.44
2026-09-12T23:24:59Z,74,76,30,5208,99,1600,1702,0.40
2026-09-12T23:25:01Z,75,76,30,5208,100,1600,1399,0.40
2026-09-12T23:25:03Z,75,76,30,5208,99,1331,2425,0.40
2026-09-12T23:25:05Z,71,76,30,5208,100,1600,1702,0.37
2026-09-12T23:25:08Z,75,76,30,5208,99,1383,1702,0.37
2026-09-12T23:25:10Z,75,76,30,5208,99,1336,2424,0.34
2026-09-12T23:25:12Z,75,76,30,5252,99,1385,1702,0.34
2026-09-12T23:25:14Z,77,76,30,5237,99,1376,1407,0.34
2026-09-12T23:25:16Z,76,76,30,5208,99,1600,1702,0.31
2026-09-12T23:25:18Z,75,76,30,5208,100,1328,2424,0.31
2026-09-12T23:25:20Z,75,76,30,5237,100,1349,1702,0.37
2026-09-12T23:25:22Z,76,76,30,5237,100,1368,1702,0.37
2026-09-12T23:25:24Z,75,76,30,5237,99,1428,1702,0.34
2026-09-12T23:25:26Z,72,76,30,5252,100,1599,2425,0.34
2026-09-12T23:25:28Z,71,76,30,5208,99,1600,2427,0.34
2026-09-12T23:25:30Z,76,76,30,5237,99,1377,1702,0.31
2026-09-12T23:25:32Z,75,76,30,5237,100,1382,1702,0.31
2026-09-12T23:25:34Z,74,76,30,5252,100,1539,2424,0.37
2026-09-12T23:25:36Z,76,76,30,5208,99,1335,1702,0.37
2026-09-12T23:25:39Z,76,76,30,5237,99,1380,1702,0.37
2026-09-12T23:25:41Z,75,76,30,5237,100,1408,1702,0.34
2026-09-12T23:25:43Z,75,76,30,5208,99,1351,2424,0.34
2026-09-12T23:25:45Z,76,76,30,5237,99,1378,1702,0.31
2026-09-12T23:25:47Z,75,76,30,5208,100,1600,1399,0.31
2026-09-12T23:25:49Z,76,76,30,5237,99,1341,1399,0.31
2026-09-12T23:25:51Z,75,76,30,5208,99,1321,2424,0.36
2026-09-12T23:25:53Z,71,76,30,5208,99,1600,1702,0.36
2026-09-12T23:25:55Z,72,76,30,5237,100,1404,1702,0.33
2026-09-12T23:25:57Z,77,76,30,5252,100,1376,1702,0.33
2026-09-12T23:25:59Z,73,75,30,5237,99,1595,2424,0.39
2026-09-12T23:26:01Z,75,75,30,5252,100,1373,1702,0.39
2026-09-12T23:26:03Z,75,75,30,5252,99,1376,1702,0.39
2026-09-12T23:26:05Z,75,76,30,5237,99,1376,1702,0.36
2026-09-12T23:26:08Z,75,75,30,5252,100,1348,2425,0.36
2026-09-12T23:26:10Z,77,75,30,5252,100,1380,1702,0.33
2026-09-12T23:26:12Z,75,76,30,5237,99,1335,1702,0.33
2026-09-12T23:26:14Z,75,76,30,5208,100,1600,1702,0.33
2026-09-12T23:26:16Z,74,75,30,5252,100,1337,2424,0.46
2026-09-12T23:26:18Z,74,75,30,5237,100,1347,1702,0.46
2026-09-12T23:26:20Z,69,75,30,5252,100,1600,2424,0.43
2026-09-12T23:26:22Z,72,75,30,5252,100,1600,2424,0.43
2026-09-12T23:26:24Z,75,75,30,5237,99,1342,2425,0.47
2026-09-12T23:26:26Z,75,75,30,5237,99,1600,1702,0.47
2026-09-12T23:26:28Z,75,75,30,5237,99,1388,1702,0.47
2026-09-12T23:26:30Z,78,75,30,5237,100,1380,1702,0.43
2026-09-12T23:26:32Z,74,75,30,5237,100,1600,1702,0.43
2026-09-12T23:26:34Z,72,75,30,5208,99,1379,1702,0.40
2026-09-12T23:26:36Z,72,74,30,5252,99,1411,1399,0.40
2026-09-12T23:26:39Z,75,74,30,5252,100,1384,1702,0.40
2026-09-12T23:26:41Z,75,75,30,5252,100,1389,1702,0.37
2026-09-12T23:26:43Z,76,75,30,5237,99,1357,1702,0.37
2026-09-12T23:26:45Z,76,76,30,5237,99,1404,1702,0.42
2026-09-12T23:26:47Z,75,76,30,5237,100,1379,1702,0.42
2026-09-12T23:26:49Z,76,76,30,5237,100,1374,1702,0.42
2026-09-12T23:26:51Z,76,76,30,5252,100,1331,2424,0.38
2026-09-12T23:26:53Z,77,76,30,5252,100,1373,1702,0.38
2026-09-12T23:26:55Z,76,76,30,5237,99,1374,1702,0.35
2026-09-12T23:26:57Z,77,76,30,5252,100,1379,1702,0.35
2026-09-12T23:26:59Z,76,76,30,5252,100,1600,1702,0.41
2026-09-12T23:27:01Z,75,76,30,5237,100,1600,1702,0.41
2026-09-12T23:27:03Z,75,76,30,5237,99,1378,1702,0.41
2026-09-12T23:27:06Z,76,76,30,5237,100,1341,2426,0.37
2026-09-12T23:27:08Z,76,76,30,5252,100,1375,1702,0.37
2026-09-12T23:27:10Z,72,76,30,5252,100,1371,1702,0.34
2026-09-12T23:27:12Z,75,76,30,5252,99,1600,1399,0.34
2026-09-12T23:27:14Z,75,76,30,5252,99,1343,2424,0.34
2026-09-12T23:27:16Z,72,76,30,5208,100,1600,1702,0.39
2026-09-12T23:27:18Z,74,76,30,5252,99,1384,1702,0.39
2026-09-12T23:27:20Z,75,76,30,5237,99,1399,1702,0.36
2026-09-12T23:27:22Z,73,76,30,5252,99,1600,1702,0.36
2026-09-12T23:27:24Z,76,76,30,5252,100,1379,1702,0.33
2026-09-12T23:27:26Z,77,76,30,5237,99,1372,1702,0.33
2026-09-12T23:27:28Z,76,76,30,5237,99,1338,2424,0.33
2026-09-12T23:27:30Z,76,76,30,5237,100,1600,2425,0.39
2026-09-12T23:27:32Z,77,76,30,5237,99,1371,1702,0.39
2026-09-12T23:27:34Z,76,76,30,5252,100,1585,1399,0.36
2026-09-12T23:27:37Z,75,76,30,5208,99,1329,2424,0.36
2026-09-12T23:27:39Z,75,76,30,5237,99,1376,1702,0.36
2026-09-12T23:27:41Z,75,76,30,5237,99,1376,1702,0.33
2026-09-12T23:27:43Z,77,76,30,5252,100,1359,1702,0.33
2026-09-12T23:27:45Z,76,76,30,5237,100,1333,2425,0.38
2026-09-12T23:27:47Z,76,76,30,5252,100,1370,1702,0.38
2026-09-12T23:27:49Z,75,76,30,5252,100,1600,1702,0.38
2026-09-12T23:27:51Z,75,76,30,5252,99,1331,1702,0.35
2026-09-12T23:27:53Z,76,76,30,5252,99,1319,2425,0.35
2026-09-12T23:27:55Z,77,76,30,5237,99,1370,1702,0.32
2026-09-12T23:27:57Z,75,76,30,5252,100,1398,1702,0.32
2026-09-12T23:27:59Z,75,76,30,5237,100,1376,1702,0.30
2026-09-12T23:28:01Z,75,76,30,5237,99,1349,2424,0.30
2026-09-12T23:28:03Z,75,76,30,5252,99,1393,1702,0.30
2026-09-12T23:28:05Z,75,76,30,5252,100,1371,1702,0.27
2026-09-12T23:28:08Z,75,76,30,5252,99,1420,1400,0.27
2026-09-12T23:28:10Z,75,76,30,5252,99,1347,2424,0.33
2026-09-12T23:28:12Z,76,76,30,5237,99,1374,1702,0.33
2026-09-12T23:28:14Z,75,76,30,5252,100,1371,1702,0.33
2026-09-12T23:28:16Z,75,76,30,5237,99,1378,1702,0.30
2026-09-12T23:28:18Z,76,76,30,5252,99,1330,2424,0.30
2026-09-12T23:28:20Z,75,76,30,5237,100,1600,1399,0.28
2026-09-12T23:28:22Z,75,76,30,5237,99,1576,1702,0.28
2026-09-12T23:28:24Z,75,76,30,5252,99,1373,1702,0.26
2026-09-12T23:28:26Z,75,75,30,5237,99,1338,2424,0.26
2026-09-12T23:28:28Z,72,75,30,5252,100,1600,1702,0.26
2026-09-12T23:28:30Z,75,75,30,5237,99,1377,1702,0.24
2026-09-12T23:28:32Z,75,76,30,5252,99,1377,1702,0.24
2026-09-12T23:28:34Z,77,75,30,5252,99,1331,2424,0.30
2026-09-12T23:28:37Z,75,75,30,5252,99,1600,2424,0.30
2026-09-12T23:28:39Z,76,75,30,5252,99,1370,1702,0.30
2026-09-12T23:28:41Z,75,75,30,5252,100,1370,1399,0.27
2026-09-12T23:28:43Z,75,75,30,5252,99,1380,1702,0.27
2026-09-12T23:28:45Z,73,75,30,5252,100,1391,1399,0.33
2026-09-12T23:28:47Z,72,75,30,5252,100,1366,1399,0.33
2026-09-12T23:28:49Z,76,74,30,5237,99,1376,1702,0.33
2026-09-12T23:28:51Z,75,75,30,5237,100,1370,1702,0.47
2026-09-12T23:28:53Z,75,76,30,5252,100,1358,1702,0.47
2026-09-12T23:28:55Z,76,76,30,5237,100,1368,1702,0.43
2026-09-12T23:28:57Z,77,76,30,5237,100,1379,1702,0.43
2026-09-12T23:28:59Z,77,76,30,5252,99,1375,1702,0.39
2026-09-12T23:29:01Z,75,76,30,5252,100,1336,2424,0.39
2026-09-12T23:29:03Z,75,76,30,5237,99,1600,1702,0.39
2026-09-12T23:29:06Z,75,76,30,5237,100,1599,1702,0.36
2026-09-12T23:29:08Z,76,76,30,5237,99,1600,1401,0.36
2026-09-12T23:29:10Z,74,76,30,5237,100,1340,2424,0.41
2026-09-12T23:29:12Z,76,76,30,5252,99,1408,1400,0.41
2026-09-12T23:29:14Z,76,76,30,5237,99,1367,1702,0.41
2026-09-12T23:29:16Z,76,76,30,5252,99,1370,1702,0.38
2026-09-12T23:29:18Z,75,76,30,5252,100,1600,1702,0.38
2026-09-12T23:29:20Z,76,76,30,5252,100,1382,1702,0.35
2026-09-12T23:29:22Z,76,76,30,5237,99,1371,1702,0.35
2026-09-12T23:29:24Z,75,76,30,5252,99,1313,2424,0.40
2026-09-12T23:29:26Z,76,76,30,5252,100,1600,1702,0.40
2026-09-12T23:29:28Z,76,76,30,5237,99,1372,1702,0.40
2026-09-12T23:29:30Z,78,76,30,5237,99,1379,1702,0.37
2026-09-12T23:29:32Z,75,76,30,5252,100,1338,2424,0.37
2026-09-12T23:29:35Z,71,76,30,5237,99,1600,1399,0.34
2026-09-12T23:29:37Z,75,76,30,5237,100,1398,1702,0.34
2026-09-12T23:29:39Z,76,76,30,5281,99,1378,1702,0.34
2026-09-12T23:29:41Z,75,76,30,5252,100,1380,1702,0.39
2026-09-12T23:29:43Z,78,76,30,5237,100,1379,1702,0.39
2026-09-12T23:29:45Z,76,76,30,5252,99,1375,1702,0.36
2026-09-12T23:29:47Z,76,76,30,5237,99,1337,2399,0.36
2026-09-12T23:29:49Z,76,76,30,5237,99,1428,1702,0.33
2026-09-12T23:29:51Z,76,76,30,5252,100,1600,1702,0.33
2026-09-12T23:29:53Z,72,76,30,5252,100,1600,1702,0.33
2026-09-12T23:29:55Z,75,76,30,5252,99,1315,2424,0.31
2026-09-12T23:29:57Z,75,76,30,5237,99,1384,1702,0.31
2026-09-12T23:29:59Z,75,76,30,5237,100,1380,1702,0.28
2026-09-12T23:30:01Z,72,76,30,5237,100,1486,1702,0.28
2026-09-12T23:30:04Z,76,76,30,5237,99,1336,2424,0.28
2026-09-12T23:30:06Z,76,76,30,5237,100,1382,1702,0.34
2026-09-12T23:30:08Z,76,76,30,5237,99,1382,1702,0.34
2026-09-12T23:30:10Z,75,76,30,5252,100,1366,1702,0.31
2026-09-12T23:30:12Z,76,76,30,5237,99,1346,2424,0.31
2026-09-12T23:30:14Z,76,76,30,5237,100,1366,1702,0.31
2026-09-12T23:30:16Z,75,76,30,5237,99,1378,1702,0.29
2026-09-12T23:30:18Z,76,76,30,5237,99,1380,1702,0.29
2026-09-12T23:30:20Z,75,76,30,5252,99,1323,2425,0.26
2026-09-12T23:30:22Z,75,76,30,5237,100,1366,1702,0.26
2026-09-12T23:30:24Z,75,76,30,5281,100,1388,1702,0.24
2026-09-12T23:30:26Z,75,76,30,5281,99,1388,1702,0.24
2026-09-12T23:30:28Z,75,76,30,5252,100,1327,2425,0.24
2026-09-12T23:30:30Z,75,76,30,5252,100,1600,1702,0.30
2026-09-12T23:30:32Z,76,76,30,5252,99,1600,1702,0.30
2026-09-12T23:30:35Z,75,76,30,5237,100,1408,1702,0.28
2026-09-12T23:30:37Z,75,76,30,5237,100,1335,2424,0.28
2026-09-12T23:30:39Z,70,75,30,5252,100,1600,2424,0.28
2026-09-12T23:30:41Z,71,75,30,5237,100,1600,2424,0.26
2026-09-12T23:30:43Z,75,75,30,5252,99,1383,1702,0.26
2026-09-12T23:30:45Z,75,76,30,5237,100,1316,2424,0.23
2026-09-12T23:30:47Z,74,75,30,5252,99,1600,1702,0.23
2026-09-12T23:30:49Z,75,75,30,5237,99,1379,1702,0.23
2026-09-12T23:30:51Z,75,75,30,5237,100,1600,1702,0.30
2026-09-12T23:30:53Z,75,75,30,5252,100,1370,1702,0.30
2026-09-12T23:30:55Z,69,75,30,5252,99,1600,2424,0.35
2026-09-12T23:30:57Z,72,75,30,5252,99,1421,1702,0.35
2026-09-12T23:30:59Z,74,74,30,5252,99,1372,1702,0.32
2026-09-12T23:31:01Z,75,75,30,5237,99,1368,1702,0.32
2026-09-12T23:31:03Z,75,75,30,5252,99,1368,1702,0.32
2026-09-12T23:31:06Z,75,76,30,5252,99,1378,1702,0.30
2026-09-12T23:31:08Z,75,76,30,5252,99,1391,1702,0.30
2026-09-12T23:31:10Z,75,76,30,5237,99,1366,1399,0.27
2026-09-12T23:31:12Z,75,76,30,5252,100,1379,1702,0.27
2026-09-12T23:31:14Z,76,76,30,5252,99,1377,1702,0.27
2026-09-12T23:31:16Z,76,76,30,5237,99,1378,1702,0.25
2026-09-12T23:31:18Z,75,76,30,5237,99,1382,1702,0.25
2026-09-12T23:31:20Z,76,76,30,5237,99,1320,2424,0.23
2026-09-12T23:31:22Z,76,76,30,5252,100,1600,1736,0.23
2026-09-12T23:31:24Z,76,76,30,5252,99,1600,1702,0.21
2026-09-12T23:31:26Z,76,76,30,5237,100,1375,1702,0.21
2026-09-12T23:31:28Z,75,76,30,5281,99,1323,2424,0.21
2026-09-12T23:31:30Z,76,76,30,5237,99,1376,1702,0.20
2026-09-12T23:31:33Z,72,76,30,5252,100,1348,1702,0.20
2026-09-12T23:31:35Z,75,76,30,5252,100,1600,2424,0.18
2026-09-12T23:31:37Z,75,76,30,5237,99,1396,1702,0.18
2026-09-12T23:31:39Z,72,76,30,5237,100,1600,1577,0.18
2026-09-12T23:31:41Z,76,76,30,5237,100,1375,1702,0.16
2026-09-12T23:31:43Z,75,76,30,5252,99,1330,2425,0.16
2026-09-12T23:31:45Z,75,76,30,5237,100,1376,1702,0.15
2026-09-12T23:31:47Z,77,76,30,5252,99,1382,1702,0.15
2026-09-12T23:31:49Z,72,76,30,5237,100,1600,1702,0.14
2026-09-12T23:31:51Z,75,76,30,5252,99,1334,2424,0.14
2026-09-12T23:31:53Z,75,76,30,5252,100,1393,1399,0.14
2026-09-12T23:31:55Z,76,76,30,5237,100,1379,1702,0.13
2026-09-12T23:31:57Z,75,76,30,5252,100,1380,1702,0.13
2026-09-12T23:31:59Z,73,76,30,5237,99,1451,1702,0.20
2026-09-12T23:32:01Z,75,76,30,5252,99,1365,1702,0.20
2026-09-12T23:32:04Z,76,76,30,5252,100,1378,1702,0.20
2026-09-12T23:32:06Z,76,76,30,5252,100,1367,1702,0.18
2026-09-12T23:32:08Z,76,76,30,5237,100,1374,1702,0.18
2026-09-12T23:32:10Z,75,76,30,5252,99,1378,1702,0.17
2026-09-12T23:32:12Z,75,76,30,5237,99,1600,1702,0.17
2026-09-12T23:32:14Z,74,76,30,5237,99,1423,2114,0.17
2026-09-12T23:32:16Z,72,76,30,5237,99,1331,1702,0.23
2026-09-12T23:32:18Z,77,76,30,5237,100,1378,1702,0.23
2026-09-12T23:32:20Z,76,76,30,5252,99,1407,1702,0.22
2026-09-12T23:32:22Z,75,76,30,5237,100,1327,2424,0.22
2026-09-12T23:32:24Z,76,76,30,5237,99,1389,1702,0.20
2026-09-12T23:32:26Z,75,76,30,5252,99,1366,1702,0.20
2026-09-12T23:32:28Z,75,76,30,5237,100,1373,1702,0.20
2026-09-12T23:32:30Z,75,76,30,5252,99,1374,2424,0.18
2026-09-12T23:32:33Z,76,76,30,5252,99,1395,1702,0.18
2026-09-12T23:32:35Z,75,76,30,5252,99,1410,1702,0.17
2026-09-12T23:32:37Z,75,76,30,5237,99,1414,1702,0.17
2026-09-12T23:32:39Z,75,76,30,5252,99,1325,2425,0.17
2026-09-12T23:32:41Z,73,76,30,5237,99,1333,1399,0.23
2026-09-12T23:32:43Z,75,76,30,5252,100,1600,1702,0.23
2026-09-12T23:32:45Z,75,76,30,5252,100,1600,1702,0.21
2026-09-12T23:32:47Z,75,76,30,5237,100,1413,1702,0.21
2026-09-12T23:32:49Z,76,75,30,5237,100,1374,1400,0.20
2026-09-12T23:32:51Z,74,75,30,5252,99,1345,1702,0.20
2026-09-12T23:32:53Z,75,75,30,5252,100,1600,1794,0.20
2026-09-12T23:32:55Z,75,76,30,5237,99,1390,1702,0.18
2026-09-12T23:32:57Z,73,75,30,5237,100,1360,1702,0.18
2026-09-12T23:32:59Z,71,75,30,5237,99,1600,2426,0.17
2026-09-12T23:33:02Z,75,75,30,5252,100,1362,1702,0.17
2026-09-12T23:33:04Z,77,75,30,5237,100,1381,1702,0.17
2026-09-12T23:33:06Z,75,75,30,5237,100,1393,2425,0.15
2026-09-12T23:33:08Z,73,75,30,5237,99,1407,1702,0.15
2026-09-12T23:33:10Z,68,75,30,5237,100,1040,2425,0.14
2026-09-12T23:33:12Z,74,74,30,5237,100,1600,1702,0.14
2026-09-12T23:33:14Z,71,75,30,5237,99,1600,1702,0.14
2026-09-12T23:33:16Z,75,75,30,5252,100,1370,1702,0.13
2026-09-12T23:33:18Z,75,76,30,5237,99,1600,1702,0.13
2026-09-12T23:33:20Z,75,76,30,5237,100,1600,1702,0.12
2026-09-12T23:33:22Z,75,76,30,5237,99,1600,1702,0.12
2026-09-12T23:33:24Z,75,76,30,5208,100,1398,2425,0.19
2026-09-12T23:33:26Z,75,76,30,5252,99,1366,1702,0.19
2026-09-12T23:33:28Z,76,76,30,5237,100,1365,1702,0.19
2026-09-12T23:33:31Z,76,76,30,5237,99,1351,1702,0.17
2026-09-12T23:33:33Z,76,76,30,5252,99,1370,1702,0.17
2026-09-12T23:33:35Z,76,76,30,5237,100,1373,1702,0.16
2026-09-12T23:33:37Z,75,76,30,5252,100,1359,1702,0.16
2026-09-12T23:33:39Z,75,76,30,5237,99,1600,2424,0.16
2026-09-12T23:33:41Z,76,76,30,5237,100,1371,1702,0.23
2026-09-12T23:33:43Z,76,76,30,5252,99,1377,1702,0.23
2026-09-12T23:33:45Z,76,76,30,5237,100,1370,1702,0.21
2026-09-12T23:33:47Z,75,76,30,5252,99,1377,1679,0.21
2026-09-12T23:33:49Z,76,76,30,5237,99,1398,1702,0.19
2026-09-12T23:33:51Z,77,76,30,5252,99,1376,1399,0.19
2026-09-12T23:33:53Z,75,76,30,5252,99,1600,2424,0.19
2026-09-12T23:33:55Z,76,76,30,5252,100,1379,1702,0.26
2026-09-12T23:33:57Z,76,76,30,5237,99,1600,1702,0.26
2026-09-12T23:34:00Z,76,76,30,5237,99,1390,1702,0.24
2026-09-12T23:34:02Z,72,76,30,5237,100,1600,2424,0.24
2026-09-12T23:34:04Z,77,76,30,5237,100,1368,1400,0.24
2026-09-12T23:34:06Z,75,76,30,5252,99,1372,1702,0.22
2026-09-12T23:34:08Z,76,76,30,5252,99,1380,1702,0.22
2026-09-12T23:34:10Z,75,76,30,5237,100,1342,2425,0.28
2026-09-12T23:34:12Z,75,76,30,5237,100,1486,1702,0.28
2026-09-12T23:34:14Z,77,76,30,5237,99,1384,1702,0.28
2026-09-12T23:34:16Z,75,76,30,5237,99,1368,1702,0.26
2026-09-12T23:34:18Z,75,76,30,5252,99,1326,2424,0.26
2026-09-12T23:34:20Z,76,76,30,5237,100,1600,1702,0.24
2026-09-12T23:34:22Z,71,76,30,5252,99,1600,2424,0.24
2026-09-12T23:34:24Z,70,76,30,5252,100,1600,1990,0.22
2026-09-12T23:34:26Z,71,76,30,5237,100,1600,2424,0.22
2026-09-12T23:34:28Z,70,76,30,5237,100,1600,2424,0.22
2026-09-12T23:34:31Z,70,76,30,5237,100,1324,1702,0.20
2026-09-12T23:34:33Z,77,76,30,5237,100,1353,1702,0.20
2026-09-12T23:34:35Z,76,76,30,5237,99,1333,2424,0.26
2026-09-12T23:34:37Z,70,76,30,5237,99,1321,1702,0.26
2026-09-12T23:34:39Z,77,76,30,5237,99,1380,1702,0.26
2026-09-12T23:34:41Z,76,76,30,5252,99,1377,1702,0.24
2026-09-12T23:34:43Z,77,76,30,5237,99,1341,2424,0.24
2026-09-12T23:34:45Z,70,76,30,5252,100,1600,1702,0.38
2026-09-12T23:34:47Z,71,76,30,5252,99,1600,2424,0.38
2026-09-12T23:34:49Z,71,76,30,5252,99,1600,2425,0.43
2026-09-12T23:34:51Z,73,76,30,5252,99,1600,2424,0.43
2026-09-12T23:34:53Z,76,76,30,5252,99,1386,1702,0.43
2026-09-12T23:34:55Z,76,76,30,5237,99,1380,1702,0.40
2026-09-12T23:34:57Z,75,76,30,5252,100,1377,1702,0.40
2026-09-12T23:34:59Z,76,75,30,5237,100,1340,2424,0.45
2026-09-12T23:35:01Z,75,75,30,5252,99,1600,1702,0.45
2026-09-12T23:35:04Z,74,75,30,5252,99,1350,1702,0.45
2026-09-12T23:35:06Z,76,76,30,5252,100,1379,1702,0.41
2026-09-12T23:35:08Z,71,75,30,5252,100,1600,2424,0.41
2026-09-12T23:35:10Z,69,75,30,5252,99,1600,2427,0.38
2026-09-12T23:35:12Z,75,75,30,5237,100,1495,1702,0.38
2026-09-12T23:35:14Z,75,75,30,5237,99,1400,1702,0.38
2026-09-12T23:35:16Z,76,75,30,5237,99,1343,1399,0.35
2026-09-12T23:35:18Z,72,75,30,5252,99,1409,1702,0.35
2026-09-12T23:35:20Z,73,75,30,5252,99,1437,1702,0.32
2026-09-12T23:35:22Z,74,74,30,5252,100,1459,1702,0.32
2026-09-12T23:35:24Z,75,75,30,5252,99,1384,1702,0.29
2026-09-12T23:35:26Z,76,75,30,5237,99,1389,1702,0.29
2026-09-12T23:35:28Z,74,75,30,5252,99,1376,1702,0.29
2026-09-12T23:35:30Z,75,76,30,5237,100,1415,1702,0.27
2026-09-12T23:35:33Z,76,76,30,5252,99,1383,1702,0.27
2026-09-12T23:35:35Z,75,76,30,5252,99,1332,2425,0.25
2026-09-12T23:35:37Z,75,76,30,5208,100,1404,1702,0.25
2026-09-12T23:35:39Z,76,76,30,5237,100,1383,1702,0.25
2026-09-12T23:35:41Z,76,76,30,5237,99,1388,1702,0.23
2026-09-12T23:35:43Z,75,76,30,5237,99,1331,2424,0.23
2026-09-12T23:35:45Z,75,76,30,5237,99,1369,1702,0.21
2026-09-12T23:35:47Z,75,76,30,5252,99,1599,1702,0.21
2026-09-12T23:35:49Z,76,76,30,5252,99,1600,1702,0.19
2026-09-12T23:35:51Z,75,76,30,5252,100,1379,1399,0.19
2026-09-12T23:35:53Z,76,76,30,5237,100,1366,1702,0.19
2026-09-12T23:35:55Z,77,76,30,5237,99,1375,1702,0.18
2026-09-12T23:35:57Z,76,76,30,5252,99,1600,2427,0.18
2026-09-12T23:35:59Z,75,76,30,5237,100,1379,1399,0.16
2026-09-12T23:36:02Z,77,76,30,5208,99,1358,1702,0.16
2026-09-12T23:36:04Z,75,76,30,5237,100,1600,1702,0.16
2026-09-12T23:36:06Z,76,76,30,5237,99,1314,2425,0.15
2026-09-12T23:36:08Z,75,76,30,5252,100,1382,1400,0.15
2026-09-12T23:36:10Z,76,76,30,5237,100,1384,1401,0.14
2026-09-12T23:36:12Z,76,76,30,5237,100,1600,1702,0.14
2026-09-12T23:36:14Z,76,76,30,5252,100,1376,1702,0.14
2026-09-12T23:36:16Z,75,76,30,5237,99,1384,1702,0.12
2026-09-12T23:36:18Z,78,76,30,5237,99,1381,1702,0.12
2026-09-12T23:36:20Z,76,76,30,5237,100,1370,1702,0.11
2026-09-12T23:36:22Z,71,76,30,5252,100,1353,1702,0.11
2026-09-12T23:36:24Z,75,76,30,5237,100,1370,1702,0.11
2026-09-12T23:36:26Z,76,76,30,5237,100,1379,1702,0.11
2026-09-12T23:36:28Z,72,76,30,5237,100,1600,2425,0.11
2026-09-12T23:36:31Z,71,76,30,5237,99,1600,2425,0.18
2026-09-12T23:36:33Z,75,76,30,5237,99,1358,1702,0.18
2026-09-12T23:36:35Z,75,76,30,5252,99,1388,1702,0.16
2026-09-12T23:36:37Z,74,76,30,5252,100,1325,2424,0.16
2026-09-12T23:36:39Z,76,76,30,5252,99,1371,1702,0.16
2026-09-12T23:36:41Z,75,76,30,5252,99,1377,1702,0.15
2026-09-12T23:36:43Z,75,76,30,5252,100,1600,1514,0.15
2026-09-12T23:36:45Z,71,76,30,5252,99,1600,2425,0.14
2026-09-12T23:36:47Z,75,76,30,5237,100,1600,1702,0.14
2026-09-12T23:36:49Z,76,76,30,5252,100,1600,1399,0.13
2026-09-12T23:36:51Z,72,76,30,5237,100,1600,1702,0.13
2026-09-12T23:36:53Z,71,76,30,5252,100,1600,2424,0.13
2026-09-12T23:36:55Z,75,76,30,5252,100,1380,1702,0.20
2026-09-12T23:36:57Z,76,76,30,5252,100,1381,1702,0.20
2026-09-12T23:36:59Z,75,76,30,5237,100,1377,1702,0.18
2026-09-12T23:37:02Z,75,76,30,5252,99,1381,2424,0.18
2026-09-12T23:37:04Z,75,76,30,5252,99,1373,1702,0.18
2026-09-12T23:37:06Z,75,75,30,5237,99,1357,1702,0.17
2026-09-12T23:37:08Z,69,75,30,5208,99,1600,2047,0.17
2026-09-12T23:37:10Z,70,75,30,5252,99,1600,2425,0.15
2026-09-12T23:37:12Z,75,75,30,5252,99,1484,1702,0.15
2026-09-12T23:37:14Z,75,75,30,5237,100,1369,1399,0.15
2026-09-12T23:37:16Z,76,75,30,5252,99,1381,1702,0.14
2026-09-12T23:37:18Z,72,75,30,5252,100,1600,2171,0.14
2026-09-12T23:37:20Z,74,75,30,5237,99,1341,1702,0.21
2026-09-12T23:37:22Z,75,75,30,5237,100,1600,1702,0.21
2026-09-12T23:37:24Z,75,75,30,5237,99,1386,1702,0.19
2026-09-12T23:37:26Z,75,75,30,5237,100,1350,1401,0.19
2026-09-12T23:37:28Z,70,75,30,5237,99,1600,2424,0.19
2026-09-12T23:37:31Z,73,75,30,5252,100,1331,1399,0.18
2026-09-12T23:37:33Z,74,74,30,5252,100,1383,1399,0.18
2026-09-12T23:37:35Z,75,74,30,5237,99,1363,1702,0.16
2026-09-12T23:37:37Z,75,75,30,5252,99,1383,1702,0.16
2026-09-12T23:37:39Z,75,75,30,5237,100,1361,1702,0.16
2026-09-12T23:37:41Z,76,75,30,5237,99,1370,1702,0.23
2026-09-12T23:37:43Z,75,76,30,5237,100,1375,1702,0.23
2026-09-12T23:37:45Z,75,76,30,5252,100,1403,1702,0.21
2026-09-12T23:37:47Z,75,76,30,5237,99,1396,1702,0.21
2026-09-12T23:37:49Z,76,76,30,5237,99,1380,1702,0.19
2026-09-12T23:37:51Z,75,76,30,5237,99,1374,1702,0.19
2026-09-12T23:37:53Z,75,76,30,5252,100,1336,2425,0.19
2026-09-12T23:37:55Z,75,76,30,5237,99,1600,1702,0.26
2026-09-12T23:37:57Z,75,76,30,5237,100,1600,2343,0.26
2026-09-12T23:38:00Z,76,76,30,5237,99,1600,1702,0.24
2026-09-12T23:38:02Z,75,76,30,5237,99,1377,1399,0.24
2026-09-12T23:38:04Z,76,76,30,5252,100,1384,1702,0.24
2026-09-12T23:38:06Z,77,76,30,5237,100,1380,1702,0.22
2026-09-12T23:38:08Z,72,76,30,5237,100,1428,1399,0.22
2026-09-12T23:38:10Z,75,76,30,5252,100,1367,1702,0.28
2026-09-12T23:38:12Z,75,76,30,5252,100,1377,1702,0.28
2026-09-12T23:38:14Z,73,76,30,5252,100,1600,2425,0.28
2026-09-12T23:38:16Z,76,76,30,5237,99,1341,2424,0.26
2026-09-12T23:38:18Z,75,76,30,5237,99,1600,1702,0.26
2026-09-12T23:38:20Z,75,76,30,5252,100,1376,1702,0.24
2026-09-12T23:38:22Z,77,76,30,5237,99,1369,1702,0.24
2026-09-12T23:38:24Z,75,76,30,5237,100,1348,2424,0.30
2026-09-12T23:38:26Z,72,76,30,5237,100,1600,1702,0.30
2026-09-12T23:38:29Z,76,76,30,5252,99,1367,1702,0.30
2026-09-12T23:38:31Z,73,76,30,5237,99,1600,2427,0.27
2026-09-12T23:38:33Z,74,76,30,5252,99,1364,2425,0.27
2026-09-12T23:38:35Z,75,76,30,5252,99,1382,1702,0.25
2026-09-12T23:38:37Z,75,76,30,5252,100,1381,1702,0.25
2026-09-12T23:38:39Z,77,76,30,5252,100,1365,1702,0.25
2026-09-12T23:38:41Z,76,76,30,5237,99,1350,1400,0.39
2026-09-12T23:38:43Z,75,76,30,5252,100,1402,1702,0.39
2026-09-12T23:38:45Z,76,76,30,5237,100,1600,1702,0.36
2026-09-12T23:38:47Z,78,76,30,5252,99,1378,1399,0.36
2026-09-12T23:38:49Z,76,76,30,5252,99,1372,1702,0.33
2026-09-12T23:38:51Z,75,76,30,5237,100,1402,1702,0.33
2026-09-12T23:38:53Z,75,76,30,5252,99,1374,1702,0.33
2026-09-12T23:38:55Z,75,76,30,5252,100,1364,1562,0.30
2026-09-12T23:38:58Z,75,76,30,5252,100,1377,1702,0.30
2026-09-12T23:39:00Z,75,76,30,5237,100,1376,1702,0.28
2026-09-12T23:39:02Z,75,76,30,5237,100,1600,1702,0.28
2026-09-12T23:39:04Z,75,76,30,5237,99,1600,2424,0.28
2026-09-12T23:39:06Z,76,76,30,5252,99,1376,1702,0.34
2026-09-12T23:39:08Z,75,76,30,5252,99,1379,1702,0.34
2026-09-12T23:39:10Z,75,76,30,5208,100,1364,1702,0.31
2026-09-12T23:39:12Z,75,76,30,5252,99,1409,1702,0.31
2026-09-12T23:39:14Z,75,75,30,5237,100,1400,1702,0.29
2026-09-12T23:39:16Z,76,75,30,5237,99,1382,1400,0.29
2026-09-12T23:39:18Z,75,75,30,5237,99,1345,1702,0.29
2026-09-12T23:39:20Z,75,75,30,5237,99,1600,1702,0.26
2026-09-12T23:39:22Z,75,75,30,5252,99,1386,1702,0.26
2026-09-12T23:39:25Z,75,75,30,5252,100,1375,1702,0.24
2026-09-12T23:39:27Z,71,75,30,5237,100,1365,1702,0.24
2026-09-12T23:39:29Z,75,75,30,5252,100,1600,1702,0.24
2026-09-12T23:39:31Z,74,75,30,5237,99,1329,2424,0.30
2026-09-12T23:39:33Z,76,75,30,5237,99,1373,1702,0.30
2026-09-12T23:39:35Z,75,75,30,5237,100,1600,1702,0.28
2026-09-12T23:39:37Z,75,75,30,5252,100,1404,1702,0.28
2026-09-12T23:39:39Z,71,75,30,5237,99,1600,2424,0.28
2026-09-12T23:39:41Z,73,75,30,5237,99,1376,1702,0.34
2026-09-12T23:39:43Z,63,74,30,5252,2,1040,2424,0.34
2026-09-12T23:39:45Z,75,74,30,5237,99,1358,1438,0.31
2026-09-12T23:39:47Z,76,75,30,5252,100,1386,1702,0.31
2026-09-12T23:39:49Z,76,75,30,5237,99,1373,1702,0.28
2026-09-12T23:39:51Z,76,75,30,5252,100,1367,1399,0.28
2026-09-12T23:39:53Z,77,76,30,5252,99,1380,1702,0.28
2026-09-12T23:39:56Z,77,76,30,5237,100,1386,1702,0.26
2026-09-12T23:39:58Z,74,76,30,5252,99,1403,2424,0.26
2026-09-12T23:40:00Z,74,76,30,5252,100,1389,1702,0.24
2026-09-12T23:40:02Z,75,76,30,5237,99,1600,1702,0.24
2026-09-12T23:40:04Z,75,76,30,5237,100,1401,1702,0.24
2026-09-12T23:40:06Z,76,76,30,5237,99,1387,1702,0.30
2026-09-12T23:40:08Z,76,76,30,5252,99,1398,1702,0.30
2026-09-12T23:40:10Z,75,76,30,5252,100,1377,1702,0.28
2026-09-12T23:40:12Z,74,76,30,5252,99,1314,2424,0.28
2026-09-12T23:40:14Z,75,76,30,5252,100,1600,1702,0.25
2026-09-12T23:40:16Z,76,76,30,5237,99,1420,1702,0.25
2026-09-12T23:40:18Z,75,76,30,5252,99,1375,1702,0.25
2026-09-12T23:40:20Z,76,76,30,5237,99,1327,2424,0.31
2026-09-12T23:40:22Z,75,76,30,5252,99,1410,1702,0.31
2026-09-12T23:40:25Z,76,76,30,5237,99,1373,1702,0.29
2026-09-12T23:40:27Z,76,76,30,5237,99,1345,1702,0.29
2026-09-12T23:40:29Z,75,76,30,5252,99,1386,1702,0.29
2026-09-12T23:40:31Z,77,76,30,5252,99,1378,1400,0.27
2026-09-12T23:40:33Z,75,76,30,5237,99,1381,1702,0.27
2026-09-12T23:40:35Z,77,76,30,5237,100,1327,2426,0.24
2026-09-12T23:40:37Z,75,76,30,5237,99,1396,1702,0.24
2026-09-12T23:40:39Z,72,76,30,5252,100,1600,1702,0.24
2026-09-12T23:40:41Z,76,76,30,5208,99,1373,1702,0.22
2026-09-12T23:40:43Z,75,76,30,5252,100,1600,2424,0.22
2026-09-12T23:40:45Z,75,76,30,5237,100,1360,1702,0.21
2026-09-12T23:40:47Z,75,76,30,5237,100,1376,1702,0.21
2026-09-12T23:40:49Z,75,76,30,5237,100,1600,1702,0.19
2026-09-12T23:40:51Z,78,76,30,5252,100,1328,2425,0.19
2026-09-12T23:40:54Z,76,76,30,5252,99,1375,1702,0.19
2026-09-12T23:40:56Z,75,76,30,5237,99,1370,1702,0.17
2026-09-12T23:40:58Z,76,76,30,5237,100,1381,1702,0.17
2026-09-12T23:41:00Z,75,76,30,5237,100,1336,2424,0.24
2026-09-12T23:41:02Z,75,76,30,5252,100,1600,1702,0.24
2026-09-12T23:41:04Z,71,76,30,5237,100,1600,2424,0.24
2026-09-12T23:41:06Z,71,76,30,5252,100,1600,2424,0.22
2026-09-12T23:41:08Z,70,76,30,5252,100,1600,2424,0.22
2026-09-12T23:41:10Z,73,76,30,5208,99,1600,2424,0.20
2026-09-12T23:41:12Z,71,76,30,5252,99,1600,2425,0.20
2026-09-12T23:41:14Z,71,76,30,5237,100,1600,2424,0.35
2026-09-12T23:41:16Z,74,76,30,5237,100,1600,2424,0.35
2026-09-12T23:41:18Z,75,76,30,5252,100,1375,1400,0.35
2026-09-12T23:41:20Z,75,76,30,5252,99,1381,1702,0.32
2026-09-12T23:41:22Z,76,76,30,5237,99,1378,1702,0.32
2026-09-12T23:41:24Z,75,76,30,5237,100,1340,2424,0.37
2026-09-12T23:41:27Z,76,75,30,5252,99,1370,1702,0.37
2026-09-12T23:41:29Z,75,76,30,5252,99,1348,1702,0.37
2026-09-12T23:41:31Z,75,76,30,5237,99,1600,1702,0.34
2026-09-12T23:41:33Z,74,75,30,5208,99,1335,2424,0.34
2026-09-12T23:41:35Z,76,75,30,5252,100,1381,1702,0.32
2026-09-12T23:41:37Z,71,75,30,5252,100,1600,1702,0.32
2026-09-12T23:41:39Z,75,75,30,5208,100,1378,1702,0.32
2026-09-12T23:41:41Z,75,75,30,5252,100,1368,2425,0.29
2026-09-12T23:41:43Z,70,75,30,5237,99,1600,2424,0.29
2026-09-12T23:41:45Z,75,75,30,5237,100,1600,1702,0.27
2026-09-12T23:41:47Z,75,75,30,5237,99,1370,1702,0.27
2026-09-12T23:41:49Z,75,75,30,5237,99,1343,1702,0.25
2026-09-12T23:41:51Z,72,75,30,5237,99,1437,1400,0.25
2026-09-12T23:41:53Z,72,75,30,5237,99,1340,1702,0.25
2026-09-12T23:41:56Z,75,74,30,5237,99,1379,1702,0.31
2026-09-12T23:41:58Z,75,75,30,5237,100,1376,1702,0.31
2026-09-12T23:42:00Z,75,75,30,5237,100,1518,1702,0.28
2026-09-12T23:42:02Z,75,76,30,5237,100,1600,1952,0.28
2026-09-12T23:42:04Z,75,76,30,5237,100,1451,1702,0.28
2026-09-12T23:42:06Z,75,76,30,5252,99,1600,1702,0.34
2026-09-12T23:42:08Z,75,76,30,5237,99,1327,2424,0.34
2026-09-12T23:42:10Z,75,76,30,5252,99,1374,1702,0.31
2026-09-12T23:42:12Z,75,76,30,5252,99,1393,1702,0.31
2026-09-12T23:42:14Z,76,76,30,5208,100,1381,1702,0.29
2026-09-12T23:42:16Z,75,76,30,5252,100,1315,2425,0.29
2026-09-12T23:42:18Z,75,76,30,5237,99,1375,1702,0.29
2026-09-12T23:42:20Z,73,76,30,5252,100,1599,1399,0.26
2026-09-12T23:42:22Z,75,76,30,5252,99,1596,1702,0.26
2026-09-12T23:42:25Z,76,76,30,5237,99,1384,1702,0.32
2026-09-12T23:42:27Z,76,76,30,5237,99,1391,1399,0.32
2026-09-12T23:42:29Z,77,76,30,5252,99,1376,1702,0.32
2026-09-12T23:42:31Z,72,76,30,5237,100,1600,2424,0.30
2026-09-12T23:42:33Z,76,76,30,5252,99,1378,1702,0.30
2026-09-12T23:42:35Z,77,76,30,5252,100,1386,1702,0.27
2026-09-12T23:42:37Z,75,76,30,5237,100,1600,1702,0.27
2026-09-12T23:42:39Z,75,76,30,5237,99,1353,2424,0.27
2026-09-12T23:42:41Z,75,76,30,5237,99,1600,1702,0.33
2026-09-12T23:42:43Z,76,76,30,5237,100,1399,1399,0.33
2026-09-12T23:42:45Z,75,76,30,5252,99,1332,1702,0.30
2026-09-12T23:42:47Z,75,76,30,5252,100,1368,1702,0.30
2026-09-12T23:42:49Z,75,76,30,5252,99,1600,1702,0.28
2026-09-12T23:42:51Z,76,76,30,5237,100,1387,1400,0.28
2026-09-12T23:42:54Z,71,76,30,5237,100,1600,2323,0.28
2026-09-12T23:42:56Z,78,76,30,5237,100,1373,1702,0.34
2026-09-12T23:42:58Z,76,76,30,5252,100,1370,1399,0.34
2026-09-12T23:43:00Z,76,76,30,5237,100,1600,2424,0.31
2026-09-12T23:43:02Z,72,76,30,5252,99,1600,2424,0.31
2026-09-12T23:43:04Z,70,76,30,5252,99,1374,1702,0.31
2026-09-12T23:43:06Z,75,76,30,5237,100,1371,1702,0.29
2026-09-12T23:43:08Z,75,76,30,5252,99,1400,1702,0.29
2026-09-12T23:43:10Z,75,76,30,5252,100,1600,2424,0.26
2026-09-12T23:43:12Z,75,76,30,5252,99,1600,1702,0.26
2026-09-12T23:43:14Z,74,76,30,5237,99,1335,1702,0.32
2026-09-12T23:43:16Z,77,76,30,5208,100,1376,1702,0.32
2026-09-12T23:43:18Z,75,76,30,5208,99,1316,2424,0.32
2026-09-12T23:43:20Z,77,76,30,5237,100,1363,1702,0.38
2026-09-12T23:43:22Z,77,76,30,5237,99,1371,1702,0.38
2026-09-12T23:43:25Z,75,76,30,5237,100,1378,1399,0.35
2026-09-12T23:43:27Z,75,76,30,5237,99,1333,2425,0.35
2026-09-12T23:43:29Z,76,76,30,5237,100,1376,1702,0.35
2026-09-12T23:43:31Z,76,76,30,5252,99,1372,1702,0.32
2026-09-12T23:43:33Z,76,76,30,5237,100,1380,1702,0.32
2026-09-12T23:43:35Z,73,76,30,5237,99,1410,2424,0.37
2026-09-12T23:43:37Z,75,76,30,5237,99,1395,1702,0.37
2026-09-12T23:43:39Z,74,76,30,5237,99,1379,1702,0.37
2026-09-12T23:43:41Z,75,76,30,5237,99,1378,1702,0.34
2026-09-12T23:43:43Z,74,76,30,5208,100,1335,2424,0.34
2026-09-12T23:43:45Z,69,75,30,5237,99,1600,2424,0.39
2026-09-12T23:43:47Z,72,75,30,5237,100,1600,2425,0.39
2026-09-12T23:43:49Z,75,75,30,5208,99,1362,1702,0.36
2026-09-12T23:43:51Z,75,75,30,5237,100,1319,2425,0.36
2026-09-12T23:43:53Z,74,75,30,5237,100,1413,1702,0.36
2026-09-12T23:43:56Z,75,75,30,5252,100,1376,1702,0.33
2026-09-12T23:43:58Z,74,75,30,5252,100,1600,1702,0.33
2026-09-12T23:44:00Z,75,75,30,5237,99,1372,1702,0.31
2026-09-12T23:44:02Z,69,75,30,5237,99,1600,2424,0.31
2026-09-12T23:44:04Z,72,75,30,5252,99,1345,1702,0.31
2026-09-12T23:44:06Z,73,74,30,5252,99,1600,1702,0.28
2026-09-12T23:44:08Z,75,75,30,5237,99,1379,1702,0.28
2026-09-12T23:44:10Z,75,75,30,5237,99,1342,1702,0.26
2026-09-12T23:44:12Z,75,75,30,5237,99,1343,1702,0.26
2026-09-12T23:44:14Z,72,75,30,5252,100,1600,1702,0.56
2026-09-12T23:44:16Z,75,76,30,5237,99,1372,1702,0.56
2026-09-12T23:44:18Z,74,76,30,5252,99,1338,1702,0.56
2026-09-12T23:44:20Z,75,76,30,5252,99,1600,1702,0.59
2026-09-12T23:44:22Z,75,76,30,5237,100,1371,1702,0.59
2026-09-12T23:44:25Z,75,76,30,5237,100,1491,1702,0.55
2026-09-12T23:44:27Z,74,76,30,5237,99,1339,2424,0.55
2026-09-12T23:44:29Z,76,76,30,5252,100,1374,1702,0.55
2026-09-12T23:44:31Z,77,76,30,5252,100,1380,1702,0.50
2026-09-12T23:44:33Z,75,76,30,5237,99,1354,1702,0.50
2026-09-12T23:44:35Z,75,76,30,5208,99,1438,2424,0.54
2026-09-12T23:44:37Z,75,76,30,5252,100,1363,1702,0.54
2026-09-12T23:44:39Z,76,76,30,5237,100,1381,1702,0.54
2026-09-12T23:44:41Z,77,76,30,5252,100,1377,1399,0.58
2026-09-12T23:44:43Z,75,76,30,5237,99,1600,1702,0.58
2026-09-12T23:44:45Z,76,76,30,5252,100,1371,1702,0.53
2026-09-12T23:44:47Z,76,76,30,5237,99,1382,1702,0.53
2026-09-12T23:44:49Z,75,76,30,5237,100,1332,2424,0.57
2026-09-12T23:44:51Z,78,76,30,5237,100,1362,1702,0.57
2026-09-12T23:44:54Z,75,76,30,5252,100,1364,1702,0.57
2026-09-12T23:44:56Z,76,76,30,5237,99,1438,1702,0.52
2026-09-12T23:44:58Z,75,76,30,5252,99,1600,2424,0.52
2026-09-12T23:45:00Z,77,76,30,5237,100,1380,1702,0.56
2026-09-12T23:45:02Z,75,76,30,5237,100,1380,1702,0.56
2026-09-12T23:45:04Z,71,76,30,5237,99,1600,1702,0.56
2026-09-12T23:45:06Z,76,76,30,5252,100,1342,2425,0.52
2026-09-12T23:45:08Z,76,76,30,5237,100,1366,1702,0.52
2026-09-12T23:45:10Z,72,76,30,5237,100,1474,1702,0.48
2026-09-12T23:45:12Z,75,76,30,5237,99,1395,1702,0.48
2026-09-12T23:45:14Z,75,76,30,5252,100,1389,1702,0.52
2026-09-12T23:45:16Z,74,76,30,5252,99,1600,1702,0.52
2026-09-12T23:45:18Z,77,76,30,5237,99,1385,1702,0.52
2026-09-12T23:45:20Z,76,76,30,5237,99,1360,1702,0.48
2026-09-12T23:45:23Z,75,76,30,5252,99,1370,1400,0.48
2026-09-12T23:45:25Z,75,76,30,5237,99,1360,1702,0.44
2026-09-12T23:45:27Z,71,76,30,5237,99,1600,1702,0.44
2026-09-12T23:45:29Z,77,76,30,5237,99,1348,2275,0.44
2026-09-12T23:45:31Z,75,76,30,5252,99,1344,1702,0.48
2026-09-12T23:45:33Z,76,76,30,5237,99,1342,1702,0.48
2026-09-12T23:45:35Z,78,76,30,5237,100,1379,1702,0.44
2026-09-12T23:45:37Z,76,76,30,5252,99,1331,2399,0.44
2026-09-12T23:45:39Z,71,76,30,5237,100,1414,1702,0.44
2026-09-12T23:45:41Z,74,76,30,5252,99,1600,1702,0.41
2026-09-12T23:45:43Z,71,76,30,5237,99,1600,1702,0.41
2026-09-12T23:45:45Z,75,76,30,5208,99,1600,2424,0.38
2026-09-12T23:45:47Z,75,76,30,5237,99,1370,1399,0.38
2026-09-12T23:45:49Z,75,76,30,5252,99,1385,1400,0.35
2026-09-12T23:45:52Z,76,76,30,5237,100,1379,1702,0.35
2026-09-12T23:45:54Z,76,76,30,5237,99,1362,1702,0.35
2026-09-12T23:45:56Z,75,75,30,5252,100,1600,1702,0.40
2026-09-12T23:45:58Z,75,75,30,5237,99,1373,1399,0.40
2026-09-12T23:46:00Z,76,75,30,5252,99,1374,1702,0.37
2026-09-12T23:46:02Z,71,75,30,5252,99,1487,1702,0.37
2026-09-12T23:46:04Z,74,75,30,5252,100,1379,1702,0.37
2026-09-12T23:46:06Z,75,75,30,5252,100,1388,1399,0.42
2026-09-12T23:46:08Z,77,75,30,5252,100,1380,1702,0.42
2026-09-12T23:46:10Z,74,75,30,5237,100,1600,1702,0.38
2026-09-12T23:46:12Z,75,75,30,5237,100,1336,2425,0.38
2026-09-12T23:46:14Z,72,75,30,5237,99,1356,1702,0.35
2026-09-12T23:46:16Z,65,74,30,5237,100,1040,2424,0.35
2026-09-12T23:46:18Z,75,74,30,5237,99,1376,1702,0.35
2026-09-12T23:46:21Z,75,75,30,5252,99,1409,1399,0.32
2026-09-12T23:46:23Z,75,75,30,5237,99,1396,1702,0.32
2026-09-12T23:46:25Z,75,76,30,5237,100,1382,1702,0.30
2026-09-12T23:46:27Z,75,76,30,5237,99,1376,1702,0.30
2026-09-12T23:46:29Z,75,76,30,5208,100,1376,1702,0.30
2026-09-12T23:46:31Z,75,76,30,5252,100,1330,2424,0.27
2026-09-12T23:46:33Z,75,76,30,5252,100,1379,1702,0.27
2026-09-12T23:46:35Z,77,76,30,5252,100,1378,1702,0.33
2026-09-12T23:46:37Z,77,76,30,5237,100,1377,1702,0.33
2026-09-12T23:46:39Z,71,76,30,5237,100,1600,1702,0.33
2026-09-12T23:46:41Z,75,76,30,5208,99,1568,1702,0.31
2026-09-12T23:46:43Z,76,76,30,5237,99,1600,2424,0.31
2026-09-12T23:46:45Z,75,76,30,5237,100,1349,2424,0.28
2026-09-12T23:46:47Z,76,76,30,5237,100,1390,1702,0.28
2026-09-12T23:46:50Z,77,76,30,5252,100,1380,1702,0.26
2026-09-12T23:46:52Z,75,76,30,5252,100,1600,1702,0.26
2026-09-12T23:46:54Z,75,76,30,5237,100,1343,2424,0.26
2026-09-12T23:46:56Z,75,76,30,5252,99,1346,1702,0.24
2026-09-12T23:46:58Z,75,76,30,5252,100,1600,1702,0.24
2026-09-12T23:47:00Z,76,76,30,5237,99,1363,1399,0.22
2026-09-12T23:47:02Z,72,76,30,5252,99,1408,1702,0.22
2026-09-12T23:47:04Z,75,76,30,5252,100,1372,1702,0.22
2026-09-12T23:47:06Z,72,76,30,5237,99,1600,1702,0.20
2026-09-12T23:47:08Z,76,76,30,5237,99,1351,2424,0.20
2026-09-12T23:47:10Z,75,76,30,5252,99,1600,1702,0.18
2026-09-12T23:47:12Z,76,76,30,5237,100,1378,1702,0.18
2026-09-12T23:47:14Z,75,76,30,5237,99,1600,1702,0.17
2026-09-12T23:47:16Z,76,76,30,5237,99,1332,2424,0.17
2026-09-12T23:47:19Z,75,76,30,5237,99,1388,1702,0.17
2026-09-12T23:47:21Z,76,76,30,5237,99,1600,2425,0.16
2026-09-12T23:47:23Z,78,76,30,5252,99,1378,1702,0.16
2026-09-12T23:47:25Z,75,76,30,5252,99,1351,2424,0.22
2026-09-12T23:47:27Z,75,76,30,5252,100,1453,1702,0.22
2026-09-12T23:47:29Z,73,76,30,5237,100,1600,2424,0.22
2026-09-12T23:47:31Z,71,76,30,5252,100,1600,2424,0.20
2026-09-12T23:47:33Z,71,76,30,5237,100,1600,2426,0.20
2026-09-12T23:47:35Z,71,76,30,5252,100,1600,2424,0.19
2026-09-12T23:47:37Z,71,76,30,5252,100,1600,2424,0.19
2026-09-12T23:47:39Z,70,76,30,5237,100,1600,1702,0.19
2026-09-12T23:47:41Z,71,76,30,5237,99,1600,2424,0.17
2026-09-12T23:47:43Z,70,76,30,5237,100,1600,2424,0.17
2026-09-12T23:47:45Z,70,76,30,5237,99,1600,2424,0.16
2026-09-12T23:47:47Z,70,76,30,5252,99,1600,2426,0.16
2026-09-12T23:47:49Z,71,76,30,5252,99,1600,2424,0.23
2026-09-12T23:47:51Z,74,76,30,5237,99,1600,2426,0.23
2026-09-12T23:47:54Z,75,76,30,5252,100,1600,2424,0.23
2026-09-12T23:47:56Z,76,76,30,5237,99,1600,1702,0.21
2026-09-12T23:47:58Z,74,76,30,5252,100,1313,2424,0.21
2026-09-12T23:48:00Z,76,75,30,5252,99,1395,1400,0.19
2026-09-12T23:48:02Z,76,75,30,5252,99,1376,1702,0.19
2026-09-12T23:48:04Z,75,75,30,5252,100,1357,1702,0.19
2026-09-12T23:48:06Z,75,75,30,5237,100,1399,2424,0.18
2026-09-12T23:48:08Z,75,75,30,5237,100,1395,1702,0.18
2026-09-12T23:48:10Z,77,75,30,5237,99,1386,1702,0.16
2026-09-12T23:48:12Z,75,75,30,5252,99,1600,1702,0.16
2026-09-12T23:48:14Z,75,75,30,5237,99,1346,2425,0.16
2026-09-12T23:48:16Z,69,75,30,5237,100,1600,2425,0.23
2026-09-12T23:48:18Z,75,75,30,5252,100,1600,2425,0.23
2026-09-12T23:48:20Z,75,75,30,5237,99,1381,1702,0.21
2026-09-12T23:48:22Z,77,75,30,5237,100,1380,1399,0.21
2026-09-12T23:48:25Z,72,75,30,5237,99,1350,1702,0.27
2026-09-12T23:48:27Z,72,75,30,5252,99,1331,1399,0.27
2026-09-12T23:48:29Z,75,74,30,5237,100,1387,1702,0.27
2026-09-12T23:48:31Z,75,75,30,5252,99,1367,1702,0.25
2026-09-12T23:48:33Z,75,75,30,5237,99,1379,1702,0.25
2026-09-12T23:48:35Z,74,75,30,5208,99,1465,2424,0.23
2026-09-12T23:48:37Z,76,75,30,5237,100,1377,1702,0.23
2026-09-12T23:48:39Z,75,76,30,5237,99,1421,1702,0.23
2026-09-12T23:48:41Z,75,76,30,5252,100,1330,2426,0.21
2026-09-12T23:48:43Z,75,76,30,5252,99,1387,1702,0.21
2026-09-12T23:48:45Z,76,76,30,5252,100,1377,1702,0.20
2026-09-12T23:48:47Z,76,76,30,5237,100,1378,1702,0.20
2026-09-12T23:48:49Z,77,76,30,5237,100,1329,2425,0.26
2026-09-12T23:48:51Z,75,76,30,5237,100,1577,1702,0.26
2026-09-12T23:48:54Z,75,76,30,5252,99,1492,1702,0.26
2026-09-12T23:48:56Z,75,76,30,5252,99,1377,1702,0.24
2026-09-12T23:48:58Z,76,76,30,5252,99,1403,1702,0.24
2026-09-12T23:49:00Z,77,76,30,5237,99,1368,1399,0.22
2026-09-12T23:49:02Z,74,76,30,5237,99,1600,1702,0.22
2026-09-12T23:49:04Z,75,76,30,5252,100,1352,2424,0.22
2026-09-12T23:49:06Z,77,76,30,5252,99,1378,1702,0.28
2026-09-12T23:49:08Z,76,76,30,5237,100,1600,1702,0.28
2026-09-12T23:49:10Z,75,76,30,5252,100,1386,1702,0.26
2026-09-12T23:49:12Z,76,76,30,5237,100,1333,2425,0.26
2026-09-12T23:49:14Z,75,76,30,5252,99,1377,1702,0.26
2026-09-12T23:49:16Z,71,76,30,5237,100,1600,1747,0.32
2026-09-12T23:49:18Z,76,76,30,5252,100,1372,1702,0.32
2026-09-12T23:49:20Z,77,76,30,5237,99,1334,1702,0.37
2026-09-12T23:49:22Z,76,76,30,5252,99,1375,1702,0.37
2026-09-12T23:49:25Z,74,76,30,5252,100,1600,1702,0.34
2026-09-12T23:49:27Z,76,76,30,5237,99,1365,1399,0.34
2026-09-12T23:49:29Z,75,76,30,5208,99,1600,1482,0.34
2026-09-12T23:49:31Z,77,76,30,5252,100,1364,1702,0.32
2026-09-12T23:49:33Z,75,76,30,5252,100,1377,1702,0.32
2026-09-12T23:49:35Z,75,76,30,5252,99,1600,2425,0.29
2026-09-12T23:49:37Z,73,76,30,5252,100,1600,2424,0.29
2026-09-12T23:49:39Z,71,76,30,5237,99,1600,2424,0.29
2026-09-12T23:49:41Z,76,76,30,5252,100,1379,1702,0.27
2026-09-12T23:49:43Z,75,76,30,5252,100,1372,2424,0.27
2026-09-12T23:49:45Z,76,76,30,5237,99,1409,1702,0.33
2026-09-12T23:49:47Z,75,76,30,5252,99,1374,1702,0.33
2026-09-12T23:49:49Z,76,76,30,5237,99,1384,1702,0.30
2026-09-12T23:49:51Z,75,76,30,5237,100,1600,2427,0.30
2026-09-12T23:49:54Z,74,76,30,5237,99,1380,1702,0.30
2026-09-12T23:49:56Z,75,76,30,5252,100,1600,2111,0.27
2026-09-12T23:49:58Z,75,76,30,5237,99,1600,1702,0.27
2026-09-12T23:50:00Z,71,76,30,5252,99,1600,2424,0.41
2026-09-12T23:50:02Z,75,76,30,5237,100,1389,1702,0.41
2026-09-12T23:50:04Z,75,76,30,5252,100,1357,1702,0.41
2026-09-12T23:50:06Z,75,76,30,5252,99,1367,1513,0.38
2026-09-12T23:50:08Z,75,76,30,5252,99,1345,2424,0.38
2026-09-12T23:50:10Z,74,76,30,5252,99,1343,1702,0.35
2026-09-12T23:50:12Z,70,75,30,5237,100,1600,1702,0.35
2026-09-12T23:50:14Z,70,76,30,5237,100,1600,2425,0.35
2026-09-12T23:50:16Z,72,75,30,5252,99,1600,2425,0.32
2026-09-12T23:50:18Z,75,75,30,5237,100,1389,1702,0.32
2026-09-12T23:50:20Z,75,75,30,5208,100,1379,1702,0.29
2026-09-12T23:50:22Z,77,75,30,5237,99,1377,1702,0.29
2026-09-12T23:50:25Z,75,75,30,5252,100,1600,2424,0.27
2026-09-12T23:50:27Z,72,75,30,5237,99,1423,1744,0.27
2026-09-12T23:50:29Z,75,75,30,5252,99,1389,1702,0.27
2026-09-12T23:50:31Z,74,75,30,5237,99,1375,1702,0.25
2026-09-12T23:50:33Z,70,75,30,5237,99,1600,2424,0.25
2026-09-12T23:50:35Z,74,75,30,5237,100,1600,2426,0.31
2026-09-12T23:50:37Z,73,75,30,5237,100,1373,1399,0.31
2026-09-12T23:50:39Z,72,74,30,5252,100,1535,1702,0.31
2026-09-12T23:50:41Z,77,74,30,5237,99,1380,1702,0.28
2026-09-12T23:50:43Z,75,75,30,5237,99,1375,1702,0.28
2026-09-12T23:50:45Z,75,75,30,5252,99,1373,1702,0.26
2026-09-12T23:50:47Z,77,76,30,5252,99,1389,1702,0.26
2026-09-12T23:50:49Z,76,76,30,5237,99,1375,1702,0.24
2026-09-12T23:50:51Z,76,76,30,5252,99,1377,1702,0.24
2026-09-12T23:50:54Z,77,76,30,5252,100,1376,1702,0.24
2026-09-12T23:50:56Z,76,76,30,5252,99,1346,1702,0.22
2026-09-12T23:50:58Z,72,76,30,5237,99,1600,1702,0.22
2026-09-12T23:51:00Z,75,76,30,5237,99,1570,2425,0.28
2026-09-12T23:51:02Z,75,76,30,5252,100,1407,1702,0.28
2026-09-12T23:51:04Z,76,76,30,5252,99,1378,1702,0.28
2026-09-12T23:51:06Z,75,76,30,5237,100,1414,1702,0.26
2026-09-12T23:51:08Z,77,76,30,5237,99,1330,2425,0.26
2026-09-12T23:51:10Z,75,76,30,5237,99,1377,1702,0.24
2026-09-12T23:51:12Z,76,76,30,5237,99,1378,1702,0.24
2026-09-12T23:51:14Z,75,76,30,5252,99,1444,1702,0.24
2026-09-12T23:51:16Z,73,76,30,5237,99,1376,1702,0.22
2026-09-12T23:51:18Z,76,76,30,5252,100,1375,1702,0.22
2026-09-12T23:51:20Z,76,76,30,5237,100,1399,1702,0.20
2026-09-12T23:51:23Z,71,76,30,5252,99,1600,2424,0.20
2026-09-12T23:51:25Z,75,76,30,5237,99,1415,1702,0.19
2026-09-12T23:51:27Z,71,76,30,5208,99,1485,1702,0.19
2026-09-12T23:51:29Z,75,76,30,5252,99,1427,1702,0.19
2026-09-12T23:51:31Z,76,76,30,5237,99,1337,2424,0.17
2026-09-12T23:51:33Z,76,76,30,5237,100,1370,1702,0.17
2026-09-12T23:51:35Z,72,76,30,5252,99,1379,1399,0.16
2026-09-12T23:51:37Z,75,76,30,5237,99,1361,1702,0.16
2026-09-12T23:51:39Z,75,76,30,5252,100,1320,2424,0.16
2026-09-12T23:51:41Z,72,76,30,5252,99,1600,2425,0.22
2026-09-12T23:51:43Z,75,76,30,5237,100,1378,1702,0.22
2026-09-12T23:51:45Z,76,76,30,5237,100,1376,1399,0.21
2026-09-12T23:51:47Z,74,76,30,5208,100,1378,1702,0.21
2026-09-12T23:51:49Z,70,76,30,5252,99,1600,1702,0.19
2026-09-12T23:51:51Z,76,76,30,5252,100,1377,1702,0.19
2026-09-12T23:51:54Z,76,76,30,5237,99,1381,1702,0.19
2026-09-12T23:51:56Z,75,76,30,5252,100,1395,1702,0.25
2026-09-12T23:51:58Z,76,76,30,5237,99,1379,1702,0.25
2026-09-12T23:52:00Z,75,76,30,5252,100,1600,1702,0.23
2026-09-12T23:52:02Z,75,76,30,5237,99,1343,1400,0.23
2026-09-12T23:52:04Z,75,76,30,5252,99,1337,1399,0.23
2026-09-12T23:52:06Z,76,76,30,5208,100,1360,1702,0.30
2026-09-12T23:52:08Z,77,76,30,5252,99,1385,1702,0.30
2026-09-12T23:52:10Z,75,76,30,5252,99,1376,1412,0.27
2026-09-12T23:52:12Z,75,76,30,5237,100,1345,1702,0.27
2026-09-12T23:52:14Z,73,76,30,5237,99,1333,1400,0.25
2026-09-12T23:52:16Z,73,76,30,5237,99,1600,1399,0.25
2026-09-12T23:52:18Z,74,76,30,5237,99,1600,1702,0.25
2026-09-12T23:52:21Z,75,75,30,5252,100,1388,1702,0.31
2026-09-12T23:52:23Z,75,75,30,5252,99,1376,1702,0.31
2026-09-12T23:52:25Z,75,75,30,5252,100,1378,1702,0.29
2026-09-12T23:52:27Z,75,75,30,5237,100,1380,1702,0.29
2026-09-12T23:52:29Z,74,75,30,5252,100,1600,1702,0.29
2026-09-12T23:52:31Z,75,75,30,5252,100,1401,1702,0.26
2026-09-12T23:52:33Z,74,75,30,5237,99,1373,1702,0.26
2026-09-12T23:52:35Z,69,75,30,5237,99,1425,1702,0.24
2026-09-12T23:52:37Z,71,75,30,5252,100,1600,2424,0.24
2026-09-12T23:52:39Z,75,75,30,5252,100,1378,1702,0.24
2026-09-12T23:52:41Z,75,75,30,5252,100,1600,1702,0.22
2026-09-12T23:52:43Z,74,75,30,5252,99,1373,1702,0.22
2026-09-12T23:52:45Z,75,75,30,5252,100,1347,1702,0.20
2026-09-12T23:52:47Z,72,75,30,5237,100,1359,1702,0.20
2026-09-12T23:52:50Z,64,74,30,5237,0,200,2425,0.19
2026-09-12T23:52:52Z,75,74,30,5252,100,1378,1702,0.19
2026-09-12T23:52:54Z,75,75,30,5237,100,1377,1702,0.19
2026-09-12T23:52:56Z,75,75,30,5237,100,1387,1399,0.17
2026-09-12T23:52:58Z,75,75,30,5252,99,1379,1702,0.17
2026-09-12T23:53:00Z,75,76,30,5252,100,1379,1702,0.16
2026-09-12T23:53:02Z,75,76,30,5237,100,1387,1702,0.16
2026-09-12T23:53:04Z,75,76,30,5237,99,1336,2424,0.16
2026-09-12T23:53:06Z,71,76,30,5237,100,1412,1400,0.22
2026-09-12T23:53:08Z,74,76,30,5252,99,1374,1702,0.22
2026-09-12T23:53:10Z,72,76,30,5237,99,1597,1702,0.21
2026-09-12T23:53:12Z,75,76,30,5252,99,1495,1702,0.21
2026-09-12T23:53:14Z,75,76,30,5237,100,1453,1399,0.19
2026-09-12T23:53:16Z,75,76,30,5237,100,1384,1702,0.19
2026-09-12T23:53:19Z,76,76,30,5237,99,1317,2424,0.19
2026-09-12T23:53:21Z,72,76,30,5237,100,1530,1400,0.26
2026-09-12T23:53:23Z,75,76,30,5252,100,1600,1745,0.26
2026-09-12T23:53:25Z,75,76,30,5237,99,1382,1702,0.23
2026-09-12T23:53:27Z,75,76,30,5237,99,1330,2424,0.23
2026-09-12T23:53:29Z,76,76,30,5237,100,1600,1752,0.23
2026-09-12T23:53:31Z,75,76,30,5252,100,1398,1702,0.22
2026-09-12T23:53:33Z,75,76,30,5252,99,1375,1702,0.22
2026-09-12T23:53:35Z,75,76,30,5252,100,1600,1702,0.28
2026-09-12T23:53:37Z,75,76,30,5252,100,1417,1702,0.28
2026-09-12T23:53:39Z,71,76,30,5237,99,1406,1702,0.28
2026-09-12T23:53:41Z,75,76,30,5237,100,1327,2425,0.26
2026-09-12T23:53:43Z,76,76,30,5252,99,1600,1702,0.26
2026-09-12T23:53:45Z,77,76,30,5252,99,1379,1702,0.24
2026-09-12T23:53:48Z,75,76,30,5208,99,1600,1702,0.24
2026-09-12T23:53:50Z,75,76,30,5237,99,1350,2174,0.30
2026-09-12T23:53:52Z,75,76,30,5237,100,1348,1702,0.30
2026-09-12T23:53:54Z,75,76,30,5208,100,1364,1702,0.30
2026-09-12T23:53:56Z,77,76,30,5237,99,1378,1702,0.27
2026-09-12T23:53:58Z,75,76,30,5237,100,1354,2424,0.27
2026-09-12T23:54:00Z,75,76,30,5208,100,1373,1702,0.25
2026-09-12T23:54:02Z,76,76,30,5252,99,1600,1702,0.25
2026-09-12T23:54:04Z,75,76,30,5252,100,1361,1702,0.25
2026-09-12T23:54:06Z,75,76,30,5252,100,1333,2426,0.31
2026-09-12T23:54:08Z,76,76,30,5208,100,1376,1702,0.31
2026-09-12T23:54:10Z,75,76,30,5252,100,1375,1702,0.29
2026-09-12T23:54:12Z,75,76,30,5237,100,1366,1702,0.29
2026-09-12T23:54:14Z,75,76,30,5252,100,1336,2424,0.34
2026-09-12T23:54:16Z,75,76,30,5252,99,1384,1702,0.34
2026-09-12T23:54:19Z,75,76,30,5237,100,1370,1399,0.34
2026-09-12T23:54:21Z,75,76,30,5252,100,1401,1702,0.32
2026-09-12T23:54:23Z,76,75,30,5237,99,1328,2426,0.32
2026-09-12T23:54:25Z,75,75,30,5237,100,1354,1702,0.29
2026-09-12T23:54:27Z,75,75,30,5252,99,1372,1702,0.29
2026-09-12T23:54:29Z,75,75,30,5252,100,1378,1702,0.29
2026-09-12T23:54:31Z,75,75,30,5252,99,1334,2424,0.27
2026-09-12T23:54:33Z,75,75,30,5237,100,1600,1702,0.27
2026-09-12T23:54:35Z,76,75,30,5252,100,1380,1702,0.25
2026-09-12T23:54:37Z,75,75,30,5252,100,1392,1702,0.25
2026-09-12T23:54:39Z,75,75,30,5252,99,1330,2424,0.25
2026-09-12T23:54:41Z,75,75,30,5237,99,1600,1702,0.31
2026-09-12T23:54:43Z,75,75,30,5237,100,1478,1702,0.31
2026-09-12T23:54:45Z,75,75,30,5237,100,1401,1702,0.28
2026-09-12T23:54:48Z,75,75,30,5252,99,1291,2424,0.28
2026-09-12T23:54:50Z,75,75,30,5252,100,1600,2424,0.26
2026-09-12T23:54:52Z,75,75,30,5252,100,1375,1702,0.26
2026-09-12T23:54:54Z,75,75,30,5237,99,1347,1702,0.26
2026-09-12T23:54:56Z,75,75,30,5252,100,1394,1702,0.24
2026-09-12T23:54:58Z,73,75,30,5208,100,1360,1702,0.24
2026-09-12T23:55:00Z,72,74,30,5252,100,1361,1702,0.22
2026-09-12T23:55:02Z,75,74,30,5237,100,1366,1401,0.22
2026-09-12T23:55:04Z,75,75,30,5237,100,1381,1702,0.22
2026-09-12T23:55:06Z,75,75,30,5237,100,1375,1702,0.20
2026-09-12T23:55:08Z,75,75,30,5252,100,1342,2424,0.20
2026-09-12T23:55:10Z,77,75,30,5252,100,1381,1702,0.18
2026-09-12T23:55:12Z,77,76,30,5237,100,1381,1702,0.18
2026-09-12T23:55:14Z,77,76,30,5252,99,1344,2326,0.25
2026-09-12T23:55:16Z,76,76,30,5208,100,1600,1702,0.25
2026-09-12T23:55:19Z,76,76,30,5237,99,1600,2026,0.25
2026-09-12T23:55:21Z,76,76,30,5237,99,1600,1702,0.23
2026-09-12T23:55:23Z,75,76,30,5252,100,1437,2425,0.23
2026-09-12T23:55:25Z,76,76,30,5237,100,1396,1399,0.21
2026-09-12T23:55:27Z,76,76,30,5252,100,1372,1702,0.21
2026-09-12T23:55:29Z,76,76,30,5252,100,1370,1702,0.21
2026-09-12T23:55:31Z,72,76,30,5237,99,1440,1702,0.27
2026-09-12T23:55:33Z,76,76,30,5237,99,1370,1702,0.27
2026-09-12T23:55:35Z,75,76,30,5237,99,1384,1702,0.25
2026-09-12T23:55:37Z,75,76,30,5208,99,1329,2425,0.25
2026-09-12T23:55:39Z,76,76,30,5252,100,1600,1702,0.25
2026-09-12T23:55:41Z,77,76,30,5237,100,1394,1702,0.23
2026-09-12T23:55:43Z,76,76,30,5237,99,1382,1702,0.23
2026-09-12T23:55:45Z,75,76,30,5252,99,1600,2425,0.29
2026-09-12T23:55:48Z,76,76,30,5208,99,1378,1702,0.29
2026-09-12T23:55:50Z,76,76,30,5237,100,1600,1702,0.27
2026-09-12T23:55:52Z,76,76,30,5252,99,1374,1702,0.27
2026-09-12T23:55:54Z,74,76,30,5237,99,1370,1702,0.27
2026-09-12T23:55:56Z,77,76,30,5252,100,1376,1400,0.25
2026-09-12T23:55:58Z,76,76,30,5237,100,1439,1702,0.25
2026-09-12T23:56:00Z,78,76,30,5237,99,1378,1702,0.23
2026-09-12T23:56:02Z,76,76,30,5252,99,1362,1702,0.23
2026-09-12T23:56:04Z,74,76,30,5237,100,1600,1702,0.23
2026-09-12T23:56:06Z,76,76,30,5252,99,1373,1702,0.21
2026-09-12T23:56:08Z,75,76,30,5252,100,1326,2424,0.21
2026-09-12T23:56:10Z,75,76,30,5252,100,1387,1702,0.27
2026-09-12T23:56:12Z,75,76,30,5252,99,1600,1702,0.27
2026-09-12T23:56:14Z,71,76,30,5208,100,1600,2424,0.25
2026-09-12T23:56:17Z,70,76,30,5208,99,1600,2424,0.25
2026-09-12T23:56:19Z,70,76,30,5252,99,1600,2424,0.25
2026-09-12T23:56:21Z,70,76,30,5237,100,1600,2424,0.23
2026-09-12T23:56:23Z,71,76,30,5252,100,1600,1702,0.23
2026-09-12T23:56:25Z,76,76,30,5237,100,1321,2424,0.29
2026-09-12T23:56:27Z,70,76,30,5237,99,1600,1702,0.29
2026-09-12T23:56:29Z,70,76,30,5237,99,1600,2424,0.29
2026-09-12T23:56:31Z,71,76,30,5252,100,1600,2425,0.27
2026-09-12T23:56:33Z,71,76,30,5252,100,1600,2425,0.27
2026-09-12T23:56:35Z,70,76,30,5208,99,1600,2425,0.25
2026-09-12T23:56:37Z,72,76,30,5237,99,1600,2424,0.25
2026-09-12T23:56:39Z,76,76,30,5237,100,1600,2424,0.25
2026-09-12T23:56:41Z,75,76,30,5252,99,1343,2424,0.23
2026-09-12T23:56:43Z,76,75,30,5237,100,1388,1702,0.23
2026-09-12T23:56:45Z,75,76,30,5208,100,1375,1702,0.21
2026-09-12T23:56:47Z,75,76,30,5252,100,1378,1702,0.21
2026-09-12T23:56:49Z,73,75,30,5252,100,1600,2024,0.27
2026-09-12T23:56:52Z,75,75,30,5252,100,1428,1702,0.27
2026-09-12T23:56:54Z,76,75,30,5252,100,1394,1702,0.27
2026-09-12T23:56:56Z,76,75,30,5237,100,1381,1702,0.25
2026-09-12T23:56:58Z,73,75,30,5237,100,1600,1702,0.25
2026-09-12T23:57:00Z,73,75,30,5237,99,1362,1702,0.31
2026-09-12T23:57:02Z,69,75,30,5208,100,1600,2425,0.31
2026-09-12T23:57:04Z,70,75,30,5237,99,1600,2425,0.31
2026-09-12T23:57:06Z,75,75,30,5252,99,1394,1702,0.29
2026-09-12T23:57:08Z,76,75,30,5252,99,1320,2424,0.29
2026-09-12T23:57:10Z,73,75,30,5252,100,1403,1400,0.26
2026-09-12T23:57:12Z,62,74,30,5252,0,200,2424,0.26
2026-09-12T23:57:14Z,60,72,30,5252,0,200,2425,0.26
2026-09-12T23:57:16Z,58,70,30,5252,0,200,2425,0.40
2026-09-12T23:57:18Z,57,68,30,5237,15,1040,2424,0.40
2026-09-12T23:57:20Z,56,66,30,5252,9,1040,2424,0.45
2026-09-12T23:57:22Z,55,64,30,4518,15,1040,2426,0.45
2026-09-12T23:57:25Z,55,62,30,4496,0,200,2425,0.65
2026-09-12T23:57:27Z,54,61,30,3947,0,200,2425,0.65
2026-09-12T23:57:29Z,60,60,30,3640,100,1487,2424,0.65
2026-09-12T23:57:31Z,68,66,30,3125,99,1600,2423,0.60
2026-09-12T23:57:33Z,69,68,30,2906,99,1575,2313,0.60
2026-09-12T23:57:35Z,72,69,30,3232,99,1382,1702,0.55
2026-09-12T23:57:37Z,73,70,30,3459,100,1312,2425,0.55
2026-09-12T23:57:39Z,71,71,30,3676,100,1600,1702,0.55
2026-09-12T23:57:41Z,72,72,30,3947,100,1379,1847,0.51
2026-09-12T23:57:43Z,71,73,30,4213,99,1600,1400,0.51
2026-09-12T23:57:45Z,74,74,30,4380,100,1600,1702,0.71
2026-09-12T23:57:47Z,74,74,30,4629,99,1600,1702,0.71
2026-09-12T23:57:49Z,75,75,30,4652,100,1355,1399,0.71
2026-09-12T23:57:51Z,77,75,30,5000,100,1481,1702,0.65
2026-09-12T23:57:53Z,77,75,30,5067,99,1368,1399,0.65
2026-09-12T23:57:56Z,77,75,30,5165,100,1326,2424,0.60
2026-09-12T23:57:58Z,75,75,30,5208,99,1600,1702,0.60
2026-09-12T23:58:00Z,74,75,30,5193,99,1473,1702,0.55
2026-09-12T23:58:02Z,73,75,30,5208,100,1600,2424,0.55
2026-09-12T23:58:04Z,75,75,30,5165,99,1338,1702,0.55
2026-09-12T23:58:06Z,74,75,30,5208,100,1475,1702,0.51
2026-09-12T23:58:08Z,75,75,30,5208,100,1600,1702,0.51
2026-09-12T23:58:10Z,74,75,30,5208,100,1446,2424,0.47
2026-09-12T23:58:12Z,75,75,30,5193,100,1349,1702,0.47
2026-09-12T23:58:14Z,74,75,30,5208,100,1514,1702,0.47
2026-09-12T23:58:16Z,76,75,30,5208,99,1474,1702,0.43
2026-09-12T23:58:18Z,70,75,30,5252,99,1600,2424,0.43
2026-09-12T23:58:20Z,74,75,30,5208,100,1424,2424,0.39
2026-09-12T23:58:22Z,75,75,30,5193,99,1600,1702,0.39
2026-09-12T23:58:24Z,75,75,30,5252,99,1435,1702,0.44
2026-09-12T23:58:27Z,71,75,30,5222,100,1600,1400,0.44
2026-09-12T23:58:29Z,75,75,30,5193,99,1376,1702,0.44
2026-09-12T23:58:31Z,74,75,30,5237,99,1600,2424,0.65
2026-09-12T23:58:33Z,75,75,30,5193,100,1600,1702,0.65
2026-09-12T23:58:35Z,71,75,30,5208,100,1313,1399,0.59
2026-09-12T23:58:37Z,74,75,30,5222,100,1355,2424,0.59
2026-09-12T23:58:39Z,74,75,30,5208,99,1600,1702,0.59
2026-09-12T23:58:41Z,75,75,30,5252,99,1600,1702,0.55
2026-09-12T23:58:43Z,74,75,30,5237,99,1600,1702,0.55
2026-09-12T23:58:45Z,71,75,30,5252,100,1600,2424,0.50
2026-09-12T23:58:47Z,74,75,30,5237,100,1600,2426,0.50
2026-09-12T23:58:49Z,69,75,30,5208,100,1359,2424,0.50
2026-09-12T23:58:51Z,73,74,30,5222,100,1461,2424,0.70
2026-09-12T23:58:53Z,75,74,30,5237,100,1600,1702,0.70
2026-09-12T23:58:55Z,71,75,30,5208,100,1530,1702,0.65
2026-09-12T23:58:58Z,74,75,30,5208,99,1600,2425,0.65
2026-09-12T23:59:00Z,75,75,30,5208,100,1454,1702,0.59
2026-09-12T23:59:02Z,77,76,30,5208,100,1361,1702,0.59
2026-09-12T23:59:04Z,74,76,30,5208,100,1313,1702,0.59
2026-09-12T23:59:06Z,75,76,30,5252,100,1478,1702,0.55
2026-09-12T23:59:08Z,76,76,30,5237,99,1333,1399,0.55
2026-09-12T23:59:10Z,75,76,30,5252,100,1600,1759,0.58
2026-09-12T23:59:12Z,75,76,30,5237,100,1600,2424,0.58
2026-09-12T23:59:14Z,75,76,30,5237,99,1301,2428,0.58
2026-09-12T23:59:16Z,75,76,30,5222,100,1600,2420,0.62
2026-09-12T23:59:18Z,76,76,30,5281,99,1600,1702,0.62
2026-09-12T23:59:20Z,78,76,30,5281,100,1431,1401,0.65
2026-09-12T23:59:22Z,73,76,30,5281,99,1600,2424,0.65
2026-09-12T23:59:24Z,78,76,30,5281,99,1482,1702,0.60
2026-09-12T23:59:27Z,75,76,30,5281,100,1600,2416,0.60
2026-09-12T23:59:29Z,73,76,30,5281,100,1342,2424,0.60
2026-09-12T23:59:31Z,72,76,30,5281,100,1310,1702,0.55
2026-09-12T23:59:33Z,75,76,30,5281,99,1467,1702,0.55
2026-09-12T23:59:35Z,76,76,30,5281,99,1477,1702,0.58
2026-09-12T23:59:37Z,70,76,30,5281,99,1600,1702,0.58
2026-09-12T23:59:39Z,75,76,30,5281,99,1269,2424,0.58
2026-09-12T23:59:41Z,75,76,30,5281,99,1538,1702,0.62
2026-09-12T23:59:43Z,75,76,30,5281,100,1464,1702,0.62
2026-09-12T23:59:45Z,71,76,30,5281,99,1600,1399,0.65
2026-09-12T23:59:47Z,76,76,30,5281,100,1600,1702,0.65
2026-09-12T23:59:49Z,71,76,30,5281,100,1600,2426,0.65
2026-09-12T23:59:51Z,71,76,30,5281,99,1600,2425,0.68
2026-09-12T23:59:53Z,71,76,30,5281,100,1600,2101,0.68
2026-09-12T23:59:55Z,77,75,30,5281,99,1307,2424,0.78
2026-09-12T23:59:58Z,73,76,30,5281,100,1341,1702,0.78
2026-09-13T00:00:00Z,75,76,30,5281,99,1366,1702,0.72
2026-09-13T00:00:02Z,75,75,30,5281,99,1381,1702,0.72
2026-09-13T00:00:04Z,76,75,30,5281,99,1454,1702,0.72
2026-09-13T00:00:06Z,76,75,30,5281,99,1304,2424,0.66
2026-09-13T00:00:08Z,75,75,30,5281,100,1600,1702,0.66
2026-09-13T00:00:10Z,77,75,30,5281,100,1374,1702,0.61
2026-09-13T00:00:12Z,74,75,30,5281,99,1343,1399,0.61
2026-09-13T00:00:14Z,71,75,30,5326,100,1556,1399,0.61
2026-09-13T00:00:16Z,69,74,30,5281,100,1336,2424,0.80
2026-09-13T00:00:18Z,75,74,30,5281,99,1600,1702,0.80
2026-09-13T00:00:20Z,74,75,30,5326,100,1390,2424,0.74
2026-09-13T00:00:22Z,71,75,30,5281,100,1314,1399,0.74
2026-09-13T00:00:24Z,75,75,30,5281,100,1600,2424,0.84
2026-09-13T00:00:26Z,75,76,30,5281,100,1368,1399,0.84
2026-09-13T00:00:29Z,75,76,30,5281,99,1338,1702,0.84
2026-09-13T00:00:31Z,75,76,30,5281,100,1524,1702,0.77
2026-09-13T00:00:33Z,75,76,30,5281,99,1366,1702,0.77
2026-09-13T00:00:35Z,76,76,30,5281,100,1367,1702,0.71
2026-09-13T00:00:37Z,74,76,30,5311,100,1600,2396,0.71
2026-09-13T00:00:39Z,75,76,30,5281,100,1600,1702,0.71
2026-09-13T00:00:41Z,76,76,30,5281,100,1600,1702,0.65
2026-09-13T00:00:43Z,76,76,30,5281,100,1480,2424,0.65
2026-09-13T00:00:45Z,73,76,30,5326,100,1600,2425,0.60
2026-09-13T00:00:47Z,75,76,30,5326,99,1550,1400,0.60
2026-09-13T00:00:49Z,72,76,30,5281,100,1600,1702,0.60
2026-09-13T00:00:51Z,74,76,30,5281,99,1345,1702,0.55
2026-09-13T00:00:53Z,75,76,30,5281,99,1522,1702,0.55
2026-09-13T00:00:55Z,76,76,30,5281,99,1600,2407,0.51
2026-09-13T00:00:57Z,71,76,30,5281,99,1600,2424,0.51
2026-09-13T00:01:00Z,75,76,30,5311,100,1363,1702,0.47
2026-09-13T00:01:02Z,75,76,30,5281,100,1600,1702,0.47
2026-09-13T00:01:04Z,75,76,30,5281,100,1466,1702,0.47
2026-09-13T00:01:06Z,77,76,30,5281,99,1376,1702,0.43
2026-09-13T00:01:08Z,71,76,30,5281,100,1600,2424,0.43
2026-09-13T00:01:10Z,71,76,30,5281,100,1600,2425,0.39
2026-09-13T00:01:12Z,75,76,30,5281,100,1437,1702,0.39
2026-09-13T00:01:14Z,72,76,30,5311,99,1600,1702,0.39
2026-09-13T00:01:16Z,77,76,30,5311,99,1461,1399,0.36
2026-09-13T00:01:18Z,75,76,30,5311,99,1600,1702,0.36
2026-09-13T00:01:20Z,75,76,30,5326,100,1600,1702,0.33
2026-09-13T00:01:22Z,75,76,30,5281,99,1339,1702,0.33
2026-09-13T00:01:24Z,77,76,30,5281,100,1298,2426,0.33
2026-09-13T00:01:26Z,75,75,30,5281,99,1600,1702,0.47
2026-09-13T00:01:29Z,75,75,30,5281,100,1600,1917,0.47
2026-09-13T00:01:31Z,74,75,30,5281,99,1600,1702,0.59
2026-09-13T00:01:33Z,77,75,30,5311,99,1415,1702,0.59
2026-09-13T00:01:35Z,72,75,30,5281,100,1339,1702,0.54
2026-09-13T00:01:37Z,70,75,30,5281,0,1430,2424,0.54
2026-09-13T00:01:39Z,72,75,30,5281,99,1447,2424,0.54
2026-09-13T00:01:41Z,74,74,30,5281,99,1600,1702,0.58
2026-09-13T00:01:43Z,75,75,30,5326,99,1351,1702,0.58
2026-09-13T00:01:45Z,75,75,30,5281,100,1600,1702,0.53
2026-09-13T00:01:47Z,75,75,30,5326,99,1600,1702,0.53
2026-09-13T00:01:49Z,76,76,30,5281,99,1449,1702,0.53
2026-09-13T00:01:51Z,71,76,30,5326,99,1600,2424,0.57
2026-09-13T00:01:53Z,75,76,30,5281,100,1451,1702,0.57
2026-09-13T00:01:55Z,75,76,30,5281,100,1365,1702,0.52
2026-09-13T00:01:57Z,75,76,30,5281,100,1457,2427,0.52
2026-09-13T00:02:00Z,76,76,30,5326,99,1600,1702,0.48
2026-09-13T00:02:02Z,71,76,30,5281,99,1600,2048,0.48
2026-09-13T00:02:04Z,75,76,30,5311,99,1600,2424,0.48
2026-09-13T00:02:06Z,76,76,30,5281,99,1600,1702,0.44
2026-09-13T00:02:08Z,76,76,30,5281,100,1463,1702,0.44
2026-09-13T00:02:10Z,77,76,30,5281,100,1367,1399,0.41
2026-09-13T00:02:12Z,73,76,30,5281,100,1600,2424,0.41
2026-09-13T00:02:14Z,71,76,30,5281,100,1527,1702,0.41
2026-09-13T00:02:16Z,76,76,30,5326,99,1600,1702,0.37
2026-09-13T00:02:18Z,76,76,30,5281,100,1600,1409,0.37
2026-09-13T00:02:20Z,75,76,30,5281,99,1600,1702,0.34
2026-09-13T00:02:22Z,72,76,30,5281,100,1600,1702,0.34
2026-09-13T00:02:24Z,75,76,30,5281,99,1600,1702,0.56
2026-09-13T00:02:26Z,72,76,30,5281,99,1600,2424,0.56
2026-09-13T00:02:29Z,70,76,30,5311,99,1600,2196,0.56
2026-09-13T00:02:31Z,75,76,30,5311,99,1600,1702,0.51
2026-09-13T00:02:33Z,75,76,30,5326,99,1463,1702,0.51
2026-09-13T00:02:35Z,74,76,30,5281,99,1600,1702,0.55
2026-09-13T00:02:37Z,75,76,30,5311,99,1600,1702,0.55
2026-09-13T00:02:39Z,73,76,30,5326,100,1600,1702,0.55
2026-09-13T00:02:41Z,75,76,30,5281,100,1444,1399,0.51
2026-09-13T00:02:43Z,75,76,30,5281,99,1353,1702,0.51
2026-09-13T00:02:45Z,75,76,30,5311,99,1600,1883,0.47
2026-09-13T00:02:47Z,71,76,30,5281,100,1600,2425,0.47
2026-09-13T00:02:49Z,75,75,30,5311,99,1600,2343,0.47
2026-09-13T00:02:51Z,75,75,30,5281,100,1600,1702,0.43
2026-09-13T00:02:53Z,75,75,30,5281,99,1600,2424,0.43
2026-09-13T00:02:55Z,77,75,30,5281,100,1463,1702,0.39
2026-09-13T00:02:57Z,70,75,30,5281,100,1600,1605,0.39
2026-09-13T00:03:00Z,70,75,30,5281,99,1600,2424,0.36
2026-09-13T00:03:02Z,72,75,30,5311,99,1569,1400,0.36
2026-09-13T00:03:04Z,68,74,30,5311,100,1040,2426,0.36
2026-09-13T00:03:06Z,75,74,30,5281,100,1357,1702,0.33
2026-09-13T00:03:08Z,71,75,30,5311,99,1600,1399,0.33
2026-09-13T00:03:10Z,76,75,30,5281,100,1600,2102,0.31
2026-09-13T00:03:12Z,75,76,30,5281,100,1486,2424,0.31
2026-09-13T00:03:14Z,71,76,30,5326,99,1600,1702,0.31
2026-09-13T00:03:16Z,74,76,30,5281,100,1600,1702,0.28
2026-09-13T00:03:18Z,76,76,30,5281,99,1362,1702,0.28
2026-09-13T00:03:20Z,75,76,30,5281,100,1600,1702,0.66
2026-09-13T00:03:22Z,74,76,30,5326,99,1319,1702,0.66
2026-09-13T00:03:24Z,75,76,30,5281,100,1498,1702,0.66
2026-09-13T00:03:26Z,75,76,30,5281,99,1535,1702,0.61
2026-09-13T00:03:28Z,76,76,30,5311,100,1405,1400,0.61
2026-09-13T00:03:31Z,75,76,30,5281,100,1425,2424,0.56
2026-09-13T00:03:33Z,74,76,30,5281,99,1600,1702,0.56
2026-09-13T00:03:35Z,75,76,30,5281,99,1454,1702,0.51
2026-09-13T00:03:37Z,75,76,30,5281,100,1600,1702,0.51
2026-09-13T00:03:39Z,74,76,30,5281,100,1524,1490,0.51
2026-09-13T00:03:41Z,75,76,30,5281,27,1600,2424,0.47
2026-09-13T00:03:43Z,75,76,30,5311,100,1600,2036,0.47
2026-09-13T00:03:45Z,74,76,30,5311,100,1298,1399,0.43
2026-09-13T00:03:47Z,73,76,30,5281,100,1600,2425,0.43
2026-09-13T00:03:49Z,76,76,30,5281,100,1600,1702,0.43
2026-09-13T00:03:51Z,76,76,30,5281,99,1535,1702,0.40
2026-09-13T00:03:53Z,75,76,30,5281,99,1399,1702,0.40
2026-09-13T00:03:55Z,77,76,30,5281,100,1376,1702,0.37
2026-09-13T00:03:57Z,76,76,30,5326,100,1600,1702,0.37
2026-09-13T00:04:00Z,71,76,30,5281,99,1600,2425,0.58
2026-09-13T00:04:02Z,76,76,30,5311,100,1265,2424,0.58
2026-09-13T00:04:04Z,77,76,30,5281,100,1383,1702,0.58
2026-09-13T00:04:06Z,74,76,30,5281,99,1600,1702,0.53
2026-09-13T00:04:08Z,74,76,30,5311,100,1600,1399,0.53
2026-09-13T00:04:10Z,71,75,30,5281,99,1600,1702,0.49
2026-09-13T00:04:12Z,75,75,30,5311,99,1262,2424,0.49
2026-09-13T00:04:14Z,73,75,30,5311,100,1600,1702,0.49
2026-09-13T00:04:16Z,74,75,30,5281,99,1600,1702,0.45
2026-09-13T00:04:18Z,74,75,30,5281,99,1404,2424,0.45
2026-09-13T00:04:20Z,76,75,30,5281,100,1345,1702,0.41
2026-09-13T00:04:22Z,73,75,30,5326,100,1600,1401,0.41
2026-09-13T00:04:24Z,72,75,30,5281,100,1381,2424,0.41
2026-09-13T00:04:26Z,72,75,30,5326,100,1600,1702,0.46
2026-09-13T00:04:28Z,74,74,30,5311,99,1349,1702,0.46
2026-09-13T00:04:31Z,77,75,30,5281,99,1376,1702,0.42
2026-09-13T00:04:33Z,71,75,30,5281,99,1600,1399,0.42
2026-09-13T00:04:35Z,71,76,30,5281,99,1600,1702,0.39
2026-09-13T00:04:37Z,74,76,30,5281,99,1394,1702,0.39
2026-09-13T00:04:39Z,77,76,30,5326,99,1363,1399,0.39
2026-09-13T00:04:41Z,72,76,30,5281,99,1600,1702,0.36
2026-09-13T00:04:43Z,75,76,30,5326,99,1400,1702,0.36
2026-09-13T00:04:45Z,71,76,30,5281,100,1600,2424,0.41
2026-09-13T00:04:47Z,74,76,30,5281,100,1351,1702,0.41
2026-09-13T00:04:49Z,75,76,30,5281,99,1469,1399,0.41
2026-09-13T00:04:51Z,78,76,30,5281,100,1385,1702,0.46
2026-09-13T00:04:53Z,76,76,30,5281,99,1471,1702,0.46
2026-09-13T00:04:55Z,72,76,30,5281,100,1600,1702,0.50
2026-09-13T00:04:57Z,75,76,30,5281,99,1600,1738,0.50
2026-09-13T00:05:00Z,75,76,30,5281,100,1414,2424,0.54
2026-09-13T00:05:02Z,76,76,30,5281,100,1374,1702,0.54
2026-09-13T00:05:04Z,72,76,30,5281,99,1600,1702,0.54
2026-09-13T00:05:06Z,72,76,30,5281,100,1469,1702,0.66
2026-09-13T00:05:08Z,71,76,30,5281,100,1600,1702,0.66
2026-09-13T00:05:10Z,75,76,30,5281,99,1345,1702,0.69
2026-09-13T00:05:12Z,72,76,30,5281,100,1600,1702,0.69
2026-09-13T00:05:14Z,74,76,30,5281,99,1320,1702,0.69
2026-09-13T00:05:16Z,77,76,30,5326,100,1600,2425,0.71
2026-09-13T00:05:18Z,70,76,30,5326,100,1600,1702,0.71
2026-09-13T00:05:20Z,73,76,30,5281,100,1600,1702,0.73
2026-09-13T00:05:22Z,77,76,30,5281,100,1446,1702,0.73
2026-09-13T00:05:24Z,71,76,30,5326,100,1374,1829,0.73
2026-09-13T00:05:26Z,77,76,30,5281,99,1374,1702,0.76
2026-09-13T00:05:28Z,74,76,30,5281,100,1600,1642,0.76
2026-09-13T00:05:31Z,76,76,30,5311,99,1254,2424,0.70
2026-09-13T00:05:33Z,77,76,30,5281,99,1360,1702,0.70
2026-09-13T00:05:35Z,76,76,30,5311,100,1363,1702,0.64
2026-09-13T00:05:37Z,77,75,30,5311,100,1478,1702,0.64
2026-09-13T00:05:39Z,78,75,30,5311,100,1391,1702,0.64
2026-09-13T00:05:41Z,75,76,30,5281,100,1356,1628,0.67
2026-09-13T00:05:43Z,69,75,30,5311,100,1296,1702,0.67
2026-09-13T00:05:45Z,69,75,30,5281,100,1600,2425,0.70
2026-09-13T00:05:47Z,71,75,30,5326,99,1600,2425,0.70
2026-09-13T00:05:49Z,73,75,30,5281,100,1477,1702,0.70
2026-09-13T00:05:51Z,67,75,30,5311,100,1040,2424,0.64
2026-09-13T00:05:53Z,75,74,30,5281,99,1536,1702,0.64
2026-09-13T00:05:55Z,74,75,30,5281,99,1600,1399,0.59
2026-09-13T00:05:57Z,75,75,30,5281,100,1466,1702,0.59
2026-09-13T00:05:59Z,75,76,30,5326,100,1415,2424,0.70
2026-09-13T00:06:02Z,76,76,30,5281,100,1600,1702,0.70
2026-09-13T00:06:04Z,75,76,30,5311,100,1567,1702,0.70
2026-09-13T00:06:06Z,75,76,30,5281,99,1381,1702,0.73
2026-09-13T00:06:08Z,75,76,30,5281,99,1536,1702,0.73
2026-09-13T00:06:10Z,75,76,30,5281,100,1600,1702,0.67
2026-09-13T00:06:12Z,76,76,30,5281,100,1326,1928,0.67
2026-09-13T00:06:14Z,76,76,30,5326,100,1350,1702,0.67
2026-09-13T00:06:16Z,76,76,30,5281,99,1360,1702,0.61
2026-09-13T00:06:18Z,74,76,30,5281,100,1297,2424,0.61
2026-09-13T00:06:20Z,76,76,30,5281,100,1545,1702,0.56
2026-09-13T00:06:22Z,71,76,30,5311,99,1307,1702,0.56
2026-09-13T00:06:24Z,75,76,30,5311,99,1386,1702,0.56
2026-09-13T00:06:26Z,74,76,30,5281,99,1286,1399,0.52
2026-09-13T00:06:28Z,76,76,30,5281,99,1267,2425,0.52
2026-09-13T00:06:30Z,78,76,30,5326,100,1442,1702,0.48
2026-09-13T00:06:33Z,76,76,30,5326,100,1600,1702,0.48
2026-09-13T00:06:35Z,75,76,30,5281,99,1416,1702,0.44
2026-09-13T00:06:37Z,75,76,30,5281,99,1354,1702,0.44
2026-09-13T00:06:39Z,75,76,30,5281,99,1348,1702,0.44
2026-09-13T00:06:41Z,72,76,30,5281,99,1600,1451,0.40
2026-09-13T00:06:43Z,75,76,30,5311,100,1600,1852,0.40
2026-09-13T00:06:45Z,78,76,30,5311,100,1440,1702,0.37
2026-09-13T00:06:47Z,73,76,30,5281,100,1600,2424,0.37
2026-09-13T00:06:49Z,71,76,30,5326,100,1600,2424,0.37
2026-09-13T00:06:51Z,71,76,30,5281,99,1600,2424,0.34
2026-09-13T00:06:53Z,71,76,30,5281,99,1331,1702,0.34
2026-09-13T00:06:55Z,70,76,30,5281,100,1290,1702,0.39
2026-09-13T00:06:57Z,76,76,30,5281,99,1468,1702,0.39
2026-09-13T00:06:59Z,74,76,30,5281,99,1410,2424,0.39
2026-09-13T00:07:01Z,70,76,30,5281,100,1600,1399,0.44
2026-09-13T00:07:04Z,70,76,30,5281,99,1600,2424,0.44
2026-09-13T00:07:06Z,70,75,30,5281,99,1600,2424,0.41
2026-09-13T00:07:08Z,77,75,30,5281,100,1381,1702,0.41
2026-09-13T00:07:10Z,74,75,30,5281,99,1305,1702,0.37
2026-09-13T00:07:12Z,74,75,30,5281,100,1365,2425,0.37
2026-09-13T00:07:14Z,72,75,30,5281,99,1546,1399,0.37
2026-09-13T00:07:16Z,74,74,30,5281,100,1434,1702,0.42
2026-09-13T00:07:18Z,75,75,30,5281,100,1517,1702,0.42
2026-09-13T00:07:20Z,78,75,30,5281,100,1393,1702,0.39
2026-09-13T00:07:22Z,75,76,30,5281,100,1400,2266,0.39
2026-09-13T00:07:24Z,73,76,30,5281,100,1600,1702,0.39
2026-09-13T00:07:26Z,74,76,30,5281,99,1600,2424,0.36
2026-09-13T00:07:28Z,75,76,30,5311,99,1389,2424,0.36
2026-09-13T00:07:30Z,76,76,30,5281,100,1600,1399,0.33
2026-09-13T00:07:32Z,77,76,30,5326,100,1298,2425,0.33
2026-09-13T00:07:35Z,77,76,30,5281,99,1360,1399,0.30
2026-09-13T00:07:37Z,75,76,30,5326,100,1537,1702,0.30
2026-09-13T00:07:39Z,75,76,30,5281,100,1476,1702,0.30
2026-09-13T00:07:41Z,76,76,30,5281,100,1379,1702,0.28
2026-09-13T00:07:43Z,76,76,30,5281,99,1352,1702,0.28
2026-09-13T00:07:45Z,76,76,30,5281,99,1600,2426,0.26
2026-09-13T00:07:47Z,75,76,30,5326,100,1397,2426,0.26
2026-09-13T00:07:49Z,75,76,30,5326,99,1393,1702,0.26
2026-09-13T00:07:51Z,75,76,30,5281,99,1600,2063,0.24
2026-09-13T00:07:53Z,71,76,30,5281,99,1600,1702,0.24
2026-09-13T00:07:55Z,75,76,30,5281,100,1447,1399,0.22
2026-09-13T00:07:57Z,75,76,30,5281,99,1253,2424,0.22
2026-09-13T00:07:59Z,72,76,30,5281,100,1351,1702,0.22
2026-09-13T00:08:01Z,76,76,30,5281,100,1355,1702,0.20
2026-09-13T00:08:04Z,71,76,30,5311,99,1600,1702,0.20
2026-09-13T00:08:06Z,75,76,30,5281,99,1600,2424,0.18
2026-09-13T00:08:08Z,71,76,30,5281,99,1600,2424,0.18
2026-09-13T00:08:10Z,76,76,30,5281,99,1409,1702,0.25
2026-09-13T00:08:12Z,72,76,30,5281,100,1312,1702,0.25
2026-09-13T00:08:14Z,76,76,30,5281,99,1353,1702,0.25
2026-09-13T00:08:16Z,76,76,30,5281,99,1600,1702,0.23
2026-09-13T00:08:18Z,75,76,30,5281,99,1248,2424,0.23
2026-09-13T00:08:20Z,72,76,30,5281,99,1517,1702,0.21
2026-09-13T00:08:22Z,75,76,30,5281,99,1331,1702,0.21
2026-09-13T00:08:24Z,72,75,30,5281,100,1297,1702,0.21
2026-09-13T00:08:26Z,74,75,30,5311,100,1600,1401,0.19
2026-09-13T00:08:28Z,72,75,30,5281,100,1283,1702,0.19
2026-09-13T00:08:30Z,76,75,30,5281,100,1600,2424,0.26
2026-09-13T00:08:32Z,75,75,30,5281,99,1409,1702,0.26
2026-09-13T00:08:35Z,77,75,30,5311,100,1383,1702,0.24
2026-09-13T00:08:37Z,70,75,30,5281,99,1518,1702,0.24
2026-09-13T00:08:39Z,63,74,30,5281,3,200,2426,0.24
2026-09-13T00:08:41Z,75,74,30,5281,100,1518,1702,0.22
2026-09-13T00:08:43Z,75,75,30,5281,100,1600,2364,0.22
2026-09-13T00:08:45Z,76,75,30,5281,99,1482,1702,0.20
2026-09-13T00:08:47Z,77,76,30,5326,100,1383,1575,0.20
2026-09-13T00:08:49Z,72,76,30,5281,100,1600,1702,0.20
2026-09-13T00:08:51Z,74,76,30,5326,100,1600,2214,0.18
2026-09-13T00:08:53Z,72,76,30,5326,99,1356,1702,0.18
2026-09-13T00:08:55Z,75,76,30,5311,99,1600,1768,0.17
2026-09-13T00:08:57Z,75,76,30,5281,99,1600,1702,0.17
2026-09-13T00:08:59Z,77,76,30,5281,99,1361,1399,0.17
2026-09-13T00:09:01Z,75,76,30,5326,100,1431,2424,0.40
2026-09-13T00:09:04Z,76,76,30,5281,99,1385,1702,0.40
2026-09-13T00:09:06Z,78,76,30,5311,100,1322,2424,0.36
2026-09-13T00:09:08Z,75,76,30,5281,99,1600,1702,0.36
2026-09-13T00:09:10Z,75,76,30,5281,100,1372,1702,0.33
2026-09-13T00:09:12Z,75,76,30,5311,99,1529,1702,0.33
2026-09-13T00:09:14Z,77,76,30,5326,100,1341,1399,0.33
2026-09-13T00:09:16Z,75,76,30,5281,99,1329,2426,0.31
2026-09-13T00:09:18Z,77,76,30,5281,99,1371,1702,0.31
2026-09-13T00:09:20Z,75,76,30,5326,99,1600,1702,0.28
2026-09-13T00:09:22Z,75,76,30,5281,100,1479,1399,0.28
2026-09-13T00:09:24Z,75,76,30,5281,100,1600,2295,0.28
2026-09-13T00:09:26Z,74,76,30,5311,99,1252,2424,0.26
2026-09-13T00:09:28Z,75,76,30,5281,100,1600,1702,0.26
2026-09-13T00:09:30Z,75,76,30,5281,99,1600,1702,0.24
2026-09-13T00:09:33Z,74,76,30,5281,99,1340,1702,0.24
2026-09-13T00:09:35Z,74,76,30,5326,99,1600,1399,0.46
2026-09-13T00:09:37Z,76,76,30,5311,99,1395,2426,0.46
2026-09-13T00:09:39Z,74,76,30,5281,100,1362,1702,0.46
2026-09-13T00:09:41Z,72,76,30,5281,99,1600,2425,0.42
2026-09-13T00:09:43Z,72,75,30,5326,99,1600,2424,0.42
2026-09-13T00:09:45Z,71,76,30,5281,99,1600,2424,0.39
2026-09-13T00:09:47Z,71,76,30,5281,99,1600,2424,0.39
2026-09-13T00:09:49Z,75,76,30,5281,99,1600,2425,0.39
2026-09-13T00:09:51Z,75,75,30,5281,100,1600,2424,0.36
2026-09-13T00:09:53Z,75,75,30,5281,99,1318,2425,0.36
2026-09-13T00:09:55Z,70,75,30,5281,99,1280,1702,0.33
2026-09-13T00:09:57Z,70,75,30,5281,100,1600,2424,0.33
2026-09-13T00:09:59Z,70,75,30,5326,99,1600,2424,0.33
2026-09-13T00:10:01Z,73,75,30,5311,99,1500,1399,0.38
2026-09-13T00:10:03Z,71,74,30,5281,99,1303,1702,0.38
2026-09-13T00:10:05Z,76,75,30,5311,100,1443,1702,0.35
2026-09-13T00:10:08Z,74,75,30,5281,100,1350,1702,0.35
2026-09-13T00:10:10Z,72,76,30,5311,99,1600,2424,0.56
2026-09-13T00:10:12Z,74,76,30,5281,100,1569,1702,0.56
2026-09-13T00:10:14Z,75,76,30,5281,100,1491,1702,0.56
2026-09-13T00:10:16Z,73,76,30,5281,100,1600,2424,0.52
2026-09-13T00:10:18Z,78,76,30,5281,99,1491,1702,0.52
2026-09-13T00:10:20Z,75,76,30,5281,100,1327,2326,0.48
2026-09-13T00:10:22Z,71,76,30,5281,99,1600,1702,0.48
2026-09-13T00:10:24Z,75,76,30,5281,99,1368,1702,0.48
2026-09-13T00:10:26Z,78,76,30,5281,100,1361,1702,0.60
2026-09-13T00:10:28Z,77,76,30,5281,99,1392,1702,0.60
2026-09-13T00:10:30Z,76,76,30,5281,99,1347,1702,0.63
2026-09-13T00:10:32Z,75,76,30,5311,100,1600,2425,0.63
2026-09-13T00:10:34Z,76,76,30,5281,99,1424,2424,0.63
2026-09-13T00:10:37Z,76,76,30,5311,99,1600,1702,0.66
2026-09-13T00:10:39Z,72,76,30,5281,99,1600,1702,0.66
2026-09-13T00:10:41Z,75,76,30,5281,99,1320,1400,0.69
2026-09-13T00:10:43Z,74,76,30,5281,100,1519,1399,0.69
2026-09-13T00:10:45Z,75,76,30,5281,100,1315,2424,0.71
2026-09-13T00:10:47Z,70,76,30,5281,100,1600,1702,0.71
2026-09-13T00:10:49Z,77,76,30,5281,100,1423,1702,0.71
2026-09-13T00:10:51Z,72,76,30,5281,100,1600,1702,0.74
2026-09-13T00:10:53Z,75,76,30,5281,99,1600,1697,0.74
2026-09-13T00:10:55Z,75,76,30,5281,100,1411,2424,0.76
2026-09-13T00:10:57Z,74,76,30,5326,100,1600,2425,0.76
2026-09-13T00:10:59Z,70,76,30,5311,99,1600,2424,0.76
2026-09-13T00:11:01Z,71,76,30,5281,100,1600,1780,0.78
2026-09-13T00:11:03Z,76,76,30,5281,100,1469,1702,0.78
2026-09-13T00:11:05Z,74,75,30,5281,99,1600,2424,0.72
2026-09-13T00:11:07Z,75,75,30,5281,100,1457,1702,0.72
2026-09-13T00:11:10Z,75,75,30,5311,99,1600,2101,0.66
2026-09-13T00:11:12Z,73,75,30,5281,100,1600,1400,0.66
2026-09-13T00:11:14Z,75,75,30,5281,100,1525,1702,0.66
2026-09-13T00:11:16Z,75,75,30,5281,100,1516,1702,0.69
2026-09-13T00:11:18Z,75,75,30,5281,100,1471,1702,0.69
2026-09-13T00:11:20Z,73,75,30,5311,100,1600,1402,0.63
2026-09-13T00:11:22Z,75,75,30,5311,99,1600,1702,0.63
2026-09-13T00:11:24Z,72,75,30,5281,0,1484,2047,0.63
2026-09-13T00:11:26Z,64,75,30,5281,0,200,2424,0.82
2026-09-13T00:11:28Z,75,74,30,5281,100,1342,1702,0.82
2026-09-13T00:11:30Z,75,75,30,5281,100,1351,1702,0.75
2026-09-13T00:11:32Z,74,75,30,5281,100,1600,2424,0.75
2026-09-13T00:11:34Z,75,75,30,5281,99,1600,2424,0.75
2026-09-13T00:11:36Z,75,76,30,5281,100,1394,1400,0.77
2026-09-13T00:11:39Z,73,76,30,5281,99,1310,1702,0.77
2026-09-13T00:11:41Z,75,76,30,5281,99,1510,1702,0.79
2026-09-13T00:11:43Z,76,76,30,5281,100,1359,1702,0.79
2026-09-13T00:11:45Z,75,76,30,5281,100,1536,1702,0.73
2026-09-13T00:11:47Z,73,76,30,5281,100,1600,1702,0.73
2026-09-13T00:11:49Z,75,76,30,5281,99,1275,2424,0.73
2026-09-13T00:11:51Z,75,76,30,5326,100,1600,1732,0.67
2026-09-13T00:11:53Z,72,76,30,5281,99,1600,1702,0.67
2026-09-13T00:11:55Z,77,76,30,5281,100,1409,1702,0.62
2026-09-13T00:11:57Z,75,76,30,5311,100,1342,1702,0.62
2026-09-13T00:11:59Z,76,76,30,5281,100,1600,1702,0.62
2026-09-13T00:12:01Z,71,76,30,5281,100,1600,1702,0.57
2026-09-13T00:12:03Z,75,76,30,5281,100,1441,2425,0.57
2026-09-13T00:12:05Z,76,76,30,5281,100,1419,1702,0.52
2026-09-13T00:12:08Z,75,76,30,5281,100,1476,1702,0.52
2026-09-13T00:12:10Z,77,76,30,5311,99,1381,1702,0.48
2026-09-13T00:12:12Z,74,76,30,5281,99,1513,1399,0.48
2026-09-13T00:12:14Z,75,76,30,5281,100,1412,2424,0.48
2026-09-13T00:12:16Z,72,76,30,5281,100,1600,2424,0.44
2026-09-13T00:12:18Z,75,76,30,5281,100,1362,1702,0.44
2026-09-13T00:12:20Z,74,76,30,5281,99,1600,1702,0.41
2026-09-13T00:12:22Z,75,76,30,5326,99,1530,1702,0.41
2026-09-13T00:12:24Z,76,76,30,5281,100,1307,2424,0.41
2026-09-13T00:12:26Z,78,76,30,5281,99,1472,1702,0.37
2026-09-13T00:12:28Z,75,76,30,5311,100,1600,2424,0.37
2026-09-13T00:12:30Z,75,76,30,5281,100,1600,1702,0.42
2026-09-13T00:12:32Z,71,75,30,5281,99,1402,1702,0.42
2026-09-13T00:12:34Z,75,75,30,5281,99,1351,1702,0.42
2026-09-13T00:12:36Z,71,75,30,5281,99,1600,1702,0.47
2026-09-13T00:12:39Z,74,75,30,5281,99,1600,1399,0.47
2026-09-13T00:12:41Z,75,75,30,5281,99,1600,2425,0.43
2026-09-13T00:12:43Z,70,75,30,5281,99,1600,2425,0.43
2026-09-13T00:12:45Z,71,75,30,5281,99,1600,2424,0.40
2026-09-13T00:12:47Z,75,75,30,5281,100,1435,2424,0.40
2026-09-13T00:12:49Z,72,75,30,5281,99,1369,1399,0.40
2026-09-13T00:12:51Z,74,74,30,5281,99,1304,1702,0.36
2026-09-13T00:12:53Z,75,74,30,5281,99,1378,1702,0.36
2026-09-13T00:12:55Z,71,75,30,5281,99,1427,1702,0.66
2026-09-13T00:12:57Z,71,75,30,5281,99,1600,1399,0.66
2026-09-13T00:12:59Z,75,76,30,5281,99,1600,1702,0.66
2026-09-13T00:13:01Z,78,76,30,5326,100,1395,1702,0.60
2026-09-13T00:13:03Z,75,76,30,5281,99,1330,2426,0.60
2026-09-13T00:13:05Z,75,76,30,5281,99,1364,1702,0.56
2026-09-13T00:13:07Z,71,76,30,5281,100,1600,1702,0.56
2026-09-13T00:13:10Z,74,76,30,5281,100,1314,1702,0.59
2026-09-13T00:13:12Z,76,76,30,5281,99,1393,1702,0.59
2026-09-13T00:13:14Z,76,76,30,5281,99,1473,1702,0.59
2026-09-13T00:13:16Z,75,76,30,5326,99,1354,1702,0.54
2026-09-13T00:13:18Z,77,76,30,5281,99,1480,1702,0.54
2026-09-13T00:13:20Z,74,76,30,5281,99,1303,1702,0.50
2026-09-13T00:13:22Z,75,76,30,5281,100,1488,2424,0.50
2026-09-13T00:13:24Z,76,76,30,5281,100,1600,1702,0.50
2026-09-13T00:13:26Z,76,76,30,5326,100,1396,1702,0.46
2026-09-13T00:13:28Z,75,76,30,5281,100,1469,1702,0.46
2026-09-13T00:13:30Z,75,76,30,5311,99,1600,1702,0.42
2026-09-13T00:13:32Z,75,76,30,5281,99,1350,2425,0.42
2026-09-13T00:13:34Z,73,76,30,5281,100,1600,2425,0.42
2026-09-13T00:13:36Z,75,76,30,5281,100,1521,1702,0.39
2026-09-13T00:13:39Z,77,76,30,5281,100,1399,1702,0.39
2026-09-13T00:13:41Z,76,76,30,5281,100,1335,1399,0.36
2026-09-13T00:13:43Z,71,76,30,5326,100,1600,2424,0.36
2026-09-13T00:13:45Z,76,76,30,5326,99,1381,1702,0.33
2026-09-13T00:13:47Z,71,76,30,5281,99,1600,2424,0.33
2026-09-13T00:13:49Z,70,76,30,5326,100,1600,2424,0.33
2026-09-13T00:13:51Z,71,76,30,5311,100,1600,2217,0.30
2026-09-13T00:13:53Z,75,76,30,5281,100,1273,2424,0.30
2026-09-13T00:13:55Z,69,75,30,5281,99,1600,1399,0.28
2026-09-13T00:13:57Z,69,75,30,5281,100,1600,1702,0.28
2026-09-13T00:13:59Z,70,75,30,5281,99,1600,2424,0.28
2026-09-13T00:14:01Z,70,75,30,5326,100,1600,2424,0.25
2026-09-13T00:14:03Z,71,75,30,5311,100,1600,2424,0.25
2026-09-13T00:14:05Z,72,75,30,5281,100,1387,2397,0.31
2026-09-13T00:14:07Z,74,75,30,5281,99,1482,1702,0.31
2026-09-13T00:14:09Z,76,75,30,5281,99,1369,1702,0.31
2026-09-13T00:14:11Z,71,75,30,5311,100,1472,1400,0.29
2026-09-13T00:14:14Z,72,74,30,5311,100,1583,1399,0.29
2026-09-13T00:14:16Z,75,74,30,5281,99,1373,1702,0.27
2026-09-13T00:14:18Z,75,75,30,5281,99,1600,1702,0.27
2026-09-13T00:14:20Z,77,75,30,5281,100,1384,1702,0.24
2026-09-13T00:14:22Z,75,75,30,5281,100,1390,1702,0.24
2026-09-13T00:14:24Z,76,76,30,5281,100,1600,1761,0.24
2026-09-13T00:14:26Z,75,76,30,5281,100,1600,1702,0.22
2026-09-13T00:14:28Z,74,76,30,5281,100,1363,1702,0.22
2026-09-13T00:14:30Z,74,76,30,5281,99,1600,2424,0.21
2026-09-13T00:14:32Z,72,76,30,5281,99,1318,1702,0.21
2026-09-13T00:14:34Z,77,76,30,5326,100,1383,1702,0.21
2026-09-13T00:14:36Z,75,76,30,5281,99,1476,2424,0.43
2026-09-13T00:14:38Z,76,76,30,5311,100,1349,1702,0.43
2026-09-13T00:14:40Z,76,76,30,5326,100,1460,1702,0.40
2026-09-13T00:14:43Z,72,76,30,5281,99,1600,1702,0.40
2026-09-13T00:14:45Z,75,76,30,5281,99,1511,1702,0.36
2026-09-13T00:14:47Z,72,76,30,5281,100,1421,1702,0.36
2026-09-13T00:14:49Z,76,76,30,5281,100,1495,1702,0.36
2026-09-13T00:14:51Z,72,76,30,5281,99,1600,2424,0.33
2026-09-13T00:14:53Z,75,76,30,5281,100,1600,1702,0.33
2026-09-13T00:14:55Z,77,76,30,5326,99,1367,1702,0.31
2026-09-13T00:14:57Z,72,76,30,5311,99,1600,2425,0.31
2026-09-13T00:14:59Z,75,76,30,5311,100,1600,1702,0.31
2026-09-13T00:15:01Z,75,76,30,5281,99,1600,2424,0.28
2026-09-13T00:15:03Z,75,76,30,5281,100,1474,1702,0.28
2026-09-13T00:15:05Z,76,76,30,5311,100,1367,1702,0.50
2026-09-13T00:15:07Z,73,76,30,5281,99,1600,2424,0.50
2026-09-13T00:15:09Z,70,76,30,5281,100,1600,2316,0.50
2026-09-13T00:15:11Z,75,76,30,5281,100,1405,2424,0.46
2026-09-13T00:15:13Z,74,76,30,5281,99,1461,1702,0.46
2026-09-13T00:15:16Z,71,76,30,5326,100,1417,1702,0.42
2026-09-13T00:15:18Z,77,76,30,5281,100,1381,1702,0.42
2026-09-13T00:15:20Z,76,76,30,5326,100,1465,1400,0.47
2026-09-13T00:15:22Z,75,76,30,5311,99,1600,1702,0.47
2026-09-13T00:15:24Z,75,75,30,5281,100,1508,1702,0.47
2026-09-13T00:15:26Z,75,75,30,5281,99,1518,1702,0.43
2026-09-13T00:15:28Z,75,75,30,5281,100,1397,2424,0.43
2026-09-13T00:15:30Z,71,75,30,5281,100,1600,1702,0.40
2026-09-13T00:15:32Z,75,75,30,5281,99,1600,1543,0.40
2026-09-13T00:15:34Z,75,75,30,5281,100,1452,1799,0.40
2026-09-13T00:15:36Z,73,75,30,5311,100,200,1677,0.45
2026-09-13T00:15:38Z,73,74,30,5281,99,1383,1702,0.45
2026-09-13T00:15:40Z,71,75,30,5281,99,1600,1702,0.41
2026-09-13T00:15:42Z,75,75,30,5326,99,1600,2419,0.41
2026-09-13T00:15:45Z,75,75,30,5311,99,1600,1702,0.46
2026-09-13T00:15:47Z,76,76,30,5326,99,1409,2424,0.46
2026-09-13T00:15:49Z,76,76,30,5281,100,1600,1702,0.46
2026-09-13T00:15:51Z,75,76,30,5281,100,1478,2425,0.42
2026-09-13T00:15:53Z,75,76,30,5281,99,1600,1702,0.42
2026-09-13T00:15:55Z,75,76,30,5281,100,1568,1702,0.39
2026-09-13T00:15:57Z,76,76,30,5281,100,1600,1702,0.39
2026-09-13T00:15:59Z,72,76,30,5281,100,1469,1702,0.39
2026-09-13T00:16:01Z,72,76,30,5281,99,1600,1702,0.35
2026-09-13T00:16:03Z,73,76,30,5281,99,1600,1399,0.35
2026-09-13T00:16:05Z,75,76,30,5281,100,1600,2424,0.41
2026-09-13T00:16:07Z,77,76,30,5281,100,1365,1702,0.41
2026-09-13T00:16:09Z,72,76,30,5326,100,1600,1702,0.41
2026-09-13T00:16:11Z,71,76,30,5281,100,1600,1702,0.45
2026-09-13T00:16:13Z,75,76,30,5326,100,1504,1702,0.45
2026-09-13T00:16:16Z,75,76,30,5281,99,1600,1884,0.50
2026-09-13T00:16:18Z,71,76,30,5326,100,1600,2424,0.50
2026-09-13T00:16:20Z,71,76,30,5281,100,1600,2424,0.54
2026-09-13T00:16:22Z,74,76,30,5281,100,1600,2342,0.54
2026-09-13T00:16:24Z,75,76,30,5281,100,1600,1702,0.54
2026-09-13T00:16:26Z,75,76,30,5281,99,1600,1702,0.58
2026-09-13T00:16:28Z,70,76,30,5281,100,1600,1702,0.58
2026-09-13T00:16:30Z,74,76,30,5281,100,1600,2425,0.61
2026-09-13T00:16:32Z,72,76,30,5281,100,1339,1399,0.61
2026-09-13T00:16:34Z,75,76,30,5281,99,1600,1702,0.61
2026-09-13T00:16:36Z,78,76,30,5326,100,1474,1702,0.56
2026-09-13T00:16:38Z,75,76,30,5281,100,1600,1670,0.56
2026-09-13T00:16:40Z,75,76,30,5281,99,1343,1399,0.52
2026-09-13T00:16:42Z,74,76,30,5281,99,1335,1702,0.52
2026-09-13T00:16:45Z,76,75,30,5326,100,1451,1399,0.52
2026-09-13T00:16:47Z,75,75,30,5281,99,1427,2424,0.71
2026-09-13T00:16:49Z,71,75,30,5281,100,1291,1702,0.71
2026-09-13T00:16:51Z,73,75,30,5281,99,1288,1702,0.66
2026-09-13T00:16:53Z,74,75,30,5281,100,1595,1780,0.66
2026-09-13T00:16:55Z,70,75,30,5326,100,1600,2424,0.60
2026-09-13T00:16:57Z,71,75,30,5281,100,1600,2424,0.60
2026-09-13T00:16:59Z,73,75,30,5281,100,1497,1399,0.60
2026-09-13T00:17:01Z,73,75,30,5281,100,1496,1399,0.64
2026-09-13T00:17:03Z,75,74,30,5326,99,1600,1702,0.64
2026-09-13T00:17:05Z,75,75,30,5281,99,1600,1702,0.58
2026-09-13T00:17:07Z,74,75,30,5281,100,1537,1702,0.58
2026-09-13T00:17:09Z,75,76,30,5281,99,1373,1702,0.58
2026-09-13T00:17:11Z,71,76,30,5281,99,1316,1400,0.54
2026-09-13T00:17:13Z,74,76,30,5281,100,1600,1702,0.54
2026-09-13T00:17:16Z,77,76,30,5281,100,1464,1702,0.58
2026-09-13T00:17:18Z,71,76,30,5326,99,1600,1399,0.58
2026-09-13T00:17:20Z,75,76,30,5281,99,1429,2424,0.61
2026-09-13T00:17:22Z,75,76,30,5281,99,1441,1702,0.61
2026-09-13T00:17:24Z,76,76,30,5281,100,1600,2425,0.61
2026-09-13T00:17:26Z,75,76,30,5326,100,1520,1702,0.56
2026-09-13T00:17:28Z,76,76,30,5281,99,1460,1702,0.56
2026-09-13T00:17:30Z,75,76,30,5281,99,1317,1702,0.60
2026-09-13T00:17:32Z,75,76,30,5281,100,1600,2424,0.60
2026-09-13T00:17:34Z,75,76,30,5281,99,1346,1702,0.60
2026-09-13T00:17:36Z,76,76,30,5281,100,1600,1702,0.55
2026-09-13T00:17:38Z,72,76,30,5281,99,1600,2424,0.55
2026-09-13T00:17:40Z,75,76,30,5281,99,1600,1702,0.50
2026-09-13T00:17:42Z,77,76,30,5281,100,1420,1702,0.50
2026-09-13T00:17:45Z,78,76,30,5281,99,1469,1702,0.50
2026-09-13T00:17:47Z,70,76,30,5281,100,1600,1702,0.46
2026-09-13T00:17:49Z,72,76,30,5311,100,1600,1795,0.46
2026-09-13T00:17:51Z,75,76,30,5281,99,1476,1702,0.43
2026-09-13T00:17:53Z,75,76,30,5311,100,1463,1702,0.43
2026-09-13T00:17:55Z,72,76,30,5326,100,1314,1702,0.39
2026-09-13T00:17:57Z,76,76,30,5281,99,1600,2098,0.39
2026-09-13T00:17:59Z,71,76,30,5326,100,1600,2424,0.39
2026-09-13T00:18:01Z,70,76,30,5281,100,1600,2424,0.44
2026-09-13T00:18:03Z,70,76,30,5281,99,1600,1702,0.44
2026-09-13T00:18:05Z,73,76,30,5281,99,1286,2426,0.49
2026-09-13T00:18:07Z,70,76,30,5326,99,1600,1702,0.49
2026-09-13T00:18:09Z,77,75,30,5326,99,1392,1702,0.49
2026-09-13T00:18:11Z,70,75,30,5326,99,1600,1702,0.53
2026-09-13T00:18:13Z,71,75,30,5281,100,1600,2425,0.53
2026-09-13T00:18:15Z,70,75,30,5281,99,1600,2424,0.48
2026-09-13T00:18:17Z,74,75,30,5326,99,1297,2207,0.48
2026-09-13T00:18:20Z,74,75,30,5281,100,1600,1702,0.48
2026-09-13T00:18:22Z,74,75,30,5326,99,1454,1438,0.53
2026-09-13T00:18:24Z,72,75,30,5281,99,1584,1702,0.53
2026-09-13T00:18:26Z,62,74,30,5311,0,200,2424,0.72
2026-09-13T00:18:28Z,60,72,30,5281,0,200,2424,0.72
2026-09-13T00:18:30Z,58,71,30,5326,0,200,2424,0.75
2026-09-13T00:18:32Z,57,69,30,5179,0,200,2424,0.75
2026-09-13T00:18:34Z,56,67,30,4908,0,200,2424,0.75
2026-09-13T00:18:36Z,56,65,30,4908,0,200,2424,0.77
2026-09-13T00:18:38Z,55,64,30,4280,0,200,2424,0.77
2026-09-13T00:18:40Z,54,63,30,3930,0,200,2424,1.43
2026-09-13T00:18:42Z,66,62,30,3676,100,1337,2424,1.43
2026-09-13T00:18:44Z,69,67,30,3221,100,1384,1702,1.43
2026-09-13T00:18:46Z,70,69,30,3216,99,1377,1702,1.31
2026-09-13T00:18:48Z,70,70,30,3396,100,1347,2424,1.31
2026-09-13T00:18:50Z,72,71,30,3571,100,1362,1702,1.21
2026-09-13T00:18:53Z,72,72,30,3787,100,1375,1400,1.21
2026-09-13T00:18:55Z,74,73,30,4006,99,1379,1702,1.19
2026-09-13T00:18:57Z,74,74,30,4213,99,1325,2425,1.19
2026-09-13T00:18:59Z,76,74,30,4411,100,1385,1702,1.19
2026-09-13T00:19:01Z,76,75,30,4722,100,1384,1702,1.09
2026-09-13T00:19:03Z,76,75,30,4844,99,1330,2424,1.09
2026-09-13T00:19:05Z,75,75,30,5000,99,1381,1400,1.09
2026-09-13T00:19:07Z,75,75,30,5136,99,1442,1702,1.09
2026-09-13T00:19:09Z,75,76,30,5281,99,1376,1400,1.09
2026-09-13T00:19:11Z,74,76,30,5281,100,1337,2424,1.00
2026-09-13T00:19:13Z,75,76,30,5281,99,1600,1702,1.00
2026-09-13T00:19:15Z,75,76,30,5281,100,1382,1702,0.92
2026-09-13T00:19:17Z,75,76,30,5281,99,1389,1400,0.92
2026-09-13T00:19:19Z,76,76,30,5281,99,1316,2424,0.92
2026-09-13T00:19:21Z,75,76,30,5281,100,1403,1702,0.93
2026-09-13T00:19:24Z,76,76,30,5281,100,1377,1702,0.93
2026-09-13T00:19:26Z,72,76,30,5281,99,1600,2426,0.85
2026-09-13T00:19:28Z,75,76,30,5281,100,1381,1702,0.85
2026-09-13T00:19:30Z,72,76,30,5281,100,1600,1702,0.78
2026-09-13T00:19:32Z,75,76,30,5326,99,1378,1702,0.78
2026-09-13T00:19:34Z,75,76,30,5311,99,1308,2424,0.78
2026-09-13T00:19:36Z,75,76,30,5281,100,1384,1702,0.80
2026-09-13T00:19:38Z,76,76,30,5281,99,1600,1399,0.80
2026-09-13T00:19:40Z,76,76,30,5311,99,1379,1702,0.74
2026-09-13T00:19:42Z,75,76,30,5326,100,1337,2424,0.74
2026-09-13T00:19:44Z,75,76,30,5311,99,1600,2425,0.74
2026-09-13T00:19:46Z,74,76,30,5311,100,1349,1702,0.68
2026-09-13T00:19:48Z,75,76,30,5326,99,1369,1702,0.68
2026-09-13T00:19:50Z,74,76,30,5281,99,1353,2425,0.70
2026-09-13T00:19:53Z,75,76,30,5311,100,1473,1702,0.70
2026-09-13T00:19:55Z,72,76,30,5311,100,1329,1400,0.70
2026-09-13T00:19:57Z,76,76,30,5311,99,1377,1702,0.65
2026-09-13T00:19:59Z,75,75,30,5281,99,1331,2424,0.65
2026-09-13T00:20:01Z,75,75,30,5326,99,1380,1702,0.59
2026-09-13T00:20:03Z,76,75,30,5281,99,1431,1702,0.59
2026-09-13T00:20:05Z,75,76,30,5326,100,1600,1702,0.55
2026-09-13T00:20:07Z,73,75,30,5326,100,1331,2424,0.55
2026-09-13T00:20:09Z,76,75,30,5326,100,1401,1702,0.55
2026-09-13T00:20:11Z,75,75,30,5311,100,1378,1702,0.50
2026-09-13T00:20:13Z,75,75,30,5326,100,1481,1702,0.50
2026-09-13T00:20:15Z,74,75,30,5326,100,1341,2424,0.54
2026-09-13T00:20:17Z,75,75,30,5311,100,1385,1400,0.54
2026-09-13T00:20:19Z,75,75,30,5311,99,1399,1702,0.54
2026-09-13T00:20:21Z,75,75,30,5311,99,1411,1702,0.50
2026-09-13T00:20:24Z,76,75,30,5326,100,1322,2424,0.50
2026-09-13T00:20:26Z,75,75,30,5326,100,1600,1702,0.46
2026-09-13T00:20:28Z,74,75,30,5311,99,1384,1702,0.46
2026-09-13T00:20:30Z,75,75,30,5311,100,1351,1399,0.42
2026-09-13T00:20:32Z,74,75,30,5311,99,1338,2424,0.42
2026-09-13T00:20:34Z,69,75,30,5311,99,1600,2424,0.42
2026-09-13T00:20:36Z,70,75,30,5326,100,1600,2424,0.39
2026-09-13T00:20:38Z,75,75,30,5311,100,1600,1702,0.39
2026-09-13T00:20:40Z,75,75,30,5326,100,1339,2424,0.44
2026-09-13T00:20:42Z,75,75,30,5357,99,1372,1702,0.44
2026-09-13T00:20:44Z,73,75,30,5326,100,1350,1399,0.44
2026-09-13T00:20:46Z,74,75,30,5326,99,1402,1702,0.40
2026-09-13T00:20:48Z,74,75,30,5326,100,1364,1399,0.40
2026-09-13T00:20:50Z,71,75,30,5311,100,1534,1702,0.37
2026-09-13T00:20:53Z,72,74,30,5357,99,1409,1702,0.37
2026-09-13T00:20:55Z,75,74,30,5311,99,1381,1702,0.37
2026-09-13T00:20:57Z,75,74,30,5311,99,1358,1702,0.50
2026-09-13T00:20:59Z,74,75,30,5326,99,1372,1702,0.50
2026-09-13T00:21:01Z,74,75,30,5311,99,1374,1702,0.54
2026-09-13T00:21:03Z,75,75,30,5326,99,1380,1702,0.54
2026-09-13T00:21:05Z,75,75,30,5311,100,1376,1702,0.50
2026-09-13T00:21:07Z,75,75,30,5357,99,1335,2425,0.50
2026-09-13T00:21:09Z,76,75,30,5311,99,1341,1400,0.50
2026-09-13T00:21:11Z,75,75,30,5357,99,1345,1471,0.46
2026-09-13T00:21:13Z,74,76,30,5326,99,1335,1702,0.46
2026-09-13T00:21:15Z,75,76,30,5326,99,1457,2425,0.50
2026-09-13T00:21:17Z,75,76,30,5311,99,1426,1702,0.50
2026-09-13T00:21:19Z,76,76,30,5326,99,1365,1702,0.50
2026-09-13T00:21:22Z,75,76,30,5311,99,1352,1399,0.46
2026-09-13T00:21:24Z,76,76,30,5311,99,1367,1702,0.46
2026-09-13T00:21:26Z,74,76,30,5326,99,1359,1702,0.42
2026-09-13T00:21:28Z,75,76,30,5326,100,1600,1702,0.42
2026-09-13T00:21:30Z,74,76,30,5326,100,1330,2424,0.47
2026-09-13T00:21:32Z,75,76,30,5326,99,1352,1702,0.47
2026-09-13T00:21:34Z,75,76,30,5357,99,1600,1702,0.47
2026-09-13T00:21:36Z,76,76,30,5326,99,1373,1702,0.43
2026-09-13T00:21:38Z,72,76,30,5326,99,1600,2427,0.43
2026-09-13T00:21:40Z,75,76,30,5311,100,1418,1702,0.40
2026-09-13T00:21:42Z,75,76,30,5357,99,1334,1702,0.40
2026-09-13T00:21:44Z,75,76,30,5326,100,1385,1702,0.40
2026-09-13T00:21:46Z,76,76,30,5311,99,1370,1702,0.45
2026-09-13T00:21:48Z,76,76,30,5326,100,1408,1702,0.45
2026-09-13T00:21:51Z,77,76,30,5326,100,1376,1702,0.41
2026-09-13T00:21:53Z,75,76,30,5326,99,1328,2424,0.41
2026-09-13T00:21:55Z,75,76,30,5311,100,1600,1399,0.46
2026-09-13T00:21:57Z,71,76,30,5311,100,1600,2424,0.46
2026-09-13T00:21:59Z,75,76,30,5311,99,1358,1702,0.46
2026-09-13T00:22:01Z,74,76,30,5311,100,1335,2424,0.42
2026-09-13T00:22:03Z,76,76,30,5357,99,1445,1702,0.42
2026-09-13T00:22:05Z,75,76,30,5311,99,1600,1702,0.39
2026-09-13T00:22:07Z,77,76,30,5311,100,1378,1702,0.39
2026-09-13T00:22:09Z,75,76,30,5311,100,1329,2424,0.39
2026-09-13T00:22:11Z,75,75,30,5311,99,1375,1702,0.44
2026-09-13T00:22:13Z,75,76,30,5326,99,1367,1399,0.44
2026-09-13T00:22:15Z,75,76,30,5311,100,1386,1702,0.40
2026-09-13T00:22:17Z,75,75,30,5357,99,1336,2425,0.40
2026-09-13T00:22:19Z,75,75,30,5311,100,1412,1702,0.40
2026-09-13T00:22:22Z,75,75,30,5311,99,1377,1702,0.37
2026-09-13T00:22:24Z,75,75,30,5357,99,1600,1702,0.37
2026-09-13T00:22:26Z,74,75,30,5326,100,1329,2425,0.34
2026-09-13T00:22:28Z,75,75,30,5311,100,1366,1702,0.34
2026-09-13T00:22:30Z,74,75,30,5326,99,1369,1702,0.31
2026-09-13T00:22:32Z,75,75,30,5311,99,1355,1702,0.31
2026-09-13T00:22:34Z,75,75,30,5326,100,1371,1702,0.31
2026-09-13T00:22:36Z,76,75,30,5311,100,1373,1399,0.37
2026-09-13T00:22:38Z,74,75,30,5326,99,1331,1702,0.37
2026-09-13T00:22:40Z,75,75,30,5357,99,1600,1702,0.34
2026-09-13T00:22:42Z,74,75,30,5357,100,1363,2424,0.34
2026-09-13T00:22:44Z,75,75,30,5357,99,1374,1702,0.34
2026-09-13T00:22:46Z,69,75,30,5357,99,1600,1937,0.31
2026-09-13T00:22:48Z,69,75,30,5311,100,1600,2425,0.31
2026-09-13T00:22:50Z,75,75,30,5311,99,1600,2425,0.28
2026-09-13T00:22:53Z,76,75,30,5326,99,1374,1702,0.28
2026-09-13T00:22:55Z,74,75,30,5311,100,1600,1702,0.28
2026-09-13T00:22:57Z,75,75,30,5311,99,1369,1702,0.34
2026-09-13T00:22:59Z,76,75,30,5311,100,1378,1702,0.34
2026-09-13T00:23:01Z,74,75,30,5326,100,1319,2425,0.39
2026-09-13T00:23:03Z,69,74,30,5357,100,1521,1702,0.39
2026-09-13T00:23:05Z,73,74,30,5326,99,1428,1400,0.36
2026-09-13T00:23:07Z,74,74,30,5326,100,1393,1702,0.36
2026-09-13T00:23:09Z,75,75,30,5357,100,1600,2425,0.36
2026-09-13T00:23:11Z,74,75,30,5357,100,1345,2424,0.33
2026-09-13T00:23:13Z,75,75,30,5357,99,1372,1702,0.33
2026-09-13T00:23:15Z,75,75,30,5311,99,1385,1702,0.31
2026-09-13T00:23:17Z,75,75,30,5311,99,1386,1702,0.31
2026-09-13T00:23:19Z,75,75,30,5326,99,1385,1702,0.31
2026-09-13T00:23:22Z,75,75,30,5311,99,1398,1702,0.28
2026-09-13T00:23:24Z,75,76,30,5357,100,1397,1702,0.28
2026-09-13T00:23:26Z,75,76,30,5311,99,1335,2424,0.26
2026-09-13T00:23:28Z,72,76,30,5311,100,1487,1702,0.26
2026-09-13T00:23:30Z,74,76,30,5326,100,1600,1702,0.24
2026-09-13T00:23:32Z,75,76,30,5357,99,1600,1702,0.24
2026-09-13T00:23:34Z,74,76,30,5311,100,1337,2424,0.24
2026-09-13T00:23:36Z,76,76,30,5326,100,1375,1702,0.22
2026-09-13T00:23:38Z,76,76,30,5326,99,1344,1702,0.22
2026-09-13T00:23:40Z,75,76,30,5326,100,1600,1702,0.20
2026-09-13T00:23:42Z,75,76,30,5326,99,1389,1702,0.20
2026-09-13T00:23:44Z,76,76,30,5357,99,1381,1702,0.20
2026-09-13T00:23:46Z,76,76,30,5311,99,1600,2424,0.18
2026-09-13T00:23:48Z,75,76,30,5357,99,1350,2424,0.18
2026-09-13T00:23:51Z,74,76,30,5326,100,1600,1399,0.17
2026-09-13T00:23:53Z,75,76,30,5311,99,1391,1702,0.17
2026-09-13T00:23:55Z,75,76,30,5357,99,1342,1702,0.24
2026-09-13T00:23:57Z,75,76,30,5311,99,1302,2425,0.24
2026-09-13T00:23:59Z,75,76,30,5326,99,1600,1702,0.24
2026-09-13T00:24:01Z,76,76,30,5326,100,1385,1702,0.22
2026-09-13T00:24:03Z,75,76,30,5311,99,1600,1702,0.22
2026-09-13T00:24:05Z,74,76,30,5326,99,1264,2425,0.28
2026-09-13T00:24:07Z,76,76,30,5311,100,1374,1702,0.28
2026-09-13T00:24:09Z,74,76,30,5326,99,1378,1702,0.28
2026-09-13T00:24:11Z,76,76,30,5326,99,1382,1702,0.26
2026-09-13T00:24:13Z,75,76,30,5357,99,1379,1702,0.26
2026-09-13T00:24:15Z,75,76,30,5326,100,1375,1702,0.24
2026-09-13T00:24:17Z,75,76,30,5326,100,1600,1702,0.24
2026-09-13T00:24:20Z,75,76,30,5326,99,1381,1702,0.24
2026-09-13T00:24:22Z,76,75,30,5311,100,1382,1702,0.30
2026-09-13T00:24:24Z,75,75,30,5326,100,1380,1400,0.30
2026-09-13T00:24:26Z,75,75,30,5311,99,1374,1702,0.27
2026-09-13T00:24:28Z,75,75,30,5326,100,1516,1945,0.27
2026-09-13T00:24:30Z,75,75,30,5326,100,1375,1702,0.25
2026-09-13T00:24:32Z,75,75,30,5311,99,1377,1702,0.25
2026-09-13T00:24:34Z,75,75,30,5326,99,1600,1702,0.25
2026-09-13T00:24:36Z,72,75,30,5326,100,1600,2085,0.23
2026-09-13T00:24:38Z,74,75,30,5326,99,1376,1399,0.23
2026-09-13T00:24:40Z,75,75,30,5326,99,1438,1702,0.21
2026-09-13T00:24:42Z,75,75,30,5311,99,1445,1702,0.21
2026-09-13T00:24:44Z,75,75,30,5311,100,1366,1702,0.21
2026-09-13T00:24:46Z,75,75,30,5326,100,1409,1702,0.28
2026-09-13T00:24:49Z,75,75,30,5357,100,1384,1702,0.28
2026-09-13T00:24:51Z,75,75,30,5326,100,1379,1399,0.25
2026-09-13T00:24:53Z,71,75,30,5326,100,1600,1702,0.25
2026-09-13T00:24:55Z,75,75,30,5311,100,1503,1702,0.23
2026-09-13T00:24:57Z,75,75,30,5311,99,1375,1702,0.23
2026-09-13T00:24:59Z,75,75,30,5326,99,1339,1702,0.23
2026-09-13T00:25:01Z,75,75,30,5326,99,1600,1919,0.21
2026-09-13T00:25:03Z,73,75,30,5326,99,1369,2424,0.21
2026-09-13T00:25:05Z,75,75,30,5357,100,1377,1702,0.20
2026-09-13T00:25:07Z,74,75,30,5311,100,1600,1702,0.20
2026-09-13T00:25:09Z,75,75,30,5326,100,1383,1702,0.20
2026-09-13T00:25:11Z,70,75,30,5326,100,1600,2425,0.18
2026-09-13T00:25:13Z,73,74,30,5357,100,1454,1702,0.18
2026-09-13T00:25:15Z,63,74,30,5357,0,200,2424,0.17
2026-09-13T00:25:18Z,75,74,30,5357,100,1374,1400,0.17
2026-09-13T00:25:20Z,75,75,30,5311,100,1377,1702,0.17
2026-09-13T00:25:22Z,75,75,30,5311,100,1391,1702,0.15
2026-09-13T00:25:24Z,75,75,30,5311,100,1380,1702,0.15
2026-09-13T00:25:26Z,75,75,30,5326,99,1376,1400,0.14
2026-09-13T00:25:28Z,75,75,30,5311,99,1376,1702,0.14
2026-09-13T00:25:30Z,75,75,30,5326,100,1336,2424,0.21
2026-09-13T00:25:32Z,71,75,30,5357,100,1416,1702,0.21
2026-09-13T00:25:34Z,74,76,30,5311,99,1355,1399,0.21
2026-09-13T00:25:36Z,71,76,30,5311,100,1487,1702,0.19
2026-09-13T00:25:38Z,75,76,30,5326,99,1373,1702,0.19
2026-09-13T00:25:40Z,75,76,30,5326,100,1376,1702,0.18
2026-09-13T00:25:42Z,76,76,30,5326,99,1387,1702,0.18
2026-09-13T00:25:44Z,75,76,30,5357,99,1331,2424,0.18
2026-09-13T00:25:47Z,72,76,30,5326,100,1600,1702,0.24
2026-09-13T00:25:49Z,75,76,30,5357,100,1600,1702,0.24
2026-09-13T00:25:51Z,75,76,30,5311,100,1400,1702,0.22
2026-09-13T00:25:53Z,75,76,30,5311,99,1331,2424,0.22
2026-09-13T00:25:55Z,75,76,30,5326,100,1600,1702,0.21
2026-09-13T00:25:57Z,75,76,30,5326,99,1377,1702,0.21
2026-09-13T00:25:59Z,75,76,30,5311,99,1344,1400,0.21
2026-09-13T00:26:01Z,74,76,30,5311,99,1381,1702,0.27
2026-09-13T00:26:03Z,75,76,30,5311,99,1385,1702,0.27
2026-09-13T00:26:05Z,75,76,30,5311,100,1600,1702,0.25
2026-09-13T00:26:07Z,75,76,30,5311,100,1385,2424,0.25
2026-09-13T00:26:09Z,74,76,30,5326,99,1379,1702,0.25
2026-09-13T00:26:11Z,73,76,30,5326,100,1336,1702,0.23
2026-09-13T00:26:13Z,75,76,30,5357,99,1427,1702,0.23
2026-09-13T00:26:16Z,75,76,30,5311,100,1340,2424,0.21
2026-09-13T00:26:18Z,75,76,30,5311,99,1376,1702,0.21
2026-09-13T00:26:20Z,75,76,30,5311,99,1377,1702,0.35
2026-09-13T00:26:22Z,75,76,30,5326,99,1382,1399,0.35
2026-09-13T00:26:24Z,75,76,30,5311,100,1337,2424,0.35
2026-09-13T00:26:26Z,75,76,30,5311,100,1388,1702,0.32
2026-09-13T00:26:28Z,75,76,30,5311,99,1600,1702,0.32
2026-09-13T00:26:30Z,75,76,30,5357,100,1360,1702,0.30
2026-09-13T00:26:32Z,74,76,30,5326,99,1330,2425,0.30
2026-09-13T00:26:34Z,75,75,30,5311,100,1377,1702,0.30
2026-09-13T00:26:36Z,75,75,30,5311,100,1372,1702,0.27
2026-09-13T00:26:38Z,75,75,30,5326,100,1380,1702,0.27
2026-09-13T00:26:40Z,74,75,30,5311,99,1336,2425,0.33
2026-09-13T00:26:42Z,74,75,30,5311,100,1395,1702,0.33
2026-09-13T00:26:45Z,75,75,30,5326,100,1391,1702,0.33
2026-09-13T00:26:47Z,75,75,30,5311,100,1600,1702,0.31
2026-09-13T00:26:49Z,74,75,30,5326,100,1330,2424,0.31
2026-09-13T00:26:51Z,75,75,30,5357,99,1434,1702,0.28
2026-09-13T00:26:53Z,75,75,30,5311,99,1406,1702,0.28
2026-09-13T00:26:55Z,75,75,30,5326,100,1443,1702,0.26
2026-09-13T00:26:57Z,74,75,30,5311,100,1332,2424,0.26
2026-09-13T00:26:59Z,77,75,30,5311,99,1380,1702,0.26
2026-09-13T00:27:01Z,71,75,30,5357,99,1536,1702,0.24
2026-09-13T00:27:03Z,74,75,30,5311,99,1600,1702,0.24
2026-09-13T00:27:05Z,74,75,30,5311,100,1343,2424,0.30
2026-09-13T00:27:07Z,77,75,30,5326,99,1390,1702,0.30
2026-09-13T00:27:09Z,73,75,30,5326,100,1600,1702,0.30
2026-09-13T00:27:11Z,75,75,30,5326,99,1380,1702,0.27
2026-09-13T00:27:13Z,74,75,30,5311,100,1316,2425,0.27
2026-09-13T00:27:16Z,70,75,30,5311,100,1600,2426,0.25
2026-09-13T00:27:18Z,75,75,30,5326,99,1379,1702,0.25
2026-09-13T00:27:20Z,75,75,30,5311,99,1416,1702,0.25
2026-09-13T00:27:22Z,75,75,30,5311,99,1360,1399,0.39
2026-09-13T00:27:24Z,72,75,30,5326,100,1561,1702,0.39
2026-09-13T00:27:26Z,73,74,30,5326,99,200,1400,0.60
2026-09-13T00:27:28Z,67,73,30,5326,99,1040,2424,0.60
2026-09-13T00:27:30Z,76,73,30,5326,100,1386,1702,0.55
2026-09-13T00:27:32Z,75,74,30,5326,100,1377,1702,0.55
2026-09-13T00:27:34Z,74,74,30,5326,99,1367,1702,0.55
2026-09-13T00:27:36Z,76,75,30,5311,100,1380,1702,0.59
2026-09-13T00:27:38Z,77,75,30,5311,100,1386,1702,0.59
2026-09-13T00:27:40Z,75,75,30,5311,100,1339,1702,0.54
2026-09-13T00:27:42Z,74,75,30,5311,99,1337,2425,0.54
2026-09-13T00:27:45Z,71,75,30,5326,100,1384,1399,0.54
2026-09-13T00:27:47Z,75,75,30,5326,99,1599,1702,0.66
2026-09-13T00:27:49Z,75,75,30,5311,100,1599,2424,0.66
2026-09-13T00:27:51Z,75,75,30,5311,99,1398,1702,0.69
2026-09-13T00:27:53Z,74,75,30,5326,100,1377,1702,0.69
2026-09-13T00:27:55Z,75,75,30,5311,99,1376,1702,0.63
2026-09-13T00:27:57Z,75,76,30,5311,100,1338,2424,0.63
2026-09-13T00:27:59Z,75,75,30,5311,99,1600,1702,0.63
2026-09-13T00:28:01Z,75,76,30,5326,99,1381,1702,0.58
2026-09-13T00:28:03Z,75,76,30,5326,100,1368,1702,0.58
2026-09-13T00:28:05Z,77,76,30,5326,100,1371,1702,0.61
2026-09-13T00:28:07Z,75,76,30,5326,100,1600,1702,0.61
2026-09-13T00:28:09Z,75,76,30,5311,100,1373,1702,0.61
2026-09-13T00:28:11Z,75,76,30,5326,100,1329,2424,0.56
2026-09-13T00:28:14Z,75,76,30,5311,100,1439,1702,0.56
2026-09-13T00:28:16Z,72,76,30,5311,100,1300,1441,0.60
2026-09-13T00:28:18Z,75,76,30,5326,100,1378,1702,0.60
2026-09-13T00:28:20Z,75,76,30,5311,99,1332,2425,0.71
2026-09-13T00:28:22Z,75,76,30,5311,99,1368,1702,0.71
2026-09-13T00:28:24Z,71,76,30,5326,99,1600,1702,0.71
2026-09-13T00:28:26Z,75,76,30,5311,99,1391,1399,0.65
2026-09-13T00:28:28Z,72,76,30,5326,99,1600,2424,0.65
2026-09-13T00:28:30Z,77,76,30,5311,100,1371,1702,0.60
2026-09-13T00:28:32Z,75,76,30,5311,100,1367,1702,0.60
2026-09-13T00:28:34Z,72,76,30,5311,99,1600,2424,0.60
2026-09-13T00:28:36Z,70,75,30,5326,99,1600,2424,0.55
2026-09-13T00:28:38Z,70,75,30,5326,100,1600,1702,0.55
2026-09-13T00:28:40Z,74,75,30,5311,100,1379,1702,0.51
2026-09-13T00:28:42Z,75,75,30,5326,99,1436,1702,0.51
2026-09-13T00:28:45Z,74,75,30,5311,99,1445,2396,0.51
2026-09-13T00:28:47Z,74,75,30,5311,100,1378,1702,0.47
2026-09-13T00:28:49Z,74,75,30,5311,99,1600,1400,0.47
2026-09-13T00:28:51Z,75,75,30,5326,100,1341,1702,0.43
2026-09-13T00:28:53Z,75,75,30,5326,99,1357,1702,0.43
2026-09-13T00:28:55Z,73,75,30,5326,99,1342,1702,0.40
2026-09-13T00:28:57Z,75,75,30,5326,100,1380,1702,0.40
2026-09-13T00:28:59Z,75,75,30,5326,99,1376,1702,0.40
2026-09-13T00:29:01Z,76,75,30,5311,100,1382,1702,0.44
2026-09-13T00:29:03Z,72,75,30,5311,99,1368,1702,0.44
2026-09-13T00:29:05Z,71,75,30,5326,99,1600,1702,0.41
2026-09-13T00:29:07Z,71,75,30,5357,99,1407,1702,0.41
2026-09-13T00:29:09Z,74,75,30,5311,100,1600,1702,0.41
2026-09-13T00:29:11Z,74,75,30,5326,100,1433,1702,0.38
2026-09-13T00:29:14Z,73,75,30,5311,100,1395,1702,0.38
2026-09-13T00:29:16Z,74,75,30,5326,100,1377,1702,0.35
2026-09-13T00:29:18Z,70,75,30,5326,100,1599,2424,0.35
2026-09-13T00:29:20Z,71,75,30,5326,100,1600,2424,0.40
2026-09-13T00:29:22Z,75,75,30,5326,100,1600,1702,0.40
2026-09-13T00:29:24Z,74,75,30,5311,100,1370,1702,0.40
2026-09-13T00:29:26Z,75,75,30,5326,100,1332,2424,0.45
2026-09-13T00:29:28Z,74,75,30,5311,100,1370,1702,0.45
2026-09-13T00:29:30Z,76,75,30,5326,99,1356,1399,0.41
2026-09-13T00:29:32Z,74,75,30,5311,100,1600,1702,0.41
2026-09-13T00:29:34Z,73,75,30,5311,99,1286,2424,0.41
2026-09-13T00:29:36Z,73,74,30,5311,0,1470,1702,0.46
2026-09-13T00:29:38Z,71,74,30,5311,100,1497,1702,0.46
2026-09-13T00:29:40Z,72,73,30,5326,100,1600,1399,0.50
2026-09-13T00:29:43Z,72,73,30,5326,99,1378,1702,0.50
2026-09-13T00:29:45Z,76,74,30,5326,100,1383,1702,0.50
2026-09-13T00:29:47Z,77,75,30,5357,99,1331,2424,0.46
2026-09-13T00:29:49Z,72,75,30,5326,100,1600,1400,0.46
2026-09-13T00:29:51Z,73,75,30,5311,99,1356,1399,0.42
2026-09-13T00:29:53Z,75,75,30,5326,100,1343,1702,0.42
2026-09-13T00:29:55Z,74,75,30,5326,100,1600,1702,0.55
2026-09-13T00:29:57Z,74,75,30,5326,100,1600,1702,0.55
2026-09-13T00:29:59Z,74,75,30,5326,99,1524,1702,0.55
2026-09-13T00:30:01Z,74,75,30,5311,99,1332,2424,0.51
2026-09-13T00:30:03Z,75,75,30,5311,99,1382,1702,0.51
2026-09-13T00:30:05Z,75,75,30,5326,100,1390,1702,0.47
2026-09-13T00:30:07Z,75,75,30,5326,99,1380,1702,0.47
2026-09-13T00:30:09Z,75,75,30,5326,99,1332,2424,0.47
2026-09-13T00:30:12Z,75,75,30,5311,99,1383,1702,0.43
2026-09-13T00:30:14Z,75,76,30,5311,100,1375,1702,0.43
2026-09-13T00:30:16Z,75,76,30,5326,100,1443,1400,0.39
2026-09-13T00:30:18Z,73,76,30,5311,99,1335,1702,0.39
2026-09-13T00:30:20Z,75,76,30,5357,99,1381,1702,0.36
2026-09-13T00:30:22Z,75,76,30,5326,100,1354,1702,0.36
2026-09-13T00:30:24Z,72,76,30,5311,99,1600,2424,0.36
2026-09-13T00:30:26Z,75,76,30,5311,100,1374,1702,0.41
2026-09-13T00:30:28Z,73,76,30,5326,100,1600,1702,0.41
2026-09-13T00:30:30Z,75,76,30,5311,99,1390,1400,0.46
2026-09-13T00:30:32Z,75,76,30,5311,99,1298,2424,0.46
2026-09-13T00:30:34Z,75,76,30,5311,100,1378,1400,0.46
2026-09-13T00:30:36Z,73,76,30,5326,100,1600,2424,0.42
2026-09-13T00:30:38Z,76,76,30,5326,100,1376,1702,0.42
2026-09-13T00:30:41Z,75,76,30,5326,99,1343,2424,0.47
2026-09-13T00:30:43Z,75,76,30,5311,100,1600,1400,0.47
2026-09-13T00:30:45Z,76,76,30,5326,100,1381,1702,0.47
2026-09-13T00:30:47Z,75,76,30,5326,100,1403,1702,0.43
2026-09-13T00:30:49Z,75,76,30,5326,99,1600,1702,0.43
2026-09-13T00:30:51Z,77,75,30,5326,100,1379,1399,0.40
2026-09-13T00:30:53Z,74,75,30,5326,100,1362,1702,0.40
2026-09-13T00:30:55Z,74,75,30,5311,100,1352,1702,0.36
2026-09-13T00:30:57Z,75,75,30,5311,99,1427,1400,0.36
2026-09-13T00:30:59Z,75,75,30,5311,99,1377,1702,0.36
2026-09-13T00:31:01Z,73,75,30,5311,99,1600,1702,0.34
2026-09-13T00:31:03Z,76,75,30,5311,100,1356,1702,0.34
2026-09-13T00:31:05Z,76,75,30,5326,100,1359,1702,0.47
2026-09-13T00:31:07Z,76,75,30,5311,99,1376,1702,0.47
2026-09-13T00:31:10Z,75,75,30,5326,99,1378,1702,0.47
2026-09-13T00:31:12Z,75,75,30,5326,100,1330,2424,0.43
2026-09-13T00:31:14Z,75,75,30,5311,100,1356,1702,0.43
2026-09-13T00:31:16Z,74,75,30,5326,99,1346,1702,0.40
2026-09-13T00:31:18Z,75,75,30,5311,99,1339,1702,0.40
2026-09-13T00:31:20Z,70,75,30,5357,100,1600,1993,0.44
2026-09-13T00:31:22Z,74,75,30,5311,99,1374,1702,0.44
2026-09-13T00:31:24Z,74,75,30,5311,100,1369,1702,0.44
2026-09-13T00:31:26Z,74,75,30,5311,100,1370,1702,0.41
2026-09-13T00:31:28Z,75,75,30,5326,100,1382,1702,0.41
2026-09-13T00:31:30Z,73,75,30,5311,100,1600,1702,0.46
2026-09-13T00:31:32Z,75,75,30,5311,99,1374,1399,0.46
2026-09-13T00:31:34Z,75,75,30,5326,99,1396,1702,0.46
2026-09-13T00:31:36Z,76,75,30,5311,100,1375,1702,0.42
2026-09-13T00:31:39Z,72,75,30,5326,99,1441,2425,0.42
2026-09-13T00:31:41Z,74,74,30,5311,100,1403,1702,0.39
2026-09-13T00:31:43Z,76,75,30,5357,100,1377,1702,0.39
2026-09-13T00:31:45Z,74,75,30,5326,100,1600,1702,0.44
2026-09-13T00:31:47Z,74,75,30,5311,100,1335,2424,0.44
2026-09-13T00:31:49Z,71,74,30,5311,100,1507,1702,0.44
2026-09-13T00:31:51Z,63,74,30,5326,0,200,2424,0.40
2026-09-13T00:31:53Z,74,74,30,5326,100,1431,1702,0.40
2026-09-13T00:31:55Z,75,74,30,5326,100,1375,1702,0.37
2026-09-13T00:31:57Z,74,75,30,5311,100,1358,1399,0.37
2026-09-13T00:31:59Z,75,75,30,5326,99,1387,1702,0.37
2026-09-13T00:32:01Z,75,75,30,5326,99,1458,1702,0.34
2026-09-13T00:32:03Z,75,75,30,5326,99,1396,1702,0.34
2026-09-13T00:32:05Z,74,75,30,5326,100,1346,2424,0.39
2026-09-13T00:32:08Z,75,75,30,5326,100,1375,1702,0.39
2026-09-13T00:32:10Z,75,75,30,5311,100,1383,1702,0.39
2026-09-13T00:32:12Z,75,75,30,5326,100,1364,1400,0.36
2026-09-13T00:32:14Z,77,75,30,5326,100,1380,1702,0.36
2026-09-13T00:32:16Z,71,75,30,5311,100,1365,1702,0.33
2026-09-13T00:32:18Z,75,76,30,5326,99,1598,1702,0.33
2026-09-13T00:32:20Z,75,76,30,5311,99,1600,2424,0.38
2026-09-13T00:32:22Z,74,76,30,5326,99,1374,1702,0.38
2026-09-13T00:32:24Z,76,76,30,5326,99,1385,1702,0.38
2026-09-13T00:32:26Z,74,76,30,5326,100,1336,1702,0.35
2026-09-13T00:32:28Z,74,76,30,5326,100,1318,2424,0.35
2026-09-13T00:32:30Z,77,76,30,5311,100,1377,1702,0.32
2026-09-13T00:32:32Z,75,76,30,5357,99,1600,1702,0.32
2026-09-13T00:32:34Z,75,76,30,5311,99,1414,1702,0.32
2026-09-13T00:32:37Z,77,76,30,5311,100,1376,1399,0.38
2026-09-13T00:32:39Z,75,76,30,5326,100,1371,1702,0.38
2026-09-13T00:32:41Z,75,76,30,5311,100,1377,1702,0.35
2026-09-13T00:32:43Z,75,76,30,5311,100,1600,2426,0.35
2026-09-13T00:32:45Z,71,76,30,5326,99,1600,1887,0.32
2026-09-13T00:32:47Z,75,76,30,5311,99,1409,1449,0.32
2026-09-13T00:32:49Z,75,76,30,5311,100,1600,1702,0.32
2026-09-13T00:32:51Z,74,76,30,5311,99,1328,2424,0.29
2026-09-13T00:32:53Z,75,76,30,5326,100,1378,1702,0.29
2026-09-13T00:32:55Z,73,76,30,5326,100,1600,1399,0.27
2026-09-13T00:32:57Z,75,76,30,5326,100,1425,1702,0.27
2026-09-13T00:32:59Z,74,75,30,5311,99,1325,2424,0.27
2026-09-13T00:33:01Z,75,75,30,5357,100,1438,1702,0.33
2026-09-13T00:33:03Z,72,75,30,5311,100,1325,1702,0.33
2026-09-13T00:33:05Z,75,75,30,5311,99,1376,1702,0.30
2026-09-13T00:33:08Z,74,75,30,5311,99,1351,2424,0.30
2026-09-13T00:33:10Z,75,75,30,5311,100,1384,1702,0.30
2026-09-13T00:33:12Z,75,75,30,5326,99,1491,1702,0.28
2026-09-13T00:33:14Z,72,75,30,5326,99,1600,2424,0.28
2026-09-13T00:33:16Z,75,75,30,5311,99,1599,2424,0.34
2026-09-13T00:33:18Z,75,75,30,5326,100,1600,1702,0.34
2026-09-13T00:33:20Z,75,75,30,5311,99,1600,2424,0.31
2026-09-13T00:33:22Z,72,75,30,5311,99,1600,2424,0.31
2026-09-13T00:33:24Z,75,75,30,5326,100,1599,2424,0.31
2026-09-13T00:33:26Z,75,75,30,5311,99,1390,1702,0.28
2026-09-13T00:33:28Z,75,75,30,5326,99,1585,1702,0.28
2026-09-13T00:33:30Z,75,75,30,5311,100,1352,1702,0.26
2026-09-13T00:33:32Z,74,75,30,5357,99,1321,2424,0.26
2026-09-13T00:33:34Z,75,75,30,5326,99,1378,1702,0.26
2026-09-13T00:33:36Z,76,75,30,5311,100,1377,1702,0.24
2026-09-13T00:33:39Z,73,75,30,5326,99,1334,1702,0.24
2026-09-13T00:33:41Z,75,75,30,5326,99,1600,2427,0.30
2026-09-13T00:33:43Z,75,75,30,5311,100,1371,1702,0.30
2026-09-13T00:33:45Z,75,75,30,5311,100,1382,1702,0.60
2026-09-13T00:33:47Z,71,75,30,5311,100,1454,1400,0.60
2026-09-13T00:33:49Z,74,75,30,5326,99,1405,2424,0.60
2026-09-13T00:33:51Z,69,75,30,5326,99,1600,2424,0.55
2026-09-13T00:33:53Z,73,75,30,5311,99,1600,2424,0.55
2026-09-13T00:33:55Z,74,75,30,5326,99,1390,1702,0.50
2026-09-13T00:33:57Z,76,75,30,5311,99,1370,1400,0.50
2026-09-13T00:33:59Z,72,74,30,5311,100,1593,1399,0.50
2026-09-13T00:34:01Z,73,74,30,5311,0,1520,1399,0.54
2026-09-13T00:34:03Z,74,73,30,5326,99,1600,1702,0.54
2026-09-13T00:34:05Z,74,74,30,5311,99,1600,1702,0.50
2026-09-13T00:34:08Z,71,75,30,5326,100,1600,1702,0.50
2026-09-13T00:34:10Z,74,75,30,5326,100,1524,2425,0.50
2026-09-13T00:34:12Z,75,75,30,5357,99,1413,1702,0.46
2026-09-13T00:34:14Z,74,75,30,5311,99,1600,1702,0.46
2026-09-13T00:34:16Z,73,75,30,5357,100,1600,2184,0.42
2026-09-13T00:34:18Z,75,75,30,5311,99,1391,1702,0.42
2026-09-13T00:34:20Z,75,75,30,5326,100,1372,1702,0.55
2026-09-13T00:34:22Z,75,75,30,5311,99,1375,1702,0.55
2026-09-13T00:34:24Z,75,75,30,5311,100,1339,2424,0.55
2026-09-13T00:34:26Z,75,75,30,5311,99,1346,1702,0.51
2026-09-13T00:34:28Z,74,75,30,5311,99,1365,1702,0.51
2026-09-13T00:34:30Z,71,76,30,5326,99,1596,1702,0.46
2026-09-13T00:34:32Z,74,75,30,5326,100,1378,1702,0.46
2026-09-13T00:34:34Z,75,75,30,5326,100,1386,1702,0.46
2026-09-13T00:34:37Z,75,76,30,5311,99,1369,1702,0.43
2026-09-13T00:34:39Z,72,76,30,5311,99,1600,2424,0.43
2026-09-13T00:34:41Z,75,76,30,5311,99,1386,1702,0.39
2026-09-13T00:34:43Z,77,76,30,5326,99,1374,1702,0.39
2026-09-13T00:34:45Z,75,76,30,5326,99,1600,1702,0.44
2026-09-13T00:34:47Z,74,76,30,5311,100,1350,2424,0.44
2026-09-13T00:34:49Z,72,76,30,5326,99,1596,1702,0.44
2026-09-13T00:34:51Z,76,76,30,5326,100,1427,1702,0.41
2026-09-13T00:34:53Z,71,76,30,5326,100,1326,1702,0.41
2026-09-13T00:34:55Z,75,76,30,5326,99,1346,2424,0.45
2026-09-13T00:34:57Z,74,76,30,5311,99,1600,1702,0.45
2026-09-13T00:34:59Z,75,76,30,5311,100,1374,1702,0.45
2026-09-13T00:35:01Z,75,76,30,5326,100,1600,1702,0.42
2026-09-13T00:35:03Z,77,75,30,5326,100,1372,1702,0.42
2026-09-13T00:35:05Z,75,75,30,5311,99,1364,1399,0.38
2026-09-13T00:35:08Z,72,75,30,5326,100,1600,1702,0.38
2026-09-13T00:35:10Z,75,75,30,5311,100,1330,2424,0.38
2026-09-13T00:35:12Z,75,75,30,5311,100,1376,1702,0.43
2026-09-13T00:35:14Z,75,75,30,5326,100,1396,1702,0.43
2026-09-13T00:35:16Z,75,75,30,5311,100,1600,1702,0.40
2026-09-13T00:35:18Z,71,75,30,5326,100,1600,2424,0.40
2026-09-13T00:35:20Z,71,75,30,5311,100,1600,2425,0.37
2026-09-13T00:35:22Z,70,75,30,5311,100,1600,2424,0.37
2026-09-13T00:35:24Z,70,75,30,5326,99,1600,2426,0.37
2026-09-13T00:35:26Z,70,75,30,5311,99,1600,2424,0.34
2026-09-13T00:35:28Z,71,75,30,5311,100,1600,2424,0.34
2026-09-13T00:35:30Z,71,75,30,5311,99,1600,2424,0.31
2026-09-13T00:35:32Z,70,75,30,5326,100,1600,2424,0.31
2026-09-13T00:35:34Z,71,75,30,5326,100,1600,2425,0.31
2026-09-13T00:35:36Z,73,75,30,5357,100,1600,2424,0.36
2026-09-13T00:35:38Z,75,75,30,5326,99,1600,1702,0.36
2026-09-13T00:35:41Z,75,75,30,5326,100,1600,1702,0.34
2026-09-13T00:35:43Z,74,75,30,5311,100,1339,2424,0.34
2026-09-13T00:35:45Z,75,75,30,5311,99,1387,1702,0.34
2026-09-13T00:35:47Z,75,75,30,5326,99,1377,1702,0.31
2026-09-13T00:35:49Z,76,75,30,5311,99,1376,1702,0.31
2026-09-13T00:35:51Z,75,75,30,5326,99,1332,2074,0.28
2026-09-13T00:35:53Z,74,75,30,5326,100,1386,1702,0.28
2026-09-13T00:35:55Z,75,75,30,5326,100,1380,1702,0.26
2026-09-13T00:35:57Z,76,75,30,5326,100,1384,1702,0.26
2026-09-13T00:35:59Z,74,75,30,5311,100,1600,1702,0.26
2026-09-13T00:36:01Z,67,75,30,5311,99,1040,2424,0.32
2026-09-13T00:36:03Z,74,74,30,5311,99,1398,1702,0.32
2026-09-13T00:36:05Z,76,74,30,5326,99,1380,1702,0.29
2026-09-13T00:36:07Z,73,74,30,5326,100,1461,1702,0.29
2026-09-13T00:36:09Z,73,74,30,5326,100,1328,2424,0.29
2026-09-13T00:36:12Z,73,74,30,5311,100,1464,1400,0.35
2026-09-13T00:36:14Z,62,73,30,5357,0,200,2424,0.35
2026-09-13T00:36:16Z,74,73,30,5311,99,1373,1702,0.32
2026-09-13T00:36:18Z,74,74,30,5326,99,1404,1399,0.32
2026-09-13T00:36:20Z,74,75,30,5311,99,1374,1400,0.38
2026-09-13T00:36:22Z,75,75,30,5326,99,1379,1702,0.38
2026-09-13T00:36:24Z,74,75,30,5326,100,1375,1702,0.38
2026-09-13T00:36:26Z,75,75,30,5326,99,1388,1702,0.35
2026-09-13T00:36:28Z,74,75,30,5326,99,1336,2424,0.35
2026-09-13T00:36:30Z,77,75,30,5311,100,1378,1702,0.32
2026-09-13T00:36:32Z,74,75,30,5311,100,1343,1399,0.32
2026-09-13T00:36:34Z,77,75,30,5311,100,1381,1702,0.32
2026-09-13T00:36:36Z,74,75,30,5326,99,1600,1702,0.37
2026-09-13T00:36:38Z,74,75,30,5326,99,1600,1400,0.37
2026-09-13T00:36:41Z,74,75,30,5311,99,1370,1702,0.34
2026-09-13T00:36:43Z,74,76,30,5326,100,1354,2424,0.34
2026-09-13T00:36:45Z,77,75,30,5311,99,1364,1702,0.34
2026-09-13T00:36:47Z,71,76,30,5311,100,1358,1702,0.32
2026-09-13T00:36:49Z,75,76,30,5326,100,1600,1702,0.32
2026-09-13T00:36:51Z,75,76,30,5326,100,1339,2425,0.37
2026-09-13T00:36:53Z,73,76,30,5326,100,1433,1702,0.37
2026-09-13T00:36:55Z,75,76,30,5311,99,1544,1702,0.34
2026-09-13T00:36:57Z,75,76,30,5311,100,1392,1702,0.34
2026-09-13T00:36:59Z,73,76,30,5311,99,1345,1702,0.34
2026-09-13T00:37:01Z,75,76,30,5357,100,1448,1702,0.31
2026-09-13T00:37:03Z,77,76,30,5311,100,1380,1702,0.31
2026-09-13T00:37:05Z,74,76,30,5326,99,1330,2424,0.29
2026-09-13T00:37:07Z,72,76,30,5311,99,1600,2424,0.29
2026-09-13T00:37:10Z,75,76,30,5311,100,1357,1702,0.29
2026-09-13T00:37:12Z,75,76,30,5326,99,1600,1702,0.26
2026-09-13T00:37:14Z,75,76,30,5326,99,1331,2426,0.26
2026-09-13T00:37:16Z,74,75,30,5311,100,1373,1702,0.24
2026-09-13T00:37:18Z,75,75,30,5311,100,1600,1702,0.24
2026-09-13T00:37:20Z,75,75,30,5357,100,1396,1702,0.22
2026-09-13T00:37:22Z,75,75,30,5311,100,1348,2426,0.22
2026-09-13T00:37:24Z,75,75,30,5311,100,1600,1702,0.22
2026-09-13T00:37:26Z,77,75,30,5311,99,1351,1702,0.21
2026-09-13T00:37:28Z,75,75,30,5311,100,1374,1702,0.21
2026-09-13T00:37:30Z,75,75,30,5311,100,1353,2425,0.27
2026-09-13T00:37:32Z,75,75,30,5326,100,1388,1702,0.27
2026-09-13T00:37:34Z,74,75,30,5311,99,1357,1400,0.27
2026-09-13T00:37:36Z,75,75,30,5311,100,1600,2212,0.25
2026-09-13T00:37:38Z,75,75,30,5311,100,1599,2424,0.25
2026-09-13T00:37:41Z,75,75,30,5311,100,1600,1698,0.23
2026-09-13T00:37:43Z,75,75,30,5311,99,1600,2425,0.23
2026-09-13T00:37:45Z,75,75,30,5311,99,1600,2425,0.23
2026-09-13T00:37:47Z,74,75,30,5311,99,1335,2424,0.21
2026-09-13T00:37:49Z,75,75,30,5357,99,1448,1702,0.21
2026-09-13T00:37:51Z,75,75,30,5311,99,1415,1702,0.19
2026-09-13T00:37:53Z,74,75,30,5326,100,1462,1702,0.19
2026-09-13T00:37:55Z,74,75,30,5311,100,1360,2426,0.26
2026-09-13T00:37:57Z,75,75,30,5326,100,1378,1702,0.26
2026-09-13T00:37:59Z,77,75,30,5326,99,1379,1702,0.26
2026-09-13T00:38:01Z,71,75,30,5326,100,1532,1702,0.24
2026-09-13T00:38:03Z,74,75,30,5311,99,1331,2424,0.24
2026-09-13T00:38:05Z,74,75,30,5326,99,1383,1702,0.22
2026-09-13T00:38:07Z,76,75,30,5311,99,1383,1702,0.22
2026-09-13T00:38:09Z,74,75,30,5311,99,1600,1702,0.22
2026-09-13T00:38:12Z,74,75,30,5326,99,1332,2424,0.20
2026-09-13T00:38:14Z,69,74,30,5311,99,1600,2424,0.20
2026-09-13T00:38:16Z,75,74,30,5311,100,1600,1702,0.18
2026-09-13T00:38:18Z,75,75,30,5311,99,1385,1702,0.18
2026-09-13T00:38:20Z,76,75,30,5311,99,1370,1702,0.33
2026-09-13T00:38:22Z,72,74,30,5311,100,1559,1399,0.33
2026-09-13T00:38:24Z,73,74,30,5326,78,1533,1702,0.33
2026-09-13T00:38:26Z,71,73,30,5311,99,1376,1399,0.38
2026-09-13T00:38:28Z,75,74,30,5326,100,1353,1702,0.38
2026-09-13T00:38:30Z,77,75,30,5281,100,1381,1702,0.35
2026-09-13T00:38:32Z,74,75,30,5311,99,1338,2424,0.35
2026-09-13T00:38:34Z,72,75,30,5311,100,1600,1702,0.35
2026-09-13T00:38:36Z,71,75,30,5311,99,1591,1702,0.32
2026-09-13T00:38:38Z,72,75,30,5311,99,1600,2090,0.32
2026-09-13T00:38:41Z,75,75,30,5326,99,1378,1702,0.30
2026-09-13T00:38:43Z,75,75,30,5326,99,1389,1702,0.30
2026-09-13T00:38:45Z,74,75,30,5311,100,1349,1702,0.30
2026-09-13T00:38:47Z,75,75,30,5281,100,1336,2424,0.27
2026-09-13T00:38:49Z,76,75,30,5311,99,1376,1702,0.27
2026-09-13T00:38:51Z,75,75,30,5311,99,1373,1702,0.25
2026-09-13T00:38:53Z,77,76,30,5311,100,1378,1702,0.25
2026-09-13T00:38:55Z,74,75,30,5311,100,1600,1702,0.23
2026-09-13T00:38:57Z,75,76,30,5326,99,1376,1702,0.23
2026-09-13T00:38:59Z,76,76,30,5311,100,1387,1702,0.23
2026-09-13T00:39:01Z,74,76,30,5326,99,1338,2425,0.21
2026-09-13T00:39:03Z,75,76,30,5326,99,1404,1702,0.21
2026-09-13T00:39:05Z,75,76,30,5326,100,1401,1702,0.20
2026-09-13T00:39:07Z,76,76,30,5326,99,1381,1702,0.20
2026-09-13T00:39:10Z,74,76,30,5326,99,1391,2424,0.20
2026-09-13T00:39:12Z,76,76,30,5311,99,1344,1702,0.26
2026-09-13T00:39:14Z,75,76,30,5311,99,1395,1702,0.26
2026-09-13T00:39:16Z,71,76,30,5326,99,1287,1702,0.24
2026-09-13T00:39:18Z,75,76,30,5311,100,1345,2424,0.24
2026-09-13T00:39:20Z,75,75,30,5326,99,1600,1702,0.22
2026-09-13T00:39:22Z,75,75,30,5311,99,1372,1702,0.22
2026-09-13T00:39:24Z,75,76,30,5311,100,1600,1400,0.22
2026-09-13T00:39:26Z,77,75,30,5311,99,1373,1702,0.28
2026-09-13T00:39:28Z,75,75,30,5311,100,1399,1702,0.28
2026-09-13T00:39:30Z,71,75,30,5311,100,1530,1702,0.26
2026-09-13T00:39:32Z,75,75,30,5326,100,1371,1702,0.26
2026-09-13T00:39:34Z,74,75,30,5326,100,1386,1702,0.26
2026-09-13T00:39:36Z,75,75,30,5326,100,1600,1702,0.24
2026-09-13T00:39:39Z,71,75,30,5311,100,1600,2425,0.24
2026-09-13T00:39:41Z,71,75,30,5326,99,1600,2424,0.22
2026-09-13T00:39:43Z,70,75,30,5311,100,1600,1702,0.22
2026-09-13T00:39:45Z,69,75,30,5357,100,1399,1702,0.22
2026-09-13T00:39:47Z,75,75,30,5326,99,1363,1702,0.20
2026-09-13T00:39:49Z,74,75,30,5311,100,1324,2425,0.20
2026-09-13T00:39:51Z,76,75,30,5311,100,1370,1702,0.27
2026-09-13T00:39:53Z,74,75,30,5311,99,1380,1702,0.27
2026-09-13T00:39:55Z,75,75,30,5311,100,1376,1702,0.24
2026-09-13T00:39:57Z,75,75,30,5326,99,1351,2424,0.24
2026-09-13T00:39:59Z,75,75,30,5311,99,1379,1702,0.24
2026-09-13T00:40:01Z,73,75,30,5326,99,1339,1702,0.22
2026-09-13T00:40:03Z,72,75,30,5311,99,1321,1702,0.22
2026-09-13T00:40:05Z,69,75,30,5311,99,1600,2424,0.29
2026-09-13T00:40:07Z,71,75,30,5326,100,1600,2424,0.29
2026-09-13T00:40:09Z,75,75,30,5311,100,1600,2407,0.29
2026-09-13T00:40:12Z,75,75,30,5311,99,1382,1702,0.26
2026-09-13T00:40:14Z,75,75,30,5311,99,1322,2424,0.26
2026-09-13T00:40:16Z,75,75,30,5311,100,1380,1702,0.32
2026-09-13T00:40:18Z,71,75,30,5311,100,1600,1702,0.32
2026-09-13T00:40:20Z,75,75,30,5311,99,1357,1702,0.32
2026-09-13T00:40:22Z,74,75,30,5326,99,1365,1400,0.30
2026-09-13T00:40:24Z,68,75,30,5326,100,1219,2424,0.30
2026-09-13T00:40:26Z,74,75,30,5326,99,1373,1702,0.27
2026-09-13T00:40:28Z,69,75,30,5311,100,1331,1702,0.27
2026-09-13T00:40:30Z,69,75,30,5326,100,1600,2424,0.25
2026-09-13T00:40:32Z,74,75,30,5311,99,1329,2424,0.25
2026-09-13T00:40:34Z,72,74,30,5311,0,1512,1702,0.25
2026-09-13T00:40:36Z,67,74,30,5311,99,1040,2424,0.23
2026-09-13T00:40:38Z,74,74,30,5311,100,1386,1702,0.23
2026-09-13T00:40:40Z,75,74,30,5326,99,1377,1399,0.21
2026-09-13T00:40:43Z,74,75,30,5326,99,1369,1702,0.21
2026-09-13T00:40:45Z,75,75,30,5311,100,1378,1702,0.21
2026-09-13T00:40:47Z,75,75,30,5311,99,1372,1702,0.19
2026-09-13T00:40:49Z,75,75,30,5326,100,1380,1702,0.19
2026-09-13T00:40:51Z,75,75,30,5326,99,1322,2424,0.26
2026-09-13T00:40:53Z,75,75,30,5326,100,1357,1702,0.26
2026-09-13T00:40:55Z,72,75,30,5311,100,1358,1702,0.24
2026-09-13T00:40:57Z,70,75,30,5326,99,1600,2398,0.24
2026-09-13T00:40:59Z,75,75,30,5311,100,1396,1702,0.24
2026-09-13T00:41:01Z,75,75,30,5326,100,1370,1702,0.22
2026-09-13T00:41:03Z,75,75,30,5326,100,1365,1702,0.22
2026-09-13T00:41:05Z,75,76,30,5311,100,1336,2424,0.28
2026-09-13T00:41:07Z,72,76,30,5311,99,1600,1401,0.28
2026-09-13T00:41:09Z,75,76,30,5326,100,1600,1702,0.28
2026-09-13T00:41:12Z,75,76,30,5311,99,1440,1702,0.26
2026-09-13T00:41:14Z,75,76,30,5326,100,1382,1702,0.26
2026-09-13T00:41:16Z,75,76,30,5326,100,1600,1702,0.24
2026-09-13T00:41:18Z,76,76,30,5311,100,1373,1702,0.24
2026-09-13T00:41:20Z,74,76,30,5311,100,1326,2424,0.24
2026-09-13T00:41:22Z,75,76,30,5311,100,1372,1702,0.38
2026-09-13T00:41:24Z,70,76,30,5311,99,1378,1702,0.38
2026-09-13T00:41:26Z,75,76,30,5326,99,1411,1702,0.35
2026-09-13T00:41:28Z,76,76,30,5311,100,1331,2424,0.35
2026-09-13T00:41:30Z,75,76,30,5311,100,1378,1399,0.32
2026-09-13T00:41:32Z,71,76,30,5311,100,1600,1702,0.32
2026-09-13T00:41:34Z,75,76,30,5311,99,1384,1702,0.32
2026-09-13T00:41:36Z,75,76,30,5311,100,1600,2424,0.29
2026-09-13T00:41:38Z,76,75,30,5311,100,1379,1702,0.29
2026-09-13T00:41:41Z,75,76,30,5326,100,1374,1702,0.27
2026-09-13T00:41:43Z,74,76,30,5326,100,1600,2424,0.27
2026-09-13T00:41:45Z,71,76,30,5326,100,1599,2424,0.27
2026-09-13T00:41:47Z,69,75,30,5326,100,1600,1702,0.25
2026-09-13T00:41:49Z,74,75,30,5357,100,1373,1702,0.25
2026-09-13T00:41:51Z,75,75,30,5326,100,1378,1702,0.23
2026-09-13T00:41:53Z,74,75,30,5326,100,1600,1702,0.23
2026-09-13T00:41:55Z,74,75,30,5326,99,1600,1702,0.21
2026-09-13T00:41:57Z,75,75,30,5326,99,1338,1702,0.21
2026-09-13T00:41:59Z,75,75,30,5311,99,1381,1400,0.21
2026-09-13T00:42:01Z,75,75,30,5311,99,1379,1702,0.27
2026-09-13T00:42:03Z,75,75,30,5311,99,1418,1702,0.27
2026-09-13T00:42:05Z,75,75,30,5311,99,1370,1702,0.25
2026-09-13T00:42:07Z,74,75,30,5326,100,1385,1702,0.25
2026-09-13T00:42:10Z,75,75,30,5326,99,1387,1702,0.25
2026-09-13T00:42:12Z,75,75,30,5326,99,1377,1702,0.23
2026-09-13T00:42:14Z,74,75,30,5311,100,1380,1702,0.23
2026-09-13T00:42:16Z,75,75,30,5326,100,1375,1702,0.21
2026-09-13T00:42:18Z,77,75,30,5326,100,1378,1702,0.21
2026-09-13T00:42:20Z,73,75,30,5326,100,1600,1702,0.28
2026-09-13T00:42:22Z,73,75,30,5326,99,1378,1702,0.28
2026-09-13T00:42:24Z,74,75,30,5311,100,1395,1702,0.28
2026-09-13T00:42:26Z,73,75,30,5311,99,1328,2425,0.33
2026-09-13T00:42:28Z,69,75,30,5311,100,1600,2424,0.33
2026-09-13T00:42:30Z,70,75,30,5326,100,1600,2424,0.31
2026-09-13T00:42:32Z,74,75,30,5326,100,1439,1702,0.31
2026-09-13T00:42:34Z,74,75,30,5311,100,1329,2425,0.31
2026-09-13T00:42:36Z,74,74,30,5311,100,1422,1400,0.28
2026-09-13T00:42:38Z,74,74,30,5311,100,1378,1702,0.28
2026-09-13T00:42:41Z,74,75,30,5311,99,1600,1702,0.26
2026-09-13T00:42:43Z,73,74,30,5326,100,1354,2424,0.26
2026-09-13T00:42:45Z,70,74,30,5281,100,1510,1702,0.26
2026-09-13T00:42:47Z,72,74,30,5311,100,1393,1702,0.24
2026-09-13T00:42:49Z,75,74,30,5357,99,1378,1702,0.24
2026-09-13T00:42:51Z,74,74,30,5311,99,1409,1702,0.22
2026-09-13T00:42:53Z,74,75,30,5311,100,1398,1702,0.22
2026-09-13T00:42:55Z,74,75,30,5326,99,1362,1702,0.20
2026-09-13T00:42:57Z,74,75,30,5326,100,1365,1702,0.20
2026-09-13T00:42:59Z,74,75,30,5311,100,1377,1702,0.20
2026-09-13T00:43:01Z,74,75,30,5311,99,1338,2424,0.18
2026-09-13T00:43:03Z,77,75,30,5326,99,1394,1702,0.18
2026-09-13T00:43:05Z,76,75,30,5311,99,1379,1400,0.17
2026-09-13T00:43:07Z,75,75,30,5311,100,1383,1702,0.17
2026-09-13T00:43:10Z,71,75,30,5311,99,1600,1400,0.17
2026-09-13T00:43:12Z,75,75,30,5326,100,1600,1702,0.16
2026-09-13T00:43:14Z,75,75,30,5311,100,1600,1702,0.16
2026-09-13T00:43:16Z,75,75,30,5326,99,1332,2425,0.14
2026-09-13T00:43:18Z,76,75,30,5311,99,1377,1702,0.14
2026-09-13T00:43:20Z,75,76,30,5311,99,1335,1702,0.21
2026-09-13T00:43:22Z,75,76,30,5281,100,1598,1702,0.21
2026-09-13T00:43:24Z,75,76,30,5311,100,1331,2424,0.21
2026-09-13T00:43:26Z,77,76,30,5311,100,1362,1702,0.20
2026-09-13T00:43:28Z,75,76,30,5311,100,1600,1702,0.20
2026-09-13T00:43:30Z,75,76,30,5326,100,1378,1702,0.18
2026-09-13T00:43:32Z,72,76,30,5311,100,1600,1400,0.18
2026-09-13T00:43:34Z,75,76,30,5311,100,1374,1702,0.18
2026-09-13T00:43:36Z,76,76,30,5326,100,1386,1702,0.16
2026-09-13T00:43:39Z,75,76,30,5326,99,1600,2027,0.16
2026-09-13T00:43:41Z,75,76,30,5326,99,1365,1702,0.23
2026-09-13T00:43:43Z,75,76,30,5311,99,1375,1702,0.23
2026-09-13T00:43:45Z,72,76,30,5311,100,1600,2424,0.23
2026-09-13T00:43:47Z,75,76,30,5326,100,1334,2424,0.21
2026-09-13T00:43:49Z,74,75,30,5326,99,1387,1702,0.21
2026-09-13T00:43:51Z,76,75,30,5326,100,1600,1702,0.20
2026-09-13T00:43:53Z,75,75,30,5311,99,1376,1702,0.20
2026-09-13T00:43:55Z,74,75,30,5326,100,1343,2424,0.26
2026-09-13T00:43:57Z,75,75,30,5311,100,1370,1702,0.26
2026-09-13T00:43:59Z,75,75,30,5311,99,1600,1702,0.26
2026-09-13T00:44:01Z,75,75,30,5326,100,1379,1399,0.24
2026-09-13T00:44:03Z,74,75,30,5311,100,1332,2424,0.24
2026-09-13T00:44:05Z,75,75,30,5311,100,1384,1702,0.22
2026-09-13T00:44:08Z,75,75,30,5311,99,1378,1702,0.22
2026-09-13T00:44:10Z,75,75,30,5326,99,1413,1702,0.22
2026-09-13T00:44:12Z,74,75,30,5326,100,1353,2425,0.20
2026-09-13T00:44:14Z,75,75,30,5311,99,1377,1702,0.20
2026-09-13T00:44:16Z,75,75,30,5326,99,1374,1702,0.18
2026-09-13T00:44:18Z,74,75,30,5326,100,1600,1702,0.18
2026-09-13T00:44:20Z,73,75,30,5326,99,1329,2426,0.33
2026-09-13T00:44:22Z,75,75,30,5311,99,1411,1702,0.33
2026-09-13T00:44:24Z,76,75,30,5357,100,1399,1702,0.33
2026-09-13T00:44:26Z,74,75,30,5326,99,1398,1399,0.30
2026-09-13T00:44:28Z,74,75,30,5311,100,1356,2424,0.30
2026-09-13T00:44:30Z,75,75,30,5326,99,1362,1400,0.28
2026-09-13T00:44:32Z,72,75,30,5326,99,1337,1702,0.28
2026-09-13T00:44:34Z,75,75,30,5311,100,1600,1702,0.28
2026-09-13T00:44:36Z,75,75,30,5326,99,1399,2424,0.26
2026-09-13T00:44:39Z,74,75,30,5311,99,1367,1400,0.26
2026-09-13T00:44:41Z,74,75,30,5326,99,1340,1399,0.24
2026-09-13T00:44:43Z,74,75,30,5326,100,1600,1702,0.24
2026-09-13T00:44:45Z,74,75,30,5311,100,1352,2425,0.24
2026-09-13T00:44:47Z,75,74,30,5311,99,1380,1702,0.30
2026-09-13T00:44:49Z,75,75,30,5326,100,1600,1702,0.30
2026-09-13T00:44:51Z,75,75,30,5326,99,1378,1702,0.35
2026-09-13T00:44:53Z,71,75,30,5326,99,1356,1702,0.35
2026-09-13T00:44:55Z,73,74,30,5311,100,1380,1702,0.41
2026-09-13T00:44:57Z,73,74,30,5311,99,1470,1702,0.41
2026-09-13T00:44:59Z,74,73,30,5326,100,1382,1400,0.41
2026-09-13T00:45:01Z,74,74,30,5311,99,1401,1399,0.37
2026-09-13T00:45:03Z,75,75,30,5326,100,1393,1702,0.37
2026-09-13T00:45:05Z,74,75,30,5311,100,1338,2424,0.42
2026-09-13T00:45:08Z,75,75,30,5311,99,1368,1702,0.42
2026-09-13T00:45:10Z,75,75,30,5311,99,1376,1702,0.42
2026-09-13T00:45:12Z,75,75,30,5326,100,1359,1702,0.39
2026-09-13T00:45:14Z,74,75,30,5311,100,1377,1702,0.39
2026-09-13T00:45:16Z,75,75,30,5311,100,1363,1702,0.36
2026-09-13T00:45:18Z,75,75,30,5326,100,1383,1702,0.36
2026-09-13T00:45:20Z,75,75,30,5311,99,1307,2424,0.41
2026-09-13T00:45:22Z,71,75,30,5326,100,1598,1702,0.41
2026-09-13T00:45:24Z,75,75,30,5326,99,1519,1399,0.41
2026-09-13T00:45:26Z,75,76,30,5311,99,1600,1702,0.38
2026-09-13T00:45:28Z,75,76,30,5311,100,1384,1702,0.38
2026-09-13T00:45:30Z,76,76,30,5326,99,1379,1702,0.35
2026-09-13T00:45:32Z,76,76,30,5311,99,1358,1702,0.35
2026-09-13T00:45:34Z,73,76,30,5326,100,1600,2425,0.35
2026-09-13T00:45:37Z,75,76,30,5311,100,1376,1702,0.40
2026-09-13T00:45:39Z,77,76,30,5326,100,1376,1702,0.40
2026-09-13T00:45:41Z,75,76,30,5326,100,1600,1702,0.37
2026-09-13T00:45:43Z,74,76,30,5326,99,1363,2425,0.37
2026-09-13T00:45:45Z,74,76,30,5311,100,1600,1467,0.37
2026-09-13T00:45:47Z,75,76,30,5311,99,1371,1702,0.34
2026-09-13T00:45:49Z,71,76,30,5326,99,1600,2418,0.34
2026-09-13T00:45:51Z,75,76,30,5311,100,1337,2424,0.39
2026-09-13T00:45:53Z,75,76,30,5311,100,1383,1702,0.39
2026-09-13T00:45:55Z,76,76,30,5311,100,1378,1702,0.36
2026-09-13T00:45:57Z,74,76,30,5357,99,1376,1702,0.36
2026-09-13T00:45:59Z,75,75,30,5326,99,1374,1702,0.36
2026-09-13T00:46:01Z,75,75,30,5311,99,1392,1702,0.33
2026-09-13T00:46:03Z,75,75,30,5311,99,1600,1702,0.33
2026-09-13T00:46:06Z,75,75,30,5311,100,1323,2424,0.30
2026-09-13T00:46:08Z,75,75,30,5326,99,1384,1702,0.30
2026-09-13T00:46:10Z,75,75,30,5326,99,1374,1702,0.30
2026-09-13T00:46:12Z,75,75,30,5281,100,1600,2424,0.28
2026-09-13T00:46:14Z,70,75,30,5326,100,1600,2424,0.28
2026-09-13T00:46:16Z,71,75,30,5326,99,1600,2424,0.34
2026-09-13T00:46:18Z,70,75,30,5326,99,1600,2424,0.34
2026-09-13T00:46:20Z,69,75,30,5311,99,1600,2424,0.31
2026-09-13T00:46:22Z,69,75,30,5357,100,1600,2424,0.31
2026-09-13T00:46:24Z,70,75,30,5326,99,1600,2424,0.31
2026-09-13T00:46:26Z,71,75,30,5326,100,1600,2425,0.28
2026-09-13T00:46:28Z,70,75,30,5357,99,1600,2424,0.28
2026-09-13T00:46:30Z,70,75,30,5311,99,1600,2424,0.34
2026-09-13T00:46:32Z,75,75,30,5311,100,1600,2424,0.34
2026-09-13T00:46:34Z,75,75,30,5311,100,1600,1702,0.34
2026-09-13T00:46:36Z,75,75,30,5311,100,1600,1399,0.31
2026-09-13T00:46:38Z,75,75,30,5311,99,1338,2424,0.31
2026-09-13T00:46:41Z,75,75,30,5311,100,1407,1702,0.29
2026-09-13T00:46:43Z,75,75,30,5311,99,1379,1702,0.29
2026-09-13T00:46:45Z,77,75,30,5326,99,1378,1702,0.29
2026-09-13T00:46:47Z,70,75,30,5311,100,1600,2394,0.27
2026-09-13T00:46:49Z,75,75,30,5311,100,1379,1702,0.27
2026-09-13T00:46:51Z,74,75,30,5311,99,1383,1702,0.24
2026-09-13T00:46:53Z,75,75,30,5326,100,1374,1702,0.24
2026-09-13T00:46:55Z,74,75,30,5326,100,1600,1399,0.22
2026-09-13T00:46:57Z,73,75,30,5311,100,1362,1702,0.22
2026-09-13T00:46:59Z,69,75,30,5311,99,1600,2424,0.22
2026-09-13T00:47:01Z,74,75,30,5326,99,1600,2424,0.21
2026-09-13T00:47:03Z,75,75,30,5311,100,1376,1702,0.21
2026-09-13T00:47:05Z,71,75,30,5311,99,1456,2425,0.27
2026-09-13T00:47:07Z,73,74,30,5311,100,1325,1702,0.27
2026-09-13T00:47:10Z,68,74,30,5311,100,1040,2424,0.27
2026-09-13T00:47:12Z,74,74,30,5311,100,1377,1702,0.25
2026-09-13T00:47:14Z,75,75,30,5311,99,1384,1702,0.25
2026-09-13T00:47:16Z,75,75,30,5311,99,1380,1702,0.23
2026-09-13T00:47:18Z,75,75,30,5311,100,1373,1702,0.23
2026-09-13T00:47:20Z,75,75,30,5311,99,1381,1702,0.23
2026-09-13T00:47:22Z,75,75,30,5311,99,1377,1702,0.21
2026-09-13T00:47:24Z,75,75,30,5311,100,1336,2424,0.21
2026-09-13T00:47:26Z,75,75,30,5326,100,1348,1702,0.19
2026-09-13T00:47:28Z,71,75,30,5326,100,1394,1702,0.19
2026-09-13T00:47:30Z,72,75,30,5311,100,1599,2365,0.18
2026-09-13T00:47:32Z,75,75,30,5311,99,1465,1702,0.18
2026-09-13T00:47:34Z,75,75,30,5311,99,1376,1702,0.18
2026-09-13T00:47:36Z,75,76,30,5311,99,1368,1702,0.16
2026-09-13T00:47:39Z,75,76,30,5311,100,1315,2424,0.16
2026-09-13T00:47:41Z,75,75,30,5326,99,1600,1399,0.15
2026-09-13T00:47:43Z,75,76,30,5326,100,1382,1702,0.15
2026-09-13T00:47:45Z,75,76,30,5311,99,1365,1702,0.15
2026-09-13T00:47:47Z,75,76,30,5326,99,1381,1702,0.14
2026-09-13T00:47:49Z,75,76,30,5357,100,1600,1702,0.14
2026-09-13T00:47:51Z,75,76,30,5311,99,1421,1702,0.13
2026-09-13T00:47:53Z,75,76,30,5326,99,1332,2424,0.13
2026-09-13T00:47:55Z,75,76,30,5311,100,1380,1702,0.12
2026-09-13T00:47:57Z,77,76,30,5326,100,1370,1702,0.12
2026-09-13T00:47:59Z,75,76,30,5326,99,1600,1702,0.12
2026-09-13T00:48:01Z,75,76,30,5326,100,1336,2424,0.11
2026-09-13T00:48:03Z,75,76,30,5326,99,1378,1702,0.11
2026-09-13T00:48:05Z,76,76,30,5326,100,1387,1702,0.10
2026-09-13T00:48:07Z,75,76,30,5311,99,1549,1702,0.10
2026-09-13T00:48:10Z,75,76,30,5311,99,1311,2424,0.10
2026-09-13T00:48:12Z,75,75,30,5326,100,1394,1399,0.17
2026-09-13T00:48:14Z,75,76,30,5311,100,1600,1702,0.17
2026-09-13T00:48:16Z,70,76,30,5326,99,1600,1702,0.16
2026-09-13T00:48:18Z,77,75,30,5311,100,1338,2424,0.16
2026-09-13T00:48:20Z,76,75,30,5326,100,1376,1702,0.16
2026-09-13T00:48:22Z,74,75,30,5311,99,1393,1702,0.14
2026-09-13T00:48:24Z,76,75,30,5311,100,1600,1702,0.14
2026-09-13T00:48:26Z,71,75,30,5311,100,1600,1702,0.21
2026-09-13T00:48:28Z,74,75,30,5326,99,1335,1702,0.21
2026-09-13T00:48:30Z,75,75,30,5326,99,1377,1702,0.20
2026-09-13T00:48:32Z,75,75,30,5311,100,1435,1702,0.20
2026-09-13T00:48:34Z,75,75,30,5326,99,1399,1399,0.20
2026-09-13T00:48:36Z,75,75,30,5326,99,1375,1702,0.18
2026-09-13T00:48:39Z,75,75,30,5311,100,1372,1702,0.18
2026-09-13T00:48:41Z,75,75,30,5311,99,1379,1399,0.16
2026-09-13T00:48:43Z,75,75,30,5326,100,1385,1702,0.16
2026-09-13T00:48:45Z,75,75,30,5326,99,1378,1399,0.16
2026-09-13T00:48:47Z,74,75,30,5326,100,1378,1400,0.15
2026-09-13T00:48:49Z,75,75,30,5311,99,1373,1702,0.15
2026-09-13T00:48:51Z,74,75,30,5326,100,1375,1702,0.22
2026-09-13T00:48:53Z,71,75,30,5326,100,1388,1702,0.22
2026-09-13T00:48:55Z,75,75,30,5311,100,1600,1702,0.20
2026-09-13T00:48:57Z,75,75,30,5311,99,1378,1702,0.20
2026-09-13T00:48:59Z,74,75,30,5311,99,1388,2424,0.20
2026-09-13T00:49:01Z,69,75,30,5357,99,1600,2306,0.18
2026-09-13T00:49:03Z,70,75,30,5311,100,1600,2424,0.18
2026-09-13T00:49:05Z,75,75,30,5326,100,1600,2424,0.17
2026-09-13T00:49:08Z,74,75,30,5311,100,1368,2424,0.17
2026-09-13T00:49:10Z,75,74,30,5311,100,1432,1702,0.17
2026-09-13T00:49:12Z,74,74,30,5326,99,1363,1702,0.16
2026-09-13T00:49:14Z,74,74,30,5311,99,1600,1702,0.16
2026-09-13T00:49:16Z,74,74,30,5311,100,1381,2424,0.14
2026-09-13T00:49:18Z,71,74,30,5326,100,1472,1702,0.14
2026-09-13T00:49:20Z,72,74,30,5326,100,1536,1702,0.14
2026-09-13T00:49:22Z,74,74,30,5326,100,1383,1702,0.21
2026-09-13T00:49:24Z,75,74,30,5311,99,1600,1702,0.21
2026-09-13T00:49:26Z,70,75,30,5311,99,1595,1400,0.20
2026-09-13T00:49:28Z,75,75,30,5311,99,1600,1702,0.20
2026-09-13T00:49:30Z,75,75,30,5326,100,1577,1702,0.18
2026-09-13T00:49:32Z,75,75,30,5311,99,1600,1400,0.18
2026-09-13T00:49:34Z,74,75,30,5326,99,1600,2426,0.18
2026-09-13T00:49:37Z,74,75,30,5311,100,1370,1702,0.25
2026-09-13T00:49:39Z,75,75,30,5326,100,1378,1702,0.25
2026-09-13T00:49:41Z,75,75,30,5311,100,1429,1702,0.22
2026-09-13T00:49:43Z,74,75,30,5326,99,1430,1702,0.22
2026-09-13T00:49:45Z,75,75,30,5326,100,1368,1702,0.22
2026-09-13T00:49:47Z,77,75,30,5326,100,1369,1702,0.21
2026-09-13T00:49:49Z,75,76,30,5311,99,1329,2425,0.21
2026-09-13T00:49:51Z,75,75,30,5311,100,1411,1702,0.27
2026-09-13T00:49:53Z,75,76,30,5311,100,1387,1400,0.27
2026-09-13T00:49:55Z,76,76,30,5311,100,1388,1399,0.25
2026-09-13T00:49:57Z,73,76,30,5311,100,1405,2424,0.25
2026-09-13T00:49:59Z,75,76,30,5311,99,1390,1702,0.25
2026-09-13T00:50:01Z,76,76,30,5311,100,1377,1702,0.23
2026-09-13T00:50:03Z,71,76,30,5357,100,1531,1702,0.23
2026-09-13T00:50:06Z,75,76,30,5326,100,1380,1702,0.29
2026-09-13T00:50:08Z,75,76,30,5311,99,1355,1702,0.29
2026-09-13T00:50:10Z,75,76,30,5311,99,1378,1702,0.29
2026-09-13T00:50:12Z,75,76,30,5281,99,1330,2425,0.27
2026-09-13T00:50:14Z,75,76,30,5311,99,1390,1702,0.27
2026-09-13T00:50:16Z,72,76,30,5311,100,1600,2424,0.25
2026-09-13T00:50:18Z,75,76,30,5326,100,1378,1702,0.25
2026-09-13T00:50:20Z,74,76,30,5311,100,1332,2424,0.39
2026-09-13T00:50:22Z,70,75,30,5311,100,1600,1702,0.39
2026-09-13T00:50:24Z,75,75,30,5326,100,1411,1702,0.39
2026-09-13T00:50:26Z,75,75,30,5326,100,1600,1702,0.36
2026-09-13T00:50:28Z,76,75,30,5311,100,1339,2424,0.36
2026-09-13T00:50:30Z,75,75,30,5326,99,1389,1702,0.33
2026-09-13T00:50:32Z,75,75,30,5326,99,1371,1702,0.33
2026-09-13T00:50:34Z,74,75,30,5326,100,1600,1702,0.33
2026-09-13T00:50:37Z,73,75,30,5311,100,1358,2425,0.30
2026-09-13T00:50:39Z,71,75,30,5311,99,1600,1702,0.30
2026-09-13T00:50:41Z,77,75,30,5311,99,1380,1702,0.28
2026-09-13T00:50:43Z,75,75,30,5311,99,1373,1702,0.28
2026-09-13T00:50:45Z,74,75,30,5311,99,1327,2425,0.28
2026-09-13T00:50:47Z,75,75,30,5311,99,1356,1702,0.33
2026-09-13T00:50:49Z,74,75,30,5326,100,1402,1702,0.33
2026-09-13T00:50:51Z,75,75,30,5326,100,1370,1702,0.31
2026-09-13T00:50:53Z,74,75,30,5311,99,1378,2424,0.31
2026-09-13T00:50:55Z,75,75,30,5326,100,1375,1399,0.28
2026-09-13T00:50:57Z,75,75,30,5326,99,1366,1702,0.28
2026-09-13T00:50:59Z,77,75,30,5311,99,1379,1702,0.28
2026-09-13T00:51:01Z,74,75,30,5311,100,1297,2425,0.26
2026-09-13T00:51:03Z,75,75,30,5326,100,1600,1702,0.26
2026-09-13T00:51:06Z,74,75,30,5326,100,1407,1702,0.24
2026-09-13T00:51:08Z,75,75,30,5311,99,1381,1702,0.24
2026-09-13T00:51:10Z,74,75,30,5311,100,1333,2425,0.24
2026-09-13T00:51:12Z,75,75,30,5311,100,1600,1702,0.30
2026-09-13T00:51:14Z,74,75,30,5311,99,1434,1702,0.30
2026-09-13T00:51:16Z,75,75,30,5326,100,1386,1702,0.27
2026-09-13T00:51:18Z,76,75,30,5326,99,1310,2424,0.27
2026-09-13T00:51:20Z,75,75,30,5326,100,1600,2425,0.41
2026-09-13T00:51:22Z,74,75,30,5311,99,1369,1702,0.41
2026-09-13T00:51:24Z,76,75,30,5311,100,1378,1702,0.41
2026-09-13T00:51:26Z,75,75,30,5326,99,1600,1702,0.38
2026-09-13T00:51:28Z,72,75,30,5311,99,1455,1702,0.38
2026-09-13T00:51:30Z,73,74,30,5326,99,1460,1702,0.35
2026-09-13T00:51:32Z,61,73,30,5326,0,200,2424,0.35
2026-09-13T00:51:34Z,59,71,30,5326,0,200,2427,0.35
2026-09-13T00:51:37Z,57,69,30,5326,8,1040,2425,0.40
2026-09-13T00:51:39Z,56,68,30,5311,13,1040,2424,0.40
2026-09-13T00:51:41Z,55,66,30,4934,14,1040,2424,0.45
2026-09-13T00:51:43Z,56,63,30,4496,0,1040,2424,0.45
2026-09-13T00:51:45Z,53,62,30,4464,0,200,2424,0.45
2026-09-13T00:51:47Z,65,62,30,3698,100,1338,1702,0.49
2026-09-13T00:51:49Z,69,67,30,3491,100,1353,1400,0.49
2026-09-13T00:51:51Z,69,68,30,3177,100,1352,1399,0.45
2026-09-13T00:51:53Z,72,70,30,3249,100,1417,1400,0.45
2026-09-13T00:51:55Z,71,71,30,3662,99,1321,1702,0.42
2026-09-13T00:51:57Z,68,72,30,3698,100,1600,1702,0.42
2026-09-13T00:51:59Z,73,72,30,3972,100,1585,1702,0.42
2026-09-13T00:52:01Z,75,73,30,4185,99,1377,1702,0.38
2026-09-13T00:52:03Z,74,74,30,4340,99,1271,2425,0.38
2026-09-13T00:52:05Z,75,74,30,4595,99,1359,1702,0.35
2026-09-13T00:52:08Z,74,75,30,4722,100,1600,1702,0.35
2026-09-13T00:52:10Z,75,75,30,4973,100,1600,1702,0.35
2026-09-13T00:52:12Z,75,75,30,5136,99,1600,1702,0.32
2026-09-13T00:52:14Z,75,75,30,5208,100,1600,1702,0.32
2026-09-13T00:52:16Z,76,75,30,5165,99,1364,1399,0.30
2026-09-13T00:52:18Z,74,75,30,5165,100,1252,2424,0.30
2026-09-13T00:52:20Z,75,75,30,5208,99,1341,1702,0.30
2026-09-13T00:52:22Z,74,75,30,5179,99,1600,1702,0.27
2026-09-13T00:52:24Z,76,75,30,5165,100,1361,1702,0.27
2026-09-13T00:52:26Z,75,75,30,5208,100,1353,1702,0.25
2026-09-13T00:52:28Z,75,75,30,5208,100,1467,1702,0.25
2026-09-13T00:52:30Z,74,75,30,5208,100,1521,1702,0.23
2026-09-13T00:52:32Z,75,75,30,5208,100,1600,2425,0.23
2026-09-13T00:52:34Z,70,75,30,5208,100,1600,2426,0.23
2026-09-13T00:52:36Z,74,75,30,5208,99,1551,1702,0.21
2026-09-13T00:52:39Z,75,75,30,5208,99,1461,1702,0.21
2026-09-13T00:52:41Z,73,75,30,5208,99,1304,1702,0.20
2026-09-13T00:52:43Z,73,75,30,5208,99,1600,1702,0.20
2026-09-13T00:52:45Z,77,75,30,5208,100,1440,1702,0.20
2026-09-13T00:52:47Z,75,75,30,5208,100,1600,2425,0.18
2026-09-13T00:52:49Z,71,75,30,5208,100,1600,2424,0.18
2026-09-13T00:52:51Z,70,75,30,5208,99,1600,2425,0.16
2026-09-13T00:52:53Z,70,75,30,5208,99,1600,2425,0.16
2026-09-13T00:52:55Z,71,75,30,5208,99,1600,2424,0.15
2026-09-13T00:52:57Z,70,75,30,5208,100,1600,2424,0.15
2026-09-13T00:52:59Z,72,75,30,5208,99,1600,2427,0.15
2026-09-13T00:53:01Z,75,75,30,5208,99,1348,1702,0.22
2026-09-13T00:53:03Z,74,74,30,5208,99,1600,1702,0.22
2026-09-13T00:53:05Z,74,75,30,5208,100,1600,1702,0.20
2026-09-13T00:53:07Z,71,74,30,5208,99,200,1399,0.20
2026-09-13T00:53:10Z,72,74,30,5208,99,1580,1702,0.20
2026-09-13T00:53:12Z,68,73,30,5237,100,1040,2424,0.27
2026-09-13T00:53:14Z,74,74,30,5237,99,1551,1702,0.27
2026-09-13T00:53:16Z,75,75,30,5208,99,1464,1819,0.24
2026-09-13T00:53:18Z,77,75,30,5208,100,1386,1702,0.24
2026-09-13T00:53:20Z,75,76,30,5208,100,1429,2424,0.24
2026-09-13T00:53:22Z,75,76,30,5252,99,1361,1702,0.30
2026-09-13T00:53:24Z,74,76,30,5208,99,1600,2181,0.30
2026-09-13T00:53:26Z,77,76,30,5237,100,1352,1702,0.28
2026-09-13T00:53:28Z,75,76,30,5208,99,1353,1702,0.28
2026-09-13T00:53:30Z,77,76,30,5208,99,1390,1702,0.26
2026-09-13T00:53:32Z,75,76,30,5208,100,1600,2424,0.26
2026-09-13T00:53:34Z,73,76,30,5252,100,1600,1702,0.26
2026-09-13T00:53:36Z,75,76,30,5208,99,1600,1702,0.24
2026-09-13T00:53:39Z,72,76,30,5208,99,1600,2424,0.24
2026-09-13T00:53:41Z,77,76,30,5208,99,1385,1702,0.22
2026-09-13T00:53:43Z,77,76,30,5237,100,1411,1419,0.22
2026-09-13T00:53:45Z,75,76,30,5252,99,1600,1400,0.22
2026-09-13T00:53:47Z,76,76,30,5252,99,1354,1702,0.20
2026-09-13T00:53:49Z,75,76,30,5252,100,1525,1702,0.20
2026-09-13T00:53:51Z,73,76,30,5208,99,1600,2424,0.18
2026-09-13T00:53:53Z,74,76,30,5208,99,1600,2425,0.18
2026-09-13T00:53:55Z,75,76,30,5252,99,1600,1702,0.17
2026-09-13T00:53:57Z,75,76,30,5237,100,1600,1702,0.17
2026-09-13T00:53:59Z,75,76,30,5208,99,1600,1400,0.17
2026-09-13T00:54:01Z,76,76,30,5237,99,1392,1702,0.16
2026-09-13T00:54:03Z,75,76,30,5252,100,1285,2424,0.16
2026-09-13T00:54:05Z,75,76,30,5252,100,1511,1702,0.14
2026-09-13T00:54:07Z,76,76,30,5208,100,1470,1702,0.14
2026-09-13T00:54:10Z,75,76,30,5208,99,1600,1702,0.14
2026-09-13T00:54:12Z,78,76,30,5252,100,1402,1702,0.13
2026-09-13T00:54:14Z,75,75,30,5208,100,1600,2424,0.13
2026-09-13T00:54:16Z,74,75,30,5208,100,1600,1702,0.12
2026-09-13T00:54:18Z,73,75,30,5237,99,1600,2425,0.12
2026-09-13T00:54:20Z,73,75,30,5208,99,1600,2424,0.12
2026-09-13T00:54:22Z,75,75,30,5208,99,1600,2424,0.19
2026-09-13T00:54:24Z,73,75,30,5237,99,1600,2425,0.19
2026-09-13T00:54:26Z,71,75,30,5252,99,1272,1702,0.26
2026-09-13T00:54:28Z,75,75,30,5252,100,1501,1702,0.26
2026-09-13T00:54:30Z,75,75,30,5252,100,1449,1702,0.24
2026-09-13T00:54:32Z,73,75,30,5237,99,1469,1399,0.24
2026-09-13T00:54:34Z,72,74,30,5252,100,1433,1702,0.24
2026-09-13T00:54:36Z,72,74,30,5237,100,1414,1702,0.22
2026-09-13T00:54:39Z,75,73,30,5237,100,1459,1399,0.22
2026-09-13T00:54:41Z,72,75,30,5252,100,1600,1702,0.20
2026-09-13T00:54:43Z,74,75,30,5237,99,1600,1702,0.20
2026-09-13T00:54:45Z,75,76,30,5208,99,1600,1456,0.20
2026-09-13T00:54:47Z,77,76,30,5208,100,1469,1702,0.26
2026-09-13T00:54:49Z,76,76,30,5252,99,1480,1702,0.26
2026-09-13T00:54:51Z,76,76,30,5252,100,1600,1702,0.32
2026-09-13T00:54:53Z,76,76,30,5252,99,1358,1702,0.32
2026-09-13T00:54:55Z,74,76,30,5237,99,1314,1702,0.30
2026-09-13T00:54:57Z,76,76,30,5252,99,1433,1702,0.30
2026-09-13T00:54:59Z,75,76,30,5252,100,1600,2424,0.30
2026-09-13T00:55:01Z,74,76,30,5208,100,1538,1702,0.27
2026-09-13T00:55:03Z,75,76,30,5237,100,1600,2424,0.27
2026-09-13T00:55:05Z,75,76,30,5252,100,1348,1431,0.25
2026-09-13T00:55:08Z,74,76,30,5237,99,1307,1702,0.25
2026-09-13T00:55:10Z,76,76,30,5237,99,1390,1702,0.25
2026-09-13T00:55:12Z,71,76,30,5252,99,1600,1702,0.23
2026-09-13T00:55:14Z,75,76,30,5208,99,1416,2424,0.23
2026-09-13T00:55:16Z,76,76,30,5252,99,1600,1702,0.21
2026-09-13T00:55:18Z,75,76,30,5252,100,1600,1400,0.21
2026-09-13T00:55:20Z,75,76,30,5237,99,1600,1702,0.21
2026-09-13T00:55:22Z,72,76,30,5237,99,1361,1702,0.19
2026-09-13T00:55:24Z,72,76,30,5237,99,1600,2424,0.19
2026-09-13T00:55:26Z,74,76,30,5237,99,1341,1702,0.18
2026-09-13T00:55:28Z,76,76,30,5252,100,1343,1702,0.18
2026-09-13T00:55:30Z,75,76,30,5237,100,1600,1702,0.16
2026-09-13T00:55:32Z,76,76,30,5237,99,1361,1702,0.16
2026-09-13T00:55:34Z,74,76,30,5208,100,1511,2424,0.16
2026-09-13T00:55:37Z,77,76,30,5237,100,1413,1702,0.15
2026-09-13T00:55:39Z,75,76,30,5237,99,1600,2424,0.15
2026-09-13T00:55:41Z,73,76,30,5237,100,1600,2425,0.22
2026-09-13T00:55:43Z,72,76,30,5252,99,1600,2424,0.22
2026-09-13T00:55:45Z,70,76,30,5237,100,1600,2424,0.22
2026-09-13T00:55:47Z,72,75,30,5252,99,1600,2424,0.28
2026-09-13T00:55:49Z,71,75,30,5252,100,1600,2424,0.28
2026-09-13T00:55:51Z,75,75,30,5252,100,1600,2425,0.34
2026-09-13T00:55:53Z,75,75,30,5252,100,1600,1400,0.34
2026-09-13T00:55:55Z,74,75,30,5252,99,1534,1702,0.31
2026-09-13T00:55:57Z,69,75,30,5237,100,1294,2424,0.31
2026-09-13T00:55:59Z,72,75,30,5237,99,1459,1400,0.31
2026-09-13T00:56:01Z,72,74,30,5208,99,1375,1702,0.45
2026-09-13T00:56:03Z,77,73,30,5252,99,1401,1702,0.45
2026-09-13T00:56:05Z,75,74,30,5237,99,1544,1400,0.41
2026-09-13T00:56:07Z,75,75,30,5237,99,1478,1399,0.41
2026-09-13T00:56:10Z,75,75,30,5252,100,1475,1702,0.41
2026-09-13T00:56:12Z,77,76,30,5252,100,1370,1702,0.38
2026-09-13T00:56:14Z,71,76,30,5252,99,1348,1400,0.38
2026-09-13T00:56:16Z,76,76,30,5252,99,1417,2424,0.43
2026-09-13T00:56:18Z,77,76,30,5252,100,1365,1702,0.43
2026-09-13T00:56:20Z,72,76,30,5252,100,1600,2424,0.43
2026-09-13T00:56:22Z,72,76,30,5237,99,1474,1702,0.47
2026-09-13T00:56:24Z,76,76,30,5252,100,1540,1702,0.47
2026-09-13T00:56:26Z,75,76,30,5237,99,1362,1702,0.52
2026-09-13T00:56:28Z,76,76,30,5252,99,1600,1702,0.52
2026-09-13T00:56:30Z,77,76,30,5237,100,1473,1702,0.47
2026-09-13T00:56:32Z,72,76,30,5252,100,1278,1702,0.47
2026-09-13T00:56:34Z,75,76,30,5252,100,1600,2424,0.47
2026-09-13T00:56:36Z,71,76,30,5252,100,1600,2424,0.44
2026-09-13T00:56:38Z,76,76,30,5237,99,1422,1399,0.44
2026-09-13T00:56:41Z,76,76,30,5237,100,1600,1702,0.40
2026-09-13T00:56:43Z,72,76,30,5237,100,1600,2424,0.40
2026-09-13T00:56:45Z,73,76,30,5252,100,1600,1702,0.40
2026-09-13T00:56:47Z,76,76,30,5237,99,1600,1702,0.37
2026-09-13T00:56:49Z,75,76,30,5252,99,1327,1399,0.37
2026-09-13T00:56:51Z,75,76,30,5208,99,1600,2424,0.34
2026-09-13T00:56:53Z,77,76,30,5252,100,1403,1702,0.34
2026-09-13T00:56:55Z,74,76,30,5237,99,1334,1702,0.39
2026-09-13T00:56:57Z,75,76,30,5237,99,1600,1702,0.39
2026-09-13T00:56:59Z,75,76,30,5252,100,1520,1702,0.39
2026-09-13T00:57:01Z,73,76,30,5237,100,1600,1702,0.44
2026-09-13T00:57:03Z,75,76,30,5252,99,1519,1702,0.44
2026-09-13T00:57:05Z,76,76,30,5252,100,1600,2424,0.49
2026-09-13T00:57:07Z,75,76,30,5237,100,1600,2425,0.49
2026-09-13T00:57:10Z,72,76,30,5237,99,1600,2424,0.49
2026-09-13T00:57:12Z,74,76,30,5237,100,1600,2426,0.53
2026-09-13T00:57:14Z,74,76,30,5252,99,1600,2424,0.53
2026-09-13T00:57:16Z,75,76,30,5237,99,1600,2425,0.49
2026-09-13T00:57:18Z,74,75,30,5237,100,1600,1702,0.49
2026-09-13T00:57:20Z,75,75,30,5237,100,1600,1702,0.49
2026-09-13T00:57:22Z,75,75,30,5237,100,1458,1702,0.45
2026-09-13T00:57:24Z,72,75,30,5252,99,1557,1399,0.45
2026-09-13T00:57:26Z,72,74,30,5252,46,1552,1702,0.49
2026-09-13T00:57:28Z,66,74,30,5237,100,1040,2425,0.49
2026-09-13T00:57:30Z,75,74,30,5237,100,1422,1702,0.45
2026-09-13T00:57:32Z,75,75,30,5237,100,1518,1702,0.45
2026-09-13T00:57:34Z,75,75,30,5237,99,1445,1702,0.45
2026-09-13T00:57:36Z,75,76,30,5281,100,1427,2424,0.41
2026-09-13T00:57:38Z,75,76,30,5237,100,1600,1702,0.41
2026-09-13T00:57:41Z,76,76,30,5237,100,1600,2176,0.38
2026-09-13T00:57:43Z,76,76,30,5237,99,1359,1702,0.38
2026-09-13T00:57:45Z,72,76,30,5237,99,1600,1702,0.38
2026-09-13T00:57:47Z,77,76,30,5237,99,1394,1702,0.35
2026-09-13T00:57:49Z,75,76,30,5252,100,1600,1702,0.35
2026-09-13T00:57:51Z,75,76,30,5237,100,1600,1702,0.40
2026-09-13T00:57:53Z,74,76,30,5252,99,1600,2424,0.40
2026-09-13T00:57:55Z,75,76,30,5252,99,1600,2424,0.40
2026-09-13T00:57:57Z,77,76,30,5252,100,1378,1702,0.45
2026-09-13T00:57:59Z,74,76,30,5237,99,1311,1400,0.45
2026-09-13T00:58:01Z,76,76,30,5237,99,1475,1702,0.50
2026-09-13T00:58:03Z,72,76,30,5252,99,1600,2424,0.50
2026-09-13T00:58:05Z,78,76,30,5252,99,1436,1702,0.54
2026-09-13T00:58:07Z,76,76,30,5252,99,1493,1702,0.54
2026-09-13T00:58:10Z,73,76,30,5252,100,1600,2425,0.54
2026-09-13T00:58:12Z,76,76,30,5252,100,1363,1702,0.57
2026-09-13T00:58:14Z,75,76,30,5237,100,1600,1702,0.57
2026-09-13T00:58:16Z,75,76,30,5237,99,1600,1702,0.61
2026-09-13T00:58:18Z,75,76,30,5237,99,1365,1702,0.61
2026-09-13T00:58:20Z,72,76,30,5237,99,1600,2424,0.61
2026-09-13T00:58:22Z,77,76,30,5252,100,1365,1702,0.64
2026-09-13T00:58:24Z,76,76,30,5252,100,1339,1400,0.64
2026-09-13T00:58:26Z,75,76,30,5237,99,1600,1702,0.67
2026-09-13T00:58:28Z,76,76,30,5237,100,1366,1702,0.67
2026-09-13T00:58:30Z,75,76,30,5252,100,1600,1902,0.61
2026-09-13T00:58:32Z,75,76,30,5252,99,1600,2426,0.61
2026-09-13T00:58:34Z,75,76,30,5252,100,1335,1702,0.61
2026-09-13T00:58:36Z,78,76,30,5237,100,1305,2424,0.57
2026-09-13T00:58:38Z,74,76,30,5252,99,1310,1702,0.57
2026-09-13T00:58:41Z,76,75,30,5237,99,1359,1702,0.52
2026-09-13T00:58:43Z,73,75,30,5281,99,1446,2424,0.52
2026-09-13T00:58:45Z,71,75,30,5252,99,1353,1702,0.52
2026-09-13T00:58:47Z,74,75,30,5237,99,1600,1702,0.48
2026-09-13T00:58:49Z,72,75,30,5252,99,1432,1702,0.48
2026-09-13T00:58:51Z,72,74,30,5237,100,1431,1702,0.44
2026-09-13T00:58:53Z,72,74,30,5237,100,1464,1702,0.44
2026-09-13T00:58:55Z,75,74,30,5237,99,1600,1702,0.56
2026-09-13T00:58:57Z,74,75,30,5237,99,1312,1410,0.56
2026-09-13T00:58:59Z,75,75,30,5237,100,1600,1702,0.56
2026-09-13T00:59:01Z,75,76,30,5252,99,1350,1702,0.52
2026-09-13T00:59:03Z,75,76,30,5252,99,1535,1702,0.52
2026-09-13T00:59:05Z,75,76,30,5252,100,1536,1702,0.48
2026-09-13T00:59:08Z,75,76,30,5237,99,1352,1702,0.48
2026-09-13T00:59:10Z,75,76,30,5252,99,1600,1702,0.48
2026-09-13T00:59:12Z,78,76,30,5252,99,1451,1702,0.44
2026-09-13T00:59:14Z,75,76,30,5237,100,1395,1702,0.44
2026-09-13T00:59:16Z,75,76,30,5237,100,1600,2425,0.40
2026-09-13T00:59:18Z,75,76,30,5252,99,1600,1702,0.40
2026-09-13T00:59:20Z,75,76,30,5281,100,1600,1702,0.40
2026-09-13T00:59:22Z,76,76,30,5281,99,1467,1702,0.45
2026-09-13T00:59:24Z,76,76,30,5252,99,1343,1702,0.45
2026-09-13T00:59:26Z,75,76,30,5237,100,1600,2053,0.50
2026-09-13T00:59:28Z,71,76,30,5252,100,1462,1702,0.50
2026-09-13T00:59:30Z,75,76,30,5252,100,1484,2424,0.54
2026-09-13T00:59:32Z,76,76,30,5252,100,1600,2190,0.54
2026-09-13T00:59:34Z,72,76,30,5252,100,1600,2424,0.54
2026-09-13T00:59:36Z,75,76,30,5252,99,1516,1702,0.57
2026-09-13T00:59:39Z,75,76,30,5252,100,1600,1399,0.57
2026-09-13T00:59:41Z,75,76,30,5252,99,1600,2424,0.61
2026-09-13T00:59:43Z,75,76,30,5252,100,1397,1702,0.61
2026-09-13T00:59:45Z,70,76,30,5252,100,1600,2424,0.61
2026-09-13T00:59:47Z,77,76,30,5237,99,1457,1702,0.64
2026-09-13T00:59:49Z,76,76,30,5252,99,1345,1702,0.64
2026-09-13T00:59:51Z,74,76,30,5252,99,1600,2424,0.59
2026-09-13T00:59:53Z,71,76,30,5237,100,1531,1702,0.59
2026-09-13T00:59:55Z,75,76,30,5252,100,1460,1702,0.54
2026-09-13T00:59:57Z,75,76,30,5237,100,1600,1702,0.54
2026-09-13T00:59:59Z,72,76,30,5252,100,1600,1399,0.54
2026-09-13T01:00:01Z,76,76,30,5252,100,1399,1702,0.50
2026-09-13T01:00:03Z,76,76,30,5252,99,1353,1702,0.50
2026-09-13T01:00:05Z,77,75,30,5237,99,1361,1702,0.46
2026-09-13T01:00:08Z,75,75,30,5252,99,1310,2424,0.46
2026-09-13T01:00:10Z,74,75,30,5237,99,1318,1399,0.46
2026-09-13T01:00:12Z,74,75,30,5237,99,1600,1702,0.42
2026-09-13T01:00:14Z,75,75,30,5237,100,1414,2426,0.42
2026-09-13T01:00:16Z,72,75,30,5237,99,1397,1702,0.39
2026-09-13T01:00:18Z,73,74,30,5237,100,1424,1702,0.39
2026-09-13T01:00:20Z,71,73,30,5252,99,1339,1702,0.39
2026-09-13T01:00:22Z,76,75,30,5237,99,1370,1702,0.36
2026-09-13T01:00:24Z,75,75,30,5237,99,1360,1399,0.36
2026-09-13T01:00:26Z,76,76,30,5237,99,1367,1702,0.33
2026-09-13T01:00:28Z,72,76,30,5252,99,1600,1399,0.33
2026-09-13T01:00:30Z,75,76,30,5252,100,1600,1702,0.30
2026-09-13T01:00:32Z,75,76,30,5252,100,1417,2425,0.30
2026-09-13T01:00:34Z,71,76,30,5252,99,1600,1702,0.30
2026-09-13T01:00:37Z,76,76,30,5252,99,1468,2425,0.28
2026-09-13T01:00:39Z,75,76,30,5252,99,1600,2424,0.28
2026-09-13T01:00:41Z,76,76,30,5252,100,1361,1702,0.25
2026-09-13T01:00:43Z,74,76,30,5237,99,1296,1702,0.25
2026-09-13T01:00:45Z,73,76,30,5252,100,1321,1702,0.25
2026-09-13T01:00:47Z,72,76,30,5252,100,1600,1702,0.23
2026-09-13T01:00:49Z,75,76,30,5237,100,1533,1702,0.23
2026-09-13T01:00:51Z,75,76,30,5237,100,1422,2425,0.21
2026-09-13T01:00:53Z,76,76,30,5252,99,1600,1702,0.21
2026-09-13T01:00:55Z,75,76,30,5237,99,1333,1702,0.28
2026-09-13T01:00:57Z,77,76,30,5237,100,1396,1399,0.28
2026-09-13T01:00:59Z,75,76,30,5237,100,1600,1702,0.28
2026-09-13T01:01:01Z,75,76,30,5237,99,1600,2276,0.25
2026-09-13T01:01:03Z,75,76,30,5252,100,1515,1702,0.25
2026-09-13T01:01:05Z,75,76,30,5252,99,1600,2424,0.23
2026-09-13T01:01:08Z,77,76,30,5252,99,1546,1702,0.23
2026-09-13T01:01:10Z,71,76,30,5237,100,1600,2424,0.23
2026-09-13T01:01:12Z,74,76,30,5237,99,1394,2425,0.21
2026-09-13T01:01:14Z,72,76,30,5281,99,1274,1702,0.21
2026-09-13T01:01:16Z,74,76,30,5237,100,1600,1702,0.20
2026-09-13T01:01:18Z,75,76,30,5252,99,1332,1702,0.20
2026-09-13T01:01:20Z,75,76,30,5237,100,1600,1702,0.20
2026-09-13T01:01:22Z,71,76,30,5252,99,1600,2424,0.18
2026-09-13T01:01:24Z,71,76,30,5237,100,1475,1702,0.18
2026-09-13T01:01:26Z,78,76,30,5237,99,1420,1702,0.17
2026-09-13T01:01:28Z,77,76,30,5237,100,1451,1702,0.17
2026-09-13T01:01:30Z,77,76,30,5237,100,1364,1702,0.15
2026-09-13T01:01:32Z,77,75,30,5237,100,1406,1473,0.15
2026-09-13T01:01:34Z,75,75,30,5252,99,1362,1702,0.15
2026-09-13T01:01:37Z,76,75,30,5252,99,1362,1702,0.14
2026-09-13T01:01:39Z,71,75,30,5281,100,1297,1399,0.14
2026-09-13T01:01:41Z,73,75,30,5252,100,1555,1702,0.21
2026-09-13T01:01:43Z,72,74,30,5237,99,1398,1702,0.21
2026-09-13T01:01:45Z,68,74,30,5237,99,1040,2424,0.21
2026-09-13T01:01:47Z,75,74,30,5237,99,1523,1702,0.19
2026-09-13T01:01:49Z,75,75,30,5237,100,1397,1899,0.19
2026-09-13T01:01:51Z,76,76,30,5237,99,1383,1702,0.18
2026-09-13T01:01:53Z,75,76,30,5252,100,1425,2424,0.18
2026-09-13T01:01:55Z,75,76,30,5237,100,1322,1400,0.24
2026-09-13T01:01:57Z,75,76,30,5252,100,1600,1915,0.24
2026-09-13T01:01:59Z,78,76,30,5252,100,1404,1702,0.24
2026-09-13T01:02:01Z,76,76,30,5252,99,1365,1702,0.22
2026-09-13T01:02:03Z,76,76,30,5252,99,1373,1702,0.22
2026-09-13T01:02:06Z,72,77,30,5252,99,1600,1400,0.21
2026-09-13T01:02:08Z,76,77,30,5252,100,1345,1702,0.21
2026-09-13T01:02:10Z,77,77,30,5237,100,1342,1702,0.21
2026-09-13T01:02:12Z,78,77,30,5434,100,1297,2425,0.19
2026-09-13T01:02:14Z,75,77,30,5387,100,1534,1702,0.19
2026-09-13T01:02:16Z,75,76,30,5434,99,1443,1702,0.25
2026-09-13T01:02:18Z,74,76,30,5434,99,1600,2424,0.25
2026-09-13T01:02:20Z,78,76,30,5434,100,1431,1702,0.25
2026-09-13T01:02:22Z,75,76,30,5387,100,1600,1702,0.23
2026-09-13T01:02:24Z,72,76,30,5434,100,1600,2424,0.23
2026-09-13T01:02:26Z,72,76,30,5434,99,1600,2424,0.21
2026-09-13T01:02:28Z,75,76,30,5403,100,1600,1724,0.21
2026-09-13T01:02:30Z,72,76,30,5434,100,1600,1702,0.20
2026-09-13T01:02:32Z,75,76,30,5434,100,1600,2425,0.20
2026-09-13T01:02:34Z,76,76,30,5434,100,1395,1609,0.20
2026-09-13T01:02:37Z,76,76,30,5387,99,1275,2424,0.18
2026-09-13T01:02:39Z,74,76,30,5434,100,1508,1702,0.18
2026-09-13T01:02:41Z,76,75,30,5403,100,1452,1702,0.17
2026-09-13T01:02:43Z,75,75,30,5387,99,1600,2411,0.17
2026-09-13T01:02:45Z,76,75,30,5434,100,1360,1702,0.17
2026-09-13T01:02:47Z,75,75,30,5434,99,1600,2426,0.15
2026-09-13T01:02:49Z,74,75,30,5387,100,1600,1702,0.15
2026-09-13T01:02:51Z,72,75,30,5434,99,1600,2425,0.14
2026-09-13T01:02:53Z,71,75,30,5434,99,1600,2424,0.14
2026-09-13T01:02:55Z,74,75,30,5434,100,1600,2425,0.21
2026-09-13T01:02:57Z,74,75,30,5403,100,1600,2424,0.21
2026-09-13T01:02:59Z,74,75,30,5434,100,1348,1702,0.21
2026-09-13T01:03:01Z,74,75,30,5434,100,1600,1702,0.19
2026-09-13T01:03:03Z,74,75,30,5434,100,1522,1413,0.19
2026-09-13T01:03:05Z,71,75,30,5434,100,1391,1702,0.26
2026-09-13T01:03:08Z,72,74,30,5434,99,1377,1400,0.26
2026-09-13T01:03:10Z,72,74,30,5434,100,1416,1400,0.26
2026-09-13T01:03:12Z,74,74,30,5387,100,1341,1702,0.24
2026-09-13T01:03:14Z,75,75,30,5387,99,1352,1400,0.24
2026-09-13T01:03:16Z,71,75,30,5434,99,1600,1702,0.22
2026-09-13T01:03:18Z,73,75,30,5387,99,1287,1400,0.22
2026-09-13T01:03:20Z,75,75,30,5387,99,1355,1702,0.22
2026-09-13T01:03:22Z,75,76,30,5434,100,1556,1702,0.20
2026-09-13T01:03:24Z,72,76,30,5434,100,1388,1702,0.20
2026-09-13T01:03:26Z,76,76,30,5434,100,1552,1702,0.18
2026-09-13T01:03:28Z,78,76,30,5434,99,1485,1702,0.18
2026-09-13T01:03:30Z,75,76,30,5387,99,1600,2424,0.17
2026-09-13T01:03:32Z,74,76,30,5434,99,1516,2424,0.17
2026-09-13T01:03:34Z,75,76,30,5434,100,1600,1702,0.17
2026-09-13T01:03:37Z,74,76,30,5434,99,1302,1702,0.15
2026-09-13T01:03:39Z,75,76,30,5434,100,1527,1399,0.15
2026-09-13T01:03:41Z,75,76,30,5434,100,1541,1702,0.14
2026-09-13T01:03:43Z,71,76,30,5434,99,1600,2424,0.14
2026-09-13T01:03:45Z,78,76,30,5434,100,1392,1702,0.14
2026-09-13T01:03:47Z,73,76,30,5387,99,1600,2424,0.13
2026-09-13T01:03:49Z,71,76,30,5434,100,1600,2424,0.13
2026-09-13T01:03:51Z,72,76,30,5434,99,1296,1702,0.12
2026-09-13T01:03:53Z,71,76,30,5434,99,1600,1702,0.12
2026-09-13T01:03:55Z,78,76,30,5434,99,1385,1702,0.19
2026-09-13T01:03:57Z,71,76,30,5403,99,1600,2424,0.19
2026-09-13T01:03:59Z,75,76,30,5434,99,1403,1702,0.19
2026-09-13T01:04:01Z,75,75,30,5434,100,1466,1702,0.17
2026-09-13T01:04:03Z,71,75,30,5403,100,1600,1702,0.17
2026-09-13T01:04:06Z,74,75,30,5434,100,1600,1399,0.16
2026-09-13T01:04:08Z,75,75,30,5403,100,1422,2424,0.16
2026-09-13T01:04:10Z,75,75,30,5434,100,1600,1702,0.16
2026-09-13T01:04:12Z,71,75,30,5434,100,1600,2424,0.15
2026-09-13T01:04:14Z,70,75,30,5434,99,1600,2424,0.15
2026-09-13T01:04:16Z,70,75,30,5434,99,1600,2426,0.14
2026-09-13T01:04:18Z,70,75,30,5434,99,1600,2424,0.14
2026-09-13T01:04:20Z,71,75,30,5403,99,1600,2425,0.14
2026-09-13T01:04:22Z,71,75,30,5387,100,1600,2425,0.12
2026-09-13T01:04:24Z,75,75,30,5387,100,1600,2425,0.12
2026-09-13T01:04:26Z,74,75,30,5434,100,1600,1702,0.11
2026-09-13T01:04:28Z,74,75,30,5434,99,1534,1702,0.11
2026-09-13T01:04:30Z,71,75,30,5403,100,1353,2425,0.18
2026-09-13T01:04:32Z,73,74,30,5434,99,1427,1702,0.18
2026-09-13T01:04:34Z,72,74,30,5434,99,200,1399,0.18
2026-09-13T01:04:36Z,74,73,30,5387,100,1480,1702,0.25
2026-09-13T01:04:39Z,75,74,30,5387,99,1600,1702,0.25
2026-09-13T01:04:41Z,75,75,30,5434,99,1600,1702,0.23
2026-09-13T01:04:43Z,75,75,30,5434,99,1532,1702,0.23
2026-09-13T01:04:45Z,75,75,30,5434,99,1503,1702,0.23
2026-09-13T01:04:47Z,76,76,30,5387,100,1384,1702,0.21
2026-09-13T01:04:49Z,75,76,30,5387,100,1315,2424,0.21
2026-09-13T01:04:51Z,75,76,30,5434,100,1512,1702,0.19
2026-09-13T01:04:53Z,77,76,30,5387,100,1313,2424,0.19
2026-09-13T01:04:55Z,78,76,30,5434,99,1390,1702,0.19
2026-09-13T01:04:57Z,76,76,30,5403,100,1600,1702,0.18
2026-09-13T01:04:59Z,75,76,30,5434,100,1600,1702,0.18
2026-09-13T01:05:01Z,75,76,30,5434,100,1600,1702,0.16
2026-09-13T01:05:03Z,75,76,30,5434,100,1600,1702,0.16
2026-09-13T01:05:05Z,75,76,30,5434,99,1477,1702,0.15
2026-09-13T01:05:07Z,77,76,30,5387,100,1294,2424,0.15
2026-09-13T01:05:10Z,76,76,30,5403,100,1385,1702,0.15
2026-09-13T01:05:12Z,71,76,30,5387,100,1600,1702,0.14
2026-09-13T01:05:14Z,76,76,30,5403,99,1365,1702,0.14
2026-09-13T01:05:16Z,77,76,30,5403,99,1368,1702,0.13
2026-09-13T01:05:18Z,75,76,30,5434,99,1523,1702,0.13
2026-09-13T01:05:20Z,75,76,30,5387,100,1600,2425,0.13
2026-09-13T01:05:22Z,72,76,30,5434,100,1600,2425,0.12
2026-09-13T01:05:24Z,71,75,30,5434,100,1600,2424,0.12
2026-09-13T01:05:26Z,74,75,30,5403,100,1600,1702,0.11
2026-09-13T01:05:28Z,75,75,30,5387,99,1555,1702,0.11
2026-09-13T01:05:30Z,76,75,30,5434,99,1376,1702,0.10
2026-09-13T01:05:32Z,71,75,30,5403,100,1600,1702,0.10
2026-09-13T01:05:34Z,75,75,30,5434,99,1485,1399,0.10
2026-09-13T01:05:36Z,73,75,30,5387,100,1600,2425,0.09
2026-09-13T01:05:39Z,70,75,30,5387,99,1600,2425,0.09
2026-09-13T01:05:41Z,71,75,30,5434,100,1600,2424,0.08
2026-09-13T01:05:43Z,70,75,30,5434,100,1600,2424,0.08
2026-09-13T01:05:45Z,71,75,30,5403,99,1600,2427,0.08
2026-09-13T01:05:47Z,72,75,30,5434,100,1600,2427,0.08
2026-09-13T01:05:49Z,72,75,30,5434,99,1600,2424,0.08
2026-09-13T01:05:51Z,74,75,30,5434,99,1600,1702,0.07
2026-09-13T01:05:53Z,74,75,30,5434,99,1521,1702,0.07
2026-09-13T01:05:55Z,74,75,30,5434,100,1451,1702,0.07
2026-09-13T01:05:57Z,72,74,30,5387,99,1592,1702,0.14
2026-09-13T01:05:59Z,71,74,30,5434,99,1461,1702,0.14
2026-09-13T01:06:01Z,67,73,30,5434,99,1040,2424,0.13
2026-09-13T01:06:03Z,74,74,30,5434,100,1600,2424,0.13
2026-09-13T01:06:05Z,75,74,30,5434,99,1345,2100,0.20
2026-09-13T01:06:07Z,75,75,30,5434,100,1514,1702,0.20
2026-09-13T01:06:09Z,74,75,30,5434,100,1419,2424,0.20
2026-09-13T01:06:12Z,74,75,30,5403,100,1353,1702,0.19
2026-09-13T01:06:14Z,73,76,30,5434,100,1600,1702,0.19
2026-09-13T01:06:16Z,76,76,30,5403,100,1380,1702,0.17
2026-09-13T01:06:18Z,76,76,30,5434,100,1362,1702,0.17
2026-09-13T01:06:20Z,74,76,30,5387,99,1523,1702,0.17
2026-09-13T01:06:22Z,72,76,30,5434,99,1474,1702,0.16
2026-09-13T01:06:24Z,76,76,30,5403,100,1342,1702,0.16
2026-09-13T01:06:26Z,75,76,30,5434,99,1341,1702,0.14
2026-09-13T01:06:28Z,75,76,30,5403,99,1285,2280,0.14
2026-09-13T01:06:30Z,75,76,30,5434,100,1532,1702,0.21
2026-09-13T01:06:32Z,75,76,30,5434,100,1463,1702,0.21
2026-09-13T01:06:34Z,73,76,30,5434,100,1600,2424,0.21
2026-09-13T01:06:36Z,75,76,30,5434,100,1376,1702,0.20
2026-09-13T01:06:38Z,75,76,30,5434,100,1600,1796,0.20
2026-09-13T01:06:41Z,71,76,30,5434,99,1600,2424,0.18
2026-09-13T01:06:43Z,75,76,30,5434,99,1310,2426,0.18
2026-09-13T01:06:45Z,73,76,30,5434,99,1600,1399,0.18
2026-09-13T01:06:47Z,74,76,30,5434,99,1310,1399,0.16
2026-09-13T01:06:49Z,73,75,30,5403,99,1600,2425,0.16
2026-09-13T01:06:51Z,75,75,30,5403,100,1351,1702,0.15
2026-09-13T01:06:53Z,76,75,30,5434,100,1307,2424,0.15
2026-09-13T01:06:55Z,75,75,30,5403,100,1522,1702,0.15
2026-09-13T01:06:57Z,75,75,30,5387,100,1458,1702,0.14
2026-09-13T01:06:59Z,74,75,30,5434,99,1600,1702,0.14
2026-09-13T01:07:01Z,77,75,30,5434,100,1400,1702,0.13
2026-09-13T01:07:03Z,75,75,30,5387,100,1600,2424,0.13
2026-09-13T01:07:05Z,75,75,30,5403,100,1600,2425,0.12
2026-09-13T01:07:07Z,71,75,30,5387,100,1600,2424,0.12
2026-09-13T01:07:09Z,71,75,30,5387,99,1600,2425,0.12
2026-09-13T01:07:11Z,75,75,30,5387,100,1600,2425,0.11
2026-09-13T01:07:14Z,75,75,30,5434,100,1600,2424,0.11
2026-09-13T01:07:16Z,75,75,30,5387,100,1333,1702,0.18
2026-09-13T01:07:18Z,75,75,30,5387,100,1600,1399,0.18
2026-09-13T01:07:20Z,74,75,30,5434,100,1536,1702,0.18
2026-09-13T01:07:22Z,72,74,30,5434,100,1555,1702,0.16
2026-09-13T01:07:24Z,71,74,30,5434,100,1406,1399,0.16
2026-09-13T01:07:26Z,72,74,30,5434,99,1489,1400,0.15
2026-09-13T01:07:28Z,74,73,30,5403,100,1330,1702,0.15
2026-09-13T01:07:30Z,74,74,30,5403,100,1337,1702,0.15
2026-09-13T01:07:32Z,72,75,30,5403,100,1600,1702,0.14
2026-09-13T01:07:34Z,71,75,30,5434,99,1392,1400,0.14
2026-09-13T01:07:36Z,74,75,30,5434,99,1389,1702,0.21
2026-09-13T01:07:38Z,75,75,30,5434,100,1483,1702,0.21
2026-09-13T01:07:41Z,71,75,30,5434,99,1600,1702,0.19
2026-09-13T01:07:43Z,75,76,30,5387,100,1600,1702,0.19
2026-09-13T01:07:45Z,76,76,30,5403,100,1361,1702,0.19
2026-09-13T01:07:47Z,75,76,30,5434,100,1525,1702,0.18
2026-09-13T01:07:49Z,71,76,30,5434,99,1600,2425,0.18
2026-09-13T01:07:51Z,74,76,30,5434,99,1600,2424,0.16
2026-09-13T01:07:53Z,73,76,30,5403,100,1600,2427,0.16
2026-09-13T01:07:55Z,77,76,30,5387,100,1371,1702,0.16
2026-09-13T01:07:57Z,77,76,30,5434,100,1477,1702,0.15
2026-09-13T01:07:59Z,74,76,30,5434,99,1600,2424,0.15
2026-09-13T01:08:01Z,77,76,30,5387,99,1365,1702,0.14
2026-09-13T01:08:03Z,74,76,30,5387,99,1600,2424,0.14
2026-09-13T01:08:05Z,72,76,30,5403,100,1600,2424,0.12
2026-09-13T01:08:07Z,74,76,30,5434,100,1342,1702,0.12
2026-09-13T01:08:09Z,74,76,30,5387,99,1308,1702,0.12
2026-09-13T01:08:12Z,77,76,30,5387,99,1468,1702,0.11
2026-09-13T01:08:14Z,70,75,30,5434,99,1600,2424,0.11
2026-09-13T01:08:16Z,74,75,30,5403,100,1533,1702,0.11
2026-09-13T01:08:18Z,75,75,30,5387,100,1600,1702,0.11
2026-09-13T01:08:20Z,77,75,30,5403,99,1365,1702,0.11
2026-09-13T01:08:22Z,71,75,30,5403,99,1364,1702,0.10
2026-09-13T01:08:24Z,75,75,30,5434,100,1466,2424,0.10
2026-09-13T01:08:26Z,74,75,30,5434,100,1600,2424,0.09
2026-09-13T01:08:28Z,70,75,30,5403,100,1600,2424,0.09
2026-09-13T01:08:30Z,70,75,30,5434,99,1600,2425,0.09
2026-09-13T01:08:32Z,70,75,30,5403,100,1600,2425,0.08
2026-09-13T01:08:34Z,70,75,30,5403,99,1600,2424,0.08
2026-09-13T01:08:36Z,70,75,30,5434,99,1600,2425,0.16
2026-09-13T01:08:38Z,71,75,30,5434,100,1600,2424,0.16
2026-09-13T01:08:40Z,74,75,30,5434,100,1600,2425,0.22
2026-09-13T01:08:42Z,74,75,30,5403,100,1600,1702,0.22
2026-09-13T01:08:44Z,74,74,30,5434,100,1527,1702,0.22
2026-09-13T01:08:47Z,70,74,30,5434,100,1358,2424,0.20
2026-09-13T01:08:49Z,71,74,30,5434,100,1369,1702,0.20
2026-09-13T01:08:51Z,71,73,30,5387,100,1587,1702,0.19
2026-09-13T01:08:53Z,74,73,30,5403,99,1600,1702,0.19
2026-09-13T01:08:55Z,74,74,30,5434,100,1334,1702,0.19
2026-09-13T01:08:57Z,71,75,30,5387,99,1600,1702,0.17
2026-09-13T01:08:59Z,74,75,30,5434,99,1352,1702,0.17
2026-09-13T01:09:01Z,74,75,30,5434,99,1600,2363,0.24
2026-09-13T01:09:03Z,74,75,30,5403,100,1506,1702,0.24
2026-09-13T01:09:05Z,74,75,30,5434,99,1324,2424,0.38
2026-09-13T01:09:07Z,74,75,30,5387,99,1600,2424,0.38
2026-09-13T01:09:09Z,75,76,30,5387,99,1428,2424,0.38
2026-09-13T01:09:11Z,75,76,30,5434,100,1378,1702,0.35
2026-09-13T01:09:13Z,71,76,30,5434,100,1524,1702,0.35
2026-09-13T01:09:16Z,73,76,30,5403,99,1600,1702,0.32
2026-09-13T01:09:18Z,75,76,30,5387,99,1317,1702,0.32
2026-09-13T01:09:20Z,73,76,30,5434,100,1600,2426,0.32
2026-09-13T01:09:22Z,75,76,30,5434,100,1542,1702,0.30
2026-09-13T01:09:24Z,77,76,30,5434,100,1322,2424,0.30
2026-09-13T01:09:26Z,75,76,30,5387,100,1375,1702,0.27
2026-09-13T01:09:28Z,72,76,30,5387,100,1324,1400,0.27
2026-09-13T01:09:30Z,75,76,30,5403,99,1493,1702,0.27
2026-09-13T01:09:32Z,74,76,30,5434,100,1417,1702,0.25
2026-09-13T01:09:34Z,75,75,30,5403,99,1600,1702,0.25
2026-09-13T01:09:36Z,74,75,30,5434,99,1600,2425,0.23
2026-09-13T01:09:38Z,72,75,30,5387,100,1600,2424,0.23
2026-09-13T01:09:40Z,71,75,30,5403,99,1600,1702,0.21
2026-09-13T01:09:42Z,71,75,30,5434,100,1386,1702,0.21
2026-09-13T01:09:45Z,75,75,30,5434,99,1600,1702,0.21
2026-09-13T01:09:47Z,75,75,30,5434,99,1376,1702,0.19
2026-09-13T01:09:49Z,76,75,30,5403,100,1377,1702,0.19
2026-09-13T01:09:51Z,74,75,30,5387,99,1353,1702,0.18
2026-09-13T01:09:53Z,71,75,30,5387,99,1600,2424,0.18
2026-09-13T01:09:55Z,70,75,30,5387,99,1600,2424,0.18
2026-09-13T01:09:57Z,70,75,30,5403,100,1600,2424,0.16
2026-09-13T01:09:59Z,70,75,30,5403,100,1600,2425,0.16
2026-09-13T01:10:01Z,69,75,30,5434,99,1600,2424,0.23
2026-09-13T01:10:03Z,70,75,30,5403,99,1600,2424,0.23
2026-09-13T01:10:05Z,71,75,30,5434,99,1600,2425,0.23
2026-09-13T01:10:07Z,74,75,30,5434,99,1313,1702,0.29
2026-09-13T01:10:09Z,74,75,30,5387,99,1600,1702,0.29
2026-09-13T01:10:11Z,74,75,30,5387,99,1515,1446,0.27
2026-09-13T01:10:13Z,70,74,30,5387,99,1419,1702,0.27
2026-09-13T01:10:15Z,72,74,30,5403,100,1416,1399,0.25
2026-09-13T01:10:18Z,70,73,30,5434,100,1427,2425,0.25
2026-09-13T01:10:20Z,71,74,30,5387,99,1600,1702,0.25
2026-09-13T01:10:22Z,73,75,30,5434,100,1600,1702,0.23
2026-09-13T01:10:24Z,74,75,30,5434,100,1357,1702,0.23
2026-09-13T01:10:26Z,74,75,30,5403,100,1600,2425,0.29
2026-09-13T01:10:28Z,75,75,30,5434,99,1466,1702,0.29
2026-09-13T01:10:30Z,75,75,30,5387,99,1395,2424,0.29
2026-09-13T01:10:32Z,75,75,30,5403,100,1532,1702,0.35
2026-09-13T01:10:34Z,75,76,30,5434,100,1463,1702,0.35
2026-09-13T01:10:36Z,75,76,30,5434,100,1570,1702,0.32
2026-09-13T01:10:38Z,75,76,30,5434,99,1353,1702,0.32
2026-09-13T01:10:40Z,74,76,30,5434,99,1339,1702,0.29
2026-09-13T01:10:42Z,77,76,30,5387,100,1412,1702,0.29
2026-09-13T01:10:44Z,74,76,30,5403,99,1257,2424,0.29
2026-09-13T01:10:46Z,75,76,30,5387,99,1600,1702,0.27
2026-09-13T01:10:49Z,74,76,30,5434,100,1600,2329,0.27
2026-09-13T01:10:51Z,74,76,30,5434,99,1600,2093,0.25
2026-09-13T01:10:53Z,75,76,30,5387,99,1463,1702,0.25
2026-09-13T01:10:55Z,75,76,30,5434,100,1600,2065,0.25
2026-09-13T01:10:57Z,75,76,30,5403,99,1600,1702,0.23
2026-09-13T01:10:59Z,76,75,30,5387,99,1251,2424,0.23
2026-09-13T01:11:01Z,71,75,30,5403,99,1600,1702,0.21
2026-09-13T01:11:03Z,70,75,30,5434,100,1600,2424,0.21
2026-09-13T01:11:05Z,76,75,30,5434,99,1463,1702,0.21
2026-09-13T01:11:07Z,75,75,30,5434,100,1345,1702,0.19
2026-09-13T01:11:09Z,78,75,30,5434,100,1316,2427,0.19
2026-09-13T01:11:11Z,75,75,30,5434,99,1534,1399,0.18
2026-09-13T01:11:13Z,75,75,30,5403,99,1379,1702,0.18
2026-09-13T01:11:15Z,73,75,30,5403,100,1600,2424,0.16
2026-09-13T01:11:17Z,70,75,30,5403,99,1600,2424,0.16
2026-09-13T01:11:20Z,70,75,30,5403,99,1600,2424,0.16
2026-09-13T01:11:22Z,71,75,30,5387,99,1600,2424,0.23
2026-09-13T01:11:24Z,70,75,30,5434,99,1600,1557,0.23
2026-09-13T01:11:26Z,73,75,30,5434,99,1257,2424,0.29
2026-09-13T01:11:28Z,70,75,30,5434,100,1600,2424,0.29
2026-09-13T01:11:30Z,70,75,30,5387,99,1600,2424,0.29
2026-09-13T01:11:32Z,73,75,30,5434,99,1600,1702,0.35
2026-09-13T01:11:34Z,74,74,30,5434,100,1391,1702,0.35
2026-09-13T01:11:36Z,76,75,30,5403,99,1358,1702,0.32
2026-09-13T01:11:38Z,70,74,30,5434,100,1407,1399,0.32
2026-09-13T01:11:40Z,71,74,30,5403,100,1372,1702,0.32
2026-09-13T01:11:42Z,66,73,30,5403,0,200,2424,0.37
2026-09-13T01:11:44Z,75,73,30,5434,100,1362,1702,0.37
2026-09-13T01:11:46Z,75,75,30,5434,99,1474,1399,0.34
2026-09-13T01:11:48Z,73,75,30,5403,99,1315,1702,0.34
2026-09-13T01:11:50Z,76,75,30,5387,99,1355,1400,0.32
2026-09-13T01:11:53Z,75,75,30,5403,99,1600,1882,0.32
2026-09-13T01:11:55Z,74,75,30,5434,99,1452,1702,0.32
2026-09-13T01:11:57Z,78,76,30,5387,99,1379,1702,0.37
2026-09-13T01:11:59Z,74,76,30,5434,99,1314,1702,0.37
2026-09-13T01:12:01Z,75,76,30,5434,100,1470,1423,0.42
2026-09-13T01:12:03Z,75,76,30,5403,100,1600,1702,0.42
2026-09-13T01:12:05Z,76,76,30,5387,100,1323,2424,0.42
2026-09-13T01:12:07Z,71,76,30,5434,99,1600,1702,0.39
2026-09-13T01:12:09Z,72,76,30,5434,99,1373,2424,0.39
2026-09-13T01:12:11Z,75,76,30,5387,100,1506,1702,0.36
2026-09-13T01:12:13Z,75,76,30,5434,99,1420,1702,0.36
2026-09-13T01:12:15Z,75,76,30,5434,99,1600,1801,0.33
2026-09-13T01:12:17Z,75,76,30,5434,100,1467,1400,0.33
2026-09-13T01:12:19Z,72,76,30,5387,100,1600,2425,0.33
2026-09-13T01:12:22Z,73,76,30,5434,99,1600,1702,0.30
2026-09-13T01:12:24Z,75,76,30,5403,100,1361,1702,0.30
2026-09-13T01:12:26Z,75,75,30,5434,100,1473,1399,0.28
2026-09-13T01:12:28Z,75,75,30,5387,100,1355,1702,0.28
2026-09-13T01:12:30Z,76,75,30,5434,100,1439,1702,0.28
2026-09-13T01:12:32Z,74,75,30,5403,99,1318,1399,0.25
2026-09-13T01:12:34Z,75,75,30,5434,100,1340,1400,0.25
2026-09-13T01:12:36Z,75,75,30,5403,99,1600,1702,0.23
2026-09-13T01:12:38Z,70,75,30,5434,100,1600,2424,0.23
2026-09-13T01:12:40Z,76,75,30,5403,100,1287,2425,0.23
2026-09-13T01:12:42Z,75,75,30,5434,99,1350,1556,0.30
2026-09-13T01:12:44Z,70,75,30,5403,99,1528,1702,0.30
2026-09-13T01:12:46Z,71,75,30,5387,100,1465,1702,0.35
2026-09-13T01:12:48Z,76,75,30,5387,99,1406,1702,0.35
2026-09-13T01:12:51Z,74,75,30,5434,100,1405,2425,0.40
2026-09-13T01:12:53Z,76,75,30,5403,99,1360,1702,0.40
2026-09-13T01:12:55Z,76,75,30,5387,100,1354,1702,0.40
2026-09-13T01:12:57Z,73,75,30,5403,99,1398,1702,0.37
2026-09-13T01:12:59Z,70,75,30,5403,100,1600,2424,0.37
2026-09-13T01:13:01Z,75,75,30,5434,100,1600,2235,0.34
2026-09-13T01:13:03Z,71,75,30,5434,100,1453,1702,0.34
2026-09-13T01:13:05Z,71,74,30,5434,99,1553,1702,0.34
2026-09-13T01:13:07Z,71,74,30,5387,99,1418,1400,0.39
2026-09-13T01:13:09Z,61,73,30,5434,0,200,2424,0.39
2026-09-13T01:13:11Z,58,71,30,5403,0,200,2426,0.44
2026-09-13T01:13:13Z,57,69,30,5108,9,1040,2424,0.44
2026-09-13T01:13:15Z,56,67,30,5108,13,1040,2425,0.49
2026-09-13T01:13:17Z,55,64,30,5067,0,200,2424,0.49
2026-09-13T01:13:19Z,54,63,30,4290,0,200,2424,0.49
2026-09-13T01:13:21Z,58,62,30,4261,100,1040,2424,0.53
2026-09-13T01:13:24Z,68,66,30,3750,100,1600,1702,0.53
2026-09-13T01:13:26Z,67,68,30,3453,99,1600,1399,0.49
2026-09-13T01:13:28Z,68,70,30,3440,99,1391,1702,0.49
2026-09-13T01:13:30Z,71,71,30,3654,99,1378,1702,0.49
2026-09-13T01:13:32Z,69,72,30,3842,100,1598,1702,0.45
2026-09-13T01:13:34Z,69,73,30,4032,100,1445,1702,0.45
2026-09-13T01:13:36Z,73,73,30,4213,99,1600,2425,0.49
2026-09-13T01:13:38Z,73,73,30,4432,100,1427,1702,0.49
2026-09-13T01:13:40Z,74,74,30,4573,99,1388,1702,0.49
2026-09-13T01:13:42Z,74,75,30,4746,99,1369,1702,0.45
2026-09-13T01:13:44Z,74,75,30,4986,100,1320,2427,0.45
2026-09-13T01:13:46Z,76,75,30,5040,100,1375,1702,0.42
2026-09-13T01:13:48Z,75,75,30,5208,100,1375,1702,0.42
2026-09-13T01:13:50Z,74,75,30,5179,100,1459,2426,0.46
2026-09-13T01:13:52Z,75,75,30,5165,99,1374,1702,0.46
2026-09-13T01:13:55Z,75,75,30,5208,100,1427,1702,0.46
2026-09-13T01:13:57Z,75,76,30,5208,100,1380,1702,0.51
2026-09-13T01:13:59Z,74,76,30,5237,100,1599,2425,0.51
2026-09-13T01:14:01Z,76,76,30,5252,100,1374,1702,0.47
2026-09-13T01:14:03Z,77,76,30,5252,99,1381,1702,0.47
2026-09-13T01:14:05Z,74,76,30,5237,99,1600,1702,0.47
2026-09-13T01:14:07Z,75,76,30,5252,99,1331,2426,0.51
2026-09-13T01:14:09Z,75,76,30,5237,100,1374,1702,0.51
2026-09-13T01:14:11Z,75,76,30,5252,99,1418,1409,0.47
2026-09-13T01:14:13Z,73,76,30,5252,99,1600,2424,0.47
2026-09-13T01:14:15Z,72,75,30,5252,100,1600,1702,0.47
2026-09-13T01:14:17Z,75,75,30,5237,100,1386,1702,0.43
2026-09-13T01:14:19Z,71,75,30,5281,99,1600,1702,0.43
2026-09-13T01:14:21Z,75,75,30,5237,100,1334,2425,0.39
2026-09-13T01:14:23Z,75,75,30,5252,100,1372,1702,0.39
2026-09-13T01:14:26Z,71,75,30,5252,100,1600,1702,0.36
2026-09-13T01:14:28Z,76,75,30,5237,99,1430,1702,0.36
2026-09-13T01:14:30Z,74,75,30,5252,100,1379,2424,0.36
2026-09-13T01:14:32Z,75,75,30,5281,100,1600,1702,0.41
2026-09-13T01:14:34Z,75,75,30,5281,99,1328,1702,0.41
2026-09-13T01:14:36Z,75,75,30,5237,100,1375,1702,0.38
2026-09-13T01:14:38Z,75,75,30,5237,100,1353,2424,0.38
2026-09-13T01:14:40Z,75,75,30,5281,99,1387,1702,0.38
2026-09-13T01:14:42Z,75,75,30,5252,100,1409,1702,0.35
2026-09-13T01:14:44Z,75,75,30,5252,100,1600,1702,0.35
2026-09-13T01:14:46Z,74,75,30,5252,100,1594,2425,0.40
2026-09-13T01:14:48Z,75,75,30,5281,100,1382,1702,0.40
2026-09-13T01:14:50Z,75,75,30,5237,99,1600,2238,0.37
2026-09-13T01:14:52Z,72,75,30,5281,99,1600,2424,0.37
2026-09-13T01:14:55Z,75,75,30,5237,100,1600,2424,0.37
2026-09-13T01:14:57Z,75,75,30,5281,99,1382,1702,0.42
2026-09-13T01:14:59Z,75,75,30,5281,100,1383,1702,0.42
2026-09-13T01:15:01Z,75,75,30,5281,100,1380,1702,0.39
2026-09-13T01:15:03Z,74,75,30,5281,100,1341,2424,0.39
2026-09-13T01:15:05Z,75,75,30,5281,100,1382,1702,0.39
2026-09-13T01:15:07Z,76,75,30,5237,100,1380,1702,0.36
2026-09-13T01:15:09Z,75,75,30,5281,99,1340,1702,0.36
2026-09-13T01:15:11Z,74,75,30,5252,100,1330,2424,0.41
2026-09-13T01:15:13Z,75,75,30,5252,100,1390,1702,0.41
2026-09-13T01:15:15Z,75,75,30,5281,100,1374,1702,0.41
2026-09-13T01:15:17Z,75,75,30,5252,99,1600,1702,0.54
2026-09-13T01:15:19Z,74,75,30,5281,99,1341,2425,0.54
2026-09-13T01:15:21Z,70,75,30,5281,100,1600,2424,0.49
2026-09-13T01:15:23Z,72,75,30,5281,99,1600,2424,0.49
2026-09-13T01:15:26Z,74,75,30,5281,100,1388,1702,0.45
2026-09-13T01:15:28Z,76,75,30,5281,99,1378,1399,0.45
2026-09-13T01:15:30Z,68,75,30,5281,100,1040,2424,0.45
2026-09-13T01:15:32Z,72,74,30,5281,100,1403,1702,0.42
2026-09-13T01:15:34Z,71,74,30,5281,100,1410,1702,0.42
2026-09-13T01:15:36Z,74,73,30,5237,100,1393,1702,0.46
2026-09-13T01:15:38Z,75,74,30,5281,99,1370,1399,0.46
2026-09-13T01:15:40Z,75,75,30,5237,99,1391,1702,0.46
2026-09-13T01:15:42Z,75,75,30,5281,99,1380,1702,0.43
2026-09-13T01:15:44Z,75,75,30,5281,100,1372,1702,0.43
2026-09-13T01:15:46Z,75,75,30,5237,100,1432,1702,0.39
2026-09-13T01:15:48Z,75,76,30,5237,100,1369,1702,0.39
2026-09-13T01:15:50Z,75,76,30,5281,99,1379,1702,0.36
2026-09-13T01:15:52Z,75,76,30,5281,99,1391,1702,0.36
2026-09-13T01:15:55Z,75,76,30,5281,99,1412,1702,0.36
2026-09-13T01:15:57Z,75,76,30,5281,99,1334,2424,0.33
2026-09-13T01:15:59Z,72,76,30,5281,99,1600,1702,0.33
2026-09-13T01:16:01Z,75,76,30,5281,99,1599,1702,0.30
2026-09-13T01:16:03Z,75,76,30,5281,99,1600,1702,0.30
2026-09-13T01:16:05Z,75,76,30,5281,100,1349,2424,0.30
2026-09-13T01:16:07Z,75,76,30,5281,99,1379,1399,0.28
2026-09-13T01:16:09Z,77,76,30,5281,100,1381,1702,0.28
2026-09-13T01:16:11Z,71,76,30,5281,100,1596,1400,0.26
2026-09-13T01:16:13Z,75,76,30,5281,100,1438,1400,0.26
2026-09-13T01:16:15Z,75,76,30,5252,99,1378,1702,0.26
2026-09-13T01:16:17Z,72,76,30,5281,99,1600,2424,0.24
2026-09-13T01:16:19Z,75,76,30,5281,100,1322,2424,0.24
2026-09-13T01:16:21Z,75,76,30,5281,99,1600,1702,0.38
2026-09-13T01:16:24Z,76,76,30,5281,99,1390,1702,0.38
2026-09-13T01:16:26Z,77,76,30,5252,100,1387,1702,0.35
2026-09-13T01:16:28Z,75,76,30,5237,100,1344,2424,0.35
2026-09-13T01:16:30Z,72,76,30,5237,99,1342,1399,0.35
2026-09-13T01:16:32Z,75,76,30,5252,100,1371,1702,0.32
2026-09-13T01:16:34Z,72,76,30,5281,99,1600,2425,0.32
2026-09-13T01:16:36Z,74,76,30,5281,100,1315,2424,0.37
2026-09-13T01:16:38Z,75,76,30,5281,100,1378,1702,0.37
2026-09-13T01:16:40Z,75,76,30,5281,99,1387,1702,0.37
2026-09-13T01:16:42Z,77,76,30,5237,100,1382,1400,0.34
2026-09-13T01:16:44Z,75,76,30,5281,100,1376,1702,0.34
2026-09-13T01:16:46Z,75,76,30,5281,100,1407,1702,0.32
2026-09-13T01:16:48Z,75,76,30,5252,99,1600,1702,0.32
2026-09-13T01:16:50Z,77,76,30,5281,99,1366,1702,0.29
2026-09-13T01:16:53Z,75,75,30,5281,99,1364,1702,0.29
2026-09-13T01:16:55Z,75,75,30,5281,99,1422,1702,0.29
2026-09-13T01:16:57Z,76,75,30,5281,100,1419,1702,0.27
2026-09-13T01:16:59Z,75,75,30,5281,100,1600,2424,0.27
2026-09-13T01:17:01Z,75,75,30,5281,100,1600,1702,0.33
2026-09-13T01:17:03Z,75,75,30,5281,100,1600,1702,0.33
2026-09-13T01:17:05Z,72,75,30,5281,99,1406,1702,0.33
2026-09-13T01:17:07Z,74,75,30,5281,99,1427,2071,0.30
2026-09-13T01:17:09Z,75,75,30,5281,99,1600,1702,0.30
2026-09-13T01:17:11Z,75,75,30,5281,100,1600,1702,0.28
2026-09-13T01:17:13Z,75,75,30,5281,99,1531,1702,0.28
2026-09-13T01:17:15Z,74,75,30,5281,100,1367,1702,0.41
2026-09-13T01:17:17Z,75,75,30,5281,100,1373,1702,0.41
2026-09-13T01:17:19Z,75,75,30,5281,99,1387,1702,0.41
2026-09-13T01:17:22Z,75,75,30,5237,100,1370,1702,0.38
2026-09-13T01:17:24Z,76,75,30,5281,100,1369,1702,0.38
2026-09-13T01:17:26Z,74,75,30,5281,100,1600,1702,0.43
2026-09-13T01:17:28Z,75,75,30,5281,99,1374,1702,0.43
2026-09-13T01:17:30Z,75,75,30,5281,99,1377,1702,0.43
2026-09-13T01:17:32Z,75,75,30,5281,99,1346,1702,0.40
2026-09-13T01:17:34Z,74,75,30,5281,100,1351,2424,0.40
2026-09-13T01:17:36Z,77,75,30,5281,100,1379,1702,0.36
2026-09-13T01:17:38Z,74,75,30,5237,99,1600,1702,0.36
2026-09-13T01:17:40Z,75,75,30,5281,100,1416,1702,0.36
2026-09-13T01:17:42Z,71,75,30,5281,99,1600,2318,0.33
2026-09-13T01:17:44Z,72,74,30,5237,99,1459,1702,0.33
2026-09-13T01:17:46Z,72,74,30,5281,100,1352,1399,0.31
2026-09-13T01:17:48Z,72,73,30,5281,99,1365,1702,0.31
2026-09-13T01:17:51Z,75,74,30,5281,100,1360,1702,0.28
2026-09-13T01:17:53Z,74,75,30,5281,100,1362,1702,0.28
2026-09-13T01:17:55Z,75,75,30,5281,99,1373,1702,0.28
2026-09-13T01:17:57Z,74,75,30,5281,100,1392,1702,0.26
2026-09-13T01:17:59Z,75,75,30,5281,100,1385,1702,0.26
2026-09-13T01:18:01Z,75,76,30,5281,100,1389,1702,0.24
2026-09-13T01:18:03Z,75,76,30,5281,100,1346,2424,0.24
2026-09-13T01:18:05Z,75,76,30,5281,100,1377,1702,0.24
2026-09-13T01:18:07Z,75,76,30,5281,99,1382,1702,0.22
2026-09-13T01:18:09Z,75,76,30,5237,99,1382,1702,0.22
2026-09-13T01:18:11Z,75,76,30,5281,99,1331,2425,0.28
2026-09-13T01:18:13Z,75,76,30,5281,100,1600,1702,0.28
2026-09-13T01:18:15Z,75,76,30,5237,99,1600,1702,0.26
2026-09-13T01:18:17Z,75,76,30,5252,100,1521,1849,0.26
2026-09-13T01:18:20Z,74,76,30,5281,100,1394,1702,0.26
2026-09-13T01:18:22Z,75,76,30,5281,99,1376,1702,0.24
2026-09-13T01:18:24Z,76,76,30,5281,100,1376,1702,0.24
2026-09-13T01:18:26Z,75,76,30,5281,100,1600,2426,0.30
2026-09-13T01:18:28Z,76,76,30,5281,99,1372,1399,0.30
2026-09-13T01:18:30Z,77,76,30,5281,100,1380,1702,0.30
2026-09-13T01:18:32Z,75,76,30,5281,100,1600,1702,0.36
2026-09-13T01:18:34Z,75,76,30,5281,99,1331,2424,0.36
2026-09-13T01:18:36Z,76,76,30,5281,100,1378,1702,0.33
2026-09-13T01:18:38Z,75,76,30,5252,99,1375,1702,0.33
2026-09-13T01:18:40Z,74,76,30,5281,99,1600,1400,0.33
2026-09-13T01:18:42Z,75,76,30,5281,100,1378,1702,0.38
2026-09-13T01:18:44Z,74,76,30,5237,100,1600,1702,0.38
2026-09-13T01:18:46Z,76,76,30,5281,100,1375,1702,0.35
2026-09-13T01:18:49Z,75,76,30,5281,99,1334,2424,0.35
2026-09-13T01:18:51Z,74,76,30,5281,100,1600,2425,0.32
2026-09-13T01:18:53Z,70,76,30,5237,100,1600,1702,0.32
2026-09-13T01:18:55Z,75,76,30,5281,100,1400,1702,0.32
2026-09-13T01:18:57Z,74,76,30,5281,100,1318,2427,0.30
2026-09-13T01:18:59Z,75,76,30,5281,100,1600,1702,0.30
2026-09-13T01:19:01Z,76,76,30,5281,100,1381,1702,0.27
2026-09-13T01:19:03Z,75,76,30,5281,99,1419,1702,0.27
2026-09-13T01:19:05Z,75,76,30,5281,99,1340,2425,0.27
2026-09-13T01:19:07Z,74,75,30,5281,100,1372,1702,0.33
2026-09-13T01:19:09Z,75,75,30,5237,100,1369,1399,0.33
2026-09-13T01:19:11Z,71,75,30,5281,99,1600,1702,0.30
2026-09-13T01:19:13Z,74,75,30,5281,100,1331,2425,0.30
2026-09-13T01:19:15Z,75,75,30,5281,99,1600,1702,0.28
2026-09-13T01:19:17Z,71,75,30,5281,99,1469,1400,0.28
2026-09-13T01:19:20Z,76,75,30,5281,100,1378,1702,0.28
2026-09-13T01:19:22Z,76,75,30,5281,99,1288,2424,0.26
2026-09-13T01:19:24Z,75,75,30,5281,100,1600,1702,0.26
2026-09-13T01:19:26Z,75,75,30,5281,100,1600,1702,0.24
2026-09-13T01:19:28Z,75,75,30,5281,100,1600,1702,0.24
2026-09-13T01:19:30Z,74,75,30,5281,99,1333,2424,0.24
2026-09-13T01:19:32Z,75,75,30,5281,99,1405,1702,0.30
2026-09-13T01:19:34Z,75,75,30,5281,100,1375,1702,0.30
2026-09-13T01:19:36Z,76,75,30,5281,100,1378,1702,0.27
2026-09-13T01:19:38Z,74,75,30,5252,99,1424,2424,0.27
2026-09-13T01:19:40Z,74,75,30,5281,99,1390,1702,0.27
2026-09-13T01:19:42Z,74,75,30,5281,100,1374,1702,0.25
2026-09-13T01:19:44Z,70,75,30,5281,100,1323,1702,0.25
2026-09-13T01:19:46Z,69,75,30,5281,99,1600,2424,0.23
2026-09-13T01:19:49Z,74,75,30,5281,100,1410,1702,0.23
2026-09-13T01:19:51Z,76,75,30,5281,99,1381,1702,0.21
2026-09-13T01:19:53Z,75,75,30,5281,100,1600,1400,0.21
2026-09-13T01:19:55Z,74,75,30,5281,99,1393,1399,0.21
2026-09-13T01:19:57Z,70,75,30,5281,100,1268,2424,0.20
2026-09-13T01:19:59Z,72,74,30,5237,99,1414,1702,0.20
2026-09-13T01:20:01Z,72,74,30,5281,11,1546,1401,0.18
2026-09-13T01:20:03Z,67,74,30,5281,99,1040,2424,0.18
2026-09-13T01:20:05Z,74,74,30,5252,99,1380,1702,0.18
2026-09-13T01:20:07Z,75,75,30,5281,99,1370,1702,0.16
2026-09-13T01:20:09Z,75,75,30,5252,100,1400,1702,0.16
2026-09-13T01:20:11Z,75,75,30,5281,99,1384,1399,0.23
2026-09-13T01:20:13Z,75,75,30,5281,100,1400,1702,0.23
2026-09-13T01:20:15Z,75,76,30,5281,100,1444,1702,0.21
2026-09-13T01:20:18Z,75,76,30,5237,100,1347,2424,0.21
2026-09-13T01:20:20Z,75,76,30,5237,100,1386,1702,0.21
2026-09-13T01:20:22Z,75,76,30,5281,99,1377,1702,0.20
2026-09-13T01:20:24Z,75,76,30,5281,99,1380,1702,0.20
2026-09-13T01:20:26Z,75,76,30,5281,99,1369,1702,0.18
2026-09-13T01:20:28Z,74,76,30,5281,99,1382,1702,0.18
2026-09-13T01:20:30Z,71,76,30,5252,99,1598,1702,0.18
2026-09-13T01:20:32Z,74,76,30,5281,99,1325,2424,0.16
2026-09-13T01:20:34Z,75,76,30,5281,100,1376,1702,0.16
2026-09-13T01:20:36Z,77,76,30,5237,100,1379,1400,0.15
2026-09-13T01:20:38Z,74,76,30,5281,100,1354,1702,0.15
2026-09-13T01:20:40Z,75,76,30,5281,100,1325,2424,0.15
2026-09-13T01:20:42Z,78,76,30,5281,99,1379,1702,0.14
2026-09-13T01:20:44Z,75,76,30,5281,100,1600,1702,0.14
2026-09-13T01:20:47Z,75,76,30,5281,99,1364,1399,0.13
2026-09-13T01:20:49Z,77,76,30,5281,99,1380,1702,0.13
2026-09-13T01:20:51Z,75,76,30,5281,100,1379,1702,0.12
2026-09-13T01:20:53Z,77,76,30,5281,99,1368,1702,0.12
2026-09-13T01:20:55Z,74,76,30,5281,99,1340,2424,0.12
2026-09-13T01:20:57Z,71,76,30,5281,100,1385,1702,0.19
2026-09-13T01:20:59Z,75,76,30,5281,100,1388,1702,0.19
2026-09-13T01:21:01Z,71,76,30,5281,100,1344,1702,0.17
2026-09-13T01:21:03Z,75,76,30,5281,100,1329,2424,0.17
2026-09-13T01:21:05Z,75,76,30,5281,99,1370,1400,0.17
2026-09-13T01:21:07Z,72,76,30,5281,100,1600,1702,0.16
2026-09-13T01:21:09Z,76,76,30,5252,99,1380,1702,0.16
2026-09-13T01:21:11Z,74,76,30,5281,100,1343,2424,0.23
2026-09-13T01:21:13Z,75,76,30,5281,99,1377,1702,0.23
2026-09-13T01:21:15Z,72,76,30,5281,99,1600,2424,0.21
2026-09-13T01:21:18Z,71,76,30,5281,100,1600,2424,0.21
2026-09-13T01:21:20Z,70,76,30,5281,99,1600,2425,0.21
2026-09-13T01:21:22Z,70,76,30,5281,99,1600,2424,0.19
2026-09-13T01:21:24Z,70,76,30,5281,99,1600,1399,0.19
2026-09-13T01:21:26Z,75,76,30,5281,100,1380,1702,0.18
2026-09-13T01:21:28Z,74,75,30,5281,100,1334,2424,0.18
2026-09-13T01:21:30Z,76,75,30,5281,99,1380,1702,0.18
2026-09-13T01:21:32Z,75,75,30,5281,99,1363,1702,0.16
2026-09-13T01:21:34Z,74,75,30,5281,99,1359,1702,0.16
2026-09-13T01:21:36Z,74,75,30,5281,100,1333,2424,0.23
2026-09-13T01:21:38Z,70,75,30,5281,99,1600,1400,0.23
2026-09-13T01:21:40Z,69,75,30,5281,100,1600,1741,0.23
2026-09-13T01:21:42Z,69,75,30,5281,99,1600,2425,0.29
2026-09-13T01:21:44Z,71,75,30,5281,100,1600,2424,0.29
2026-09-13T01:21:46Z,74,75,30,5281,99,1399,1702,0.27
2026-09-13T01:21:48Z,75,75,30,5281,100,1381,1401,0.27
2026-09-13T01:21:51Z,75,75,30,5281,99,1378,1400,0.25
2026-09-13T01:21:53Z,75,75,30,5281,99,1341,2424,0.25
2026-09-13T01:21:55Z,74,75,30,5281,99,1374,1702,0.25
2026-09-13T01:21:57Z,74,75,30,5281,99,1600,1702,0.23
2026-09-13T01:21:59Z,74,75,30,5252,99,1448,1399,0.23
2026-09-13T01:22:01Z,75,75,30,5281,100,1334,2426,0.29
2026-09-13T01:22:03Z,74,75,30,5281,100,1398,1702,0.29
2026-09-13T01:22:05Z,74,75,30,5281,100,1349,1702,0.29
2026-09-13T01:22:07Z,69,75,30,5281,99,1600,2426,0.26
2026-09-13T01:22:09Z,73,75,30,5281,100,1600,2424,0.26
2026-09-13T01:22:11Z,72,75,30,5281,99,1358,1399,0.32
2026-09-13T01:22:13Z,72,74,30,5281,99,200,1400,0.32
2026-09-13T01:22:15Z,72,74,30,5252,54,1468,1399,0.38
2026-09-13T01:22:17Z,70,73,30,5281,99,1339,1702,0.38
2026-09-13T01:22:20Z,75,74,30,5281,99,1379,1702,0.38
2026-09-13T01:22:22Z,76,75,30,5281,99,1376,1702,0.35
2026-09-13T01:22:24Z,75,75,30,5281,100,1373,1702,0.35
2026-09-13T01:22:26Z,77,75,30,5281,99,1379,1702,0.32
2026-09-13T01:22:28Z,75,75,30,5237,100,1378,1702,0.32
2026-09-13T01:22:30Z,75,76,30,5281,100,1377,1702,0.32
2026-09-13T01:22:32Z,76,76,30,5281,100,1337,1702,0.37
2026-09-13T01:22:34Z,71,76,30,5281,99,1599,1702,0.37
2026-09-13T01:22:36Z,75,76,30,5281,99,1346,1702,0.34
2026-09-13T01:22:38Z,75,76,30,5281,100,1600,2425,0.34
2026-09-13T01:22:40Z,75,76,30,5281,99,1371,1702,0.34
2026-09-13T01:22:42Z,76,76,30,5281,99,1377,1702,0.32
2026-09-13T01:22:44Z,76,76,30,5281,100,1412,1702,0.32
2026-09-13T01:22:46Z,75,76,30,5237,100,1340,2425,0.37
2026-09-13T01:22:49Z,75,76,30,5281,100,1600,1702,0.37
2026-09-13T01:22:51Z,75,76,30,5281,100,1378,1702,0.34
2026-09-13T01:22:53Z,75,76,30,5281,99,1375,1702,0.34
2026-09-13T01:22:55Z,76,76,30,5281,99,1378,1702,0.34
2026-09-13T01:22:57Z,75,76,30,5281,99,1600,1702,0.31
2026-09-13T01:22:59Z,75,76,30,5281,100,1365,1702,0.31
2026-09-13T01:23:01Z,75,76,30,5281,99,1332,2425,0.37
2026-09-13T01:23:03Z,75,76,30,5281,100,1373,1702,0.37
2026-09-13T01:23:05Z,76,76,30,5281,100,1386,1702,0.37
2026-09-13T01:23:07Z,75,76,30,5281,100,1600,1702,0.34
2026-09-13T01:23:09Z,75,76,30,5281,100,1325,2424,0.34
2026-09-13T01:23:11Z,75,76,30,5281,100,1397,1702,0.31
2026-09-13T01:23:13Z,71,76,30,5281,99,1600,1702,0.31
2026-09-13T01:23:15Z,75,76,30,5281,100,1375,1702,0.29
2026-09-13T01:23:18Z,75,76,30,5281,100,1600,1702,0.29
2026-09-13T01:23:20Z,77,76,30,5281,100,1380,1702,0.29
2026-09-13T01:23:22Z,75,76,30,5281,99,1373,1702,0.26
2026-09-13T01:23:24Z,71,76,30,5281,100,1600,1702,0.26
2026-09-13T01:23:26Z,77,76,30,5281,100,1368,1702,0.32
2026-09-13T01:23:28Z,75,76,30,5281,99,1404,1702,0.32
2026-09-13T01:23:30Z,76,76,30,5281,99,1446,1702,0.32
2026-09-13T01:23:32Z,72,76,30,5281,99,1600,2308,0.30
2026-09-13T01:23:34Z,72,76,30,5281,99,1386,1702,0.30
2026-09-13T01:23:36Z,76,76,30,5281,100,1376,1702,0.27
2026-09-13T01:23:38Z,75,75,30,5281,99,1348,1702,0.27
2026-09-13T01:23:40Z,75,75,30,5281,99,1365,1702,0.27
2026-09-13T01:23:42Z,75,75,30,5281,99,1381,1702,0.41
2026-09-13T01:23:44Z,75,75,30,5281,99,1370,1702,0.41
2026-09-13T01:23:47Z,75,75,30,5281,100,1415,1399,0.38
2026-09-13T01:23:49Z,74,75,30,5281,100,1365,2425,0.38
2026-09-13T01:23:51Z,75,75,30,5281,100,1378,1400,0.35
2026-09-13T01:23:53Z,75,75,30,5281,99,1376,1702,0.35
2026-09-13T01:23:55Z,75,75,30,5281,99,1390,1702,0.35
2026-09-13T01:23:57Z,75,75,30,5281,100,1335,2424,0.32
2026-09-13T01:23:59Z,75,75,30,5281,100,1354,1702,0.32
2026-09-13T01:24:01Z,73,75,30,5281,99,1600,1702,0.29
2026-09-13T01:24:03Z,75,75,30,5281,99,1600,1702,0.29
2026-09-13T01:24:05Z,75,75,30,5281,99,1393,1400,0.29
2026-09-13T01:24:07Z,75,75,30,5281,99,1373,1702,0.35
2026-09-13T01:24:09Z,72,75,30,5281,99,1328,1702,0.35
2026-09-13T01:24:11Z,74,75,30,5281,99,1371,1399,0.32
2026-09-13T01:24:13Z,75,75,30,5281,100,1379,1702,0.32
2026-09-13T01:24:16Z,72,75,30,5237,99,1408,1702,0.38
2026-09-13T01:24:18Z,72,75,30,5281,100,1600,2426,0.38
2026-09-13T01:24:20Z,75,75,30,5281,100,1425,1702,0.38
2026-09-13T01:24:22Z,76,75,30,5281,100,1378,1702,0.35
2026-09-13T01:24:24Z,74,75,30,5281,100,1331,2425,0.35
2026-09-13T01:24:26Z,72,74,30,5281,99,1412,1702,0.40
2026-09-13T01:24:28Z,73,74,30,5281,100,1402,1702,0.40
2026-09-13T01:24:30Z,72,74,30,5281,99,1352,1399,0.40
2026-09-13T01:24:32Z,74,74,30,5281,100,1377,1702,0.45
2026-09-13T01:24:34Z,75,75,30,5281,100,1377,1702,0.45
2026-09-13T01:24:36Z,75,75,30,5281,99,1385,1702,0.41
2026-09-13T01:24:38Z,74,75,30,5281,99,1389,1702,0.41
2026-09-13T01:24:40Z,75,75,30,5281,99,1377,1702,0.38
2026-09-13T01:24:43Z,75,75,30,5281,100,1379,1702,0.38
2026-09-13T01:24:45Z,74,75,30,5281,99,1344,2424,0.38
2026-09-13T01:24:47Z,75,75,30,5281,100,1379,1702,0.43
2026-09-13T01:24:49Z,75,76,30,5281,99,1384,1702,0.43
2026-09-13T01:24:51Z,75,76,30,5281,100,1386,1702,0.39
2026-09-13T01:24:53Z,75,76,30,5281,99,1326,2424,0.39
2026-09-13T01:24:55Z,73,76,30,5281,100,1600,1702,0.39
2026-09-13T01:24:57Z,75,76,30,5281,99,1599,1702,0.36
2026-09-13T01:24:59Z,75,76,30,5281,99,1600,2268,0.36
2026-09-13T01:25:01Z,75,76,30,5281,100,1380,1702,0.41
2026-09-13T01:25:03Z,75,76,30,5281,100,1376,1702,0.41
2026-09-13T01:25:05Z,77,76,30,5281,100,1376,1702,0.41
2026-09-13T01:25:07Z,75,76,30,5281,100,1600,2424,0.38
2026-09-13T01:25:09Z,76,76,30,5281,99,1381,1399,0.38
2026-09-13T01:25:12Z,76,76,30,5281,99,1362,1400,0.35
2026-09-13T01:25:14Z,76,76,30,5281,100,1600,1702,0.35
2026-09-13T01:25:16Z,75,76,30,5281,99,1333,2424,0.48
2026-09-13T01:25:18Z,75,76,30,5281,99,1600,1962,0.48
2026-09-13T01:25:20Z,76,76,30,5281,99,1400,1399,0.48
2026-09-13T01:25:22Z,75,76,30,5281,99,1345,1702,0.44
2026-09-13T01:25:24Z,75,76,30,5281,100,1388,1702,0.44
2026-09-13T01:25:26Z,72,76,30,5281,100,1600,1702,0.41
2026-09-13T01:25:28Z,75,76,30,5281,100,1387,1702,0.41
2026-09-13T01:25:30Z,73,76,30,5281,100,1600,2427,0.41
2026-09-13T01:25:32Z,71,76,30,5281,99,1600,1739,0.45
2026-09-13T01:25:34Z,75,76,30,5281,100,1376,1702,0.45
2026-09-13T01:25:36Z,76,76,30,5281,99,1373,1702,0.42
2026-09-13T01:25:38Z,73,76,30,5281,99,1412,1760,0.42
2026-09-13T01:25:40Z,75,76,30,5281,100,1373,1702,0.38
2026-09-13T01:25:43Z,75,76,30,5281,99,1368,1702,0.38
2026-09-13T01:25:45Z,75,76,30,5237,100,1356,1702,0.38
2026-09-13T01:25:47Z,75,76,30,5281,100,1600,2424,0.35
2026-09-13T01:25:49Z,75,75,30,5281,99,1600,1702,0.35
2026-09-13T01:25:51Z,71,75,30,5281,100,1600,1702,0.33
2026-09-13T01:25:53Z,76,75,30,5281,100,1378,1702,0.33
2026-09-13T01:25:55Z,75,75,30,5237,99,1336,2424,0.33
2026-09-13T01:25:57Z,76,75,30,5281,99,1386,1702,0.38
2026-09-13T01:25:59Z,75,75,30,5281,100,1379,1702,0.38
2026-09-13T01:26:01Z,75,75,30,5281,100,1381,1702,0.35
2026-09-13T01:26:03Z,74,75,30,5281,100,1329,2424,0.35
2026-09-13T01:26:05Z,77,75,30,5281,100,1386,1702,0.35
2026-09-13T01:26:07Z,76,75,30,5281,100,1393,1702,0.32
2026-09-13T01:26:09Z,77,75,30,5281,99,1384,1702,0.32
2026-09-13T01:26:12Z,76,75,30,5281,99,1309,2424,0.29
2026-09-13T01:26:14Z,75,75,30,5281,99,1379,1702,0.29
2026-09-13T01:26:16Z,74,75,30,5281,100,1372,1702,0.27
2026-09-13T01:26:18Z,74,75,30,5281,100,1387,1702,0.27
2026-09-13T01:26:20Z,75,75,30,5281,99,1334,2424,0.27
2026-09-13T01:26:22Z,75,75,30,5281,100,1377,1702,0.33
2026-09-13T01:26:24Z,74,75,30,5281,99,1366,1702,0.33
2026-09-13T01:26:26Z,76,75,30,5281,100,1378,1702,0.30
2026-09-13T01:26:28Z,69,75,30,5281,100,1600,2424,0.30
2026-09-13T01:26:30Z,74,75,30,5281,100,1600,1702,0.30
2026-09-13T01:26:32Z,74,75,30,5281,100,1388,1702,0.28
2026-09-13T01:26:34Z,76,75,30,5281,99,1356,1702,0.28
2026-09-13T01:26:36Z,74,75,30,5281,100,1388,1702,0.26
2026-09-13T01:26:38Z,72,75,30,5281,99,1518,1702,0.26
2026-09-13T01:26:41Z,72,74,30,5281,99,1594,1400,0.32
2026-09-13T01:26:43Z,72,74,30,5281,89,1491,1702,0.32
2026-09-13T01:26:45Z,67,74,30,5281,99,1040,2425,0.32
2026-09-13T01:26:47Z,75,74,30,5281,100,1351,1702,0.29
2026-09-13T01:26:49Z,74,75,30,5237,99,1366,1702,0.29
2026-09-13T01:26:51Z,74,75,30,5281,99,1427,1702,0.27
2026-09-13T01:26:53Z,75,75,30,5281,99,1386,1399,0.27
2026-09-13T01:26:55Z,75,75,30,5281,100,1391,1702,0.27
2026-09-13T01:26:57Z,75,76,30,5237,100,1375,1702,0.25
2026-09-13T01:26:59Z,75,76,30,5281,99,1357,2424,0.25
2026-09-13T01:27:01Z,75,76,30,5237,100,1381,1702,0.23
2026-09-13T01:27:03Z,75,76,30,5281,100,1374,1702,0.23
2026-09-13T01:27:05Z,75,76,30,5281,100,1371,1399,0.23
2026-09-13T01:27:07Z,75,76,30,5281,99,1341,1702,0.29
2026-09-13T01:27:10Z,75,76,30,5237,99,1382,1702,0.29
2026-09-13T01:27:12Z,75,76,30,5281,100,1597,1485,0.26
2026-09-13T01:27:14Z,74,76,30,5281,100,1342,2424,0.26
2026-09-13T01:27:16Z,75,76,30,5281,100,1369,1702,0.24
2026-09-13T01:27:18Z,76,76,30,5281,100,1358,1702,0.24
2026-09-13T01:27:20Z,73,76,30,5281,100,1428,1702,0.24
2026-09-13T01:27:22Z,74,76,30,5281,100,1348,2424,0.30
2026-09-13T01:27:24Z,77,76,30,5281,100,1374,1702,0.30
2026-09-13T01:27:26Z,75,76,30,5281,99,1600,1702,0.28
2026-09-13T01:27:28Z,75,76,30,5281,100,1435,1702,0.28
2026-09-13T01:27:30Z,78,76,30,5281,100,1380,1702,0.28
2026-09-13T01:27:32Z,76,76,30,5281,99,1375,1399,0.26
2026-09-13T01:27:34Z,76,76,30,5281,99,1377,1702,0.26
2026-09-13T01:27:36Z,74,76,30,5281,100,1336,2424,0.24
2026-09-13T01:27:38Z,73,76,30,5281,100,1600,1702,0.24
2026-09-13T01:27:41Z,75,76,30,5281,100,1394,1702,0.22
2026-09-13T01:27:43Z,71,76,30,5281,100,1417,1702,0.22
2026-09-13T01:27:45Z,75,76,30,5281,100,1332,2425,0.22
2026-09-13T01:27:47Z,75,76,30,5281,99,1423,1702,0.20
2026-09-13T01:27:49Z,72,76,30,5281,99,1316,1702,0.20
2026-09-13T01:27:51Z,75,76,30,5281,99,1380,1702,0.18
2026-09-13T01:27:53Z,75,76,30,5281,100,1358,2424,0.18
2026-09-13T01:27:55Z,75,76,30,5281,100,1600,1702,0.18
2026-09-13T01:27:57Z,70,76,30,5237,100,1600,2424,0.17
2026-09-13T01:27:59Z,76,76,30,5281,99,1373,1702,0.17
2026-09-13T01:28:01Z,75,76,30,5281,99,1336,2424,0.24
2026-09-13T01:28:03Z,76,75,30,5281,100,1382,1702,0.24
2026-09-13T01:28:05Z,75,75,30,5281,99,1387,1702,0.24
2026-09-13T01:28:07Z,75,75,30,5281,99,1373,1702,0.22
2026-09-13T01:28:10Z,74,75,30,5281,100,1376,2424,0.22
2026-09-13T01:28:12Z,75,75,30,5281,100,1372,1702,0.20
2026-09-13T01:28:14Z,73,75,30,5281,99,1379,1702,0.20
2026-09-13T01:28:16Z,75,75,30,5237,100,1600,1702,0.26
2026-09-13T01:28:18Z,74,75,30,5281,99,1365,1765,0.26
2026-09-13T01:28:20Z,75,75,30,5281,99,1362,1702,0.26
2026-09-13T01:28:22Z,74,75,30,5281,99,1379,1702,0.24
2026-09-13T01:28:24Z,74,75,30,5281,100,1377,1702,0.24
2026-09-13T01:28:26Z,74,75,30,5281,100,1344,2424,0.30
2026-09-13T01:28:28Z,69,75,30,5281,100,1397,1702,0.30
2026-09-13T01:28:30Z,69,75,30,5281,100,1600,2424,0.30
2026-09-13T01:28:32Z,70,75,30,5281,99,1600,2425,0.28
2026-09-13T01:28:34Z,74,75,30,5237,100,1329,2424,0.28
2026-09-13T01:28:36Z,75,75,30,5281,99,1406,1400,0.26
2026-09-13T01:28:38Z,76,75,30,5281,100,1375,1702,0.26
2026-09-13T01:28:41Z,75,75,30,5281,100,1600,1702,0.24
2026-09-13T01:28:43Z,75,75,30,5281,100,1352,2424,0.24
2026-09-13T01:28:45Z,74,75,30,5281,100,1600,1702,0.24
2026-09-13T01:28:47Z,74,75,30,5281,100,1374,1702,0.22
2026-09-13T01:28:49Z,72,75,30,5252,99,1336,1702,0.22
2026-09-13T01:28:51Z,70,75,30,5281,100,1600,2424,0.20
2026-09-13T01:28:53Z,72,75,30,5281,99,1399,1702,0.20
2026-09-13T01:28:55Z,72,74,30,5281,99,1424,1400,0.20
2026-09-13T01:28:57Z,73,74,30,5281,100,1345,1702,0.26
2026-09-13T01:28:59Z,74,73,30,5252,99,1375,1399,0.26
2026-09-13T01:29:01Z,75,74,30,5237,100,1381,1702,0.24
2026-09-13T01:29:03Z,76,75,30,5281,99,1377,1702,0.24
2026-09-13T01:29:05Z,75,75,30,5281,100,1378,1702,0.24
2026-09-13T01:29:07Z,75,75,30,5281,100,1411,1702,0.30
2026-09-13T01:29:10Z,75,75,30,5281,99,1387,1702,0.30
2026-09-13T01:29:12Z,76,75,30,5281,99,1386,1702,0.28
2026-09-13T01:29:14Z,75,75,30,5281,99,1364,1702,0.28
2026-09-13T01:29:16Z,77,75,30,5281,100,1376,1702,0.26
2026-09-13T01:29:18Z,75,76,30,5281,100,1384,1702,0.26
2026-09-13T01:29:20Z,76,76,30,5281,99,1319,2424,0.26
2026-09-13T01:29:22Z,75,76,30,5237,100,1600,1702,0.32
2026-09-13T01:29:24Z,75,76,30,5281,99,1360,1401,0.32
2026-09-13T01:29:26Z,75,76,30,5237,99,1368,1702,0.29
2026-09-13T01:29:28Z,75,76,30,5281,99,1334,2424,0.29
2026-09-13T01:29:30Z,73,76,30,5281,99,1349,1702,0.29
2026-09-13T01:29:32Z,75,76,30,5281,100,1600,1702,0.27
2026-09-13T01:29:34Z,75,76,30,5281,99,1368,1702,0.27
2026-09-13T01:29:36Z,76,76,30,5237,100,1379,1702,0.33
2026-09-13T01:29:39Z,74,76,30,5281,100,1600,2390,0.33
2026-09-13T01:29:41Z,75,76,30,5237,100,1451,1702,0.30
2026-09-13T01:29:43Z,75,76,30,5252,100,1324,2424,0.30
2026-09-13T01:29:45Z,75,76,30,5281,100,1378,1702,0.30
2026-09-13T01:29:47Z,75,76,30,5281,100,1379,1702,0.28
2026-09-13T01:29:49Z,75,76,30,5252,99,1600,1399,0.28
2026-09-13T01:29:51Z,75,76,30,5281,100,1330,2424,0.33
2026-09-13T01:29:53Z,74,76,30,5281,99,1375,1702,0.33
2026-09-13T01:29:55Z,71,76,30,5281,100,1600,1702,0.33
2026-09-13T01:29:57Z,75,76,30,5281,99,1358,1702,0.31
2026-09-13T01:29:59Z,74,76,30,5281,100,1600,1702,0.31
2026-09-13T01:30:01Z,77,76,30,5281,100,1380,1400,0.28
2026-09-13T01:30:03Z,75,76,30,5281,100,1395,1702,0.28
2026-09-13T01:30:05Z,71,76,30,5281,99,1451,1702,0.28
2026-09-13T01:30:08Z,76,76,30,5281,99,1383,1702,0.34
2026-09-13T01:30:10Z,75,76,30,5281,100,1402,1400,0.34
2026-09-13T01:30:12Z,75,76,30,5281,100,1600,1702,0.31
2026-09-13T01:30:14Z,75,76,30,5281,100,1431,2049,0.31
2026-09-13T01:30:16Z,74,76,30,5281,100,1342,1702,0.29
2026-09-13T01:30:18Z,76,76,30,5281,100,1380,1702,0.29
2026-09-13T01:30:20Z,75,75,30,5281,100,1381,1702,0.29
2026-09-13T01:30:22Z,75,75,30,5281,100,1332,2426,0.26
2026-09-13T01:30:24Z,75,75,30,5281,100,1406,1702,0.26
2026-09-13T01:30:26Z,76,75,30,5281,100,1348,1399,0.24
2026-09-13T01:30:28Z,75,75,30,5281,100,1371,1702,0.24
2026-09-13T01:30:30Z,75,75,30,5281,100,1328,2424,0.24
2026-09-13T01:30:32Z,75,75,30,5281,99,1393,1702,0.30
2026-09-13T01:30:34Z,75,75,30,5281,100,1376,1702,0.30
2026-09-13T01:30:36Z,75,75,30,5281,100,1376,1702,0.28
2026-09-13T01:30:39Z,75,75,30,5281,99,1329,2425,0.28
2026-09-13T01:30:41Z,72,75,30,5252,99,1333,1702,0.26
2026-09-13T01:30:43Z,75,75,30,5281,99,1600,1702,0.26
2026-09-13T01:30:45Z,75,75,30,5281,100,1600,1702,0.26
2026-09-13T01:30:47Z,74,75,30,5281,99,1363,1400,0.24
2026-09-13T01:30:49Z,74,75,30,5281,100,1427,1702,0.24
2026-09-13T01:30:51Z,76,75,30,5281,100,1382,1702,0.22
2026-09-13T01:30:53Z,75,75,30,5281,100,1600,1702,0.22
2026-09-13T01:30:55Z,74,75,30,5252,99,1384,1702,0.22
2026-09-13T01:30:57Z,73,75,30,5281,99,1360,1702,0.28
2026-09-13T01:30:59Z,70,75,30,5281,99,1600,2424,0.28
2026-09-13T01:31:01Z,75,75,30,5281,99,1383,1399,0.34
2026-09-13T01:31:03Z,74,75,30,5281,100,1382,1702,0.34
2026-09-13T01:31:05Z,74,75,30,5237,99,1600,2424,0.47
2026-09-13T01:31:08Z,72,74,30,5281,99,1435,1399,0.47
2026-09-13T01:31:10Z,73,74,30,5281,100,1357,1702,0.47
2026-09-13T01:31:12Z,72,74,30,5281,99,1352,1702,0.51
2026-09-13T01:31:14Z,75,73,30,5252,99,1600,1702,0.51
2026-09-13T01:31:16Z,75,74,30,5281,99,1443,1399,0.47
2026-09-13T01:31:18Z,71,75,30,5281,100,1595,1702,0.47
2026-09-13T01:31:20Z,75,75,30,5281,100,1600,1702,0.47
2026-09-13T01:31:22Z,75,75,30,5237,99,1600,1702,0.43
2026-09-13T01:31:24Z,75,76,30,5281,100,1587,1702,0.43
2026-09-13T01:31:26Z,75,76,30,5237,100,1600,2424,0.40
2026-09-13T01:31:28Z,74,76,30,5237,99,1351,1702,0.40
2026-09-13T01:31:30Z,75,76,30,5281,99,1362,1702,0.40
2026-09-13T01:31:32Z,75,76,30,5281,99,1372,1702,0.37
2026-09-13T01:31:35Z,75,76,30,5281,100,1337,2424,0.37
2026-09-13T01:31:37Z,76,76,30,5281,99,1379,1702,0.34
2026-09-13T01:31:39Z,74,76,30,5281,99,1347,1702,0.34
2026-09-13T01:31:41Z,71,76,30,5281,99,1596,2424,0.39
2026-09-13T01:31:43Z,75,76,30,5281,99,1378,1702,0.39
2026-09-13T01:31:45Z,75,76,30,5281,100,1380,1399,0.39
2026-09-13T01:31:47Z,75,76,30,5281,99,1376,1702,0.36
2026-09-13T01:31:49Z,76,76,30,5281,99,1315,2425,0.36
2026-09-13T01:31:51Z,75,76,30,5281,99,1374,1702,0.33
2026-09-13T01:31:53Z,75,76,30,5281,100,1375,1702,0.33
2026-09-13T01:31:55Z,72,76,30,5281,100,1600,2424,0.33
2026-09-13T01:31:57Z,75,76,30,5281,100,1332,2426,0.38
2026-09-13T01:31:59Z,75,76,30,5281,100,1600,1702,0.38
2026-09-13T01:32:01Z,75,76,30,5281,99,1359,1702,0.35
2026-09-13T01:32:03Z,75,76,30,5281,100,1367,1399,0.35
2026-09-13T01:32:06Z,75,76,30,5281,100,1393,1702,0.32
2026-09-13T01:32:08Z,73,76,30,5281,99,1600,1702,0.32
2026-09-13T01:32:10Z,75,76,30,5281,99,1393,1702,0.32
2026-09-13T01:32:12Z,75,76,30,5281,100,1600,2424,0.30
2026-09-13T01:32:14Z,71,76,30,5281,100,1600,2424,0.30
2026-09-13T01:32:16Z,77,76,30,5281,99,1374,1702,0.27
2026-09-13T01:32:18Z,75,76,30,5281,100,1460,1702,0.27
2026-09-13T01:32:20Z,71,76,30,5281,100,1600,2425,0.27
2026-09-13T01:32:22Z,73,76,30,5281,100,1343,1702,0.33
2026-09-13T01:32:24Z,75,76,30,5281,99,1368,1702,0.33
2026-09-13T01:32:26Z,75,76,30,5281,100,1393,1702,0.31
2026-09-13T01:32:28Z,75,76,30,5237,100,1600,2424,0.31
2026-09-13T01:32:30Z,75,75,30,5281,99,1600,1702,0.31
2026-09-13T01:32:32Z,73,75,30,5281,100,1331,1702,0.28
2026-09-13T01:32:34Z,77,75,30,5281,99,1353,1400,0.28
2026-09-13T01:32:37Z,75,75,30,5281,100,1336,2424,0.34
2026-09-13T01:32:39Z,76,75,30,5281,99,1386,1702,0.34
2026-09-13T01:32:41Z,77,75,30,5252,100,1387,1399,0.31
2026-09-13T01:32:43Z,75,75,30,5281,99,1382,1702,0.31
2026-09-13T01:32:45Z,75,75,30,5281,100,1337,2424,0.31
2026-09-13T01:32:47Z,71,75,30,5281,100,1374,1702,0.37
2026-09-13T01:32:49Z,70,75,30,5281,100,1600,1702,0.37
2026-09-13T01:32:51Z,71,75,30,5281,99,1583,1702,0.34
2026-09-13T01:32:53Z,75,75,30,5281,100,1600,2424,0.34
2026-09-13T01:32:55Z,74,75,30,5281,99,1373,1702,0.34
2026-09-13T01:32:57Z,74,75,30,5237,99,1395,1702,0.31
2026-09-13T01:32:59Z,74,75,30,5281,100,1374,1702,0.31
2026-09-13T01:33:01Z,76,75,30,5281,99,1326,2424,0.36
2026-09-13T01:33:03Z,74,75,30,5281,100,1360,1400,0.36
2026-09-13T01:33:06Z,74,75,30,5281,100,1366,1702,0.42
2026-09-13T01:33:08Z,75,75,30,5237,99,1374,1702,0.42
2026-09-13T01:33:10Z,69,75,30,5281,100,1600,2424,0.42
2026-09-13T01:33:12Z,74,75,30,5281,100,1600,1607,0.46
2026-09-13T01:33:14Z,75,75,30,5281,100,1400,1702,0.46
2026-09-13T01:33:16Z,76,75,30,5281,100,1360,1702,0.43
2026-09-13T01:33:18Z,74,75,30,5281,100,1384,1702,0.43
2026-09-13T01:33:20Z,72,75,30,5281,100,1508,1702,0.43
2026-09-13T01:33:22Z,72,74,30,5281,99,200,1702,0.39
2026-09-13T01:33:24Z,71,74,30,5281,99,1470,1702,0.39
2026-09-13T01:33:26Z,67,73,30,5237,100,1040,2425,0.44
2026-09-13T01:33:28Z,75,74,30,5281,100,1383,1702,0.44
2026-09-13T01:33:30Z,75,75,30,5281,100,1534,1702,0.44
2026-09-13T01:33:32Z,75,75,30,5281,99,1519,1702,0.40
2026-09-13T01:33:35Z,75,75,30,5281,99,1359,1702,0.40
2026-09-13T01:33:37Z,75,75,30,5281,100,1370,1702,0.37
2026-09-13T01:33:39Z,75,75,30,5281,100,1533,1399,0.37
2026-09-13T01:33:41Z,74,75,30,5281,99,1333,2424,0.42
2026-09-13T01:33:43Z,75,75,30,5281,99,1374,1702,0.42
2026-09-13T01:33:45Z,75,76,30,5281,99,1378,1702,0.42
2026-09-13T01:33:47Z,76,76,30,5281,100,1385,1702,0.39
2026-09-13T01:33:49Z,77,76,30,5281,100,1379,1702,0.39
2026-09-13T01:33:51Z,75,76,30,5281,100,1379,1702,0.36
2026-09-13T01:33:53Z,71,76,30,5281,100,1441,1702,0.36
2026-09-13T01:33:55Z,75,76,30,5281,100,1600,2424,0.36
2026-09-13T01:33:57Z,75,76,30,5281,99,1380,1702,0.41
2026-09-13T01:33:59Z,76,76,30,5281,99,1371,1702,0.41
2026-09-13T01:34:01Z,76,76,30,5237,99,1378,1399,0.38
2026-09-13T01:34:04Z,74,76,30,5281,100,1600,1702,0.38
2026-09-13T01:34:06Z,76,76,30,5281,100,1409,1702,0.35
2026-09-13T01:34:08Z,77,76,30,5281,100,1385,1702,0.35
2026-09-13T01:34:10Z,75,76,30,5281,100,1600,2424,0.35
2026-09-13T01:34:12Z,75,76,30,5281,100,1370,1702,0.40
2026-09-13T01:34:14Z,75,76,30,5281,99,1600,1702,0.40
2026-09-13T01:34:16Z,75,76,30,5281,99,1380,1702,0.37
2026-09-13T01:34:18Z,75,76,30,5281,99,1600,2424,0.37
2026-09-13T01:34:20Z,77,76,30,5281,100,1356,1399,0.37
2026-09-13T01:34:22Z,75,76,30,5281,99,1383,1702,0.34
2026-09-13T01:34:24Z,77,76,30,5281,100,1381,1702,0.34
2026-09-13T01:34:26Z,75,76,30,5281,100,1327,2424,0.39
2026-09-13T01:34:28Z,75,76,30,5252,100,1600,2243,0.39
2026-09-13T01:34:30Z,78,76,30,5281,100,1369,1702,0.39
2026-09-13T01:34:32Z,75,76,30,5237,100,1438,1702,0.36
2026-09-13T01:34:35Z,75,76,30,5281,100,1600,2424,0.36
2026-09-13T01:34:37Z,75,75,30,5281,100,1600,2424,0.33
2026-09-13T01:34:39Z,71,75,30,5281,100,1600,2424,0.33
2026-09-13T01:34:41Z,74,75,30,5281,99,1359,1702,0.30
2026-09-13T01:34:43Z,75,75,30,5281,100,1339,2424,0.30
2026-09-13T01:34:45Z,75,75,30,5281,100,1375,1702,0.30
2026-09-13T01:34:47Z,75,75,30,5281,99,1386,1702,0.28
2026-09-13T01:34:49Z,75,75,30,5281,99,1380,1702,0.28
2026-09-13T01:34:51Z,74,75,30,5281,100,1405,1660,0.34
2026-09-13T01:34:53Z,75,75,30,5281,100,1382,1702,0.34
2026-09-13T01:34:55Z,74,75,30,5281,99,1364,1702,0.34
2026-09-13T01:34:57Z,75,75,30,5281,100,1600,1702,0.31
2026-09-13T01:34:59Z,74,75,30,5281,100,1447,2100,0.31
2026-09-13T01:35:01Z,74,75,30,5281,100,1373,1702,0.28
2026-09-13T01:35:04Z,74,75,30,5281,100,1367,1702,0.28
2026-09-13T01:35:06Z,74,75,30,5281,100,1368,1702,0.26
2026-09-13T01:35:08Z,75,75,30,5281,99,1334,2424,0.26
2026-09-13T01:35:10Z,69,75,30,5281,100,1600,1702,0.26
2026-09-13T01:35:12Z,69,75,30,5237,100,1600,2424,0.24
2026-09-13T01:35:14Z,70,75,30,5281,99,1600,2424,0.24
2026-09-13T01:35:16Z,75,75,30,5281,100,1329,2426,0.30
2026-09-13T01:35:18Z,75,75,30,5281,99,1388,1702,0.30
2026-09-13T01:35:20Z,75,75,30,5281,100,1373,1702,0.30
2026-09-13T01:35:22Z,72,75,30,5281,100,1337,1702,0.28
2026-09-13T01:35:24Z,74,75,30,5281,99,1338,2425,0.28
2026-09-13T01:35:26Z,74,75,30,5281,99,1335,1702,0.25
2026-09-13T01:35:28Z,74,75,30,5281,99,1399,1702,0.25
2026-09-13T01:35:30Z,76,75,30,5281,100,1375,1702,0.25
2026-09-13T01:35:32Z,69,75,30,5281,100,1600,2424,0.23
2026-09-13T01:35:34Z,72,75,30,5281,99,1373,1399,0.23
2026-09-13T01:35:37Z,72,74,30,5281,100,1354,1399,0.30
2026-09-13T01:35:39Z,71,74,30,5281,100,1477,1400,0.30
2026-09-13T01:35:41Z,74,73,30,5281,99,1395,1702,0.27
2026-09-13T01:35:43Z,75,74,30,5281,99,1425,1702,0.27
2026-09-13T01:35:45Z,75,75,30,5281,100,1381,1702,0.27
2026-09-13T01:35:47Z,74,75,30,5281,99,1368,1702,0.25
2026-09-13T01:35:49Z,75,75,30,5281,99,1380,1702,0.25
2026-09-13T01:35:51Z,74,75,30,5252,99,1388,1702,0.55
2026-09-13T01:35:53Z,74,75,30,5281,99,1379,1702,0.55
2026-09-13T01:35:55Z,75,75,30,5281,99,1390,1702,0.55
2026-09-13T01:35:57Z,76,75,30,5252,100,1382,1702,0.51
2026-09-13T01:35:59Z,75,76,30,5281,99,1375,1702,0.51
2026-09-13T01:36:01Z,75,76,30,5281,99,1336,2424,0.47
2026-09-13T01:36:04Z,75,76,30,5281,100,1341,1400,0.47
2026-09-13T01:36:06Z,71,76,30,5281,99,1383,1399,0.43
2026-09-13T01:36:08Z,75,76,30,5281,100,1515,1702,0.43
2026-09-13T01:36:10Z,75,76,30,5281,99,1441,2424,0.43
2026-09-13T01:36:12Z,75,76,30,5281,100,1375,1702,0.47
2026-09-13T01:36:14Z,77,76,30,5281,100,1383,1702,0.47
2026-09-13T01:36:16Z,71,76,30,5281,99,1598,2095,0.44
2026-09-13T01:36:18Z,75,76,30,5281,100,1388,1702,0.44
2026-09-13T01:36:20Z,74,76,30,5281,100,1347,1702,0.44
2026-09-13T01:36:22Z,76,76,30,5281,99,1600,1702,0.40
2026-09-13T01:36:24Z,75,76,30,5252,100,1342,2424,0.40
2026-09-13T01:36:26Z,76,76,30,5281,100,1600,1702,0.37
2026-09-13T01:36:28Z,75,76,30,5281,100,1372,1702,0.37
2026-09-13T01:36:30Z,76,76,30,5281,100,1380,1702,0.37
2026-09-13T01:36:32Z,75,76,30,5281,99,1328,2424,0.34
2026-09-13T01:36:35Z,75,76,30,5281,99,1600,2426,0.34
2026-09-13T01:36:37Z,76,76,30,5281,100,1373,1702,0.31
2026-09-13T01:36:39Z,75,76,30,5281,100,1600,1702,0.31
2026-09-13T01:36:41Z,76,76,30,5281,100,1378,1702,0.37
2026-09-13T01:36:43Z,75,76,30,5281,100,1391,1702,0.37
2026-09-13T01:36:45Z,75,76,30,5281,100,1600,1702,0.37
2026-09-13T01:36:47Z,75,76,30,5237,100,1379,1702,0.34
2026-09-13T01:36:49Z,75,76,30,5281,100,1386,1399,0.34
2026-09-13T01:36:51Z,75,76,30,5281,99,1525,1702,0.31
2026-09-13T01:36:53Z,75,76,30,5281,100,1371,1702,0.31
2026-09-13T01:36:55Z,75,76,30,5281,100,1332,2424,0.31
2026-09-13T01:36:57Z,75,75,30,5281,99,1373,1702,0.36
2026-09-13T01:36:59Z,75,75,30,5281,100,1372,1702,0.36
2026-09-13T01:37:01Z,75,75,30,5281,100,1391,1702,0.34
2026-09-13T01:37:04Z,75,75,30,5281,100,1314,2425,0.34
2026-09-13T01:37:06Z,75,75,30,5237,100,1379,1702,0.31
2026-09-13T01:37:08Z,74,75,30,5281,99,1405,1702,0.31
2026-09-13T01:37:10Z,75,75,30,5281,100,1383,1702,0.31
2026-09-13T01:37:12Z,75,75,30,5281,100,1350,2424,0.28
2026-09-13T01:37:14Z,74,75,30,5281,99,1388,1702,0.28
2026-09-13T01:37:16Z,75,75,30,5252,99,1375,1702,0.26
2026-09-13T01:37:18Z,75,75,30,5281,99,1388,1702,0.26
2026-09-13T01:37:20Z,75,75,30,5281,99,1328,2424,0.26
2026-09-13T01:37:22Z,77,75,30,5281,100,1377,1702,0.32
2026-09-13T01:37:24Z,73,75,30,5281,100,1347,1702,0.32
2026-09-13T01:37:26Z,73,75,30,5281,100,1600,1702,0.29
2026-09-13T01:37:28Z,75,75,30,5281,100,1600,2425,0.29
2026-09-13T01:37:30Z,75,75,30,5281,99,1388,1702,0.29
2026-09-13T01:37:33Z,76,75,30,5281,100,1377,1702,0.27
2026-09-13T01:37:35Z,71,75,30,5281,99,1390,1702,0.27
2026-09-13T01:37:37Z,74,75,30,5281,99,1420,1702,0.25
2026-09-13T01:37:39Z,73,75,30,5237,100,1415,1702,0.25
2026-09-13T01:37:41Z,69,75,30,5281,100,1600,2426,0.23
2026-09-13T01:37:43Z,75,75,30,5281,99,1600,1702,0.23
2026-09-13T01:37:45Z,75,75,30,5281,100,1383,1702,0.23
2026-09-13T01:37:47Z,72,75,30,5281,99,1600,2424,0.21
2026-09-13T01:37:49Z,72,74,30,5281,99,1344,1702,0.21
2026-09-13T01:37:51Z,72,74,30,5281,99,1380,1399,0.19
2026-09-13T01:37:53Z,72,74,30,5281,99,1453,1702,0.19
2026-09-13T01:37:55Z,74,73,30,5281,100,1378,1702,0.19
2026-09-13T01:37:57Z,75,75,30,5281,99,1600,1702,0.18
2026-09-13T01:37:59Z,71,75,30,5237,99,1595,1399,0.18
2026-09-13T01:38:02Z,75,75,30,5281,100,1600,1702,0.16
2026-09-13T01:38:04Z,74,75,30,5237,100,1600,1702,0.16
2026-09-13T01:38:06Z,74,75,30,5281,100,1370,1702,0.15
2026-09-13T01:38:08Z,74,76,30,5252,100,1337,2424,0.15
2026-09-13T01:38:10Z,75,76,30,5281,100,1369,1702,0.15
2026-09-13T01:38:12Z,76,76,30,5281,99,1369,1702,0.14
2026-09-13T01:38:14Z,75,76,30,5281,100,1375,1702,0.14
2026-09-13T01:38:16Z,75,76,30,5281,99,1331,2424,0.21
2026-09-13T01:38:18Z,75,76,30,5252,99,1336,1702,0.21
2026-09-13T01:38:20Z,71,76,30,5237,100,1599,1702,0.21
2026-09-13T01:38:22Z,75,76,30,5252,100,1600,2425,0.19
2026-09-13T01:38:24Z,75,76,30,5281,99,1389,1702,0.19
2026-09-13T01:38:26Z,76,76,30,5252,100,1380,1702,0.17
2026-09-13T01:38:28Z,78,76,30,5281,100,1377,1702,0.17
2026-09-13T01:38:31Z,74,76,30,5281,99,1600,2425,0.17
2026-09-13T01:38:33Z,75,76,30,5281,99,1364,1702,0.24
2026-09-13T01:38:35Z,77,76,30,5281,99,1348,1702,0.24
2026-09-13T01:38:37Z,75,76,30,5281,100,1600,1400,0.22
2026-09-13T01:38:39Z,76,76,30,5281,100,1324,2424,0.22
2026-09-13T01:38:41Z,75,76,30,5252,100,1600,1702,0.20
2026-09-13T01:38:43Z,75,76,30,5281,99,1379,1702,0.20
2026-09-13T01:38:45Z,72,76,30,5281,99,1332,1400,0.20
2026-09-13T01:38:47Z,75,76,30,5281,100,1399,1702,0.27
2026-09-13T01:38:49Z,75,76,30,5281,100,1600,1702,0.27
2026-09-13T01:38:51Z,75,76,30,5281,99,1391,1702,0.25
2026-09-13T01:38:53Z,73,76,30,5281,100,1600,2424,0.25
2026-09-13T01:38:55Z,71,76,30,5281,100,1600,1702,0.25
2026-09-13T01:38:57Z,75,76,30,5281,99,1376,1702,0.23
2026-09-13T01:38:59Z,75,76,30,5281,99,1491,1399,0.23
2026-09-13T01:39:02Z,76,76,30,5281,99,1300,2424,0.21
2026-09-13T01:39:04Z,76,76,30,5281,99,1378,1702,0.21
2026-09-13T01:39:06Z,75,76,30,5281,100,1423,1702,0.19
2026-09-13T01:39:08Z,75,75,30,5281,100,1363,1702,0.19
2026-09-13T01:39:10Z,74,75,30,5281,99,1333,2427,0.19
2026-09-13T01:39:12Z,74,75,30,5281,99,1600,1702,0.26
2026-09-13T01:39:14Z,71,75,30,5281,100,1600,1702,0.26
2026-09-13T01:39:16Z,78,75,30,5281,99,1376,1702,0.23
2026-09-13T01:39:18Z,74,75,30,5281,99,1338,2424,0.23
2026-09-13T01:39:20Z,76,75,30,5281,100,1369,1702,0.23
2026-09-13T01:39:22Z,76,75,30,5281,100,1384,1702,0.22
2026-09-13T01:39:24Z,76,75,30,5281,99,1384,1702,0.22
2026-09-13T01:39:26Z,75,75,30,5281,100,1335,2424,0.28
2026-09-13T01:39:28Z,74,75,30,5281,99,1339,1702,0.28
2026-09-13T01:39:31Z,70,75,30,5281,100,1446,1702,0.28
2026-09-13T01:39:33Z,71,75,30,5281,100,1366,1702,0.26
2026-09-13T01:39:35Z,74,75,30,5281,100,1600,2424,0.26
2026-09-13T01:39:37Z,74,75,30,5281,99,1333,1399,0.24
2026-09-13T01:39:39Z,75,75,30,5281,99,1401,1702,0.24
2026-09-13T01:39:41Z,75,75,30,5281,99,1380,1702,0.22
2026-09-13T01:39:43Z,76,75,30,5281,100,1325,2429,0.22
2026-09-13T01:39:45Z,74,75,30,5281,99,1385,1702,0.22
2026-09-13T01:39:47Z,74,75,30,5281,100,1371,1702,0.20
2026-09-13T01:39:49Z,74,75,30,5281,99,1376,1702,0.20
2026-09-13T01:39:51Z,69,75,30,5281,99,1600,2424,0.18
2026-09-13T01:39:53Z,75,75,30,5281,99,1600,1702,0.18
2026-09-13T01:39:55Z,75,75,30,5252,100,1391,1702,0.18
2026-09-13T01:39:57Z,76,75,30,5281,99,1385,1702,0.17
2026-09-13T01:40:00Z,73,75,30,5252,100,1379,1702,0.17
2026-09-13T01:40:02Z,72,75,30,5281,100,1578,1702,0.23
2026-09-13T01:40:04Z,72,74,30,5281,99,1410,1702,0.23
2026-09-13T01:40:06Z,72,74,30,5281,100,1369,1702,0.30
2026-09-13T01:40:08Z,67,74,30,5281,100,1040,2424,0.30
2026-09-13T01:40:10Z,75,74,30,5281,100,1600,1702,0.30
2026-09-13T01:40:12Z,73,75,30,5281,99,1600,1702,0.27
2026-09-13T01:40:14Z,74,75,30,5281,99,1380,1400,0.27
2026-09-13T01:40:16Z,74,75,30,5281,100,1600,1702,0.25
2026-09-13T01:40:18Z,74,75,30,5281,99,1600,1702,0.25
2026-09-13T01:40:20Z,71,75,30,5281,100,1594,1702,0.25
2026-09-13T01:40:22Z,74,75,30,5281,100,1335,2427,0.23
2026-09-13T01:40:24Z,75,76,30,5281,100,1388,1702,0.23
2026-09-13T01:40:26Z,75,76,30,5281,100,1379,1702,0.21
2026-09-13T01:40:29Z,75,76,30,5281,100,1375,1399,0.21
2026-09-13T01:40:31Z,75,76,30,5281,100,1392,1702,0.35
2026-09-13T01:40:33Z,75,76,30,5252,99,1415,1702,0.35
2026-09-13T01:40:35Z,76,76,30,5281,100,1372,1702,0.35
2026-09-13T01:40:37Z,77,76,30,5252,100,1327,2424,0.33
2026-09-13T01:40:39Z,75,76,30,5281,99,1600,1702,0.33
2026-09-13T01:40:41Z,75,76,30,5281,100,1474,1702,0.30
2026-09-13T01:40:43Z,76,76,30,5281,99,1439,1702,0.30
2026-09-13T01:40:45Z,73,76,30,5281,99,1362,1702,0.30
2026-09-13T01:40:47Z,75,76,30,5281,99,1380,1702,0.28
2026-09-13T01:40:49Z,75,76,30,5237,100,1377,1702,0.28
2026-09-13T01:40:51Z,78,76,30,5281,99,1335,2325,0.25
2026-09-13T01:40:53Z,75,76,30,5281,99,1383,1702,0.25
2026-09-13T01:40:55Z,72,76,30,5281,100,1600,1702,0.25
2026-09-13T01:40:58Z,75,76,30,5281,100,1374,1702,0.23
2026-09-13T01:41:00Z,77,76,30,5281,99,1319,2424,0.23
2026-09-13T01:41:02Z,75,76,30,5281,99,1426,1702,0.21
2026-09-13T01:41:04Z,72,76,30,5281,99,1600,1702,0.21
2026-09-13T01:41:06Z,75,76,30,5281,99,1356,1702,0.20
2026-09-13T01:41:08Z,75,76,30,5281,99,1334,2424,0.20
2026-09-13T01:41:10Z,74,76,30,5237,99,1335,1702,0.20
2026-09-13T01:41:12Z,75,76,30,5281,100,1382,1399,0.18
2026-09-13T01:41:14Z,75,76,30,5252,99,1600,1702,0.18
2026-09-13T01:41:16Z,71,76,30,5281,100,1600,2424,0.25
2026-09-13T01:41:18Z,71,76,30,5252,99,1600,1702,0.25
2026-09-13T01:41:20Z,75,76,30,5281,99,1383,1702,0.25
2026-09-13T01:41:22Z,75,76,30,5281,99,1376,1702,0.23
2026-09-13T01:41:24Z,74,76,30,5281,100,1330,2425,0.23
2026-09-13T01:41:26Z,75,75,30,5281,100,1418,1702,0.21
2026-09-13T01:41:29Z,75,75,30,5281,99,1600,1702,0.21
2026-09-13T01:41:31Z,71,75,30,5281,100,1471,1702,0.27
2026-09-13T01:41:33Z,75,75,30,5281,100,1346,1702,0.27
2026-09-13T01:41:35Z,71,75,30,5281,99,1444,1399,0.27
2026-09-13T01:41:37Z,76,75,30,5281,99,1358,1702,0.25
2026-09-13T01:41:39Z,77,75,30,5281,99,1362,1702,0.25
2026-09-13T01:41:41Z,75,75,30,5237,100,1335,1702,0.31
2026-09-13T01:41:43Z,71,75,30,5281,100,1600,1702,0.31
2026-09-13T01:41:45Z,75,75,30,5281,100,1600,1401,0.31
2026-09-13T01:41:47Z,71,75,30,5281,100,1600,1702,0.28
2026-09-13T01:41:49Z,74,75,30,5281,99,1371,1702,0.28
2026-09-13T01:41:51Z,75,75,30,5281,100,1375,1702,0.26
2026-09-13T01:41:53Z,74,75,30,5281,99,1399,1702,0.26
2026-09-13T01:41:56Z,75,75,30,5281,100,1379,1702,0.26
2026-09-13T01:41:58Z,69,75,30,5281,100,1599,2424,0.24
2026-09-13T01:42:00Z,70,75,30,5281,100,1600,2424,0.24
2026-09-13T01:42:02Z,74,75,30,5281,99,1429,1400,0.22
2026-09-13T01:42:04Z,75,75,30,5281,99,1377,1702,0.22
2026-09-13T01:42:06Z,76,75,30,5281,100,1325,2425,0.28
2026-09-13T01:42:08Z,74,75,30,5281,100,1355,1702,0.28
2026-09-13T01:42:10Z,71,75,30,5281,100,1530,1702,0.28
2026-09-13T01:42:12Z,74,75,30,5281,99,1400,1702,0.26
2026-09-13T01:42:14Z,74,75,30,5281,100,1378,1702,0.26
2026-09-13T01:42:16Z,72,75,30,5281,100,1380,1702,0.32
2026-09-13T01:42:18Z,72,74,30,5281,99,1445,1399,0.32
2026-09-13T01:42:20Z,72,74,30,5281,100,1383,1702,0.32
2026-09-13T01:42:22Z,74,73,30,5252,100,1337,1702,0.29
2026-09-13T01:42:24Z,77,74,30,5281,99,1383,1702,0.29
2026-09-13T01:42:27Z,75,75,30,5237,99,1387,1399,0.27
2026-09-13T01:42:29Z,76,75,30,5281,99,1333,2250,0.27
2026-09-13T01:42:31Z,75,75,30,5281,100,1378,1702,0.25
2026-09-13T01:42:33Z,75,75,30,5281,99,1336,1702,0.25
2026-09-13T01:42:35Z,75,76,30,5281,100,1351,1702,0.25
2026-09-13T01:42:37Z,75,75,30,5281,99,1600,1399,0.31
2026-09-13T01:42:39Z,75,76,30,5281,100,1375,1702,0.31
2026-09-13T01:42:41Z,74,76,30,5281,100,1600,1702,0.28
2026-09-13T01:42:43Z,75,76,30,5252,99,1339,2424,0.28
2026-09-13T01:42:45Z,76,76,30,5237,99,1381,1702,0.28
2026-09-13T01:42:47Z,75,76,30,5281,99,1379,1400,0.26
2026-09-13T01:42:49Z,76,76,30,5281,99,1380,1702,0.26
2026-09-13T01:42:51Z,72,76,30,5252,99,1600,1399,0.40
2026-09-13T01:42:54Z,76,76,30,5281,99,1379,1702,0.40
2026-09-13T01:42:56Z,76,76,30,5281,99,1374,1702,0.40
2026-09-13T01:42:58Z,75,76,30,5281,100,1334,2424,0.45
2026-09-13T01:43:00Z,75,76,30,5281,100,1600,1702,0.45
2026-09-13T01:43:02Z,75,76,30,5281,100,1369,1702,0.41
2026-09-13T01:43:04Z,76,76,30,5281,99,1380,1702,0.41
2026-09-13T01:43:06Z,75,76,30,5281,99,1600,2425,0.46
2026-09-13T01:43:08Z,76,76,30,5281,100,1381,1702,0.46
2026-09-13T01:43:10Z,75,76,30,5281,99,1600,1702,0.46
2026-09-13T01:43:12Z,75,76,30,5281,100,1409,1702,0.42
2026-09-13T01:43:14Z,75,76,30,5281,100,1600,2424,0.42
2026-09-13T01:43:16Z,74,76,30,5281,100,1350,1702,0.39
2026-09-13T01:43:18Z,75,76,30,5281,100,1441,1702,0.39
2026-09-13T01:43:20Z,77,76,30,5237,100,1370,1702,0.39
2026-09-13T01:43:22Z,75,76,30,5281,100,1389,1702,0.44
2026-09-13T01:43:25Z,75,76,30,5281,100,1600,1400,0.44
2026-09-13T01:43:27Z,75,76,30,5281,99,1387,1702,0.40
2026-09-13T01:43:29Z,74,76,30,5281,100,1379,1702,0.40
2026-09-13T01:43:31Z,75,76,30,5281,100,1600,1702,0.37
2026-09-13T01:43:33Z,75,76,30,5281,100,1368,1702,0.37
2026-09-13T01:43:35Z,75,76,30,5281,99,1405,1399,0.37
2026-09-13T01:43:37Z,75,76,30,5281,100,1381,2425,0.34
2026-09-13T01:43:39Z,75,76,30,5281,100,1379,1702,0.34
2026-09-13T01:43:41Z,75,76,30,5281,100,1600,1702,0.31
2026-09-13T01:43:43Z,71,76,30,5252,99,1600,2425,0.31
2026-09-13T01:43:45Z,71,76,30,5281,99,1600,2424,0.31
2026-09-13T01:43:47Z,72,75,30,5281,99,1600,2424,0.37
2026-09-13T01:43:49Z,72,76,30,5281,99,1600,2424,0.37
2026-09-13T01:43:51Z,71,76,30,5281,99,1600,2424,0.42
2026-09-13T01:43:54Z,71,75,30,5281,100,1600,2425,0.42
2026-09-13T01:43:56Z,75,75,30,5281,99,1600,1702,0.42
2026-09-13T01:43:58Z,75,75,30,5281,100,1600,1702,0.39
2026-09-13T01:44:00Z,75,75,30,5281,99,1481,1702,0.39
2026-09-13T01:44:02Z,75,75,30,5281,99,1345,2424,0.35
2026-09-13T01:44:04Z,75,75,30,5281,99,1397,1702,0.35
2026-09-13T01:44:06Z,75,75,30,5281,99,1378,1702,0.33
2026-09-13T01:44:08Z,76,75,30,5281,100,1354,1399,0.33
2026-09-13T01:44:10Z,71,75,30,5281,100,1379,2385,0.33
2026-09-13T01:44:12Z,74,75,30,5281,100,1344,1400,0.38
2026-09-13T01:44:14Z,75,75,30,5281,100,1378,1702,0.38
2026-09-13T01:44:16Z,72,75,30,5281,99,1355,1702,0.35
2026-09-13T01:44:18Z,75,75,30,5237,100,1373,1702,0.35
2026-09-13T01:44:20Z,73,75,30,5281,99,1332,1702,0.35
2026-09-13T01:44:22Z,69,75,30,5281,99,1600,2424,0.32
2026-09-13T01:44:25Z,75,75,30,5281,100,1600,1702,0.32
2026-09-13T01:44:27Z,75,75,30,5281,100,1373,1702,0.29
2026-09-13T01:44:29Z,70,75,30,5281,99,1600,2424,0.29
2026-09-13T01:44:31Z,72,75,30,5281,99,1378,1702,0.27
2026-09-13T01:44:33Z,73,74,30,5281,99,1386,1702,0.27
2026-09-13T01:44:35Z,72,74,30,5281,100,1399,1702,0.27
2026-09-13T01:44:37Z,74,74,30,5281,99,1600,1702,0.25
2026-09-13T01:44:39Z,74,75,30,5281,100,1534,1702,0.25
2026-09-13T01:44:41Z,71,75,30,5281,99,1429,1702,0.23
2026-09-13T01:44:43Z,75,75,30,5281,100,1600,1702,0.23
2026-09-13T01:44:45Z,74,75,30,5281,100,1600,1399,0.23
2026-09-13T01:44:47Z,75,75,30,5281,99,1476,1702,0.21
2026-09-13T01:44:49Z,75,76,30,5252,99,1600,2424,0.21
2026-09-13T01:44:51Z,75,76,30,5252,100,1377,1702,0.19
2026-09-13T01:44:54Z,76,76,30,5281,99,1376,1702,0.19
2026-09-13T01:44:56Z,75,76,30,5281,99,1373,1702,0.26
2026-09-13T01:44:58Z,75,76,30,5281,99,1406,2424,0.26
2026-09-13T01:45:00Z,77,76,30,5281,100,1379,1702,0.26
2026-09-13T01:45:02Z,76,76,30,5281,100,1384,1702,0.24
2026-09-13T01:45:04Z,75,76,30,5281,99,1339,2074,0.24
2026-09-13T01:45:06Z,75,76,30,5281,99,1410,1702,0.22
2026-09-13T01:45:08Z,75,76,30,5281,99,1375,1702,0.22
2026-09-13T01:45:10Z,75,76,30,5281,100,1379,1399,0.22
2026-09-13T01:45:12Z,76,76,30,5281,99,1275,2424,0.20
2026-09-13T01:45:14Z,75,76,30,5281,100,1378,1702,0.20
2026-09-13T01:45:16Z,75,76,30,5281,99,1379,1702,0.18
2026-09-13T01:45:18Z,75,76,30,5281,99,1600,1702,0.18
2026-09-13T01:45:20Z,75,76,30,5281,100,1374,2425,0.18
2026-09-13T01:45:23Z,75,76,30,5252,99,1600,1702,0.17
2026-09-13T01:45:25Z,75,76,30,5281,100,1376,1702,0.17
2026-09-13T01:45:27Z,75,76,30,5281,99,1340,1702,0.16
2026-09-13T01:45:29Z,75,76,30,5281,99,1385,1702,0.16
2026-09-13T01:45:31Z,71,76,30,5281,99,1600,1702,0.14
2026-09-13T01:45:33Z,75,76,30,5281,99,1387,1702,0.14
2026-09-13T01:45:35Z,72,76,30,5281,100,1600,2425,0.14
2026-09-13T01:45:37Z,71,76,30,5281,100,1600,2376,0.21
2026-09-13T01:45:39Z,76,76,30,5281,99,1380,1702,0.21
2026-09-13T01:45:41Z,75,76,30,5281,100,1375,1415,0.19
2026-09-13T01:45:43Z,75,76,30,5281,99,1283,2425,0.19
2026-09-13T01:45:45Z,76,76,30,5281,99,1365,1702,0.19
2026-09-13T01:45:47Z,75,76,30,5281,99,1409,1702,0.18
2026-09-13T01:45:49Z,75,76,30,5281,99,1376,1702,0.18
2026-09-13T01:45:51Z,74,76,30,5237,100,1433,2424,0.25
2026-09-13T01:45:54Z,74,75,30,5281,99,1600,1399,0.25
2026-09-13T01:45:56Z,71,75,30,5281,99,1600,1702,0.55
2026-09-13T01:45:58Z,77,75,30,5281,100,1383,1702,0.55
2026-09-13T01:46:00Z,75,75,30,5281,99,1341,2424,0.55
2026-09-13T01:46:02Z,76,75,30,5281,99,1357,1702,0.50
2026-09-13T01:46:04Z,77,75,30,5281,100,1384,1702,0.50
2026-09-13T01:46:06Z,76,75,30,5281,100,1388,1702,0.46
2026-09-13T01:46:08Z,75,75,30,5281,99,1336,2426,0.46
2026-09-13T01:46:10Z,71,75,30,5281,99,1397,1702,0.46
2026-09-13T01:46:12Z,70,75,30,5281,99,1493,1702,0.42
2026-09-13T01:46:14Z,71,75,30,5281,100,1527,1702,0.42
2026-09-13T01:46:16Z,74,75,30,5281,100,1323,2424,0.47
2026-09-13T01:46:18Z,74,75,30,5281,100,1377,1702,0.47
2026-09-13T01:46:20Z,75,75,30,5252,100,1376,1702,0.47
2026-09-13T01:46:23Z,76,75,30,5281,100,1378,1702,0.43
2026-09-13T01:46:25Z,75,75,30,5281,99,1316,2426,0.43
2026-09-13T01:46:27Z,74,75,30,5281,99,1385,1702,0.40
2026-09-13T01:46:29Z,74,75,30,5281,100,1414,1702,0.40
2026-09-13T01:46:31Z,70,75,30,5281,99,1328,1702,0.37
2026-09-13T01:46:33Z,69,75,30,5281,100,1600,2426,0.37
2026-09-13T01:46:35Z,74,75,30,5281,99,1377,1702,0.37
2026-09-13T01:46:37Z,75,75,30,5281,100,1391,1702,0.34
2026-09-13T01:46:39Z,74,75,30,5281,100,1600,1702,0.34
2026-09-13T01:46:41Z,75,75,30,5281,99,1377,1702,0.31
2026-09-13T01:46:43Z,70,75,30,5281,100,1375,2424,0.31
2026-09-13T01:46:45Z,71,74,30,5281,99,1359,1399,0.31
2026-09-13T01:46:47Z,72,74,30,5281,99,1370,1702,0.28
2026-09-13T01:46:49Z,62,73,30,5281,0,1040,2424,0.28
2026-09-13T01:46:51Z,59,72,30,5281,0,200,2425,0.26
2026-09-13T01:46:54Z,57,70,30,5281,0,200,2424,0.26
2026-09-13T01:46:56Z,57,68,30,5281,12,1040,2425,0.26
2026-09-13T01:46:58Z,56,66,30,5281,21,1040,2424,0.32
2026-09-13T01:47:00Z,55,64,30,5000,14,1040,2424,0.32
2026-09-13T01:47:02Z,54,62,30,4261,0,1040,2424,0.38
2026-09-13T01:47:04Z,53,61,30,4261,0,200,2426,0.38
2026-09-13T01:47:06Z,52,60,30,3524,0,200,2424,0.43
2026-09-13T01:47:08Z,67,64,30,3330,100,1600,1702,0.43
2026-09-13T01:47:10Z,65,67,30,2952,100,1600,1702,0.43
2026-09-13T01:47:12Z,69,69,30,3083,100,1406,1702,0.39
2026-09-13T01:47:14Z,71,70,30,3289,100,1600,2167,0.39
2026-09-13T01:47:16Z,73,71,30,3605,100,1347,1702,0.36
2026-09-13T01:47:18Z,72,72,30,3826,100,1370,1702,0.36
2026-09-13T01:47:20Z,73,73,30,4032,100,1507,1702,0.36
2026-09-13T01:47:22Z,74,73,30,4330,99,1359,1702,0.33
2026-09-13T01:47:24Z,74,74,30,4411,100,1392,1702,0.33
2026-09-13T01:47:27Z,74,74,30,4687,100,1600,1399,0.30
2026-09-13T01:47:29Z,73,75,30,4844,100,1525,2424,0.30
2026-09-13T01:47:31Z,74,75,30,5026,99,1600,1807,0.28
2026-09-13T01:47:33Z,74,75,30,5208,99,1600,2425,0.28
2026-09-13T01:47:35Z,71,75,30,5208,100,1313,1456,0.28
2026-09-13T01:47:37Z,74,75,30,5237,99,1600,1400,0.26
2026-09-13T01:47:39Z,70,75,30,5252,99,1600,1702,0.26
2026-09-13T01:47:41Z,74,75,30,5237,99,1529,1702,0.24
2026-09-13T01:47:43Z,71,75,30,5208,99,1600,2424,0.24
2026-09-13T01:47:45Z,70,75,30,5208,99,1600,2425,0.24
2026-09-13T01:47:47Z,71,75,30,5237,100,1319,1702,0.22
2026-09-13T01:47:49Z,74,75,30,5237,100,1600,1702,0.22
2026-09-13T01:47:51Z,71,75,30,5252,99,1297,1399,0.20
2026-09-13T01:47:53Z,71,75,30,5252,100,1600,2426,0.20
2026-09-13T01:47:55Z,70,75,30,5237,99,1600,1702,0.20
2026-09-13T01:47:58Z,70,75,30,5252,99,1600,1399,0.18
2026-09-13T01:48:00Z,75,75,30,5252,99,1363,1702,0.18
2026-09-13T01:48:02Z,76,75,30,5252,99,1341,1399,0.17
2026-09-13T01:48:04Z,74,75,30,5281,100,1600,2424,0.17
2026-09-13T01:48:06Z,71,75,30,5252,99,1600,1702,0.15
2026-09-13T01:48:08Z,75,75,30,5281,99,1415,1702,0.15
2026-09-13T01:48:10Z,75,75,30,5281,100,1391,1702,0.15
2026-09-13T01:48:12Z,74,75,30,5252,99,1600,2424,0.14
2026-09-13T01:48:14Z,72,75,30,5237,99,1600,2425,0.14
2026-09-13T01:48:16Z,75,75,30,5281,99,1346,1702,0.13
2026-09-13T01:48:18Z,75,75,30,5252,99,1333,1399,0.13
2026-09-13T01:48:20Z,75,75,30,5281,99,1435,2424,0.13
2026-09-13T01:48:22Z,69,75,30,5281,99,1600,2424,0.12
2026-09-13T01:48:24Z,70,75,30,5237,100,1600,2424,0.12
2026-09-13T01:48:26Z,75,75,30,5237,100,1600,2424,0.11
2026-09-13T01:48:28Z,72,74,30,5237,100,1558,1399,0.11
2026-09-13T01:48:31Z,72,74,30,5281,0,1500,1819,0.11
2026-09-13T01:48:33Z,69,73,30,5252,100,1255,2425,0.10
2026-09-13T01:48:35Z,74,74,30,5252,100,1530,1702,0.10
2026-09-13T01:48:37Z,74,75,30,5252,99,1430,2424,0.09
2026-09-13T01:48:39Z,70,75,30,5281,100,1600,1702,0.09
2026-09-13T01:48:41Z,74,75,30,5237,99,1600,2425,0.16
2026-09-13T01:48:43Z,75,75,30,5281,100,1381,1702,0.16
2026-09-13T01:48:45Z,74,76,30,5281,99,1313,1702,0.16
2026-09-13T01:48:47Z,75,76,30,5252,100,1504,1702,0.23
2026-09-13T01:48:49Z,75,76,30,5281,99,1351,1702,0.23
2026-09-13T01:48:51Z,77,76,30,5281,99,1371,1702,0.21
2026-09-13T01:48:53Z,75,76,30,5281,99,1600,2424,0.21
2026-09-13T01:48:55Z,75,76,30,5281,100,1600,1702,0.21
2026-09-13T01:48:57Z,75,76,30,5237,99,1600,1702,0.20
2026-09-13T01:49:00Z,74,76,30,5281,99,1461,2425,0.20
2026-09-13T01:49:02Z,72,76,30,5252,99,1600,2424,0.18
2026-09-13T01:49:04Z,74,76,30,5281,99,1549,1702,0.18
2026-09-13T01:49:06Z,72,76,30,5281,99,1600,1399,0.25
2026-09-13T01:49:08Z,76,76,30,5252,100,1367,1702,0.25
2026-09-13T01:49:10Z,74,76,30,5237,99,1539,1702,0.25
2026-09-13T01:49:12Z,75,76,30,5281,99,1600,1702,0.23
2026-09-13T01:49:14Z,71,76,30,5281,100,1600,2424,0.23
2026-09-13T01:49:16Z,75,76,30,5281,99,1484,1702,0.21
2026-09-13T01:49:18Z,75,76,30,5252,99,1495,1702,0.21
2026-09-13T01:49:20Z,75,76,30,5281,99,1455,1702,0.21
2026-09-13T01:49:22Z,78,76,30,5281,99,1386,1401,0.19
2026-09-13T01:49:24Z,70,75,30,5252,99,1600,2425,0.19
2026-09-13T01:49:26Z,70,75,30,5281,100,1600,2424,0.17
2026-09-13T01:49:28Z,75,75,30,5237,99,1350,1702,0.17
2026-09-13T01:49:31Z,74,75,30,5281,100,1600,1702,0.17
2026-09-13T01:49:33Z,77,75,30,5281,100,1464,1702,0.16
2026-09-13T01:49:35Z,75,75,30,5281,100,1600,1702,0.16
2026-09-13T01:49:37Z,75,75,30,5281,99,1600,1702,0.23
2026-09-13T01:49:39Z,71,75,30,5281,99,1311,1702,0.23
2026-09-13T01:49:41Z,77,75,30,5281,99,1316,2424,0.29
2026-09-13T01:49:43Z,73,75,30,5281,100,1600,1702,0.29
2026-09-13T01:49:45Z,72,75,30,5281,100,1600,1399,0.29
2026-09-13T01:49:47Z,74,75,30,5281,99,1543,1702,0.27
2026-09-13T01:49:49Z,77,75,30,5281,100,1391,1399,0.27
2026-09-13T01:49:51Z,71,75,30,5281,100,1600,1399,0.25
2026-09-13T01:49:53Z,71,75,30,5281,99,1439,2424,0.25
2026-09-13T01:49:55Z,69,74,30,5281,100,1532,1702,0.25
2026-09-13T01:49:57Z,72,74,30,5281,100,1574,1532,0.22
2026-09-13T01:50:00Z,72,73,30,5281,100,1318,1702,0.22
2026-09-13T01:50:02Z,75,74,30,5281,100,1387,1702,0.21
2026-09-13T01:50:04Z,70,75,30,5281,100,1600,1702,0.21
2026-09-13T01:50:06Z,72,75,30,5281,99,1600,1400,0.51
2026-09-13T01:50:08Z,74,76,30,5281,100,1533,2372,0.51
2026-09-13T01:50:10Z,76,76,30,5281,100,1350,1400,0.51
2026-09-13T01:50:12Z,72,76,30,5281,100,1600,2424,0.47
2026-09-13T01:50:14Z,76,76,30,5281,99,1408,1702,0.47
2026-09-13T01:50:16Z,73,76,30,5281,100,1600,2258,0.43
2026-09-13T01:50:18Z,72,76,30,5281,100,1600,1702,0.43
2026-09-13T01:50:20Z,76,76,30,5281,99,1353,1399,0.43
2026-09-13T01:50:22Z,77,76,30,5281,100,1393,1702,0.48
2026-09-13T01:50:24Z,75,76,30,5326,100,1475,1806,0.48
2026-09-13T01:50:26Z,76,76,30,5281,99,1326,1702,0.52
2026-09-13T01:50:28Z,75,76,30,5281,99,1600,1702,0.52
2026-09-13T01:50:31Z,75,76,30,5281,99,1424,2424,0.52
2026-09-13T01:50:33Z,75,76,30,5281,100,1525,1399,0.56
2026-09-13T01:50:35Z,75,76,30,5281,99,1339,1702,0.56
2026-09-13T01:50:37Z,70,76,30,5281,99,1600,1702,0.59
2026-09-13T01:50:39Z,76,76,30,5281,99,1376,1702,0.59
2026-09-13T01:50:41Z,75,76,30,5281,100,1480,2424,0.63
2026-09-13T01:50:43Z,75,76,30,5281,100,1418,1702,0.63
2026-09-13T01:50:45Z,73,76,30,5281,99,1322,1702,0.63
2026-09-13T01:50:47Z,75,76,30,5281,100,1600,1702,0.66
2026-09-13T01:50:49Z,75,76,30,5281,100,1600,1702,0.66
2026-09-13T01:50:51Z,75,76,30,5281,99,1390,2424,0.68
2026-09-13T01:50:53Z,75,76,30,5281,99,1600,1702,0.68
2026-09-13T01:50:55Z,75,75,30,5281,99,1393,1702,0.68
2026-09-13T01:50:57Z,75,75,30,5281,100,1600,2424,0.63
2026-09-13T01:50:59Z,71,75,30,5281,99,1600,2425,0.63
2026-09-13T01:51:02Z,70,75,30,5281,100,1600,2424,0.58
2026-09-13T01:51:04Z,70,75,30,5281,99,1600,2425,0.58
2026-09-13T01:51:06Z,70,75,30,5281,100,1600,2424,0.58
2026-09-13T01:51:08Z,70,75,30,5281,100,1600,2424,0.53
2026-09-13T01:51:10Z,71,75,30,5281,99,1600,2424,0.53
2026-09-13T01:51:12Z,72,75,30,5281,100,1600,2424,0.49
2026-09-13T01:51:14Z,68,75,30,5281,100,1227,2425,0.49
2026-09-13T01:51:16Z,74,75,30,5281,99,1348,1702,0.45
2026-09-13T01:51:18Z,69,75,30,5281,100,1600,1702,0.45
2026-09-13T01:51:20Z,70,75,30,5281,99,1453,2425,0.45
2026-09-13T01:51:22Z,69,74,30,5281,100,1441,2424,0.49
2026-09-13T01:51:24Z,74,74,30,5281,99,1453,2424,0.49
2026-09-13T01:51:26Z,74,73,30,5281,99,1364,1702,0.45
2026-09-13T01:51:28Z,74,74,30,5281,100,1527,1702,0.45
2026-09-13T01:51:30Z,75,75,30,5281,99,1475,1702,0.45
2026-09-13T01:51:32Z,76,75,30,5281,99,1361,1702,0.42
2026-09-13T01:51:34Z,72,75,30,5281,99,1600,1702,0.42
2026-09-13T01:51:37Z,76,76,30,5281,100,1600,1702,0.38
2026-09-13T01:51:39Z,77,76,30,5281,99,1310,2425,0.38
2026-09-13T01:51:41Z,75,76,30,5326,100,1542,1702,0.38
2026-09-13T01:51:43Z,75,76,30,5281,99,1323,2424,0.35
2026-09-13T01:51:45Z,78,76,30,5281,100,1467,1702,0.35
2026-09-13T01:51:47Z,74,76,30,5281,99,1600,2424,0.32
2026-09-13T01:51:49Z,76,76,30,5311,99,1600,1702,0.32
2026-09-13T01:51:51Z,76,76,30,5281,99,1547,1702,0.54
2026-09-13T01:51:53Z,75,76,30,5281,100,1449,1702,0.54
2026-09-13T01:51:55Z,72,76,30,5281,100,1600,1702,0.54
2026-09-13T01:51:57Z,75,76,30,5311,100,1515,2424,0.50
2026-09-13T01:51:59Z,75,76,30,5311,100,1600,2424,0.50
2026-09-13T01:52:01Z,71,76,30,5281,99,1466,1702,0.46
2026-09-13T01:52:03Z,76,76,30,5281,99,1345,1702,0.46
2026-09-13T01:52:05Z,75,76,30,5281,99,1516,1399,0.46
2026-09-13T01:52:08Z,75,76,30,5281,100,1600,2424,0.42
2026-09-13T01:52:10Z,75,76,30,5281,100,1344,1702,0.42
2026-09-13T01:52:12Z,75,76,30,5311,99,1465,1702,0.63
2026-09-13T01:52:14Z,73,76,30,5281,100,1320,1702,0.63
2026-09-13T01:52:16Z,72,76,30,5281,100,1600,1400,0.82
2026-09-13T01:52:18Z,75,76,30,5281,100,1422,2425,0.82
2026-09-13T01:52:20Z,73,76,30,5281,100,1600,2427,0.82
2026-09-13T01:52:22Z,70,76,30,5281,100,1600,1702,0.75
2026-09-13T01:52:24Z,71,76,30,5281,100,1294,1702,0.75
2026-09-13T01:52:26Z,75,75,30,5281,99,1503,1702,0.69
2026-09-13T01:52:28Z,71,75,30,5326,99,1600,2424,0.69
2026-09-13T01:52:30Z,75,75,30,5311,99,1600,1709,0.69
2026-09-13T01:52:32Z,72,75,30,5281,99,1600,1702,0.63
2026-09-13T01:52:34Z,73,75,30,5281,99,1600,1702,0.63
2026-09-13T01:52:36Z,74,75,30,5281,100,1600,1702,0.58
2026-09-13T01:52:39Z,74,75,30,5281,100,1600,1702,0.58
2026-09-13T01:52:41Z,74,75,30,5281,99,1600,2424,0.58
2026-09-13T01:52:43Z,77,75,30,5281,100,1377,1399,0.54
2026-09-13T01:52:45Z,71,75,30,5281,99,1333,1400,0.54
2026-09-13T01:52:47Z,71,75,30,5281,100,1502,2424,0.57
2026-09-13T01:52:49Z,71,74,30,5281,99,1528,1399,0.57
2026-09-13T01:52:51Z,72,74,30,5281,99,1600,1406,0.85
2026-09-13T01:52:53Z,76,73,30,5281,100,1408,1432,0.85
2026-09-13T01:52:55Z,75,75,30,5281,99,1359,1400,0.85
2026-09-13T01:52:57Z,71,75,30,5281,99,1600,1702,0.78
2026-09-13T01:52:59Z,71,75,30,5281,99,1600,1702,0.78
2026-09-13T01:53:01Z,75,76,30,5281,100,1530,1702,0.80
2026-09-13T01:53:03Z,76,76,30,5281,100,1493,1702,0.80
2026-09-13T01:53:05Z,73,76,30,5281,99,1600,1702,0.80
2026-09-13T01:53:08Z,75,76,30,5281,100,1531,1702,0.73
2026-09-13T01:53:10Z,71,76,30,5281,99,1600,2425,0.73
2026-09-13T01:53:12Z,74,76,30,5281,99,1337,1702,0.67
2026-09-13T01:53:14Z,75,76,30,5281,99,1336,1959,0.67
2026-09-13T01:53:16Z,77,76,30,5281,100,1383,1702,0.62
2026-09-13T01:53:18Z,76,76,30,5281,99,1370,1702,0.62
2026-09-13T01:53:20Z,72,76,30,5281,99,1600,1399,0.62
2026-09-13T01:53:22Z,74,76,30,5281,99,1600,2424,0.57
2026-09-13T01:53:24Z,74,76,30,5281,99,1255,2426,0.57
2026-09-13T01:53:26Z,75,76,30,5281,99,1448,1702,0.52
2026-09-13T01:53:28Z,72,76,30,5281,100,1600,1702,0.52
2026-09-13T01:53:30Z,72,76,30,5326,100,1600,2425,0.52
2026-09-13T01:53:32Z,71,76,30,5281,100,1600,1702,0.48
2026-09-13T01:53:34Z,72,76,30,5281,99,1323,1399,0.48
2026-09-13T01:53:37Z,75,76,30,5281,99,1326,1702,0.44
2026-09-13T01:53:39Z,71,76,30,5311,99,1600,2425,0.44
2026-09-13T01:53:41Z,76,76,30,5311,99,1351,1702,0.44
2026-09-13T01:53:43Z,76,76,30,5281,100,1343,1702,0.49
2026-09-13T01:53:45Z,75,76,30,5281,100,1600,1702,0.49
2026-09-13T01:53:47Z,75,76,30,5281,99,1429,1702,0.45
2026-09-13T01:53:49Z,77,76,30,5281,99,1335,1399,0.45
2026-09-13T01:53:51Z,75,76,30,5281,99,1466,1399,0.41
2026-09-13T01:53:53Z,75,76,30,5281,99,1600,2424,0.41
2026-09-13T01:53:55Z,72,76,30,5281,100,1600,2424,0.41
2026-09-13T01:53:57Z,72,75,30,5281,99,1600,2424,0.46
2026-09-13T01:53:59Z,71,75,30,5326,99,1600,2424,0.46
2026-09-13T01:54:01Z,75,75,30,5281,99,1600,2424,0.50
2026-09-13T01:54:03Z,75,75,30,5281,100,1600,2424,0.50
2026-09-13T01:54:05Z,74,75,30,5281,100,1600,2424,0.50
2026-09-13T01:54:07Z,75,75,30,5311,100,1471,1400,0.54
2026-09-13T01:54:10Z,70,75,30,5281,99,1310,1399,0.54
2026-09-13T01:54:12Z,70,75,30,5281,99,1600,2424,0.50
2026-09-13T01:54:14Z,73,75,30,5326,99,1472,1399,0.50
2026-09-13T01:54:16Z,71,74,30,5311,100,1538,1702,0.54
2026-09-13T01:54:18Z,66,74,30,5281,0,200,2427,0.54
2026-09-13T01:54:20Z,74,74,30,5311,100,1352,1702,0.54
2026-09-13T01:54:22Z,73,75,30,5281,100,1359,1702,0.50
2026-09-13T01:54:24Z,75,75,30,5281,100,1600,1722,0.50
2026-09-13T01:54:26Z,74,75,30,5281,99,1600,2401,0.46
2026-09-13T01:54:28Z,76,76,30,5281,100,1340,1702,0.46
2026-09-13T01:54:30Z,71,76,30,5281,100,1415,1702,0.46
2026-09-13T01:54:32Z,76,76,30,5281,100,1466,1702,0.42
2026-09-13T01:54:34Z,75,76,30,5281,99,1276,1719,0.42
2026-09-13T01:54:36Z,75,76,30,5281,99,1470,1702,0.47
2026-09-13T01:54:39Z,76,76,30,5311,100,1535,1702,0.47
2026-09-13T01:54:41Z,74,76,30,5326,100,1289,2424,0.47
2026-09-13T01:54:43Z,74,76,30,5281,99,1600,2426,0.51
2026-09-13T01:54:45Z,75,76,30,5281,100,1600,2425,0.51
2026-09-13T01:54:47Z,76,76,30,5281,100,1469,1702,0.47
2026-09-13T01:54:49Z,72,76,30,5281,99,1366,1702,0.47
2026-09-13T01:54:51Z,75,76,30,5281,100,1549,1702,0.51
2026-09-13T01:54:53Z,72,76,30,5281,99,1600,2424,0.51
2026-09-13T01:54:55Z,77,76,30,5281,100,1324,2424,0.51
2026-09-13T01:54:57Z,77,76,30,5311,99,1396,1702,0.47
2026-09-13T01:54:59Z,76,76,30,5281,100,1365,1702,0.47
2026-09-13T01:55:01Z,70,76,30,5281,100,1600,1702,0.43
2026-09-13T01:55:03Z,75,76,30,5281,99,1314,1702,0.43
2026-09-13T01:55:05Z,76,76,30,5281,99,1252,2424,0.43
2026-09-13T01:55:07Z,75,76,30,5281,100,1600,1702,0.48
2026-09-13T01:55:10Z,76,76,30,5281,99,1600,1702,0.48
2026-09-13T01:55:12Z,71,76,30,5311,100,1600,2426,0.52
2026-09-13T01:55:14Z,72,76,30,5326,99,1299,1702,0.52
2026-09-13T01:55:16Z,75,76,30,5281,100,1600,2425,0.52
2026-09-13T01:55:18Z,75,76,30,5281,100,1600,1399,0.56
2026-09-13T01:55:20Z,77,76,30,5281,100,1370,1702,0.56
2026-09-13T01:55:22Z,75,76,30,5281,100,1527,1702,0.59
2026-09-13T01:55:24Z,76,76,30,5281,100,1600,1702,0.59
2026-09-13T01:55:26Z,72,76,30,5281,100,1600,1702,0.55
2026-09-13T01:55:28Z,75,75,30,5326,100,1600,1702,0.55
2026-09-13T01:55:30Z,74,75,30,5281,100,1600,1702,0.55
2026-09-13T01:55:32Z,75,75,30,5281,99,1451,2424,0.50
2026-09-13T01:55:34Z,77,75,30,5281,99,1365,1400,0.50
2026-09-13T01:55:36Z,71,75,30,5311,99,1600,1399,0.46
2026-09-13T01:55:38Z,75,75,30,5326,100,1475,2149,0.46
2026-09-13T01:55:41Z,71,75,30,5281,99,1569,1399,0.46
2026-09-13T01:55:43Z,72,74,30,5281,99,1570,1702,0.43
2026-09-13T01:55:45Z,63,73,30,5281,0,1040,2424,0.43
2026-09-13T01:55:47Z,75,74,30,5281,100,1489,1702,0.47
2026-09-13T01:55:49Z,75,75,30,5281,100,1541,1702,0.47
2026-09-13T01:55:51Z,75,75,30,5281,100,1395,1399,0.43
2026-09-13T01:55:53Z,76,76,30,5281,100,1345,1702,0.43
2026-09-13T01:55:55Z,75,76,30,5281,99,1600,2424,0.43
2026-09-13T01:55:57Z,75,76,30,5281,100,1532,1702,0.40
2026-09-13T01:55:59Z,75,76,30,5281,100,1600,1702,0.40
2026-09-13T01:56:01Z,75,76,30,5281,99,1477,1702,0.61
2026-09-13T01:56:03Z,76,76,30,5281,100,1600,1702,0.61
2026-09-13T01:56:05Z,74,76,30,5281,100,1326,1399,0.61
2026-09-13T01:56:07Z,76,76,30,5281,99,1332,2424,0.56
2026-09-13T01:56:10Z,71,76,30,5281,100,1600,1702,0.56
2026-09-13T01:56:12Z,72,76,30,5281,100,1600,2424,0.51
2026-09-13T01:56:14Z,76,76,30,5281,99,1373,1702,0.51
2026-09-13T01:56:16Z,75,76,30,5281,99,1354,1702,0.51
2026-09-13T01:56:18Z,77,76,30,5281,99,1462,1702,0.47
2026-09-13T01:56:20Z,74,76,30,5281,100,1600,1702,0.47
2026-09-13T01:56:22Z,77,76,30,5281,100,1322,2424,0.43
2026-09-13T01:56:24Z,71,76,30,5281,99,1600,1763,0.43
2026-09-13T01:56:26Z,77,76,30,5281,100,1453,1702,0.40
2026-09-13T01:56:28Z,74,76,30,5281,99,1335,1702,0.40
2026-09-13T01:56:30Z,75,76,30,5281,100,1448,1400,0.40
2026-09-13T01:56:32Z,71,76,30,5311,99,1600,2425,0.37
2026-09-13T01:56:34Z,76,76,30,5281,99,1357,1702,0.37
2026-09-13T01:56:36Z,75,76,30,5311,100,1478,1702,0.34
2026-09-13T01:56:38Z,75,76,30,5281,99,1600,1702,0.34
2026-09-13T01:56:41Z,75,76,30,5281,100,1518,1399,0.34
2026-09-13T01:56:43Z,75,76,30,5281,99,1290,1702,0.31
2026-09-13T01:56:45Z,75,76,30,5281,99,1370,1400,0.31
2026-09-13T01:56:47Z,73,76,30,5281,99,1600,2424,0.28
2026-09-13T01:56:49Z,72,76,30,5326,100,1600,2426,0.28
2026-09-13T01:56:51Z,71,76,30,5281,99,1600,2426,0.26
2026-09-13T01:56:53Z,71,76,30,5311,99,1600,2424,0.26
2026-09-13T01:56:55Z,74,75,30,5311,99,1600,2424,0.26
2026-09-13T01:56:57Z,75,75,30,5281,99,1600,2425,0.24
2026-09-13T01:56:59Z,75,75,30,5281,100,1412,2425,0.24
2026-09-13T01:57:01Z,69,75,30,5281,99,1600,1702,0.22
2026-09-13T01:57:03Z,70,75,30,5281,100,1600,2424,0.22
2026-09-13T01:57:05Z,71,75,30,5281,99,1600,2424,0.22
2026-09-13T01:57:07Z,72,75,30,5281,99,1554,1702,0.52
2026-09-13T01:57:09Z,72,74,30,5326,100,1492,2424,0.52
2026-09-13T01:57:11Z,67,74,30,5281,100,1040,2424,0.56
2026-09-13T01:57:13Z,74,74,30,5281,100,1600,1702,0.56
2026-09-13T01:57:16Z,74,75,30,5281,100,1448,1899,0.56
2026-09-13T01:57:18Z,77,76,30,5281,99,1398,1702,0.52
2026-09-13T01:57:20Z,76,76,30,5281,99,1286,2424,0.52
2026-09-13T01:57:22Z,75,76,30,5281,100,1382,1702,0.47
2026-09-13T01:57:24Z,76,76,30,5281,99,1365,1702,0.47
2026-09-13T01:57:26Z,75,76,30,5311,99,1600,1702,0.44
2026-09-13T01:57:28Z,76,76,30,5281,100,1386,1702,0.44
2026-09-13T01:57:30Z,76,76,30,5281,99,1591,1702,0.44
2026-09-13T01:57:32Z,74,76,30,5281,99,1311,1702,0.40
2026-09-13T01:57:34Z,74,76,30,5281,99,1276,1702,0.40
2026-09-13T01:57:36Z,74,76,30,5326,100,1600,2375,0.37
2026-09-13T01:57:38Z,75,76,30,5281,99,1600,2426,0.37
2026-09-13T01:57:40Z,76,76,30,5281,99,1352,1702,0.37
2026-09-13T01:57:42Z,74,76,30,5281,99,1600,1702,0.34
2026-09-13T01:57:45Z,75,76,30,5281,99,1327,1702,0.34
2026-09-13T01:57:47Z,75,76,30,5281,100,1600,2104,0.31
2026-09-13T01:57:49Z,74,76,30,5281,99,1600,1893,0.31
2026-09-13T01:57:51Z,75,76,30,5326,99,1600,1702,0.31
2026-09-13T01:57:53Z,78,76,30,5281,99,1405,1526,0.29
2026-09-13T01:57:55Z,71,76,30,5281,99,1600,2424,0.29
2026-09-13T01:57:57Z,75,76,30,5326,99,1600,1702,0.26
2026-09-13T01:57:59Z,76,76,30,5281,100,1600,1702,0.26
2026-09-13T01:58:01Z,75,76,30,5281,99,1503,1702,0.24
2026-09-13T01:58:03Z,76,76,30,5281,100,1361,1702,0.24
2026-09-13T01:58:05Z,75,76,30,5326,100,1600,1702,0.24
2026-09-13T01:58:07Z,71,76,30,5281,99,1600,2424,0.22
2026-09-13T01:58:09Z,74,76,30,5281,99,1254,2424,0.22
2026-09-13T01:58:11Z,76,76,30,5311,99,1396,1702,0.20
2026-09-13T01:58:13Z,74,76,30,5326,99,1600,1702,0.20
2026-09-13T01:58:16Z,75,75,30,5281,99,1600,1702,0.20
2026-09-13T01:58:18Z,71,75,30,5281,100,1314,1702,0.19
2026-09-13T01:58:20Z,77,75,30,5311,100,1317,2425,0.19
2026-09-13T01:58:22Z,74,75,30,5311,100,1600,1702,0.17
2026-09-13T01:58:24Z,75,75,30,5281,99,1600,1702,0.17
2026-09-13T01:58:26Z,74,75,30,5281,99,1600,2424,0.24
2026-09-13T01:58:28Z,76,75,30,5281,100,1460,1702,0.24
2026-09-13T01:58:30Z,71,75,30,5281,100,1312,1702,0.24
2026-09-13T01:58:32Z,72,75,30,5281,99,1536,1399,0.22
2026-09-13T01:58:34Z,70,75,30,5311,100,1545,1399,0.22
2026-09-13T01:58:36Z,73,74,30,5281,100,1511,1399,0.44
2026-09-13T01:58:38Z,73,74,30,5281,100,1600,1702,0.44
2026-09-13T01:58:40Z,76,74,30,5326,100,1364,1702,0.44
2026-09-13T01:58:42Z,75,75,30,5281,99,1600,1702,0.41
2026-09-13T01:58:45Z,75,76,30,5281,99,1600,1399,0.41
2026-09-13T01:58:47Z,75,76,30,5311,100,1413,2424,0.45
2026-09-13T01:58:49Z,71,76,30,5281,100,1468,1702,0.45
2026-09-13T01:58:51Z,75,76,30,5281,99,1600,2424,0.45
2026-09-13T01:58:53Z,75,76,30,5311,100,1353,1400,0.50
2026-09-13T01:58:55Z,75,76,30,5326,99,1600,2424,0.50
2026-09-13T01:58:57Z,75,76,30,5311,99,1600,1702,0.46
2026-09-13T01:58:59Z,75,76,30,5281,99,1330,1400,0.46
2026-09-13T01:59:01Z,71,76,30,5281,99,1600,1702,0.42
2026-09-13T01:59:03Z,75,76,30,5281,100,1291,1779,0.42
2026-09-13T01:59:05Z,75,76,30,5281,100,1600,2013,0.42
2026-09-13T01:59:07Z,78,76,30,5281,100,1366,1702,0.39
2026-09-13T01:59:09Z,72,76,30,5281,99,1600,2424,0.39
2026-09-13T01:59:11Z,74,76,30,5281,100,1325,1702,0.36
2026-09-13T01:59:13Z,75,76,30,5281,99,1600,1702,0.36
2026-09-13T01:59:16Z,75,76,30,5281,99,1600,2425,0.36
2026-09-13T01:59:18Z,75,76,30,5281,100,1600,1702,0.33
2026-09-13T01:59:20Z,72,76,30,5281,100,1600,2424,0.33
2026-09-13T01:59:22Z,75,76,30,5281,100,1600,2385,0.30
2026-09-13T01:59:24Z,76,76,30,5281,100,1600,2424,0.30
2026-09-13T01:59:26Z,71,76,30,5281,100,1600,1702,0.28
2026-09-13T01:59:28Z,75,76,30,5281,99,1600,1702,0.28
2026-09-13T01:59:30Z,75,76,30,5311,100,1512,2424,0.28
2026-09-13T01:59:32Z,75,76,30,5281,99,1322,1702,0.25
2026-09-13T01:59:34Z,75,76,30,5281,99,1600,1702,0.25
2026-09-13T01:59:36Z,77,76,30,5311,100,1446,1399,0.23
2026-09-13T01:59:38Z,75,75,30,5281,100,1377,1702,0.23
2026-09-13T01:59:40Z,72,75,30,5281,99,1600,2424,0.23
2026-09-13T01:59:42Z,73,75,30,5281,99,1600,2424,0.29
2026-09-13T01:59:44Z,72,75,30,5326,99,1600,2424,0.29
2026-09-13T01:59:47Z,72,75,30,5281,99,1600,2424,0.35
2026-09-13T01:59:49Z,75,75,30,5281,99,1600,1702,0.35
2026-09-13T01:59:51Z,74,75,30,5281,99,1600,1702,0.35
2026-09-13T01:59:53Z,69,75,30,5281,100,1113,2424,0.32
2026-09-13T01:59:55Z,70,75,30,5281,99,1600,1702,0.32
2026-09-13T01:59:57Z,70,75,30,5281,99,1600,2424,0.30
2026-09-13T01:59:59Z,72,75,30,5281,0,1549,2425,0.30
2026-09-13T02:00:01Z,71,74,30,5281,100,1507,1399,0.67
2026-09-13T02:00:03Z,73,74,30,5281,0,1506,1999,0.67
2026-09-13T02:00:05Z,73,73,30,5281,100,1600,1399,0.67
2026-09-13T02:00:07Z,75,75,30,5281,100,1350,1702,0.62
2026-09-13T02:00:09Z,75,75,30,5281,99,1600,1702,0.62
2026-09-13T02:00:11Z,75,75,30,5281,100,1565,1702,0.57
2026-09-13T02:00:13Z,75,76,30,5326,100,1466,1702,0.57
2026-09-13T02:00:15Z,77,76,30,5281,100,1343,1399,0.57
2026-09-13T02:00:18Z,75,76,30,5281,99,1513,2425,0.52
2026-09-13T02:00:20Z,76,76,30,5281,100,1355,1702,0.52
2026-09-13T02:00:22Z,75,76,30,5281,99,1600,2424,0.48
2026-09-13T02:00:24Z,76,76,30,5281,100,1600,1702,0.48
2026-09-13T02:00:26Z,75,76,30,5281,100,1353,1702,0.48
2026-09-13T02:00:28Z,74,76,30,5281,99,1288,1399,0.44
2026-09-13T02:00:30Z,71,76,30,5281,99,1600,1702,0.44
2026-09-13T02:00:32Z,75,76,30,5281,99,1600,2424,0.49
2026-09-13T02:00:34Z,78,76,30,5281,99,1479,1702,0.49
2026-09-13T02:00:36Z,72,76,30,5281,99,1600,2424,0.53
2026-09-13T02:00:38Z,78,76,30,5281,100,1405,1399,0.53
2026-09-13T02:00:40Z,75,76,30,5281,100,1600,1702,0.53
2026-09-13T02:00:42Z,74,76,30,5281,99,1600,1702,0.57
2026-09-13T02:00:44Z,74,76,30,5281,100,1318,1399,0.57
2026-09-13T02:00:46Z,71,76,30,5281,100,1600,2424,0.60
2026-09-13T02:00:49Z,75,76,30,5281,100,1600,1399,0.60
2026-09-13T02:00:51Z,75,76,30,5281,99,1600,2040,0.60
2026-09-13T02:00:53Z,75,76,30,5281,99,1435,1702,0.71
2026-09-13T02:00:55Z,75,76,30,5281,99,1455,1399,0.71
2026-09-13T02:00:57Z,71,76,30,5281,99,1600,2425,0.74
2026-09-13T02:00:59Z,71,76,30,5281,99,1600,2424,0.74
2026-09-13T02:01:01Z,74,76,30,5281,100,1531,1399,0.68
2026-09-13T02:01:03Z,75,76,30,5281,100,1600,1702,0.68
2026-09-13T02:01:05Z,75,76,30,5281,100,1350,1702,0.68
2026-09-13T02:01:07Z,75,76,30,5281,99,1474,2424,0.62
2026-09-13T02:01:09Z,75,75,30,5326,100,1482,1702,0.62
2026-09-13T02:01:11Z,75,75,30,5281,100,1600,1702,0.81
2026-09-13T02:01:13Z,75,75,30,5281,100,1600,1702,0.81
2026-09-13T02:01:15Z,75,75,30,5281,99,1514,1702,0.81
2026-09-13T02:01:17Z,74,75,30,5281,100,1517,1702,0.75
2026-09-13T02:01:20Z,77,75,30,5281,100,1480,1399,0.75
2026-09-13T02:01:22Z,71,75,30,5281,100,1600,1702,0.69
2026-09-13T02:01:24Z,75,75,30,5281,100,1600,1702,0.69
2026-09-13T02:01:26Z,71,75,30,5281,100,1536,1399,0.69
2026-09-13T02:01:28Z,73,74,30,5281,15,1464,1874,0.95
2026-09-13T02:01:30Z,71,74,30,5281,99,1487,1702,0.95
2026-09-13T02:01:32Z,77,73,30,5311,100,1411,1702,0.88
2026-09-13T02:01:34Z,75,75,30,5281,99,1477,1702,0.88
2026-09-13T02:01:36Z,74,75,30,5311,100,1358,1702,0.81
2026-09-13T02:01:38Z,72,75,30,5281,100,1600,1702,0.81
2026-09-13T02:01:40Z,75,76,30,5281,100,1592,1702,0.81
2026-09-13T02:01:42Z,76,76,30,5281,99,1381,1401,0.74
2026-09-13T02:01:44Z,75,76,30,5281,99,1600,1702,0.74
2026-09-13T02:01:47Z,75,76,30,5281,100,1519,1399,0.68
2026-09-13T02:01:49Z,75,76,30,5281,99,1326,2424,0.68
2026-09-13T02:01:51Z,72,76,30,5281,99,1428,1400,0.68
2026-09-13T02:01:53Z,75,76,30,5281,100,1405,2424,0.63
2026-09-13T02:01:55Z,75,76,30,5281,99,1304,1702,0.63
2026-09-13T02:01:57Z,73,76,30,5281,99,1600,1702,0.58
2026-09-13T02:01:59Z,75,76,30,5326,100,1549,1702,0.58
2026-09-13T02:02:01Z,76,76,30,5281,100,1401,1999,0.77
2026-09-13T02:02:03Z,75,76,30,5281,99,1539,1702,0.77
2026-09-13T02:02:05Z,72,76,30,5281,99,1535,1702,0.77
2026-09-13T02:02:07Z,75,76,30,5281,99,1386,2145,0.95
2026-09-13T02:02:09Z,77,76,30,5281,99,1363,1702,0.95
2026-09-13T02:02:11Z,75,76,30,5281,99,1600,1702,1.12
2026-09-13T02:02:13Z,74,76,30,5281,100,1600,1399,1.12
2026-09-13T02:02:15Z,75,76,30,5281,99,1600,2424,1.12
2026-09-13T02:02:18Z,75,76,30,5281,99,1417,2424,1.27
2026-09-13T02:02:20Z,74,76,30,5281,99,1600,1399,1.27
2026-09-13T02:02:22Z,75,76,30,5281,99,1600,1702,1.16
2026-09-13T02:02:24Z,75,76,30,5326,99,1454,1702,1.16
2026-09-13T02:02:26Z,74,76,30,5281,100,1308,1400,1.16
2026-09-13T02:02:28Z,75,76,30,5281,99,1600,2424,1.07
2026-09-13T02:02:30Z,76,76,30,5281,100,1600,2424,1.07
2026-09-13T02:02:32Z,71,75,30,5281,99,1600,2424,0.99
2026-09-13T02:02:34Z,71,75,30,5311,100,1600,2424,0.99
2026-09-13T02:02:36Z,71,75,30,5281,100,1600,2424,0.91
2026-09-13T02:02:38Z,71,75,30,5281,100,1600,2424,0.91
2026-09-13T02:02:40Z,71,75,30,5281,100,1600,2424,0.91
2026-09-13T02:02:42Z,75,75,30,5281,100,1600,2424,0.83
2026-09-13T02:02:44Z,75,75,30,5281,100,1600,2424,0.83
2026-09-13T02:02:46Z,76,75,30,5281,100,1473,1702,0.77
2026-09-13T02:02:48Z,69,75,30,5281,99,1600,1702,0.77
2026-09-13T02:02:50Z,70,75,30,5281,99,1600,2424,0.77
2026-09-13T02:02:53Z,71,75,30,5281,100,1540,1399,0.79
2026-09-13T02:02:55Z,73,74,30,5281,99,1460,1702,0.79
2026-09-13T02:02:57Z,67,74,30,5281,0,200,2425,0.96
2026-09-13T02:02:59Z,74,74,30,5281,99,1351,1702,0.96
2026-09-13T02:03:01Z,74,75,30,5326,99,1314,1702,0.96
2026-09-13T02:03:03Z,75,75,30,5281,100,1600,1702,0.97
2026-09-13T02:03:05Z,75,76,30,5281,100,1600,1702,0.97
2026-09-13T02:03:07Z,77,76,30,5281,99,1459,1468,0.97
2026-09-13T02:03:09Z,74,76,30,5281,99,1330,1702,0.97
2026-09-13T02:03:11Z,75,76,30,5281,100,1540,1702,0.89
2026-09-13T02:03:13Z,77,76,30,5281,100,1323,2025,0.89
2026-09-13T02:03:15Z,75,76,30,5281,99,1477,1702,0.89
2026-09-13T02:03:17Z,75,76,30,5326,100,1600,1702,0.82
2026-09-13T02:03:19Z,75,76,30,5281,99,1262,2424,0.82
2026-09-13T02:03:22Z,75,76,30,5281,100,1600,2424,0.75
2026-09-13T02:03:24Z,76,76,30,5281,99,1600,1702,0.75
2026-09-13T02:03:26Z,76,76,30,5281,99,1499,1702,0.75
2026-09-13T02:03:28Z,71,76,30,5281,100,1600,1702,0.69
2026-09-13T02:03:30Z,75,76,30,5326,100,1515,1399,0.69
2026-09-13T02:03:32Z,71,76,30,5281,99,1600,2424,0.64
2026-09-13T02:03:34Z,77,76,30,5281,100,1269,2424,0.64
2026-09-13T02:03:36Z,74,76,30,5281,99,1329,1702,0.59
2026-09-13T02:03:38Z,75,76,30,5281,100,1379,1702,0.59
2026-09-13T02:03:40Z,71,76,30,5311,100,1360,1702,0.59
2026-09-13T02:03:42Z,75,76,30,5281,99,1330,1702,0.54
2026-09-13T02:03:44Z,76,76,30,5281,99,1297,2424,0.54
2026-09-13T02:03:46Z,76,76,30,5326,99,1600,1702,0.50
2026-09-13T02:03:48Z,75,76,30,5281,100,1600,1702,0.50
2026-09-13T02:03:50Z,71,76,30,5281,100,1600,2424,0.50
2026-09-13T02:03:53Z,70,76,30,5311,99,1300,1702,0.46
2026-09-13T02:03:55Z,75,76,30,5281,100,1600,2425,0.46
2026-09-13T02:03:57Z,74,76,30,5311,100,1600,1702,0.42
2026-09-13T02:03:59Z,75,76,30,5281,100,1364,1702,0.42
2026-09-13T02:04:01Z,75,76,30,5281,100,1536,1702,0.42
2026-09-13T02:04:03Z,75,75,30,5281,99,1600,1702,0.39
2026-09-13T02:04:05Z,72,75,30,5326,99,1600,1702,0.39
2026-09-13T02:04:07Z,75,75,30,5326,99,1600,1702,0.43
2026-09-13T02:04:09Z,75,75,30,5311,99,1600,1838,0.43
2026-09-13T02:04:11Z,75,75,30,5281,100,1467,2424,0.48
2026-09-13T02:04:13Z,76,75,30,5281,99,1356,1702,0.48
2026-09-13T02:04:15Z,75,75,30,5281,100,1600,1399,0.48
2026-09-13T02:04:17Z,74,75,30,5281,99,1421,2034,0.44
2026-09-13T02:04:19Z,73,75,30,5281,99,1495,1399,0.44
2026-09-13T02:04:22Z,72,74,30,5281,0,1519,1401,0.73
2026-09-13T02:04:24Z,67,73,30,5326,99,1040,2424,0.73
2026-09-13T02:04:26Z,75,74,30,5281,99,1364,1702,0.73
2026-09-13T02:04:28Z,75,75,30,5281,100,1496,1399,0.67
2026-09-13T02:04:30Z,76,75,30,5311,100,1462,1702,0.67
2026-09-13T02:04:32Z,75,76,30,5281,100,1407,2424,0.61
2026-09-13T02:04:34Z,75,76,30,5326,100,1600,1399,0.61
2026-09-13T02:04:36Z,75,76,30,5311,99,1537,1702,0.56
2026-09-13T02:04:38Z,75,76,30,5281,99,1359,1702,0.56
2026-09-13T02:04:40Z,76,76,30,5281,99,1527,1702,0.56
2026-09-13T02:04:42Z,75,76,30,5281,100,1600,1702,0.60
2026-09-13T02:04:44Z,76,76,30,5281,100,1331,1899,0.60
2026-09-13T02:04:46Z,77,76,30,5281,100,1396,1702,0.63
2026-09-13T02:04:48Z,78,76,30,5281,100,1379,1702,0.63
2026-09-13T02:04:50Z,74,76,30,5326,100,1273,2426,0.63
2026-09-13T02:04:53Z,75,76,30,5281,99,1531,1702,0.66
2026-09-13T02:04:55Z,71,76,30,5326,100,1600,1702,0.66
2026-09-13T02:04:57Z,76,76,30,5281,100,1375,1702,0.69
2026-09-13T02:04:59Z,71,76,30,5281,99,1600,1399,0.69
2026-09-13T02:05:01Z,71,76,30,5281,100,1600,2424,0.69
2026-09-13T02:05:03Z,74,76,30,5311,99,1322,1399,0.71
2026-09-13T02:05:05Z,75,76,30,5311,100,1469,1399,0.71
2026-09-13T02:05:07Z,76,76,30,5281,100,1473,1702,0.74
2026-09-13T02:05:09Z,71,76,30,5311,100,1323,1702,0.74
2026-09-13T02:05:11Z,74,76,30,5281,100,1302,1702,0.76
2026-09-13T02:05:13Z,75,76,30,5281,100,1600,1775,0.76
2026-09-13T02:05:15Z,75,76,30,5281,99,1600,2424,0.76
2026-09-13T02:05:17Z,76,76,30,5281,100,1356,1702,0.78
2026-09-13T02:05:19Z,74,76,30,5281,99,1600,2426,0.78
2026-09-13T02:05:21Z,71,76,30,5281,99,1600,2424,0.80
2026-09-13T02:05:24Z,70,76,30,5281,100,1600,2424,0.80
2026-09-13T02:05:26Z,70,76,30,5281,99,1303,1401,0.80
2026-09-13T02:05:28Z,74,76,30,5281,99,1347,1416,0.81
2026-09-13T02:05:30Z,75,75,30,5281,99,1446,1702,0.81
2026-09-13T02:05:32Z,75,75,30,5326,99,1460,2424,0.75
2026-09-13T02:05:34Z,69,75,30,5326,99,1301,1702,0.75
2026-09-13T02:05:36Z,71,75,30,5281,99,1303,1702,0.69
2026-09-13T02:05:38Z,70,75,30,5281,100,1600,2425,0.69
2026-09-13T02:05:40Z,75,75,30,5281,100,1453,1399,0.69
2026-09-13T02:05:42Z,75,75,30,5311,99,1328,1702,0.63
2026-09-13T02:05:44Z,74,75,30,5281,3,200,2424,0.63
2026-09-13T02:05:46Z,71,75,30,5281,100,1518,1399,0.90
2026-09-13T02:05:48Z,72,74,30,5281,100,1600,1702,0.90
2026-09-13T02:05:50Z,74,74,30,5281,99,1362,1702,0.90
2026-09-13T02:05:52Z,75,75,30,5281,99,1365,1702,0.83
2026-09-13T02:05:55Z,77,75,30,5281,99,1459,1702,0.83
2026-09-13T02:05:57Z,75,75,30,5281,99,1364,1702,0.76
2026-09-13T02:05:59Z,74,76,30,5281,100,1600,2425,0.76
2026-09-13T02:06:01Z,75,76,30,5326,99,1471,1702,0.76
2026-09-13T02:06:03Z,76,76,30,5281,99,1313,2424,0.70
2026-09-13T02:06:05Z,75,76,30,5281,99,1470,1702,0.70
2026-09-13T02:06:07Z,74,76,30,5281,100,1330,1702,0.89
2026-09-13T02:06:09Z,77,76,30,5281,99,1474,1702,0.89
2026-09-13T02:06:11Z,76,76,30,5326,100,1600,2366,0.81
2026-09-13T02:06:13Z,75,76,30,5281,100,1600,1702,0.81
2026-09-13T02:06:15Z,75,76,30,5281,100,1600,2424,0.81
2026-09-13T02:06:17Z,75,76,30,5281,99,1333,2425,0.75
2026-09-13T02:06:19Z,71,76,30,5281,100,1600,1400,0.75
2026-09-13T02:06:21Z,75,76,30,5281,100,1600,2186,0.69
2026-09-13T02:06:23Z,73,76,30,5281,99,1600,2425,0.69
2026-09-13T02:06:26Z,78,76,30,5281,100,1380,1702,0.69
2026-09-13T02:06:28Z,76,76,30,5281,100,1524,1702,0.63
2026-09-13T02:06:30Z,73,76,30,5311,100,1600,2424,0.63
2026-09-13T02:06:32Z,75,76,30,5311,99,1600,2424,0.58
2026-09-13T02:06:34Z,75,76,30,5281,100,1435,1702,0.58
2026-09-13T02:06:36Z,75,76,30,5281,100,1521,1702,0.86
2026-09-13T02:06:38Z,76,76,30,5311,99,1481,1702,0.86
2026-09-13T02:06:40Z,71,76,30,5281,99,1600,2424,0.86
2026-09-13T02:06:42Z,74,76,30,5281,99,1413,2425,0.79
2026-09-13T02:06:44Z,75,76,30,5281,100,1600,1702,0.79
2026-09-13T02:06:46Z,75,76,30,5281,99,1372,1702,0.97
2026-09-13T02:06:48Z,75,76,30,5281,99,1600,1702,0.97
2026-09-13T02:06:50Z,77,75,30,5326,99,1354,1702,0.97
2026-09-13T02:06:52Z,74,75,30,5326,99,1600,2424,0.89
2026-09-13T02:06:54Z,75,75,30,5281,99,1600,1702,0.89
2026-09-13T02:06:57Z,75,75,30,5281,99,1600,1399,0.82
2026-09-13T02:06:59Z,71,75,30,5281,100,1600,2424,0.82
2026-09-13T02:07:01Z,75,75,30,5281,100,1600,1702,0.82
2026-09-13T02:07:03Z,75,75,30,5281,99,1600,1702,0.75
2026-09-13T02:07:05Z,75,75,30,5281,99,1600,1399,0.75
2026-09-13T02:07:07Z,71,75,30,5281,100,1600,2424,0.69
2026-09-13T02:07:09Z,75,75,30,5281,99,1600,2424,0.69
2026-09-13T02:07:11Z,72,75,30,5281,100,1600,1702,0.88
2026-09-13T02:07:13Z,70,75,30,5281,100,1485,1811,0.88
2026-09-13T02:07:15Z,72,74,30,5281,99,1600,1399,0.88
2026-09-13T02:07:17Z,75,73,30,5281,100,1366,1702,0.89
2026-09-13T02:07:19Z,75,74,30,5281,99,1600,1702,0.89
2026-09-13T02:07:21Z,75,75,30,5281,100,1477,1702,0.81
2026-09-13T02:07:23Z,76,76,30,5311,100,1343,1702,0.81
2026-09-13T02:07:26Z,72,76,30,5326,99,1600,1702,0.81
2026-09-13T02:07:28Z,75,76,30,5281,100,1600,1702,0.75
2026-09-13T02:07:30Z,77,76,30,5281,100,1313,2424,0.75
2026-09-13T02:07:32Z,76,76,30,5281,100,1533,1702,0.69
2026-09-13T02:07:34Z,75,76,30,5281,100,1313,2424,0.69
2026-09-13T02:07:36Z,76,76,30,5281,100,1351,1702,0.69
2026-09-13T02:07:38Z,75,76,30,5281,99,1528,1702,0.63
2026-09-13T02:07:40Z,75,76,30,5281,100,1395,1702,0.63
2026-09-13T02:07:42Z,77,76,30,5311,99,1388,1702,0.58
2026-09-13T02:07:44Z,76,76,30,5281,99,1354,1702,0.58
2026-09-13T02:07:46Z,75,76,30,5281,99,1600,2425,0.54
2026-09-13T02:07:48Z,75,76,30,5281,100,1409,2424,0.54
2026-09-13T02:07:50Z,75,76,30,5281,100,1511,1400,0.54
2026-09-13T02:07:52Z,72,76,30,5326,100,1600,2424,0.49
2026-09-13T02:07:54Z,74,76,30,5311,100,1600,1702,0.49
2026-09-13T02:07:57Z,77,76,30,5281,100,1402,1399,0.45
2026-09-13T02:07:59Z,75,76,30,5281,99,1430,2424,0.45
2026-09-13T02:08:01Z,70,76,30,5281,100,1600,2424,0.45
2026-09-13T02:08:03Z,75,76,30,5281,99,1600,1702,0.42
2026-09-13T02:08:05Z,75,76,30,5326,99,1537,1702,0.42
2026-09-13T02:08:07Z,75,76,30,5326,100,1517,1399,0.38
2026-09-13T02:08:09Z,75,76,30,5281,100,1401,2424,0.38
2026-09-13T02:08:11Z,76,76,30,5281,100,1600,1702,0.35
2026-09-13T02:08:13Z,71,76,30,5281,99,1600,2425,0.35
2026-09-13T02:08:15Z,71,76,30,5281,99,1600,1702,0.35
2026-09-13T02:08:17Z,76,76,30,5326,99,1468,1702,0.32
2026-09-13T02:08:19Z,75,76,30,5311,99,1452,2424,0.32
2026-09-13T02:08:21Z,74,75,30,5281,100,1488,1702,0.30
2026-09-13T02:08:23Z,75,75,30,5326,99,1600,1702,0.30
2026-09-13T02:08:25Z,73,75,30,5281,100,1600,1702,0.30
2026-09-13T02:08:28Z,74,75,30,5281,100,1514,1702,0.27
2026-09-13T02:08:30Z,74,75,30,5281,100,1600,1702,0.27
2026-09-13T02:08:32Z,74,75,30,5281,100,1547,1702,0.33
2026-09-13T02:08:34Z,74,75,30,5281,99,1318,1702,0.33
2026-09-13T02:08:36Z,74,75,30,5326,99,1600,1702,0.33
2026-09-13T02:08:38Z,72,75,30,5281,100,1480,1702,0.31
2026-09-13T02:08:40Z,73,74,30,5281,99,200,2372,0.31
2026-09-13T02:08:42Z,72,74,30,5281,100,1475,1730,0.52
2026-09-13T02:08:44Z,61,73,30,5281,0,200,2423,0.52
2026-09-13T02:08:46Z,59,71,30,5281,0,200,3503,0.56
2026-09-13T02:08:48Z,57,70,30,5281,0,200,2424,0.56
2026-09-13T02:08:50Z,57,68,30,5067,0,200,2424,0.56
2026-09-13T02:08:52Z,56,66,30,5067,0,200,2784,0.68
2026-09-13T02:08:54Z,58,64,30,4664,99,1040,2425,0.68
2026-09-13T02:08:56Z,54,62,30,4166,0,200,2424,0.78
2026-09-13T02:08:58Z,57,61,30,4093,100,1212,2424,0.78
2026-09-13T02:09:01Z,69,66,30,3318,100,1382,1702,0.78
2026-09-13T02:09:03Z,70,69,30,3272,100,1384,1702,0.72
2026-09-13T02:09:05Z,71,70,30,3396,100,1381,1702,0.72
2026-09-13T02:09:07Z,72,71,30,3551,100,1379,1702,0.74
2026-09-13T02:09:09Z,73,72,30,3803,99,1391,1702,0.74
2026-09-13T02:09:11Z,73,73,30,4102,99,1376,1702,0.74
2026-09-13T02:09:13Z,73,73,30,4310,99,1328,2424,0.68
2026-09-13T02:09:15Z,70,74,30,4330,100,1600,1702,0.68
2026-09-13T02:09:17Z,72,74,30,4664,99,1600,1702,0.63
2026-09-13T02:09:19Z,75,75,30,4795,99,1599,2426,0.63
2026-09-13T02:09:21Z,74,75,30,4960,99,1351,2424,0.66
2026-09-13T02:09:23Z,74,75,30,5136,99,1411,1702,0.66
2026-09-13T02:09:25Z,75,75,30,5179,100,1378,1702,0.66
2026-09-13T02:09:27Z,77,75,30,5179,99,1322,2424,0.61
2026-09-13T02:09:29Z,75,75,30,5136,99,1359,1702,0.61
2026-09-13T02:09:32Z,75,76,30,5136,100,1366,1702,0.56
2026-09-13T02:09:34Z,75,76,30,5237,99,1378,1702,0.56
2026-09-13T02:09:36Z,72,76,30,5237,100,1531,2426,0.56
2026-09-13T02:09:38Z,75,76,30,5237,99,1373,1702,0.59
2026-09-13T02:09:40Z,76,76,30,5252,99,1380,1702,0.59
2026-09-13T02:09:42Z,73,76,30,5237,99,1600,2424,0.54
2026-09-13T02:09:44Z,75,76,30,5252,100,1328,2424,0.54
2026-09-13T02:09:46Z,75,76,30,5237,100,1575,1702,0.58
2026-09-13T02:09:48Z,75,76,30,5281,100,1378,1702,0.58
2026-09-13T02:09:50Z,75,76,30,5252,100,1600,2424,0.58
2026-09-13T02:09:52Z,71,76,30,5237,100,1600,1702,0.61
2026-09-13T02:09:54Z,75,76,30,5281,99,1388,1702,0.61
2026-09-13T02:09:56Z,75,76,30,5252,99,1371,1702,0.57
2026-09-13T02:09:58Z,75,76,30,5237,99,1350,2425,0.57
2026-09-13T02:10:00Z,74,76,30,5281,99,1366,1702,0.57
2026-09-13T02:10:03Z,75,76,30,5281,99,1343,1702,0.52
2026-09-13T02:10:05Z,75,76,30,5252,99,1385,1702,0.52
2026-09-13T02:10:07Z,75,76,30,5281,100,1413,2424,0.56
2026-09-13T02:10:09Z,75,76,30,5281,99,1465,1702,0.56
2026-09-13T02:10:11Z,71,76,30,5252,100,1600,2424,0.56
2026-09-13T02:10:13Z,70,76,30,5252,99,1600,1926,0.51
2026-09-13T02:10:15Z,69,76,30,5281,100,1600,2424,0.51
2026-09-13T02:10:17Z,69,75,30,5281,100,1600,2425,0.47
2026-09-13T02:10:19Z,69,75,30,5237,99,1600,1702,0.47
2026-09-13T02:10:21Z,76,75,30,5281,100,1379,1399,0.43
2026-09-13T02:10:23Z,75,75,30,5281,99,1335,2424,0.43
2026-09-13T02:10:25Z,69,75,30,5281,99,1392,1702,0.43
2026-09-13T02:10:27Z,72,75,30,5237,99,1337,1702,0.40
2026-09-13T02:10:29Z,75,75,30,5281,100,1380,1702,0.40
2026-09-13T02:10:31Z,71,75,30,5252,99,1310,2425,0.45
2026-09-13T02:10:33Z,70,75,30,5281,99,1600,2424,0.45
2026-09-13T02:10:36Z,71,75,30,5281,100,1600,2424,0.45
2026-09-13T02:10:38Z,71,75,30,5281,100,1600,2426,0.41
2026-09-13T02:10:40Z,74,75,30,5252,100,1536,2427,0.41
2026-09-13T02:10:42Z,75,75,30,5281,100,1387,1702,0.38
2026-09-13T02:10:44Z,75,75,30,5281,100,1378,1702,0.38
2026-09-13T02:10:46Z,75,75,30,5281,99,1375,1702,0.38
2026-09-13T02:10:48Z,74,75,30,5281,99,1352,2424,0.43
2026-09-13T02:10:50Z,75,75,30,5281,100,1372,1702,0.43
2026-09-13T02:10:52Z,75,75,30,5281,100,1385,1702,0.39
2026-09-13T02:10:54Z,72,75,30,5281,99,1364,1702,0.39
2026-09-13T02:10:56Z,74,75,30,5281,99,1412,2425,0.44
2026-09-13T02:10:58Z,71,75,30,5281,100,1600,2424,0.44
2026-09-13T02:11:00Z,74,75,30,5281,99,1388,1702,0.44
2026-09-13T02:11:02Z,74,75,30,5252,99,1351,1702,0.41
2026-09-13T02:11:04Z,74,75,30,5252,100,1600,1399,0.41
2026-09-13T02:11:07Z,69,75,30,5281,100,1340,2424,0.45
2026-09-13T02:11:09Z,70,74,30,5281,100,1486,1702,0.45
2026-09-13T02:11:11Z,73,74,30,5281,99,1455,1702,0.45
2026-09-13T02:11:13Z,62,73,30,5281,0,200,2424,0.42
2026-09-13T02:11:15Z,76,72,30,5281,100,1385,1399,0.42
2026-09-13T02:11:17Z,74,74,30,5281,99,1381,1702,0.38
2026-09-13T02:11:19Z,74,74,30,5281,99,1427,1702,0.38
2026-09-13T02:11:21Z,74,75,30,5281,100,1376,1399,0.43
2026-09-13T02:11:23Z,75,75,30,5281,100,1381,1702,0.43
2026-09-13T02:11:25Z,75,75,30,5252,99,1376,1702,0.43
2026-09-13T02:11:27Z,75,75,30,5252,100,1330,2425,0.40
2026-09-13T02:11:29Z,75,75,30,5252,99,1341,1702,0.40
2026-09-13T02:11:32Z,72,75,30,5281,99,1343,1702,0.45
2026-09-13T02:11:34Z,72,76,30,5281,99,1317,1400,0.45
2026-09-13T02:11:36Z,74,76,30,5281,99,1327,2425,0.45
2026-09-13T02:11:38Z,75,76,30,5281,100,1373,1702,0.41
2026-09-13T02:11:40Z,75,76,30,5281,99,1370,1702,0.41
2026-09-13T02:11:42Z,75,76,30,5281,99,1380,1702,0.38
2026-09-13T02:11:44Z,77,76,30,5281,100,1379,1702,0.38
2026-09-13T02:11:46Z,75,76,30,5281,99,1600,1702,0.35
2026-09-13T02:11:48Z,75,76,30,5281,100,1382,1702,0.35
2026-09-13T02:11:50Z,75,76,30,5281,99,1346,2424,0.35
2026-09-13T02:11:52Z,72,76,30,5281,99,1335,1400,0.40
2026-09-13T02:11:54Z,75,76,30,5281,100,1377,1399,0.40
2026-09-13T02:11:56Z,75,76,30,5281,99,1376,1702,0.37
2026-09-13T02:11:58Z,72,76,30,5281,99,1600,2424,0.37
2026-09-13T02:12:01Z,75,76,30,5281,99,1356,1702,0.37
2026-09-13T02:12:03Z,71,76,30,5281,99,1383,1702,0.34
2026-09-13T02:12:05Z,75,76,30,5281,99,1449,1702,0.34
2026-09-13T02:12:07Z,73,76,30,5281,99,1325,1702,0.39
2026-09-13T02:12:09Z,75,76,30,5281,99,1386,1702,0.39
2026-09-13T02:12:11Z,75,76,30,5281,99,1347,1702,0.39
2026-09-13T02:12:13Z,75,76,30,5281,99,1326,2424,0.36
2026-09-13T02:12:15Z,75,76,30,5281,99,1384,1702,0.36
2026-09-13T02:12:17Z,71,76,30,5281,99,1600,2425,0.33
2026-09-13T02:12:19Z,75,76,30,5281,100,1378,1702,0.33
2026-09-13T02:12:21Z,74,76,30,5281,99,1335,2424,0.38
2026-09-13T02:12:23Z,75,76,30,5281,100,1381,1702,0.38
2026-09-13T02:12:25Z,75,76,30,5281,100,1600,1399,0.38
2026-09-13T02:12:27Z,77,76,30,5281,99,1381,1702,0.35
2026-09-13T02:12:30Z,75,76,30,5281,100,1322,2424,0.35
2026-09-13T02:12:32Z,75,75,30,5281,99,1343,1399,0.32
2026-09-13T02:12:34Z,75,75,30,5281,99,1394,1702,0.32
2026-09-13T02:12:36Z,75,75,30,5281,100,1435,1702,0.32
2026-09-13T02:12:38Z,74,75,30,5281,100,1361,2425,0.30
2026-09-13T02:12:40Z,75,75,30,5281,100,1373,1400,0.30
2026-09-13T02:12:42Z,75,75,30,5281,99,1377,1702,0.27
2026-09-13T02:12:44Z,75,75,30,5281,100,1600,1702,0.27
2026-09-13T02:12:46Z,74,75,30,5281,100,1334,2424,0.33
2026-09-13T02:12:48Z,75,75,30,5281,99,1371,1702,0.33
2026-09-13T02:12:50Z,75,75,30,5281,100,1386,1702,0.33
2026-09-13T02:12:52Z,75,75,30,5281,100,1371,1400,0.31
2026-09-13T02:12:54Z,74,75,30,5281,100,1336,2424,0.31
2026-09-13T02:12:56Z,75,75,30,5281,99,1350,1702,0.28
2026-09-13T02:12:58Z,71,75,30,5252,99,1600,1702,0.28
2026-09-13T02:13:01Z,74,75,30,5281,99,1600,1702,0.28
2026-09-13T02:13:03Z,74,75,30,5281,100,1338,2424,0.26
2026-09-13T02:13:05Z,75,75,30,5281,100,1365,1702,0.26
2026-09-13T02:13:07Z,69,75,30,5281,99,1600,2424,0.24
2026-09-13T02:13:09Z,70,75,30,5281,100,1600,2426,0.24
2026-09-13T02:13:11Z,74,75,30,5281,99,1334,2424,0.24
2026-09-13T02:13:13Z,71,75,30,5281,100,1354,1702,0.30
2026-09-13T02:13:15Z,75,75,30,5281,99,1403,1702,0.30
2026-09-13T02:13:17Z,75,75,30,5281,99,1374,1702,0.27
2026-09-13T02:13:19Z,74,75,30,5281,99,1600,1702,0.27
2026-09-13T02:13:21Z,74,75,30,5281,99,1327,2424,0.33
2026-09-13T02:13:23Z,72,74,30,5281,0,1524,1400,0.33
2026-09-13T02:13:25Z,71,74,30,5281,100,1503,1399,0.33
2026-09-13T02:13:27Z,66,73,30,5281,0,200,2426,0.31
2026-09-13T02:13:29Z,74,74,30,5281,100,1398,1702,0.31
2026-09-13T02:13:32Z,74,75,30,5281,100,1600,1399,0.28
2026-09-13T02:13:34Z,75,75,30,5281,99,1595,1702,0.28
2026-09-13T02:13:36Z,74,75,30,5281,100,1587,1702,0.28
2026-09-13T02:13:38Z,75,75,30,5281,100,1382,1702,0.26
2026-09-13T02:13:40Z,75,75,30,5281,100,1600,1702,0.26
2026-09-13T02:13:42Z,75,76,30,5281,100,1334,2425,0.24
2026-09-13T02:13:44Z,75,76,30,5281,100,1369,1399,0.24
2026-09-13T02:13:46Z,75,76,30,5281,100,1374,1702,0.22
2026-09-13T02:13:48Z,75,76,30,5281,99,1380,1399,0.22
2026-09-13T02:13:50Z,75,76,30,5281,100,1372,1702,0.22
2026-09-13T02:13:52Z,76,76,30,5281,100,1378,1702,0.20
2026-09-13T02:13:54Z,77,76,30,5281,99,1383,1411,0.20
2026-09-13T02:13:56Z,73,76,30,5281,99,1324,2425,0.26
2026-09-13T02:13:58Z,75,76,30,5281,100,1385,1400,0.26
2026-09-13T02:14:01Z,75,76,30,5281,100,1415,1702,0.26
2026-09-13T02:14:03Z,77,76,30,5281,100,1379,1702,0.24
2026-09-13T02:14:05Z,75,76,30,5281,99,1600,2427,0.24
2026-09-13T02:14:07Z,75,76,30,5281,100,1401,1702,0.22
2026-09-13T02:14:09Z,74,76,30,5281,99,1336,1702,0.22
2026-09-13T02:14:11Z,75,76,30,5281,100,1600,1702,0.22
2026-09-13T02:14:13Z,75,76,30,5281,99,1370,1702,0.21
2026-09-13T02:14:15Z,75,76,30,5281,100,1600,1702,0.21
2026-09-13T02:14:17Z,75,76,30,5281,99,1366,1702,0.19
2026-09-13T02:14:19Z,75,76,30,5281,99,1330,2302,0.19
2026-09-13T02:14:21Z,75,76,30,5281,100,1375,1702,0.17
2026-09-13T02:14:23Z,76,76,30,5281,99,1600,1702,0.17
2026-09-13T02:14:25Z,76,76,30,5281,100,1365,1702,0.17
2026-09-13T02:14:27Z,74,76,30,5281,100,1353,2424,0.16
2026-09-13T02:14:30Z,75,76,30,5281,99,1495,1702,0.16
2026-09-13T02:14:32Z,76,76,30,5281,100,1376,1702,0.15
2026-09-13T02:14:34Z,75,76,30,5281,99,1413,1702,0.15
2026-09-13T02:14:36Z,71,76,30,5281,99,1600,2425,0.15
2026-09-13T02:14:38Z,77,76,30,5281,100,1383,1702,0.21
2026-09-13T02:14:40Z,76,76,30,5281,99,1381,1702,0.21
2026-09-13T02:14:42Z,75,76,30,5281,99,1360,1702,0.20
2026-09-13T02:14:44Z,74,76,30,5281,99,1600,2424,0.20
2026-09-13T02:14:46Z,75,75,30,5281,99,1600,2249,0.18
2026-09-13T02:14:48Z,71,75,30,5281,100,1600,1702,0.18
2026-09-13T02:14:50Z,76,75,30,5281,99,1380,1399,0.18
2026-09-13T02:14:52Z,75,75,30,5281,100,1328,2425,0.33
2026-09-13T02:14:54Z,76,75,30,5281,100,1377,1702,0.33
2026-09-13T02:14:56Z,75,75,30,5281,100,1371,1702,0.30
2026-09-13T02:14:59Z,75,75,30,5237,100,1380,1702,0.30
2026-09-13T02:15:01Z,74,75,30,5281,100,1334,2424,0.30
2026-09-13T02:15:03Z,74,75,30,5281,99,1359,1702,0.36
2026-09-13T02:15:05Z,71,75,30,5281,100,1409,1702,0.36
2026-09-13T02:15:07Z,71,75,30,5281,100,1600,1702,0.33
2026-09-13T02:15:09Z,74,75,30,5281,99,1328,2424,0.33
2026-09-13T02:15:11Z,75,75,30,5281,100,1373,1702,0.33
2026-09-13T02:15:13Z,75,75,30,5281,100,1367,1702,0.30
2026-09-13T02:15:15Z,76,75,30,5281,99,1378,1702,0.30
2026-09-13T02:15:17Z,71,75,30,5252,99,1600,2424,0.28
2026-09-13T02:15:19Z,74,75,30,5237,99,1366,1399,0.28
2026-09-13T02:15:21Z,75,75,30,5281,100,1379,1702,0.25
2026-09-13T02:15:23Z,71,75,30,5281,99,1349,1702,0.25
2026-09-13T02:15:25Z,73,75,30,5281,99,1392,2424,0.25
2026-09-13T02:15:27Z,74,75,30,5281,99,1381,1702,0.31
2026-09-13T02:15:30Z,76,75,30,5281,99,1381,1702,0.31
2026-09-13T02:15:32Z,74,75,30,5281,99,1600,1702,0.29
2026-09-13T02:15:34Z,75,75,30,5281,100,1384,1702,0.29
2026-09-13T02:15:36Z,72,75,30,5281,99,1499,1702,0.29
2026-09-13T02:15:38Z,72,74,30,5281,100,1501,1400,0.27
2026-09-13T02:15:40Z,72,74,30,5281,100,1352,1702,0.27
2026-09-13T02:15:42Z,63,73,30,5281,99,1040,2425,0.24
2026-09-13T02:15:44Z,74,74,30,5281,99,1358,1702,0.24
2026-09-13T02:15:46Z,75,74,30,5281,100,1374,1702,0.22
2026-09-13T02:15:48Z,75,75,30,5281,99,1392,1702,0.22
2026-09-13T02:15:50Z,74,75,30,5281,100,1371,1702,0.22
2026-09-13T02:15:52Z,75,75,30,5281,100,1370,1702,0.21
2026-09-13T02:15:54Z,75,75,30,5281,99,1383,1702,0.21
2026-09-13T02:15:57Z,75,75,30,5281,100,1327,2424,0.27
2026-09-13T02:15:59Z,74,75,30,5281,100,1366,1702,0.27
2026-09-13T02:16:01Z,71,76,30,5281,100,1473,1702,0.27
2026-09-13T02:16:03Z,73,76,30,5281,99,1600,1399,0.25
2026-09-13T02:16:05Z,74,76,30,5281,99,1379,1702,0.25
2026-09-13T02:16:07Z,75,76,30,5281,100,1378,1702,0.23
2026-09-13T02:16:09Z,75,76,30,5252,100,1366,1702,0.23
2026-09-13T02:16:11Z,75,76,30,5281,99,1321,2424,0.37
2026-09-13T02:16:13Z,72,76,30,5281,100,1389,1702,0.37
2026-09-13T02:16:15Z,75,76,30,5281,99,1600,1702,0.37
2026-09-13T02:16:17Z,75,76,30,5281,100,1399,1702,0.34
2026-09-13T02:16:19Z,75,76,30,5281,100,1332,2424,0.34
2026-09-13T02:16:21Z,75,76,30,5252,100,1600,1702,0.31
2026-09-13T02:16:23Z,75,76,30,5281,99,1373,1702,0.31
2026-09-13T02:16:25Z,75,76,30,5281,100,1373,1399,0.31
2026-09-13T02:16:28Z,75,76,30,5281,100,1600,1702,0.37
2026-09-13T02:16:30Z,76,76,30,5281,100,1415,1702,0.37
2026-09-13T02:16:32Z,72,76,30,5281,100,1600,2424,0.34
2026-09-13T02:16:34Z,75,76,30,5281,100,1356,2424,0.34
2026-09-13T02:16:36Z,75,76,30,5281,99,1382,1702,0.34
2026-09-13T02:16:38Z,75,76,30,5281,100,1371,1702,0.31
2026-09-13T02:16:40Z,75,76,30,5281,100,1600,1702,0.31
2026-09-13T02:16:42Z,75,76,30,5281,99,1333,2424,0.37
2026-09-13T02:16:44Z,76,76,30,5281,99,1373,1702,0.37
2026-09-13T02:16:46Z,75,76,30,5281,99,1600,1702,0.34
2026-09-13T02:16:48Z,76,76,30,5281,100,1364,1702,0.34
2026-09-13T02:16:50Z,75,76,30,5281,99,1340,2424,0.34
2026-09-13T02:16:52Z,75,76,30,5281,99,1401,1702,0.31
2026-09-13T02:16:54Z,75,76,30,5281,100,1600,2424,0.31
2026-09-13T02:16:57Z,70,76,30,5281,100,1600,2424,0.28
2026-09-13T02:16:59Z,70,75,30,5281,99,1600,2424,0.28
2026-09-13T02:17:01Z,71,75,30,5281,99,1600,2425,0.28
2026-09-13T02:17:03Z,70,75,30,5281,99,1600,2424,0.26
2026-09-13T02:17:05Z,70,75,30,5237,100,1600,1702,0.26
2026-09-13T02:17:07Z,74,75,30,5281,99,1285,2424,0.32
2026-09-13T02:17:09Z,70,75,30,5281,100,1600,1702,0.32
2026-09-13T02:17:11Z,70,75,30,5281,100,1600,1702,0.32
2026-09-13T02:17:13Z,70,75,30,5281,100,1600,1702,0.30
2026-09-13T02:17:15Z,70,75,30,5281,99,1600,2424,0.30
2026-09-13T02:17:17Z,70,75,30,5281,100,1600,2424,0.27
2026-09-13T02:17:19Z,72,75,30,5281,100,1600,2424,0.27
2026-09-13T02:17:21Z,75,75,30,5281,99,1600,2424,0.25
2026-09-13T02:17:23Z,75,75,30,5281,100,1366,2424,0.25
2026-09-13T02:17:25Z,75,75,30,5281,100,1392,1702,0.25
2026-09-13T02:17:27Z,75,75,30,5281,99,1375,1702,0.23
2026-09-13T02:17:29Z,76,75,30,5281,100,1369,1702,0.23
2026-09-13T02:17:32Z,74,75,30,5281,100,1600,2424,0.29
2026-09-13T02:17:34Z,75,75,30,5252,99,1375,1702,0.29
2026-09-13T02:17:36Z,76,75,30,5281,99,1387,1702,0.29
2026-09-13T02:17:38Z,70,75,30,5281,99,1600,1702,0.27
2026-09-13T02:17:40Z,74,75,30,5281,100,1463,2024,0.27
2026-09-13T02:17:42Z,69,75,30,5281,99,1600,2424,0.25
2026-09-13T02:17:44Z,72,75,30,5281,100,1600,2424,0.25
2026-09-13T02:17:46Z,74,75,30,5281,100,1394,1702,0.25
2026-09-13T02:17:48Z,75,75,30,5237,100,1362,1400,0.31
2026-09-13T02:17:50Z,73,75,30,5281,99,1315,1400,0.31
2026-09-13T02:17:52Z,73,74,30,5281,100,1461,1702,0.28
2026-09-13T02:17:54Z,69,74,30,5281,100,1498,1702,0.28
2026-09-13T02:17:56Z,68,73,30,5281,100,1040,2424,0.42
2026-09-13T02:17:58Z,75,74,30,5281,99,1376,1702,0.42
2026-09-13T02:18:01Z,77,75,30,5281,99,1380,1702,0.42
2026-09-13T02:18:03Z,75,75,30,5281,100,1379,1702,0.39
2026-09-13T02:18:05Z,77,75,30,5281,100,1383,1702,0.39
2026-09-13T02:18:07Z,77,75,30,5281,99,1377,1702,0.35
2026-09-13T02:18:09Z,77,76,30,5281,99,1372,1702,0.35
2026-09-13T02:18:11Z,75,76,30,5281,100,1330,2424,0.35
2026-09-13T02:18:13Z,75,76,30,5281,100,1600,1702,0.33
2026-09-13T02:18:15Z,75,76,30,5281,100,1599,1702,0.33
2026-09-13T02:18:17Z,75,76,30,5281,99,1600,2424,0.38
2026-09-13T02:18:19Z,75,76,30,5281,100,1381,1401,0.38
2026-09-13T02:18:21Z,75,76,30,5281,100,1380,1702,0.35
2026-09-13T02:18:23Z,75,76,30,5281,99,1376,1702,0.35
2026-09-13T02:18:25Z,76,76,30,5281,99,1321,2424,0.35
2026-09-13T02:18:27Z,75,76,30,5281,99,1376,1702,0.32
2026-09-13T02:18:30Z,75,76,30,5281,99,1375,1702,0.32
2026-09-13T02:18:32Z,75,76,30,5281,100,1441,1702,0.30
2026-09-13T02:18:34Z,75,76,30,5281,99,1390,1702,0.30
2026-09-13T02:18:36Z,75,76,30,5281,99,1379,1702,0.30
2026-09-13T02:18:38Z,76,76,30,5281,100,1393,1702,0.27
2026-09-13T02:18:40Z,75,76,30,5281,99,1331,2151,0.27
2026-09-13T02:18:42Z,75,76,30,5281,99,1387,1702,0.33
2026-09-13T02:18:44Z,72,76,30,5281,100,1600,1702,0.33
2026-09-13T02:18:46Z,75,76,30,5281,99,1338,1400,0.46
2026-09-13T02:18:48Z,76,76,30,5281,100,1330,2425,0.46
2026-09-13T02:18:50Z,76,76,30,5281,100,1388,1702,0.46
2026-09-13T02:18:52Z,75,76,30,5281,100,1600,1702,0.43
2026-09-13T02:18:54Z,75,76,30,5281,100,1397,1702,0.43
2026-09-13T02:18:56Z,75,76,30,5281,100,1600,2425,0.47
2026-09-13T02:18:58Z,76,76,30,5237,99,1353,1702,0.47
2026-09-13T02:19:01Z,75,76,30,5281,100,1374,1702,0.47
2026-09-13T02:19:03Z,75,76,30,5281,100,1600,1702,0.43
2026-09-13T02:19:05Z,71,76,30,5281,99,1600,2424,0.43
2026-09-13T02:19:07Z,71,76,30,5281,100,1600,2424,0.40
2026-09-13T02:19:09Z,75,76,30,5281,100,1346,1497,0.40
2026-09-13T02:19:11Z,75,76,30,5281,100,1393,1702,0.40
2026-09-13T02:19:13Z,75,76,30,5281,100,1354,2424,0.37
2026-09-13T02:19:15Z,75,75,30,5281,99,1363,1702,0.37
2026-09-13T02:19:17Z,74,75,30,5281,99,1381,1702,0.34
2026-09-13T02:19:19Z,75,75,30,5281,99,1600,1702,0.34
2026-09-13T02:19:21Z,74,75,30,5281,99,1600,1702,0.39
2026-09-13T02:19:23Z,74,75,30,5281,100,1600,1702,0.39
2026-09-13T02:19:25Z,74,75,30,5281,99,1600,1702,0.39
2026-09-13T02:19:27Z,71,75,30,5281,100,1600,1702,0.36
2026-09-13T02:19:30Z,75,75,30,5281,100,1600,1702,0.36
2026-09-13T02:19:32Z,75,75,30,5281,100,1600,1702,0.33
2026-09-13T02:19:34Z,73,75,30,5281,100,1600,1702,0.33
2026-09-13T02:19:36Z,74,75,30,5281,100,1383,1702,0.33
2026-09-13T02:19:38Z,74,75,30,5281,99,1339,2426,0.38
2026-09-13T02:19:40Z,74,75,30,5237,99,1372,1702,0.38
2026-09-13T02:19:42Z,76,75,30,5281,100,1380,1702,0.35
2026-09-13T02:19:44Z,69,75,30,5281,99,1600,1702,0.35
2026-09-13T02:19:46Z,70,75,30,5281,100,1600,2424,0.41
2026-09-13T02:19:48Z,75,75,30,5281,99,1600,2424,0.41
2026-09-13T02:19:50Z,74,75,30,5281,99,1412,1702,0.41
2026-09-13T02:19:52Z,75,75,30,5281,100,1374,1702,0.37
2026-09-13T02:19:54Z,71,75,30,5281,99,1517,2424,0.37
2026-09-13T02:19:56Z,74,75,30,5281,100,1377,1702,0.34
2026-09-13T02:19:58Z,75,75,30,5281,99,1600,1702,0.34
2026-09-13T02:20:01Z,74,75,30,5281,100,1366,1702,0.34
2026-09-13T02:20:03Z,75,75,30,5281,99,1313,2424,0.31
2026-09-13T02:20:05Z,72,75,30,5237,99,1550,1702,0.31
2026-09-13T02:20:07Z,73,74,30,5252,99,1363,1400,0.29
2026-09-13T02:20:09Z,73,74,30,5281,0,1462,1399,0.29
2026-09-13T02:20:11Z,74,73,30,5281,99,1351,1702,0.29
2026-09-13T02:20:13Z,75,74,30,5281,99,1376,1702,0.27
2026-09-13T02:20:15Z,75,75,30,5281,99,1375,1702,0.27
2026-09-13T02:20:17Z,75,75,30,5281,99,1360,2425,0.24
2026-09-13T02:20:19Z,76,75,30,5281,100,1382,1702,0.24
2026-09-13T02:20:21Z,76,75,30,5281,99,1379,1702,0.22
2026-09-13T02:20:23Z,75,76,30,5281,100,1377,1702,0.22
2026-09-13T02:20:25Z,77,76,30,5281,100,1355,1702,0.22
2026-09-13T02:20:28Z,76,76,30,5281,100,1384,1399,0.21
2026-09-13T02:20:30Z,76,76,30,5252,100,1355,1702,0.21
2026-09-13T02:20:32Z,76,76,30,5281,99,1326,2424,0.27
2026-09-13T02:20:34Z,75,76,30,5281,100,1384,1702,0.27
2026-09-13T02:20:36Z,75,76,30,5281,100,1453,1702,0.27
2026-09-13T02:20:38Z,75,76,30,5281,100,1418,1702,0.25
2026-09-13T02:20:40Z,75,76,30,5281,100,1329,2425,0.25
2026-09-13T02:20:42Z,74,76,30,5252,99,1600,1399,0.31
2026-09-13T02:20:44Z,75,76,30,5281,100,1600,1400,0.31
2026-09-13T02:20:46Z,74,76,30,5281,99,1378,1702,0.28
2026-09-13T02:20:48Z,76,76,30,5281,100,1375,1702,0.28
2026-09-13T02:20:50Z,71,76,30,5281,99,1600,1702,0.28
2026-09-13T02:20:52Z,75,76,30,5281,100,1372,1399,0.26
2026-09-13T02:20:54Z,75,76,30,5281,100,1328,2426,0.26
2026-09-13T02:20:56Z,74,76,30,5252,99,1364,1702,0.24
2026-09-13T02:20:59Z,77,76,30,5281,99,1368,1702,0.24
2026-09-13T02:21:01Z,75,76,30,5281,100,1600,1702,0.24
2026-09-13T02:21:03Z,75,76,30,5281,99,1375,1491,0.22
2026-09-13T02:21:05Z,75,76,30,5281,99,1376,1702,0.22
2026-09-13T02:21:07Z,75,76,30,5281,100,1374,1702,0.20
2026-09-13T02:21:09Z,75,76,30,5281,99,1380,1702,0.20
2026-09-13T02:21:11Z,71,76,30,5281,99,1600,2424,0.20
2026-09-13T02:21:13Z,71,76,30,5281,100,1376,1702,0.27
2026-09-13T02:21:15Z,75,76,30,5281,100,1390,1702,0.27
2026-09-13T02:21:17Z,73,76,30,5237,99,1600,1702,0.24
2026-09-13T02:21:19Z,76,76,30,5281,100,1381,1702,0.24
2026-09-13T02:21:21Z,75,76,30,5281,99,1375,1702,0.22
2026-09-13T02:21:23Z,75,76,30,5281,99,1429,1702,0.22
2026-09-13T02:21:26Z,75,76,30,5281,99,1600,1399,0.22
2026-09-13T02:21:28Z,74,75,30,5281,99,1317,1702,0.29
2026-09-13T02:21:30Z,77,75,30,5281,100,1374,1399,0.29
2026-09-13T02:21:32Z,75,75,30,5281,99,1380,1702,0.26
2026-09-13T02:21:34Z,75,75,30,5281,100,1365,1702,0.26
2026-09-13T02:21:36Z,75,75,30,5281,100,1390,1702,0.26
2026-09-13T02:21:38Z,75,75,30,5281,100,1379,1702,0.24
2026-09-13T02:21:40Z,75,75,30,5281,99,1402,1702,0.24
2026-09-13T02:21:42Z,75,75,30,5252,100,1368,1399,0.22
2026-09-13T02:21:44Z,75,75,30,5237,99,1393,1702,0.22
2026-09-13T02:21:46Z,75,75,30,5281,100,1386,1702,0.20
2026-09-13T02:21:48Z,75,75,30,5281,100,1365,1702,0.20
2026-09-13T02:21:50Z,75,75,30,5281,99,1361,1702,0.20
2026-09-13T02:21:52Z,75,75,30,5281,100,1378,1702,0.27
2026-09-13T02:21:55Z,75,75,30,5281,100,1381,1702,0.27
2026-09-13T02:21:57Z,71,75,30,5281,99,1600,1702,0.25
2026-09-13T02:21:59Z,75,75,30,5281,100,1600,1400,0.25
2026-09-13T02:22:01Z,75,75,30,5252,99,1365,1400,0.25
2026-09-13T02:22:03Z,76,75,30,5281,100,1381,1702,0.23
2026-09-13T02:22:05Z,71,75,30,5281,99,1600,1702,0.23
2026-09-13T02:22:07Z,74,75,30,5281,100,1600,1702,0.21
2026-09-13T02:22:09Z,74,75,30,5281,100,1328,2424,0.21
2026-09-13T02:22:11Z,76,75,30,5281,100,1375,1702,0.19
2026-09-13T02:22:13Z,74,75,30,5281,100,1600,1399,0.19
2026-09-13T02:22:15Z,75,75,30,5281,99,1400,1702,0.19
2026-09-13T02:22:17Z,71,75,30,5252,99,1600,2424,0.18
2026-09-13T02:22:19Z,71,74,30,5237,100,1343,1399,0.18
2026-09-13T02:22:22Z,73,74,30,5281,99,200,1400,0.16
2026-09-13T02:22:24Z,72,74,30,5281,100,1518,1702,0.16
2026-09-13T02:22:26Z,74,73,30,5281,100,1600,1702,0.16
2026-09-13T02:22:28Z,75,74,30,5281,100,1600,1568,0.15
2026-09-13T02:22:30Z,74,75,30,5281,99,1600,1702,0.15
2026-09-13T02:22:32Z,74,75,30,5281,100,1325,2424,0.22
2026-09-13T02:22:34Z,75,75,30,5281,100,1382,1702,0.22
2026-09-13T02:22:36Z,75,75,30,5252,100,1377,1702,0.22
2026-09-13T02:22:38Z,75,75,30,5281,100,1372,1702,0.20
2026-09-13T02:22:40Z,75,75,30,5281,99,1388,1702,0.20
2026-09-13T02:22:42Z,75,76,30,5281,100,1374,1702,0.18
2026-09-13T02:22:44Z,75,76,30,5281,100,1369,1702,0.18
2026-09-13T02:22:46Z,75,76,30,5281,100,1336,2425,0.25
2026-09-13T02:22:48Z,76,76,30,5281,100,1381,1702,0.25
2026-09-13T02:22:51Z,74,76,30,5281,100,1377,1702,0.25
2026-09-13T02:22:53Z,70,76,30,5281,99,1598,1552,0.23
2026-09-13T02:22:55Z,75,76,30,5281,99,1380,1702,0.23
2026-09-13T02:22:57Z,76,76,30,5281,99,1392,1702,0.21
2026-09-13T02:22:59Z,76,76,30,5281,100,1375,1702,0.21
2026-09-13T02:23:01Z,76,76,30,5237,100,1312,2425,0.21
2026-09-13T02:23:03Z,75,76,30,5281,99,1383,1702,0.27
2026-09-13T02:23:05Z,75,76,30,5281,99,1376,1702,0.27
2026-09-13T02:23:07Z,74,76,30,5237,99,1338,1702,0.25
2026-09-13T02:23:09Z,75,76,30,5281,100,1348,2426,0.25
2026-09-13T02:23:11Z,76,76,30,5252,100,1357,1702,0.23
2026-09-13T02:23:13Z,75,76,30,5281,99,1385,1702,0.23
2026-09-13T02:23:15Z,76,76,30,5281,100,1377,1400,0.23
2026-09-13T02:23:17Z,74,76,30,5252,100,1341,2424,0.29
2026-09-13T02:23:19Z,71,76,30,5281,100,1361,1702,0.29
2026-09-13T02:23:22Z,75,76,30,5281,100,1370,1702,0.27
2026-09-13T02:23:24Z,72,76,30,5281,99,1335,1702,0.27
2026-09-13T02:23:26Z,75,76,30,5281,99,1359,1702,0.27
2026-09-13T02:23:28Z,75,76,30,5281,100,1380,1399,0.25
2026-09-13T02:23:30Z,77,76,30,5281,99,1377,1702,0.25
2026-09-13T02:23:32Z,75,76,30,5281,100,1320,2424,0.23
2026-09-13T02:23:34Z,75,76,30,5281,100,1380,1702,0.23
2026-09-13T02:23:36Z,75,76,30,5281,100,1377,1702,0.23
2026-09-13T02:23:38Z,72,76,30,5281,99,1600,2425,0.37
2026-09-13T02:23:40Z,70,76,30,5281,100,1600,2424,0.37
2026-09-13T02:23:42Z,71,75,30,5281,99,1600,2425,0.42
2026-09-13T02:23:44Z,71,75,30,5281,100,1600,2424,0.42
2026-09-13T02:23:46Z,76,75,30,5252,100,1386,1702,0.39
2026-09-13T02:23:48Z,74,75,30,5281,100,1328,2424,0.39
2026-09-13T02:23:50Z,76,75,30,5281,99,1382,1702,0.39
2026-09-13T02:23:53Z,75,75,30,5252,100,1378,1702,0.35
2026-09-13T02:23:55Z,74,75,30,5281,100,1379,1702,0.35
2026-09-13T02:23:57Z,74,75,30,5281,99,1356,2425,0.41
2026-09-13T02:23:59Z,76,75,30,5281,100,1377,1702,0.41
2026-09-13T02:24:01Z,75,75,30,5281,100,1368,1702,0.41
2026-09-13T02:24:03Z,75,75,30,5281,99,1355,1702,0.37
2026-09-13T02:24:05Z,71,75,30,5281,99,1319,2424,0.37
2026-09-13T02:24:07Z,70,75,30,5281,100,1600,2424,0.42
2026-09-13T02:24:09Z,73,75,30,5237,99,1600,2424,0.42
2026-09-13T02:24:11Z,74,75,30,5281,100,1383,1702,0.39
2026-09-13T02:24:13Z,74,75,30,5281,99,1326,2424,0.39
2026-09-13T02:24:15Z,77,75,30,5281,100,1381,1702,0.39
2026-09-13T02:24:17Z,75,75,30,5252,100,1600,1702,0.36
2026-09-13T02:24:19Z,75,75,30,5281,99,1402,1702,0.36
2026-09-13T02:24:22Z,75,75,30,5281,99,1370,1702,0.33
2026-09-13T02:24:24Z,68,75,30,5281,99,1040,2426,0.33
2026-09-13T02:24:26Z,74,75,30,5281,100,1357,1702,0.33
2026-09-13T02:24:28Z,69,75,30,5281,100,1600,2425,0.30
2026-09-13T02:24:30Z,75,75,30,5281,99,1600,2425,0.30
2026-09-13T02:24:32Z,74,75,30,5281,100,1331,2425,0.36
2026-09-13T02:24:34Z,72,74,30,5281,100,1341,1702,0.36
2026-09-13T02:24:36Z,72,74,30,5281,99,1472,1399,0.36
2026-09-13T02:24:38Z,73,73,30,5237,99,1387,1702,0.41
2026-09-13T02:24:40Z,75,73,30,5281,99,1379,1400,0.41
2026-09-13T02:24:42Z,74,74,30,5281,100,1600,1400,0.38
2026-09-13T02:24:44Z,75,75,30,5281,99,1396,1702,0.38
2026-09-13T02:24:46Z,74,75,30,5281,100,1600,1702,0.43
2026-09-13T02:24:48Z,75,75,30,5237,100,1600,1702,0.43
2026-09-13T02:24:50Z,75,75,30,5281,99,1600,1702,0.43
2026-09-13T02:24:53Z,75,75,30,5281,100,1346,2426,0.39
2026-09-13T02:24:55Z,75,75,30,5281,99,1389,1702,0.39
2026-09-13T02:24:57Z,75,76,30,5281,100,1392,1400,0.36
2026-09-13T02:24:59Z,75,76,30,5281,99,1392,1702,0.36
2026-09-13T02:25:01Z,75,76,30,5281,100,1335,2424,0.36
2026-09-13T02:25:03Z,73,76,30,5281,100,1376,1702,0.41
2026-09-13T02:25:05Z,71,76,30,5281,99,1474,1702,0.41
2026-09-13T02:25:07Z,75,76,30,5281,99,1600,1702,0.38
2026-09-13T02:25:09Z,75,76,30,5281,100,1386,1702,0.38
2026-09-13T02:25:11Z,75,76,30,5281,99,1383,1702,0.35
2026-09-13T02:25:13Z,75,76,30,5281,99,1374,1702,0.35
2026-09-13T02:25:15Z,71,76,30,5281,100,1600,2425,0.35
2026-09-13T02:25:17Z,76,76,30,5281,99,1407,1399,0.40
2026-09-13T02:25:19Z,76,76,30,5281,99,1380,1702,0.40
2026-09-13T02:25:22Z,76,76,30,5281,100,1600,1702,0.37
2026-09-13T02:25:24Z,75,76,30,5281,99,1367,2424,0.37
2026-09-13T02:25:26Z,75,76,30,5281,99,1600,2056,0.37
2026-09-13T02:25:28Z,75,76,30,5281,99,1418,1702,0.34
2026-09-13T02:25:30Z,73,76,30,5281,99,1335,1702,0.34
2026-09-13T02:25:32Z,75,76,30,5281,99,1388,1702,0.39
2026-09-13T02:25:34Z,75,76,30,5281,99,1600,1702,0.39
2026-09-13T02:25:36Z,75,76,30,5281,100,1410,1702,0.39
2026-09-13T02:25:38Z,74,76,30,5252,99,1600,2361,0.36
2026-09-13T02:25:40Z,77,76,30,5281,100,1377,1702,0.36
2026-09-13T02:25:42Z,74,76,30,5252,100,1372,1702,0.33
2026-09-13T02:25:44Z,72,76,30,5252,100,1600,2425,0.33
2026-09-13T02:25:46Z,71,76,30,5281,100,1600,2003,0.39
2026-09-13T02:25:48Z,74,76,30,5281,99,1343,1702,0.39
2026-09-13T02:25:51Z,75,76,30,5281,100,1387,1702,0.39
2026-09-13T02:25:53Z,75,76,30,5281,99,1381,1702,0.35
2026-09-13T02:25:55Z,71,76,30,5281,100,1600,2424,0.35
2026-09-13T02:25:57Z,75,75,30,5281,99,1600,1702,0.33
2026-09-13T02:25:59Z,75,75,30,5281,100,1360,1702,0.33
2026-09-13T02:26:01Z,75,75,30,5281,99,1367,1702,0.33
2026-09-13T02:26:03Z,74,75,30,5281,99,1332,2424,0.30
2026-09-13T02:26:05Z,75,75,30,5281,99,1380,1702,0.30
2026-09-13T02:26:07Z,75,75,30,5281,99,1394,1702,0.27
2026-09-13T02:26:09Z,75,75,30,5281,100,1354,1702,0.27
2026-09-13T02:26:11Z,75,75,30,5281,99,1341,2424,0.33
2026-09-13T02:26:13Z,75,75,30,5281,99,1378,1702,0.33
2026-09-13T02:26:15Z,75,75,30,5281,100,1379,1702,0.33
2026-09-13T02:26:17Z,75,75,30,5281,100,1374,1702,0.31
2026-09-13T02:26:19Z,75,75,30,5281,100,1335,2425,0.31
2026-09-13T02:26:22Z,75,75,30,5281,100,1600,1702,0.28
2026-09-13T02:26:24Z,74,75,30,5281,100,1466,1702,0.28
2026-09-13T02:26:26Z,74,75,30,5281,100,1397,1702,0.28
2026-09-13T02:26:28Z,74,75,30,5237,100,1357,2424,0.26
2026-09-13T02:26:30Z,69,75,30,5237,100,1600,2198,0.26
2026-09-13T02:26:32Z,69,75,30,5281,99,1600,2425,0.24
2026-09-13T02:26:34Z,74,75,30,5281,100,1600,2425,0.24
2026-09-13T02:26:36Z,74,75,30,5281,99,1324,2427,0.24
2026-09-13T02:26:38Z,74,75,30,5281,99,1600,1702,0.30
2026-09-13T02:26:40Z,74,75,30,5281,99,1377,1702,0.30
2026-09-13T02:26:42Z,71,75,30,5281,100,1600,1702,0.27
2026-09-13T02:26:44Z,74,75,30,5281,100,1369,1702,0.27
2026-09-13T02:26:46Z,72,75,30,5281,99,1360,2425,0.41
2026-09-13T02:26:48Z,71,74,30,5281,100,1393,1702,0.41
2026-09-13T02:26:50Z,73,74,30,5281,100,1408,1399,0.41
2026-09-13T02:26:53Z,70,73,30,5281,0,200,2424,0.46
2026-09-13T02:26:55Z,74,73,30,5281,99,1396,1702,0.46
2026-09-13T02:26:57Z,75,75,30,5281,99,1379,1400,0.42
2026-09-13T02:26:59Z,74,75,30,5252,99,1600,1702,0.42
2026-09-13T02:27:01Z,75,75,30,5281,99,1382,1702,0.42
2026-09-13T02:27:03Z,75,75,30,5281,99,1394,1702,0.39
2026-09-13T02:27:05Z,74,75,30,5281,100,1600,1399,0.39
2026-09-13T02:27:07Z,74,76,30,5281,99,1393,2424,0.36
2026-09-13T02:27:09Z,76,76,30,5252,99,1391,1702,0.36
2026-09-13T02:27:11Z,75,76,30,5281,99,1339,1702,0.33
2026-09-13T02:27:13Z,75,76,30,5281,100,1373,1702,0.33
2026-09-13T02:27:15Z,77,76,30,5281,100,1379,1702,0.33
2026-09-13T02:27:17Z,75,76,30,5281,99,1344,1399,0.30
2026-09-13T02:27:19Z,71,76,30,5281,99,1592,1702,0.30
2026-09-13T02:27:22Z,76,76,30,5281,100,1541,2425,0.36
2026-09-13T02:27:24Z,75,76,30,5281,100,1404,1702,0.36
2026-09-13T02:27:26Z,75,76,30,5252,100,1374,1702,0.36
2026-09-13T02:27:28Z,76,76,30,5281,100,1384,1702,0.33
2026-09-13T02:27:30Z,74,76,30,5281,99,1326,2424,0.33
2026-09-13T02:27:32Z,75,76,30,5281,100,1372,1702,0.30
2026-09-13T02:27:34Z,73,76,30,5281,100,1600,1399,0.30
2026-09-13T02:27:36Z,75,76,30,5281,100,1378,1702,0.30
2026-09-13T02:27:38Z,75,76,30,5281,100,1373,1702,0.36
2026-09-13T02:27:40Z,76,76,30,5281,99,1556,1702,0.36
2026-09-13T02:27:42Z,75,76,30,5281,100,1363,1702,0.33
2026-09-13T02:27:44Z,71,76,30,5281,99,1600,2165,0.33
2026-09-13T02:27:46Z,75,76,30,5281,99,1378,1702,0.30
2026-09-13T02:27:48Z,75,76,30,5281,100,1384,1702,0.30
2026-09-13T02:27:51Z,71,76,30,5281,99,1600,1400,0.30
2026-09-13T02:27:53Z,75,76,30,5281,100,1351,2424,0.28
2026-09-13T02:27:55Z,75,76,30,5281,100,1433,1401,0.28
2026-09-13T02:27:57Z,77,76,30,5237,99,1346,1702,0.26
2026-09-13T02:27:59Z,75,76,30,5281,99,1386,1702,0.26
2026-09-13T02:28:01Z,74,76,30,5281,99,1329,2424,0.26
2026-09-13T02:28:03Z,74,76,30,5281,99,1600,1412,0.32
2026-09-13T02:28:05Z,76,76,30,5281,100,1385,1702,0.32
2026-09-13T02:28:07Z,75,76,30,5281,99,1403,1400,0.29
2026-09-13T02:28:09Z,74,75,30,5281,100,1341,2424,0.29
2026-09-13T02:28:11Z,75,75,30,5281,100,1409,1702,0.27
2026-09-13T02:28:13Z,74,75,30,5281,100,1357,1399,0.27
2026-09-13T02:28:15Z,75,75,30,5281,99,1600,1702,0.27
2026-09-13T02:28:17Z,75,75,30,5281,99,1600,2424,0.33
2026-09-13T02:28:19Z,74,75,30,5281,99,1600,1497,0.33
2026-09-13T02:28:22Z,75,75,30,5281,99,1600,1702,0.38
2026-09-13T02:28:24Z,71,75,30,5281,99,1600,1702,0.38
2026-09-13T02:28:26Z,71,75,30,5281,99,1600,2424,0.38
2026-09-13T02:28:28Z,74,75,30,5281,100,1600,1400,0.43
2026-09-13T02:28:30Z,75,75,30,5281,100,1453,1702,0.43
2026-09-13T02:28:32Z,75,75,30,5281,99,1378,1702,0.40
2026-09-13T02:28:34Z,75,75,30,5281,99,1358,2424,0.40
2026-09-13T02:28:36Z,76,75,30,5281,99,1390,1702,0.40
2026-09-13T02:28:38Z,73,75,30,5281,99,1339,1702,0.36
2026-09-13T02:28:40Z,74,75,30,5281,100,1600,1702,0.36
2026-09-13T02:28:42Z,74,75,30,5281,100,1337,2424,0.33
2026-09-13T02:28:44Z,75,75,30,5281,100,1362,1702,0.33
2026-09-13T02:28:46Z,73,75,30,5281,99,1330,1702,0.31
2026-09-13T02:28:48Z,74,75,30,5281,99,1600,1702,0.31
2026-09-13T02:28:51Z,74,75,30,5281,99,1346,2424,0.31
2026-09-13T02:28:53Z,75,75,30,5281,100,1378,1702,0.36
2026-09-13T02:28:55Z,74,75,30,5281,100,1600,1702,0.36
2026-09-13T02:28:57Z,75,75,30,5281,99,1429,1401,0.41
2026-09-13T02:28:59Z,75,75,30,5281,100,1383,1702,0.41
2026-09-13T02:29:01Z,70,75,30,5281,100,1365,2425,0.41
2026-09-13T02:29:03Z,73,74,30,5281,99,1341,1400,0.38
2026-09-13T02:29:05Z,73,74,30,5281,100,1488,1702,0.38
2026-09-13T02:29:07Z,63,73,30,5281,0,200,2424,0.35
2026-09-13T02:29:09Z,74,74,30,5281,99,1600,1702,0.35
2026-09-13T02:29:11Z,71,75,30,5281,99,1405,1702,0.32
2026-09-13T02:29:13Z,73,75,30,5281,99,1341,1702,0.32
2026-09-13T02:29:15Z,74,75,30,5281,100,1495,1702,0.32
2026-09-13T02:29:17Z,73,75,30,5252,99,1600,1702,0.30
2026-09-13T02:29:20Z,72,75,30,5281,100,1599,1702,0.30
2026-09-13T02:29:22Z,74,75,30,5237,99,1600,2424,0.35
2026-09-13T02:29:24Z,75,75,30,5281,99,1399,1702,0.35
2026-09-13T02:29:26Z,75,75,30,5281,99,1450,1702,0.35
2026-09-13T02:29:28Z,75,76,30,5281,100,1375,1702,0.32
2026-09-13T02:29:30Z,75,76,30,5281,99,1406,1702,0.32
2026-09-13T02:29:32Z,75,76,30,5252,99,1374,1702,0.30
2026-09-13T02:29:34Z,75,76,30,5281,99,1379,1702,0.30
2026-09-13T02:29:36Z,75,76,30,5281,99,1298,2424,0.30
2026-09-13T02:29:38Z,75,76,30,5281,100,1394,1702,0.35
2026-09-13T02:29:40Z,75,76,30,5252,99,1368,1400,0.35
2026-09-13T02:29:42Z,75,76,30,5281,99,1374,1702,0.33
2026-09-13T02:29:44Z,74,76,30,5281,100,1600,2424,0.33
2026-09-13T02:29:46Z,75,76,30,5281,100,1346,1702,0.30
2026-09-13T02:29:49Z,77,76,30,5281,100,1378,1702,0.30
2026-09-13T02:29:51Z,75,76,30,5281,100,1600,1702,0.30
2026-09-13T02:29:53Z,75,76,30,5281,99,1383,1702,0.36
2026-09-13T02:29:55Z,71,76,30,5281,99,1600,1400,0.36
2026-09-13T02:29:57Z,76,76,30,5281,100,1394,1702,0.33
2026-09-13T02:29:59Z,71,76,30,5252,100,1600,2425,0.33
2026-09-13T02:30:01Z,77,76,30,5281,99,1379,1702,0.33
2026-09-13T02:30:03Z,75,76,30,5281,99,1600,1702,0.30
2026-09-13T02:30:05Z,75,76,30,5281,100,1379,1702,0.30
2026-09-13T02:30:07Z,75,76,30,5281,99,1334,2424,0.28
2026-09-13T02:30:09Z,71,76,30,5281,99,1600,1702,0.28
2026-09-13T02:30:11Z,76,76,30,5281,100,1385,1702,0.25
2026-09-13T02:30:13Z,75,76,30,5252,99,1377,1702,0.25
2026-09-13T02:30:15Z,75,76,30,5281,100,1397,2424,0.25
2026-09-13T02:30:17Z,77,75,30,5281,99,1356,1702,0.23
2026-09-13T02:30:20Z,75,75,30,5281,100,1378,1702,0.23
2026-09-13T02:30:22Z,75,75,30,5281,100,1379,1702,0.21
2026-09-13T02:30:24Z,75,75,30,5281,99,1335,2424,0.21
2026-09-13T02:30:26Z,75,75,30,5252,100,1600,1702,0.21
2026-09-13T02:30:28Z,71,75,30,5281,100,1600,2424,0.20
2026-09-13T02:30:30Z,70,75,30,5281,100,1600,2424,0.20
2026-09-13T02:30:32Z,71,75,30,5281,100,1600,2424,0.26
2026-09-13T02:30:34Z,71,75,30,5252,99,1600,2424,0.26
2026-09-13T02:30:36Z,73,75,30,5281,100,1600,2426,0.26
2026-09-13T02:30:38Z,71,75,30,5281,99,1600,2424,0.24
2026-09-13T02:30:40Z,75,75,30,5281,99,1600,2424,0.24
2026-09-13T02:30:42Z,74,75,30,5281,99,1379,1702,0.22
2026-09-13T02:30:44Z,75,75,30,5281,100,1386,1702,0.22
2026-09-13T02:30:46Z,75,75,30,5252,99,1378,1702,0.20
2026-09-13T02:30:48Z,74,75,30,5281,99,1322,2424,0.20
2026-09-13T02:30:51Z,75,75,30,5281,99,1367,1702,0.20
2026-09-13T02:30:53Z,76,75,30,5281,100,1381,1702,0.19
2026-09-13T02:30:55Z,71,75,30,5281,100,1536,1702,0.19
2026-09-13T02:30:57Z,74,75,30,5281,99,1335,2424,0.25
2026-09-13T02:30:59Z,75,75,30,5252,99,1381,1702,0.25
2026-09-13T02:31:01Z,75,75,30,5252,99,1355,1702,0.25
2026-09-13T02:31:03Z,75,75,30,5281,100,1600,1702,0.23
2026-09-13T02:31:05Z,75,75,30,5281,99,1358,2425,0.23
2026-09-13T02:31:07Z,70,75,30,5281,99,1600,2424,0.21
2026-09-13T02:31:09Z,74,75,30,5281,100,1387,1400,0.21
2026-09-13T02:31:11Z,75,75,30,5281,99,1400,1702,0.28
2026-09-13T02:31:13Z,70,75,30,5237,100,1403,1399,0.28
2026-09-13T02:31:15Z,72,75,30,5281,100,1461,1726,0.28
2026-09-13T02:31:17Z,72,74,30,5281,100,1542,1702,0.25
2026-09-13T02:31:19Z,72,74,30,5281,99,1396,1399,0.25
2026-09-13T02:31:22Z,66,73,30,5281,100,1040,2425,0.31
2026-09-13T02:31:24Z,74,74,30,5281,100,1378,1702,0.31
2026-09-13T02:31:26Z,75,75,30,5237,99,1600,1702,0.31
2026-09-13T02:31:28Z,75,75,30,5281,99,1351,1435,0.29
2026-09-13T02:31:30Z,75,75,30,5281,100,1600,1702,0.29
2026-09-13T02:31:32Z,74,75,30,5281,100,1600,1702,0.26
2026-09-13T02:31:34Z,75,76,30,5281,100,1600,1702,0.26
2026-09-13T02:31:36Z,74,75,30,5237,100,1341,2424,0.26
2026-09-13T02:31:38Z,75,76,30,5237,100,1373,1702,0.32
2026-09-13T02:31:40Z,75,76,30,5281,99,1374,1702,0.32
2026-09-13T02:31:42Z,76,76,30,5281,99,1365,1702,0.30
2026-09-13T02:31:44Z,76,76,30,5281,99,1381,1702,0.30
2026-09-13T02:31:46Z,75,76,30,5281,100,1360,1702,0.27
2026-09-13T02:31:48Z,77,76,30,5281,100,1380,1702,0.27
2026-09-13T02:31:51Z,71,76,30,5281,99,1600,2425,0.27
2026-09-13T02:31:53Z,75,76,30,5281,99,1361,1399,0.33
2026-09-13T02:31:55Z,76,76,30,5281,99,1422,1702,0.33
2026-09-13T02:31:57Z,77,76,30,5281,99,1376,1702,0.31
2026-09-13T02:31:59Z,75,76,30,5281,99,1600,1702,0.31
2026-09-13T02:32:01Z,75,76,30,5281,100,1378,1702,0.31
2026-09-13T02:32:03Z,76,76,30,5281,100,1382,1702,0.28
2026-09-13T02:32:05Z,71,76,30,5281,100,1600,2101,0.28
2026-09-13T02:32:07Z,76,76,30,5281,99,1402,1702,0.34
2026-09-13T02:32:09Z,73,76,30,5281,100,1600,2424,0.34
2026-09-13T02:32:11Z,75,76,30,5281,99,1374,1702,0.31
2026-09-13T02:32:13Z,72,76,30,5281,99,1524,2425,0.31
2026-09-13T02:32:15Z,76,76,30,5281,100,1377,1702,0.31
2026-09-13T02:32:17Z,75,76,30,5281,99,1377,1702,0.29
2026-09-13T02:32:20Z,75,76,30,5252,99,1382,1702,0.29
2026-09-13T02:32:22Z,74,76,30,5281,99,1399,2424,0.34
2026-09-13T02:32:24Z,74,76,30,5281,100,1600,1702,0.34
2026-09-13T02:32:26Z,76,76,30,5281,99,1380,1702,0.34
2026-09-13T02:32:28Z,75,76,30,5281,99,1390,1702,0.32
2026-09-13T02:32:30Z,74,76,30,5281,99,1599,2424,0.32
2026-09-13T02:32:32Z,71,76,30,5281,99,1600,2424,0.29
2026-09-13T02:32:34Z,70,76,30,5281,99,1600,1702,0.29
2026-09-13T02:32:36Z,77,76,30,5281,100,1376,1702,0.29
2026-09-13T02:32:38Z,75,75,30,5281,100,1331,2425,0.27
2026-09-13T02:32:40Z,75,75,30,5281,99,1381,1702,0.27
2026-09-13T02:32:42Z,75,75,30,5281,99,1384,1400,0.25
2026-09-13T02:32:44Z,75,75,30,5237,99,1378,1702,0.25
2026-09-13T02:32:46Z,74,75,30,5281,51,1462,2425,0.31
2026-09-13T02:32:48Z,75,75,30,5281,100,1421,1702,0.31
2026-09-13T02:32:51Z,74,75,30,5281,99,1380,1702,0.31
2026-09-13T02:32:53Z,74,75,30,5281,99,1600,1399,0.28
2026-09-13T02:32:55Z,74,75,30,5281,99,1363,1702,0.28
2026-09-13T02:32:57Z,75,75,30,5281,100,1373,1702,0.26
2026-09-13T02:32:59Z,75,75,30,5281,99,1385,1702,0.26
2026-09-13T02:33:01Z,75,75,30,5281,99,1371,1702,0.26
2026-09-13T02:33:03Z,74,75,30,5281,100,1331,2426,0.32
2026-09-13T02:33:05Z,69,75,30,5281,99,1600,1833,0.32
2026-09-13T02:33:07Z,70,75,30,5281,99,1600,2425,0.29
2026-09-13T02:33:09Z,71,75,30,5237,99,1600,2425,0.29
2026-09-13T02:33:11Z,74,75,30,5281,100,1349,2424,0.29
2026-09-13T02:33:13Z,75,75,30,5281,99,1380,1702,0.35
2026-09-13T02:33:15Z,76,75,30,5281,99,1371,1702,0.35
2026-09-13T02:33:17Z,74,75,30,5281,100,1600,1702,0.32
2026-09-13T02:33:19Z,74,75,30,5281,99,1342,2424,0.32
2026-09-13T02:33:22Z,75,75,30,5281,99,1495,1702,0.29
2026-09-13T02:33:24Z,74,75,30,5281,99,1350,1702,0.29
2026-09-13T02:33:26Z,69,75,30,5281,100,1600,2424,0.29
2026-09-13T02:33:28Z,71,75,30,5281,100,1600,2425,0.27
2026-09-13T02:33:30Z,73,75,30,5252,99,1338,1702,0.27
2026-09-13T02:33:32Z,74,74,30,5281,99,1456,1399,0.25
2026-09-13T02:33:34Z,70,74,30,5281,100,1497,1702,0.25
2026-09-13T02:33:36Z,68,73,30,5281,100,1155,2424,0.25
2026-09-13T02:33:38Z,74,74,30,5281,99,1456,1702,0.23
2026-09-13T02:33:40Z,74,75,30,5281,99,1383,1702,0.23
2026-09-13T02:33:42Z,75,75,30,5281,100,1600,2424,0.21
2026-09-13T02:33:44Z,75,75,30,5281,100,1438,1702,0.21
2026-09-13T02:33:46Z,75,75,30,5281,100,1418,1702,0.19
2026-09-13T02:33:48Z,75,76,30,5281,100,1385,1702,0.19
2026-09-13T02:33:50Z,75,76,30,5281,100,1328,2424,0.19
2026-09-13T02:33:53Z,75,76,30,5252,99,1377,1399,0.18
2026-09-13T02:33:55Z,75,76,30,5281,100,1364,1702,0.18
2026-09-13T02:33:57Z,75,76,30,5237,100,1317,2424,0.16
2026-09-13T02:33:59Z,76,76,30,5281,100,1446,1702,0.16
2026-09-13T02:34:01Z,75,76,30,5281,100,1600,1702,0.16
2026-09-13T02:34:03Z,75,76,30,5281,99,1600,1702,0.15
2026-09-13T02:34:05Z,75,76,30,5281,99,1341,2427,0.15
2026-09-13T02:34:07Z,76,76,30,5281,99,1375,1702,0.22
2026-09-13T02:34:09Z,75,76,30,5252,100,1377,1399,0.22
2026-09-13T02:34:11Z,75,76,30,5281,99,1600,1702,0.22
2026-09-13T02:34:13Z,76,76,30,5281,100,1389,1702,0.20
2026-09-13T02:34:15Z,76,76,30,5281,100,1381,1702,0.20
2026-09-13T02:34:17Z,75,76,30,5281,99,1600,1702,0.18
2026-09-13T02:34:19Z,74,76,30,5281,99,1314,2424,0.18
2026-09-13T02:34:22Z,75,76,30,5281,99,1600,2424,0.17
2026-09-13T02:34:24Z,75,76,30,5281,100,1387,1702,0.17
2026-09-13T02:34:26Z,71,76,30,5281,99,1312,1702,0.17
2026-09-13T02:34:28Z,75,76,30,5281,99,1331,2424,0.16
2026-09-13T02:34:30Z,75,76,30,5281,100,1600,1702,0.16
2026-09-13T02:34:32Z,75,76,30,5281,100,1377,1702,0.14
2026-09-13T02:34:34Z,75,76,30,5281,99,1600,1400,0.14
2026-09-13T02:34:36Z,75,76,30,5281,100,1334,2424,0.14
2026-09-13T02:34:38Z,76,76,30,5281,99,1385,1702,0.21
2026-09-13T02:34:40Z,74,76,30,5281,99,1600,2425,0.21
2026-09-13T02:34:42Z,70,76,30,5281,99,1600,1702,0.19
2026-09-13T02:34:44Z,77,76,30,5281,100,1332,2424,0.19
2026-09-13T02:34:46Z,75,76,30,5281,100,1376,1702,0.18
2026-09-13T02:34:48Z,75,76,30,5281,99,1469,1702,0.18
2026-09-13T02:34:50Z,72,76,30,5281,100,1600,1399,0.18
2026-09-13T02:34:53Z,74,76,30,5281,100,1368,1702,0.24
2026-09-13T02:34:55Z,77,76,30,5281,99,1376,1702,0.24
2026-09-13T02:34:57Z,75,76,30,5281,99,1363,1702,0.22
2026-09-13T02:34:59Z,75,75,30,5252,99,1382,1702,0.22
2026-09-13T02:35:01Z,75,75,30,5281,99,1448,1702,0.22
2026-09-13T02:35:03Z,75,75,30,5281,99,1394,1702,0.29
2026-09-13T02:35:05Z,75,75,30,5281,99,1374,1702,0.29
2026-09-13T02:35:07Z,74,75,30,5281,100,1600,1702,0.26
2026-09-13T02:35:09Z,75,75,30,5281,99,1378,1555,0.26
2026-09-13T02:35:11Z,74,75,30,5281,99,1384,1702,0.32
2026-09-13T02:35:13Z,75,75,30,5281,99,1376,1702,0.32
2026-09-13T02:35:15Z,75,75,30,5281,100,1394,1702,0.32
2026-09-13T02:35:17Z,74,75,30,5281,99,1388,1400,0.38
2026-09-13T02:35:20Z,75,75,30,5237,99,1375,1400,0.38
2026-09-13T02:35:22Z,77,75,30,5281,100,1375,1702,0.35
2026-09-13T02:35:24Z,71,75,30,5281,100,1600,1400,0.35
2026-09-13T02:35:26Z,74,75,30,5281,99,1481,2345,0.35
2026-09-13T02:35:28Z,74,75,30,5252,99,1357,1702,0.32
2026-09-13T02:35:30Z,69,75,30,5281,100,1318,1702,0.32
2026-09-13T02:35:32Z,69,75,30,5281,100,1600,2424,0.29
2026-09-13T02:35:34Z,75,75,30,5281,100,1599,2424,0.29
2026-09-13T02:35:36Z,74,75,30,5281,99,1342,1702,0.29
2026-09-13T02:35:38Z,75,75,30,5281,100,1411,1702,0.27
2026-09-13T02:35:40Z,74,75,30,5281,99,1378,1702,0.27
2026-09-13T02:35:42Z,74,75,30,5281,99,1472,2424,0.25
2026-09-13T02:35:44Z,72,75,30,5281,100,1498,1702,0.25
2026-09-13T02:35:46Z,72,74,30,5281,99,1543,1702,0.31
2026-09-13T02:35:48Z,73,74,30,5281,100,1502,1399,0.31
2026-09-13T02:35:51Z,74,73,30,5281,99,1350,1702,0.31
2026-09-13T02:35:53Z,75,74,30,5281,99,1373,1400,0.28
2026-09-13T02:35:55Z,76,75,30,5281,99,1382,1702,0.28
2026-09-13T02:35:57Z,76,75,30,5281,100,1338,2424,0.42
2026-09-13T02:35:59Z,71,75,30,5281,100,1600,1702,0.42
2026-09-13T02:36:01Z,75,75,30,5237,100,1365,1702,0.42
2026-09-13T02:36:03Z,73,75,30,5281,100,1366,1702,0.39
2026-09-13T02:36:05Z,75,75,30,5281,100,1600,1702,0.39
2026-09-13T02:36:07Z,75,76,30,5281,100,1600,1702,0.36
2026-09-13T02:36:09Z,75,76,30,5237,100,1381,1702,0.36
2026-09-13T02:36:11Z,74,76,30,5281,99,1339,2424,0.41
2026-09-13T02:36:13Z,75,76,30,5281,99,1377,1702,0.41
2026-09-13T02:36:15Z,75,76,30,5252,100,1389,1702,0.41
2026-09-13T02:36:17Z,75,76,30,5281,100,1371,1702,0.37
2026-09-13T02:36:20Z,74,76,30,5281,99,1329,2425,0.37
2026-09-13T02:36:22Z,75,76,30,5281,99,1431,1702,0.34
2026-09-13T02:36:24Z,75,76,30,5281,99,1351,1399,0.34
2026-09-13T02:36:26Z,75,76,30,5281,99,1377,1400,0.34
2026-09-13T02:36:28Z,75,76,30,5281,99,1600,1702,0.40
2026-09-13T02:36:30Z,76,76,30,5237,100,1362,1702,0.40
2026-09-13T02:36:32Z,75,76,30,5281,100,1346,1702,0.36
2026-09-13T02:36:34Z,74,76,30,5281,100,1332,2424,0.36
2026-09-13T02:36:36Z,78,76,30,5281,99,1380,1702,0.36
2026-09-13T02:36:38Z,74,76,30,5237,99,1600,1702,0.34
2026-09-13T02:36:40Z,76,76,30,5281,100,1389,1702,0.34
2026-09-13T02:36:42Z,73,76,30,5281,100,1600,2424,0.39
2026-09-13T02:36:44Z,76,76,30,5281,100,1378,1702,0.39
2026-09-13T02:36:46Z,75,76,30,5237,99,1567,1400,0.36
2026-09-13T02:36:49Z,76,76,30,5281,99,1376,1702,0.36
2026-09-13T02:36:51Z,75,76,30,5281,99,1362,1702,0.36
2026-09-13T02:36:53Z,75,76,30,5237,99,1600,1399,0.33
2026-09-13T02:36:55Z,77,76,30,5281,100,1376,1702,0.33
2026-09-13T02:36:57Z,75,76,30,5281,99,1414,1399,0.30
2026-09-13T02:36:59Z,75,76,30,5281,100,1600,1702,0.30
2026-09-13T02:37:01Z,77,76,30,5281,100,1376,1702,0.30
2026-09-13T02:37:03Z,75,76,30,5281,99,1366,1399,0.28
2026-09-13T02:37:05Z,75,76,30,5281,100,1362,1702,0.28
2026-09-13T02:37:07Z,75,75,30,5281,99,1452,1702,0.34
2026-09-13T02:37:09Z,75,75,30,5281,100,1600,1702,0.34
2026-09-13T02:37:11Z,76,75,30,5281,99,1378,1702,0.31
2026-09-13T02:37:13Z,75,75,30,5281,100,1328,2425,0.31
2026-09-13T02:37:15Z,77,75,30,5281,99,1380,1702,0.31
2026-09-13T02:37:18Z,77,75,30,5281,100,1379,1400,0.28
2026-09-13T02:37:20Z,75,75,30,5281,99,1377,1702,0.28
2026-09-13T02:37:22Z,75,75,30,5281,99,1331,2424,0.26
2026-09-13T02:37:24Z,76,75,30,5281,99,1378,1702,0.26
2026-09-13T02:37:26Z,76,75,30,5281,100,1337,1400,0.26
2026-09-13T02:37:28Z,73,75,30,5281,100,1341,1702,0.24
2026-09-13T02:37:30Z,72,75,30,5281,100,1600,2327,0.24
2026-09-13T02:37:32Z,75,75,30,5281,100,1388,1702,0.30
2026-09-13T02:37:34Z,75,75,30,5281,99,1376,1702,0.30
2026-09-13T02:37:36Z,75,75,30,5281,99,1380,1702,0.30
2026-09-13T02:37:38Z,77,75,30,5281,100,1379,1399,0.28
2026-09-13T02:37:40Z,75,75,30,5281,100,1600,1399,0.28
2026-09-13T02:37:42Z,75,75,30,5281,99,1429,1702,0.25
2026-09-13T02:37:45Z,75,75,30,5281,100,1379,1702,0.25
2026-09-13T02:37:47Z,77,75,30,5281,100,1380,1702,0.23
2026-09-13T02:37:49Z,74,75,30,5281,20,1332,2424,0.23
2026-09-13T02:37:51Z,75,75,30,5281,100,1388,1702,0.23
2026-09-13T02:37:53Z,77,75,30,5252,100,1380,1702,0.21
2026-09-13T02:37:55Z,74,75,30,5281,100,1379,1702,0.21
2026-09-13T02:37:57Z,74,75,30,5281,100,1338,2425,0.36
2026-09-13T02:37:59Z,73,74,30,5281,0,1490,1399,0.36
2026-09-13T02:38:01Z,73,74,30,5281,99,1480,1702,0.36
2026-09-13T02:38:03Z,72,74,30,5281,99,1525,1400,0.33
2026-09-13T02:38:05Z,74,73,30,5281,100,1600,1702,0.33
2026-09-13T02:38:07Z,75,74,30,5281,100,1600,1702,0.30
2026-09-13T02:38:09Z,75,75,30,5281,100,1600,1702,0.30
2026-09-13T02:38:11Z,74,75,30,5281,99,1331,2424,0.36
2026-09-13T02:38:13Z,75,75,30,5281,99,1385,1399,0.36
2026-09-13T02:38:16Z,75,76,30,5281,100,1371,1702,0.36
2026-09-13T02:38:18Z,74,76,30,5281,99,1600,2366,0.33
2026-09-13T02:38:20Z,75,76,30,5281,99,1379,1702,0.33
2026-09-13T02:38:22Z,75,76,30,5281,100,1374,1702,0.30
2026-09-13T02:38:24Z,75,76,30,5237,99,1381,1702,0.30
2026-09-13T02:38:26Z,75,76,30,5281,99,1338,2424,0.30
2026-09-13T02:38:28Z,77,76,30,5281,100,1380,1702,0.36
2026-09-13T02:38:30Z,76,76,30,5252,99,1381,1702,0.36
2026-09-13T02:38:32Z,74,76,30,5281,100,1343,1702,0.33
2026-09-13T02:38:34Z,75,76,30,5281,99,1485,1702,0.33
2026-09-13T02:38:36Z,74,76,30,5237,100,1362,1702,0.46
2026-09-13T02:38:38Z,76,76,30,5281,99,1398,1702,0.46
2026-09-13T02:38:40Z,76,76,30,5281,99,1336,2424,0.46
2026-09-13T02:38:42Z,75,76,30,5281,99,1440,1702,0.51
2026-09-13T02:38:45Z,76,76,30,5281,99,1376,1702,0.51
2026-09-13T02:38:47Z,76,76,30,5281,100,1368,1702,0.47
2026-09-13T02:38:49Z,75,76,30,5252,100,1390,2424,0.47
2026-09-13T02:38:51Z,77,76,30,5281,99,1379,1702,0.47
2026-09-13T02:38:53Z,75,76,30,5281,99,1380,1702,0.43
2026-09-13T02:38:55Z,75,76,30,5281,99,1362,1399,0.43
2026-09-13T02:38:57Z,74,76,30,5281,99,1350,2424,0.47
2026-09-13T02:38:59Z,75,76,30,5281,100,1600,1702,0.47
2026-09-13T02:39:01Z,75,76,30,5281,100,1371,1702,0.47
2026-09-13T02:39:03Z,72,76,30,5281,100,1433,1399,0.44
2026-09-13T02:39:05Z,76,76,30,5281,100,1370,1702,0.44
2026-09-13T02:39:07Z,75,76,30,5281,100,1398,1702,0.40
2026-09-13T02:39:09Z,74,76,30,5281,99,1339,1702,0.40
2026-09-13T02:39:11Z,75,76,30,5281,100,1331,2425,0.45
2026-09-13T02:39:14Z,75,75,30,5281,100,1384,1399,0.45
2026-09-13T02:39:16Z,75,75,30,5281,99,1480,1399,0.45
2026-09-13T02:39:18Z,71,75,30,5281,99,1600,2424,0.41
2026-09-13T02:39:20Z,70,75,30,5281,99,1600,2424,0.41
2026-09-13T02:39:22Z,71,75,30,5252,99,1600,2424,0.38
2026-09-13T02:39:24Z,70,75,30,5252,100,1600,1873,0.38
2026-09-13T02:39:26Z,70,75,30,5252,100,1436,1702,0.38
2026-09-13T02:39:28Z,77,75,30,5281,99,1324,2424,0.35
2026-09-13T02:39:30Z,70,75,30,5281,99,1600,1702,0.35
2026-09-13T02:39:32Z,69,75,30,5281,99,1357,1702,0.32
2026-09-13T02:39:34Z,76,75,30,5281,99,1381,1702,0.32
2026-09-13T02:39:36Z,74,75,30,5281,100,1327,2424,0.32
2026-09-13T02:39:38Z,70,75,30,5281,99,1600,1702,0.38
2026-09-13T02:39:40Z,69,75,30,5281,100,1600,2424,0.38
2026-09-13T02:39:42Z,70,75,30,5281,99,1600,2428,0.35
2026-09-13T02:39:44Z,71,75,30,5281,100,1600,2424,0.35
2026-09-13T02:39:46Z,74,75,30,5281,100,1379,1702,0.32
2026-09-13T02:39:49Z,75,75,30,5281,99,1434,1702,0.32
2026-09-13T02:39:51Z,75,75,30,5281,99,1391,1702,0.32
2026-09-13T02:39:53Z,75,75,30,5281,99,1329,2424,0.29
2026-09-13T02:39:55Z,70,75,30,5281,99,1523,1399,0.29
2026-09-13T02:39:57Z,74,75,30,5281,99,1381,1702,0.27
2026-09-13T02:39:59Z,76,75,30,5281,100,1375,1702,0.27
2026-09-13T02:40:01Z,75,75,30,5281,100,1373,1399,0.27
2026-09-13T02:40:03Z,72,75,30,5281,99,1069,2424,0.41
2026-09-13T02:40:05Z,69,75,30,5281,99,1600,1702,0.41
2026-09-13T02:40:07Z,70,75,30,5281,100,1600,2424,0.37
2026-09-13T02:40:09Z,75,75,30,5281,99,1355,1702,0.37
2026-09-13T02:40:11Z,74,75,30,5281,100,1369,1702,0.42
2026-09-13T02:40:13Z,71,74,30,5281,100,1505,1702,0.42
2026-09-13T02:40:15Z,73,74,30,5281,99,1328,1702,0.42
2026-09-13T02:40:18Z,68,74,30,5281,100,1071,2424,0.47
2026-09-13T02:40:20Z,71,73,30,5281,99,1344,1702,0.47
2026-09-13T02:40:22Z,74,74,30,5281,99,1336,1400,0.43
2026-09-13T02:40:24Z,75,75,30,5281,99,1379,1702,0.43
2026-09-13T02:40:26Z,74,75,30,5281,100,1383,1702,0.43
2026-09-13T02:40:28Z,74,75,30,5281,99,1339,1702,0.40
2026-09-13T02:40:30Z,75,75,30,5281,99,1368,1399,0.40
2026-09-13T02:40:32Z,75,76,30,5281,99,1334,2424,0.37
2026-09-13T02:40:34Z,75,76,30,5281,100,1600,1400,0.37
2026-09-13T02:40:36Z,74,76,30,5281,99,1600,1702,0.37
2026-09-13T02:40:38Z,75,76,30,5281,99,1377,1702,0.34
2026-09-13T02:40:40Z,75,76,30,5281,100,1339,2274,0.34
2026-09-13T02:40:42Z,75,76,30,5281,99,1373,1702,0.31
2026-09-13T02:40:44Z,75,76,30,5237,100,1377,1702,0.31
2026-09-13T02:40:47Z,77,76,30,5237,99,1377,1702,0.28
2026-09-13T02:40:49Z,75,76,30,5281,100,1600,1702,0.28
2026-09-13T02:40:51Z,75,76,30,5252,99,1379,1702,0.28
2026-09-13T02:40:53Z,75,76,30,5237,100,1356,1399,0.26
2026-09-13T02:40:55Z,75,76,30,5281,100,1331,2424,0.26
2026-09-13T02:40:57Z,76,76,30,5237,99,1382,1702,0.24
2026-09-13T02:40:59Z,76,76,30,5281,100,1435,1702,0.24
2026-09-13T02:41:01Z,77,76,30,5281,99,1376,1702,0.24
2026-09-13T02:41:03Z,74,76,30,5252,99,1348,1511,0.22
2026-09-13T02:41:05Z,77,76,30,5281,100,1379,1702,0.22
2026-09-13T02:41:07Z,75,76,30,5281,99,1600,1702,0.20
2026-09-13T02:41:09Z,76,76,30,5281,100,1428,1702,0.20
2026-09-13T02:41:11Z,74,76,30,5281,100,1359,1702,0.19
2026-09-13T02:41:13Z,75,76,30,5281,99,1371,1400,0.19
2026-09-13T02:41:16Z,76,76,30,5281,100,1380,1702,0.19
2026-09-13T02:41:18Z,75,76,30,5281,100,1333,2424,0.17
2026-09-13T02:41:20Z,75,76,30,5281,100,1387,1702,0.17
2026-09-13T02:41:22Z,75,76,30,5281,99,1600,1702,0.16
2026-09-13T02:41:24Z,71,76,30,5281,99,1600,1702,0.16
2026-09-13T02:41:26Z,75,76,30,5281,99,1337,2424,0.16
2026-09-13T02:41:28Z,75,76,30,5281,99,1379,1702,0.22
2026-09-13T02:41:30Z,75,76,30,5281,99,1393,1702,0.22
2026-09-13T02:41:32Z,75,76,30,5281,100,1600,1702,0.21
2026-09-13T02:41:34Z,77,76,30,5281,100,1327,2427,0.21
2026-09-13T02:41:36Z,76,75,30,5281,99,1371,1702,0.21
2026-09-13T02:41:38Z,75,75,30,5281,100,1378,1702,0.19
2026-09-13T02:41:40Z,75,75,30,5281,100,1371,1702,0.19
2026-09-13T02:41:42Z,74,75,30,5237,99,1327,2424,0.17
2026-09-13T02:41:44Z,74,75,30,5281,100,1390,1399,0.17
2026-09-13T02:41:47Z,75,75,30,5281,100,1387,1702,0.16
2026-09-13T02:41:49Z,74,75,30,5281,99,1374,1702,0.16
2026-09-13T02:41:51Z,75,75,30,5281,99,1340,2424,0.16
2026-09-13T02:41:53Z,74,75,30,5281,99,1380,1702,0.23
2026-09-13T02:41:55Z,75,75,30,5281,99,1380,1702,0.23
2026-09-13T02:41:57Z,75,75,30,5281,99,1380,1702,0.21
2026-09-13T02:41:59Z,76,75,30,5281,99,1333,2424,0.21
2026-09-13T02:42:01Z,75,75,30,5281,100,1600,1702,0.21
2026-09-13T02:42:03Z,74,75,30,5281,99,1375,1702,0.19
2026-09-13T02:42:05Z,74,75,30,5281,100,1371,1702,0.19
2026-09-13T02:42:07Z,74,75,30,5281,100,1334,2424,0.18
2026-09-13T02:42:09Z,70,75,30,5281,100,1600,2424,0.18
2026-09-13T02:42:11Z,70,75,30,5281,99,1600,2424,0.24
2026-09-13T02:42:13Z,74,75,30,5281,100,1462,1702,0.24
2026-09-13T02:42:15Z,75,75,30,5281,99,1319,2425,0.24
2026-09-13T02:42:18Z,74,75,30,5281,100,1600,1702,0.30
2026-09-13T02:42:20Z,75,75,30,5281,99,1373,1400,0.30
2026-09-13T02:42:22Z,70,75,30,5281,99,1600,1400,0.28
2026-09-13T02:42:24Z,74,75,30,5281,99,1426,1702,0.28
2026-09-13T02:42:26Z,69,75,30,5281,100,1600,2424,0.28
2026-09-13T02:42:28Z,73,74,30,5281,100,1476,1702,0.26
2026-09-13T02:42:30Z,71,74,30,5281,100,1518,1702,0.26
2026-09-13T02:42:32Z,74,74,30,5281,99,1352,1702,0.24
2026-09-13T02:42:34Z,59,72,30,5281,0,200,2424,0.24
2026-09-13T02:42:36Z,58,70,30,5311,0,200,2424,0.24
2026-09-13T02:42:38Z,56,68,30,5281,0,200,2424,0.22
2026-09-13T02:42:40Z,54,65,30,4895,0,200,2426,0.22
2026-09-13T02:42:42Z,53,63,30,4908,0,200,2424,0.20
2026-09-13T02:42:44Z,52,62,30,4652,0,200,2424,0.20
2026-09-13T02:42:46Z,51,60,30,3842,0,200,2424,0.18
2026-09-13T02:42:48Z,50,58,30,3826,0,200,2424,0.18
2026-09-13T02:42:51Z,50,57,30,3063,0,200,2423,0.18
2026-09-13T02:42:53Z,49,56,30,2906,0,200,2423,0.17
2026-09-13T02:42:55Z,49,54,30,2506,0,200,2424,0.17
2026-09-13T02:42:57Z,48,53,30,2286,0,200,2425,0.15
2026-09-13T02:42:59Z,48,53,30,1834,0,200,2424,0.15
2026-09-13T02:43:01Z,48,51,30,167,0,200,2425,0.15
2026-09-13T02:43:03Z,48,51,30,0,0,200,2424,0.14
2026-09-13T02:43:05Z,48,50,30,0,0,200,2425,0.14
2026-09-13T02:43:07Z,48,50,30,0,0,200,2425,0.13
2026-09-13T02:43:09Z,48,50,30,0,0,200,2425,0.13
2026-09-13T02:43:11Z,47,49,30,0,0,200,2425,0.13
2026-09-13T02:43:13Z,47,49,30,0,0,200,2424,0.12
2026-09-13T02:43:15Z,47,49,30,0,0,200,2425,0.12
2026-09-13T02:43:17Z,48,49,30,0,0,200,2424,0.11
2026-09-13T02:43:19Z,47,48,30,0,0,200,2424,0.11
2026-09-13T02:43:21Z,47,48,30,0,0,200,2424,0.11
2026-09-13T02:43:23Z,47,48,30,0,0,200,2425,0.10
2026-09-13T02:43:25Z,47,48,30,0,0,200,2425,0.10
2026-09-13T02:43:27Z,47,48,30,0,0,200,2424,0.09
2026-09-13T02:43:29Z,47,48,30,0,0,200,2424,0.09
2026-09-13T02:43:32Z,47,48,30,0,0,200,2428,0.08
2026-09-13T02:43:34Z,47,48,30,0,0,200,2424,0.08
2026-09-13T02:43:36Z,47,48,30,0,0,200,2424,0.08
2026-09-13T02:43:38Z,47,48,30,0,0,200,2424,0.08
2026-09-13T02:43:40Z,47,48,30,0,0,200,2424,0.08
2026-09-13T02:43:42Z,47,47,30,0,0,200,2426,0.07
2026-09-13T02:43:44Z,47,47,30,0,0,200,2424,0.07
2026-09-13T02:43:46Z,47,47,30,0,0,200,2426,0.07
2026-09-13T02:43:48Z,46,47,30,0,0,200,2424,0.07
2026-09-13T02:43:50Z,46,47,30,0,0,200,2425,0.07
2026-09-13T02:43:52Z,46,47,30,0,0,200,2425,0.06
2026-09-13T02:43:54Z,46,47,30,0,0,200,2427,0.06
2026-09-13T02:43:56Z,46,47,30,0,0,200,2424,0.06
2026-09-13T02:43:58Z,47,47,30,0,0,200,2424,0.06
2026-09-13T02:44:00Z,46,47,30,0,0,200,2424,0.06
2026-09-13T02:44:02Z,46,47,30,0,0,200,2424,0.05
2026-09-13T02:44:04Z,46,47,30,0,0,200,2424,0.05
2026-09-13T02:44:06Z,46,47,30,0,0,200,2424,0.05
2026-09-13T02:44:08Z,47,47,30,0,0,200,2425,0.05
2026-09-13T02:44:10Z,46,47,30,0,0,200,2424,0.05
2026-09-13T02:44:13Z,46,47,30,0,0,200,2424,0.04
2026-09-13T02:44:15Z,46,47,30,0,0,200,2425,0.04
2026-09-13T02:44:17Z,46,47,30,0,0,200,2424,0.04
2026-09-13T02:44:19Z,46,47,30,0,0,200,2425,0.04
2026-09-13T02:44:21Z,46,47,30,0,0,200,2424,0.04
2026-09-13T02:44:23Z,45,47,30,0,0,200,2424,0.04
2026-09-13T02:44:25Z,47,47,30,0,0,200,2424,0.04
2026-09-13T02:44:27Z,46,47,30,0,0,200,2425,0.03
2026-09-13T02:44:29Z,46,46,30,0,0,200,2425,0.03
2026-09-13T02:44:31Z,45,46,30,0,0,200,2425,0.03
2026-09-13T02:44:33Z,46,46,30,0,0,200,2424,0.03
2026-09-13T02:44:35Z,46,46,30,0,0,200,2425,0.03
2026-09-13T02:44:37Z,45,46,30,0,0,200,2427,0.03
2026-09-13T02:44:39Z,46,46,30,0,0,200,2424,0.03
2026-09-13T02:44:41Z,46,46,30,0,0,200,2425,0.03
2026-09-13T02:44:43Z,45,46,30,0,0,200,2424,0.02
2026-09-13T02:44:45Z,45,46,30,0,0,200,2425,0.02
2026-09-13T02:44:47Z,46,46,30,0,0,200,2424,0.02
2026-09-13T02:44:49Z,46,46,30,0,0,200,2424,0.02
2026-09-13T02:44:51Z,45,46,30,0,0,200,2427,0.02
2026-09-13T02:44:54Z,45,46,30,0,0,200,2424,0.02
2026-09-13T02:44:56Z,45,46,30,0,0,200,2424,0.02
2026-09-13T02:44:58Z,45,46,30,0,0,200,2424,0.02
2026-09-13T02:45:00Z,45,46,30,0,0,200,2424,0.02
2026-09-13T02:45:02Z,45,46,30,0,0,200,2424,0.02
2026-09-13T02:45:04Z,45,46,30,0,0,200,2425,0.02
2026-09-13T02:45:06Z,46,46,30,0,0,200,2424,0.02
2026-09-13T02:45:08Z,45,46,30,0,0,200,2424,0.02
2026-09-13T02:45:10Z,45,46,30,0,0,200,2426,0.02
2026-09-13T02:45:12Z,45,46,30,0,0,200,2424,0.01
2026-09-13T02:45:14Z,45,46,30,0,0,200,2425,0.01
2026-09-13T02:45:16Z,45,46,30,0,0,200,2424,0.01
2026-09-13T02:45:18Z,45,46,30,0,0,200,2424,0.01
2026-09-13T02:45:20Z,45,46,30,0,0,200,2425,0.01
2026-09-13T02:45:22Z,45,46,30,0,0,200,2424,0.01
2026-09-13T02:45:24Z,45,46,30,0,0,200,2425,0.01
2026-09-13T02:45:26Z,45,46,30,0,0,200,2424,0.01
2026-09-13T02:45:28Z,45,46,30,0,0,200,2425,0.33
2026-09-13T02:45:30Z,45,46,30,0,0,200,2424,0.33
2026-09-13T02:45:33Z,45,46,30,0,0,200,2425,0.30
2026-09-13T02:45:35Z,45,46,30,0,0,200,2424,0.30
2026-09-13T02:45:37Z,45,46,30,0,0,200,2424,0.28
2026-09-13T02:45:39Z,45,46,30,0,0,200,2428,0.28
2026-09-13T02:45:41Z,45,46,30,0,0,200,2425,0.28
2026-09-13T02:45:43Z,45,46,30,0,0,200,2424,0.26
2026-09-13T02:45:45Z,45,46,30,0,0,200,2424,0.26
2026-09-13T02:45:47Z,45,46,30,0,0,200,2425,0.24
2026-09-13T02:45:49Z,44,45,30,0,0,200,2426,0.24
2026-09-13T02:45:51Z,45,45,30,0,0,200,2424,0.24
