ts,gpu_edge_c,cpu_c,batt_c,fan_rpm,gpu_busy_pct,sclk,cpu_mhz_max,load1
2026-09-13T21:47:43Z,42,42,30,0,0,200,2425,0.21
2026-09-13T21:47:45Z,42,42,30,0,0,200,2424,0.19
2026-09-13T21:47:47Z,42,43,30,0,0,200,2425,0.19
2026-09-13T21:47:50Z,42,45,30,0,0,200,2424,0.19
2026-09-13T21:47:52Z,42,45,30,0,0,200,2425,0.26
2026-09-13T21:47:54Z,49,52,30,0,100,1040,2424,0.26
2026-09-13T21:47:56Z,52,55,30,0,51,1040,2425,0.24
2026-09-13T21:47:58Z,53,57,30,0,99,1040,2425,0.24
2026-09-13T21:48:00Z,54,59,30,0,99,1040,2425,0.24
2026-09-13T21:48:02Z,56,60,30,0,99,1172,2424,0.22
2026-09-13T21:48:04Z,58,61,30,2226,100,1229,2424,0.22
2026-09-13T21:48:06Z,58,63,30,2425,100,1080,2424,0.20
2026-09-13T21:48:08Z,59,63,30,2659,99,1098,2424,0.20
2026-09-13T21:48:10Z,60,64,30,2929,100,1243,2424,0.20
2026-09-13T21:48:12Z,62,65,30,3073,99,1233,2427,0.27
2026-09-13T21:48:14Z,61,65,30,3249,99,1239,2424,0.27
2026-09-13T21:48:16Z,61,66,30,3511,99,1262,2424,0.24
2026-09-13T21:48:18Z,61,67,30,3787,100,1261,2424,0.24
2026-09-13T21:48:20Z,62,67,30,3810,99,1224,2424,0.22
2026-09-13T21:48:22Z,62,67,30,3826,100,1254,2424,0.22
2026-09-13T21:48:24Z,54,66,30,3842,0,200,2424,0.22
2026-09-13T21:48:26Z,53,64,30,3842,0,200,2424,0.29
2026-09-13T21:48:28Z,53,62,30,3865,0,200,2426,0.29
2026-09-13T21:48:31Z,61,61,30,3881,0,200,2425,0.26
2026-09-13T21:48:33Z,59,60,30,3865,99,1465,2425,0.26
2026-09-13T21:48:35Z,57,60,30,3409,100,1040,2424,0.26
2026-09-13T21:48:37Z,63,60,30,3396,99,1600,2424,0.24
2026-09-13T21:48:39Z,59,61,30,3409,100,1224,2424,0.24
2026-09-13T21:48:41Z,58,62,30,3409,99,1089,2424,0.22
2026-09-13T21:48:43Z,58,62,30,3421,100,1040,2425,0.22
2026-09-13T21:48:45Z,62,62,30,3440,99,1600,1564,0.22
2026-09-13T21:48:47Z,64,63,30,3440,100,1600,2424,0.20
2026-09-13T21:48:49Z,62,63,30,3440,100,1297,2424,0.20
2026-09-13T21:48:51Z,61,63,30,3440,99,1157,2424,0.27
2026-09-13T21:48:53Z,60,64,30,3459,100,1040,2424,0.27
2026-09-13T21:48:55Z,62,64,30,3459,100,1600,2424,0.25
2026-09-13T21:48:57Z,56,65,30,3453,0,200,2424,0.25
2026-09-13T21:48:59Z,54,62,30,3459,0,200,2424,0.25
2026-09-13T21:49:01Z,53,61,30,3453,0,200,2427,0.31
2026-09-13T21:49:03Z,52,60,30,3472,0,200,2425,0.31
2026-09-13T21:49:05Z,58,63,30,3221,99,1040,2424,0.28
2026-09-13T21:49:07Z,66,64,30,3205,99,1353,1702,0.28
2026-09-13T21:49:09Z,66,64,30,3205,100,1600,1702,0.28
2026-09-13T21:49:12Z,60,65,30,3205,99,1040,2424,0.26
2026-09-13T21:49:14Z,59,66,30,3216,99,1050,2424,0.26
2026-09-13T21:49:16Z,62,67,30,3216,20,1208,2424,0.24
2026-09-13T21:49:18Z,67,66,30,3232,100,1600,1702,0.24
2026-09-13T21:49:20Z,67,67,30,3360,100,1600,1710,0.24
2026-09-13T21:49:22Z,62,68,30,3427,100,1040,2424,0.22
2026-09-13T21:49:24Z,62,68,30,3605,99,1061,2424,0.22
2026-09-13T21:49:26Z,64,68,30,3605,100,1215,2425,0.20
2026-09-13T21:49:28Z,70,68,30,3750,99,1379,1399,0.20
2026-09-13T21:49:30Z,69,69,30,3989,100,1385,1702,0.43
2026-09-13T21:49:32Z,64,69,30,3989,99,1040,2424,0.43
2026-09-13T21:49:34Z,62,69,30,3989,100,1051,2424,0.43
2026-09-13T21:49:36Z,65,69,30,3997,23,1254,2425,0.39
2026-09-13T21:49:38Z,71,69,30,4006,100,1369,1702,0.39
2026-09-13T21:49:40Z,69,69,30,4006,100,1600,1702,0.36
2026-09-13T21:49:42Z,59,69,30,4032,0,200,2424,0.36
2026-09-13T21:49:44Z,56,67,30,4032,0,200,2424,0.36
2026-09-13T21:49:47Z,55,66,30,4023,0,200,2424,0.41
2026-09-13T21:49:49Z,55,64,30,4032,0,200,2424,0.41
2026-09-13T21:49:51Z,63,63,30,4032,100,1600,2424,0.38
2026-09-13T21:49:53Z,65,63,30,3640,99,1600,1742,0.38
2026-09-13T21:49:55Z,62,63,30,3619,99,1600,2424,0.38
2026-09-13T21:49:57Z,59,63,30,3626,99,1040,2424,0.35
2026-09-13T21:49:59Z,59,64,30,3626,99,1040,2427,0.35
2026-09-13T21:50:01Z,59,64,30,3619,100,1040,2424,0.32
2026-09-13T21:50:03Z,60,65,30,3640,99,1071,2425,0.32
2026-09-13T21:50:05Z,61,64,30,3640,99,1040,2424,0.32
2026-09-13T21:50:07Z,62,64,30,3640,45,1085,2425,0.45
2026-09-13T21:50:09Z,68,65,30,3640,99,1600,2424,0.45
2026-09-13T21:50:11Z,65,65,30,3640,99,1600,1702,0.42
2026-09-13T21:50:13Z,64,65,30,3662,100,1453,2424,0.42
2026-09-13T21:50:15Z,64,65,30,3640,100,1513,2425,0.38
2026-09-13T21:50:17Z,61,65,30,3654,100,1040,2426,0.38
2026-09-13T21:50:19Z,59,66,30,3654,100,1040,2425,0.38
2026-09-13T21:50:21Z,61,66,30,3640,99,1040,2424,0.35
2026-09-13T21:50:23Z,62,66,30,3662,100,1061,2424,0.35
2026-09-13T21:50:25Z,56,65,30,3654,0,200,2424,0.32
2026-09-13T21:50:28Z,55,64,30,3654,0,200,2425,0.32
2026-09-13T21:50:30Z,55,62,30,3662,0,200,2425,0.32
2026-09-13T21:50:32Z,67,61,30,3662,100,1485,1702,0.38
2026-09-13T21:50:34Z,67,66,30,3232,99,1477,1702,0.38
2026-09-13T21:50:36Z,70,67,30,3161,100,1374,1702,0.35
2026-09-13T21:50:38Z,62,69,30,3177,99,1040,2424,0.35
2026-09-13T21:50:40Z,69,69,30,3167,100,1600,1702,0.35
2026-09-13T21:50:42Z,69,70,30,3440,100,1356,1702,0.40
2026-09-13T21:50:44Z,73,71,30,3591,100,1600,1399,0.40
2026-09-13T21:50:46Z,72,71,30,3605,100,1494,1702,0.37
2026-09-13T21:50:48Z,64,72,30,3842,99,1040,2425,0.37
2026-09-13T21:50:50Z,73,72,30,3947,100,1360,1702,0.34
2026-09-13T21:50:52Z,70,72,30,4139,99,1600,1702,0.34
2026-09-13T21:50:54Z,73,73,30,4148,100,1398,1702,0.34
2026-09-13T21:50:56Z,74,72,30,4411,99,1535,1702,0.39
2026-09-13T21:50:59Z,68,73,30,4411,100,1243,2426,0.39
2026-09-13T21:51:01Z,73,73,30,4606,100,1600,1702,0.44
2026-09-13T21:51:03Z,73,73,30,4629,100,1492,1702,0.44
2026-09-13T21:51:05Z,73,73,30,4629,100,1399,1702,0.44
2026-09-13T21:51:07Z,72,73,30,4652,100,1600,1702,0.40
2026-09-13T21:51:09Z,66,74,30,4664,99,1197,2425,0.40
2026-09-13T21:51:11Z,74,73,30,4687,99,1534,1702,0.37
2026-09-13T21:51:13Z,74,74,30,4687,99,1350,1702,0.37
2026-09-13T21:51:15Z,74,73,30,4687,99,1550,1399,0.37
2026-09-13T21:51:17Z,72,73,30,4687,100,1600,1702,0.42
2026-09-13T21:51:19Z,66,74,30,4687,99,1175,2424,0.42
2026-09-13T21:51:21Z,75,74,30,4722,99,1437,1399,0.39
2026-09-13T21:51:23Z,61,73,30,4722,0,200,2424,0.39
2026-09-13T21:51:25Z,58,71,30,4711,0,200,2424,0.44
2026-09-13T21:51:27Z,57,69,30,4722,0,200,2424,0.44
2026-09-13T21:51:29Z,56,67,30,4722,0,200,2424,0.44
2026-09-13T21:51:32Z,65,66,30,4606,100,1600,1702,0.40
2026-09-13T21:51:34Z,68,66,30,4102,100,1600,2424,0.40
2026-09-13T21:51:36Z,61,67,30,4102,100,1040,2424,0.37
2026-09-13T21:51:38Z,67,67,30,4102,100,1600,1702,0.37
2026-09-13T21:51:40Z,68,67,30,4102,99,1600,2424,0.37
2026-09-13T21:51:42Z,69,68,30,4102,100,1600,2424,0.34
2026-09-13T21:51:44Z,64,68,30,4093,100,1229,2424,0.34
2026-09-13T21:51:46Z,63,68,30,4084,100,1040,2424,0.31
2026-09-13T21:51:48Z,68,68,30,4076,100,1600,1596,0.31
2026-09-13T21:51:50Z,63,69,30,4093,99,1040,2425,0.31
2026-09-13T21:51:52Z,66,69,30,4076,100,1322,2425,0.29
2026-09-13T21:51:54Z,71,69,30,4102,100,1600,2424,0.29
2026-09-13T21:51:56Z,69,69,30,4076,100,1600,2424,0.34
2026-09-13T21:51:58Z,63,69,30,4102,100,1040,2424,0.34
2026-09-13T21:52:00Z,70,70,30,4093,100,1600,1399,0.32
2026-09-13T21:52:02Z,70,70,30,4076,99,1600,2424,0.32
2026-09-13T21:52:04Z,70,70,30,4102,99,1600,2424,0.32
2026-09-13T21:52:06Z,65,70,30,4093,100,1168,2424,0.29
2026-09-13T21:52:08Z,70,70,30,4093,99,1600,1702,0.29
2026-09-13T21:52:11Z,71,70,30,4076,100,1600,1702,0.27
2026-09-13T21:52:13Z,60,70,30,4093,0,200,2425,0.27
2026-09-13T21:52:15Z,58,68,30,4093,0,200,2425,0.27
2026-09-13T21:52:17Z,57,67,30,4093,0,200,2424,0.33
2026-09-13T21:52:19Z,56,66,30,4076,0,200,2424,0.33
2026-09-13T21:52:21Z,69,66,30,4102,99,1600,1739,0.30
2026-09-13T21:52:23Z,61,69,30,3750,100,1040,2424,0.30
2026-09-13T21:52:25Z,71,68,30,3750,99,1371,1702,0.30
2026-09-13T21:52:27Z,62,70,30,3772,100,1040,2424,0.28
2026-09-13T21:52:29Z,70,69,30,3765,99,1389,1702,0.28
2026-09-13T21:52:31Z,64,71,30,3750,99,1058,2424,0.33
2026-09-13T21:52:33Z,72,71,30,3865,99,1378,1702,0.33
2026-09-13T21:52:35Z,65,71,30,3865,0,1051,2424,0.47
2026-09-13T21:52:37Z,74,72,30,3989,100,1498,1702,0.47
2026-09-13T21:52:39Z,65,72,30,4058,99,1040,2424,0.47
2026-09-13T21:52:41Z,72,72,30,4340,99,1378,1702,0.51
2026-09-13T21:52:43Z,64,72,30,4330,100,1040,2424,0.51
2026-09-13T21:52:45Z,73,73,30,4310,99,1470,1702,0.47
2026-09-13T21:52:48Z,66,73,30,4518,100,1040,2424,0.47
2026-09-13T21:52:50Z,73,73,30,4518,99,1600,1399,0.47
2026-09-13T21:52:52Z,66,73,30,4539,100,1180,2424,0.51
2026-09-13T21:52:54Z,73,73,30,4550,99,1407,1702,0.51
2026-09-13T21:52:56Z,70,73,30,4573,100,1600,1400,0.55
2026-09-13T21:52:58Z,74,73,30,4573,100,1417,1702,0.55
2026-09-13T21:53:00Z,74,73,30,4539,99,1432,1400,0.55
2026-09-13T21:53:02Z,75,73,30,4573,99,1470,1702,0.51
2026-09-13T21:53:04Z,72,73,30,4573,99,1412,1702,0.51
2026-09-13T21:53:06Z,74,74,30,4573,3,1464,2424,0.47
2026-09-13T21:53:08Z,73,73,30,4573,100,1547,1702,0.47
2026-09-13T21:53:10Z,68,74,30,4595,100,1302,2425,0.59
2026-09-13T21:53:12Z,75,73,30,4573,99,1376,1702,0.59
2026-09-13T21:53:14Z,67,74,30,4595,99,1178,2425,0.59
2026-09-13T21:53:16Z,73,73,30,4573,99,1600,1702,0.62
2026-09-13T21:53:19Z,67,74,30,4573,18,1126,2424,0.62
2026-09-13T21:53:21Z,59,72,30,4606,0,200,2424,0.57
2026-09-13T21:53:23Z,58,70,30,4573,0,200,2424,0.57
2026-09-13T21:53:25Z,58,69,30,4606,0,200,2426,0.57
2026-09-13T21:53:27Z,61,67,30,4573,99,1383,2425,0.61
2026-09-13T21:53:29Z,63,67,30,4261,100,1197,2424,0.61
2026-09-13T21:53:31Z,68,66,30,3989,99,1600,1820,0.56
2026-09-13T21:53:33Z,62,68,30,3989,100,1040,2424,0.56
2026-09-13T21:53:35Z,67,67,30,3989,99,1549,2424,0.56
2026-09-13T21:53:37Z,63,68,30,3997,100,1357,2424,0.59
2026-09-13T21:53:39Z,64,68,30,3989,100,1040,2424,0.59
2026-09-13T21:53:41Z,69,68,30,3989,99,1600,2424,0.55
2026-09-13T21:53:43Z,63,68,30,3972,100,1040,2426,0.55
2026-09-13T21:53:45Z,69,69,30,3989,100,1600,2096,0.50
2026-09-13T21:53:47Z,66,68,30,3997,100,1518,2424,0.50
2026-09-13T21:53:49Z,65,69,30,3964,100,1266,2424,0.50
2026-09-13T21:53:51Z,70,69,30,3989,100,1600,1702,0.54
2026-09-13T21:53:53Z,64,69,30,3964,100,1040,2425,0.54
2026-09-13T21:53:55Z,71,70,30,3972,100,1600,2424,0.58
2026-09-13T21:53:58Z,69,69,30,3989,99,1600,2414,0.58
2026-09-13T21:54:00Z,66,70,30,3972,99,1282,2424,0.58
2026-09-13T21:54:02Z,71,70,30,3964,100,1600,1702,0.61
2026-09-13T21:54:04Z,65,70,30,3989,99,1040,2425,0.61
2026-09-13T21:54:06Z,71,70,30,3972,99,1600,2181,0.64
2026-09-13T21:54:08Z,70,70,30,3964,99,1600,2424,0.64
2026-09-13T21:54:10Z,66,71,30,3972,25,1040,2424,0.64
2026-09-13T21:54:12Z,71,70,30,3964,99,1600,2140,0.59
2026-09-13T21:54:14Z,65,70,30,3997,100,1083,2424,0.59
2026-09-13T21:54:16Z,68,70,30,4006,99,1326,2425,0.63
2026-09-13T21:54:18Z,59,70,30,4084,0,200,2428,0.63
2026-09-13T21:54:20Z,58,68,30,4076,0,200,2424,0.63
2026-09-13T21:54:22Z,57,66,30,4076,0,200,2425,0.66
2026-09-13T21:54:24Z,60,65,30,4076,99,1040,2424,0.66
2026-09-13T21:54:26Z,70,68,30,3826,99,1565,1702,0.60
2026-09-13T21:54:28Z,69,70,30,3772,99,1600,1702,0.60
2026-09-13T21:54:30Z,64,71,30,3772,99,1040,2424,0.55
2026-09-13T21:54:32Z,72,71,30,3787,99,1548,1702,0.55
2026-09-13T21:54:34Z,72,73,30,3906,100,1502,1702,0.55
2026-09-13T21:54:37Z,74,73,30,4139,100,1600,2426,0.51
2026-09-13T21:54:39Z,73,73,30,4261,100,1600,1702,0.51
2026-09-13T21:54:41Z,74,74,30,4330,100,1425,1400,0.55
2026-09-13T21:54:43Z,73,75,30,4606,100,1600,1702,0.55
2026-09-13T21:54:45Z,74,74,30,4770,100,1405,1702,0.55
2026-09-13T21:54:47Z,74,75,30,4783,100,1600,1702,0.51
2026-09-13T21:54:49Z,76,75,30,5013,99,1342,1702,0.51
2026-09-13T21:54:51Z,76,75,30,5013,99,1376,1400,0.55
2026-09-13T21:54:53Z,76,75,30,5040,99,1407,1702,0.55
2026-09-13T21:54:55Z,74,75,30,5000,100,1600,1702,0.50
2026-09-13T21:54:57Z,67,75,30,5026,100,1040,2424,0.50
2026-09-13T21:54:59Z,76,75,30,5026,99,1349,1702,0.50
2026-09-13T21:55:01Z,75,75,30,5040,99,1430,1702,0.46
2026-09-13T21:55:03Z,68,75,30,5026,5,1040,2425,0.46
2026-09-13T21:55:06Z,76,75,30,5026,100,1585,1702,0.50
2026-09-13T21:55:08Z,73,75,30,5040,100,1600,1702,0.50
2026-09-13T21:55:10Z,74,75,30,5040,99,1600,1702,0.50
2026-09-13T21:55:12Z,73,75,30,5040,99,1495,1702,0.46
2026-09-13T21:55:14Z,73,75,30,5026,100,1456,1702,0.46
2026-09-13T21:55:16Z,77,75,30,5067,99,1432,1702,0.43
2026-09-13T21:55:18Z,75,75,30,5040,99,1468,1702,0.43
2026-09-13T21:55:20Z,76,75,30,5026,99,1410,1702,0.43
2026-09-13T21:55:22Z,74,76,30,5067,0,1441,2424,0.39
2026-09-13T21:55:24Z,73,75,30,5067,99,1548,1702,0.39
2026-09-13T21:55:26Z,76,75,30,5067,100,1376,1399,0.36
2026-09-13T21:55:28Z,76,76,30,5067,99,1382,1702,0.36
2026-09-13T21:55:30Z,68,75,30,5081,99,1040,2426,0.41
2026-09-13T21:55:32Z,76,75,30,5067,99,1547,1702,0.41
2026-09-13T21:55:35Z,74,75,30,5081,100,1404,1702,0.41
2026-09-13T21:55:37Z,68,76,30,5081,10,1221,2425,0.46
2026-09-13T21:55:39Z,76,75,30,5067,99,1600,1702,0.46
2026-09-13T21:55:41Z,76,75,30,5067,99,1336,1702,0.42
2026-09-13T21:55:43Z,71,76,30,5067,99,1420,2424,0.42
2026-09-13T21:55:45Z,74,75,30,5067,99,1507,1702,0.42
2026-09-13T21:55:47Z,74,75,30,5067,100,1600,1702,0.39
2026-09-13T21:55:49Z,75,76,30,5067,100,1410,1431,0.39
2026-09-13T21:55:51Z,74,75,30,5067,99,1463,1702,0.36
2026-09-13T21:55:53Z,74,76,30,5067,99,1600,1702,0.36
2026-09-13T21:55:55Z,75,76,30,5067,100,1563,1776,0.33
2026-09-13T21:55:57Z,75,75,30,5067,100,1600,1702,0.33
2026-09-13T21:55:59Z,74,75,30,5067,100,1498,1702,0.33
2026-09-13T21:56:01Z,73,76,30,5095,99,1600,1702,0.30
2026-09-13T21:56:03Z,63,76,30,5067,100,1040,2424,0.30
2026-09-13T21:56:06Z,59,73,30,5095,0,200,2424,0.28
2026-09-13T21:56:08Z,59,71,30,5067,43,1040,2424,0.28
2026-09-13T21:56:10Z,57,69,30,5108,0,200,2425,0.28
2026-09-13T21:56:12Z,68,68,30,5067,99,1600,1844,0.33
2026-09-13T21:56:14Z,69,68,30,4485,100,1600,2424,0.33
2026-09-13T21:56:16Z,60,68,30,4391,100,1040,2426,0.39
2026-09-13T21:56:18Z,68,68,30,4380,99,1600,2031,0.39
2026-09-13T21:56:20Z,68,69,30,4360,100,1462,2424,0.39
2026-09-13T21:56:22Z,70,69,30,4391,99,1600,2424,0.36
2026-09-13T21:56:24Z,69,69,30,4360,99,1600,2424,0.36
2026-09-13T21:56:26Z,67,70,30,4380,99,1295,2424,0.49
2026-09-13T21:56:28Z,71,70,30,4360,99,1600,2424,0.49
2026-09-13T21:56:30Z,71,70,30,4360,99,1600,1702,0.49
2026-09-13T21:56:32Z,64,70,30,4360,99,1040,2424,0.45
2026-09-13T21:56:34Z,71,71,30,4380,99,1600,1702,0.45
2026-09-13T21:56:36Z,69,71,30,4360,99,1600,2424,0.41
2026-09-13T21:56:38Z,72,70,30,4370,99,1600,2425,0.41
2026-09-13T21:56:40Z,72,71,30,4370,100,1600,2424,0.38
2026-09-13T21:56:42Z,67,71,30,4360,100,1341,2425,0.38
2026-09-13T21:56:45Z,72,71,30,4360,100,1600,2425,0.38
2026-09-13T21:56:47Z,71,72,30,4330,100,1600,2424,0.35
2026-09-13T21:56:49Z,69,71,30,4360,100,1600,2128,0.35
2026-09-13T21:56:51Z,72,72,30,4360,100,1600,2009,0.40
2026-09-13T21:56:53Z,70,72,30,4360,100,1600,2425,0.40
2026-09-13T21:56:55Z,73,71,30,4360,100,1600,2227,0.40
2026-09-13T21:56:57Z,71,72,30,4360,100,1600,2424,0.37
2026-09-13T21:56:59Z,66,72,30,4360,100,1040,2424,0.37
2026-09-13T21:57:01Z,74,72,30,4340,99,1600,2424,0.34
2026-09-13T21:57:03Z,70,72,30,4464,99,1581,2424,0.34
2026-09-13T21:57:05Z,72,72,30,4464,99,1600,1702,0.34
2026-09-13T21:57:07Z,71,72,30,4496,99,1600,2425,0.39
2026-09-13T21:57:09Z,68,72,30,4485,99,1290,2425,0.39
2026-09-13T21:57:11Z,73,72,30,4496,99,1600,2060,0.36
2026-09-13T21:57:13Z,72,72,30,4496,100,1600,2424,0.36
2026-09-13T21:57:15Z,67,72,30,4485,100,1236,2425,0.33
2026-09-13T21:57:17Z,72,72,30,4485,99,1600,2308,0.33
2026-09-13T21:57:19Z,73,72,30,4485,99,1600,2425,0.33
2026-09-13T21:57:21Z,71,72,30,4485,99,1600,2424,0.39
2026-09-13T21:57:23Z,71,72,30,4485,99,1600,2424,0.39
2026-09-13T21:57:26Z,67,72,30,4485,99,1161,2424,0.35
2026-09-13T21:57:28Z,73,72,30,4464,99,1600,2424,0.35
2026-09-13T21:57:30Z,70,72,30,4496,100,1600,2424,0.35
2026-09-13T21:57:32Z,62,72,30,4485,0,200,2424,0.33
2026-09-13T21:57:34Z,60,70,30,4496,0,200,2424,0.33
2026-09-13T21:57:36Z,59,68,30,4496,0,200,2426,0.38
2026-09-13T21:57:38Z,57,67,30,4496,0,200,2424,0.38
2026-09-13T21:57:40Z,70,67,30,4185,100,1456,1702,0.38
2026-09-13T21:57:42Z,71,70,30,4148,100,1488,1702,0.43
2026-09-13T21:57:44Z,71,71,30,4166,99,1600,1400,0.43
2026-09-13T21:57:46Z,70,71,30,4148,99,1499,1702,0.48
2026-09-13T21:57:48Z,74,72,30,4166,99,1404,1399,0.48
2026-09-13T21:57:50Z,72,73,30,4148,100,1441,1702,0.52
2026-09-13T21:57:52Z,65,73,30,4310,100,1040,2424,0.52
2026-09-13T21:57:54Z,73,73,30,4290,99,1600,1702,0.52
2026-09-13T21:57:56Z,74,74,30,4380,100,1383,1702,0.48
2026-09-13T21:57:58Z,74,75,30,4518,99,1600,1400,0.48
2026-09-13T21:58:01Z,73,74,30,4711,100,1467,1702,0.60
2026-09-13T21:58:03Z,75,74,30,4783,99,1335,1702,0.60
2026-09-13T21:58:05Z,75,75,30,4844,100,1372,1399,0.60
2026-09-13T21:58:07Z,67,75,30,4870,25,1069,2425,0.55
2026-09-13T21:58:09Z,75,74,30,4844,99,1459,1400,0.55
2026-09-13T21:58:11Z,76,75,30,4832,100,1600,1702,0.51
2026-09-13T21:58:13Z,70,75,30,4832,99,1339,2424,0.51
2026-09-13T21:58:15Z,72,74,30,4832,99,1600,1702,0.51
2026-09-13T21:58:17Z,74,75,30,4832,99,1430,1702,0.55
2026-09-13T21:58:19Z,69,75,30,4844,99,1367,2424,0.55
2026-09-13T21:58:21Z,67,75,30,4832,99,1040,2424,0.58
2026-09-13T21:58:23Z,75,75,30,4870,99,1385,1702,0.58
2026-09-13T21:58:25Z,73,75,30,4870,100,1415,1400,0.54
2026-09-13T21:58:27Z,69,76,30,4870,100,1259,2425,0.54
2026-09-13T21:58:29Z,73,74,30,5026,100,1600,1702,0.54
2026-09-13T21:58:32Z,75,75,30,5040,99,1600,1702,0.49
2026-09-13T21:58:34Z,72,76,30,5000,100,1600,1702,0.49
2026-09-13T21:58:36Z,68,75,30,5040,100,1040,2424,0.45
2026-09-13T21:58:38Z,75,75,30,5026,100,1431,1702,0.45
2026-09-13T21:58:40Z,74,75,30,5040,100,1600,1702,0.45
2026-09-13T21:58:42Z,69,76,30,5026,70,1203,2424,0.42
2026-09-13T21:58:44Z,75,74,30,5040,99,1467,1702,0.42
2026-09-13T21:58:46Z,77,75,30,5040,99,1382,1399,0.38
2026-09-13T21:58:48Z,76,76,30,5026,99,1436,1702,0.38
2026-09-13T21:58:50Z,70,75,30,5040,99,1450,1740,0.38
2026-09-13T21:58:52Z,75,75,30,5040,99,1600,1702,0.35
2026-09-13T21:58:54Z,74,75,30,5026,100,1600,1702,0.35
2026-09-13T21:58:56Z,67,76,30,5040,99,1160,2424,0.32
2026-09-13T21:58:58Z,75,75,30,5067,99,1362,1702,0.32
2026-09-13T21:59:00Z,73,75,30,5040,100,1600,1399,0.30
2026-09-13T21:59:03Z,77,76,30,5040,100,1600,1702,0.30
2026-09-13T21:59:05Z,75,75,30,5026,99,1347,1399,0.30
2026-09-13T21:59:07Z,75,75,30,5026,99,1600,1702,0.27
2026-09-13T21:59:09Z,74,75,30,5026,100,1600,1702,0.27
2026-09-13T21:59:11Z,67,76,30,5067,99,1147,2424,0.33
2026-09-13T21:59:13Z,75,75,30,5040,99,1468,1702,0.33
2026-09-13T21:59:15Z,73,75,30,5026,100,1453,1702,0.33
2026-09-13T21:59:17Z,76,75,30,5040,99,1600,1702,0.31
2026-09-13T21:59:19Z,72,74,30,5040,99,1600,1702,0.31
2026-09-13T21:59:21Z,76,75,30,5026,99,1588,1702,0.28
2026-09-13T21:59:23Z,74,75,30,5067,100,1600,1702,0.28
2026-09-13T21:59:25Z,68,75,30,5067,99,1154,2424,0.26
2026-09-13T21:59:27Z,60,73,30,5067,0,200,2424,0.26
2026-09-13T21:59:29Z,58,71,30,5067,0,200,2424,0.26
2026-09-13T21:59:31Z,58,69,30,5067,0,200,2424,0.32
2026-09-13T21:59:34Z,67,67,30,4783,99,1600,2424,0.32
2026-09-13T21:59:36Z,67,68,30,4232,99,1600,2424,0.29
2026-09-13T21:59:38Z,64,68,30,4148,77,1182,2425,0.29
2026-09-13T21:59:40Z,67,67,30,4139,100,1600,2426,0.29
2026-09-13T21:59:42Z,69,69,30,4139,100,1600,2424,0.27
2026-09-13T21:59:44Z,66,69,30,4139,35,1175,2425,0.27
2026-09-13T21:59:46Z,69,68,30,4139,100,1600,1702,0.33
2026-09-13T21:59:48Z,70,69,30,4120,100,1600,2425,0.33
2026-09-13T21:59:50Z,66,70,30,4148,99,1170,2424,0.33
2026-09-13T21:59:52Z,70,70,30,4120,99,1600,2425,0.38
2026-09-13T21:59:54Z,70,70,30,4120,100,1600,2424,0.38
2026-09-13T21:59:56Z,65,70,30,4139,3,1040,2424,0.35
2026-09-13T21:59:58Z,71,70,30,4148,99,1600,2424,0.35
2026-09-13T22:00:00Z,69,71,30,4139,99,1600,2295,0.35
2026-09-13T22:00:02Z,66,71,30,4120,99,1106,2424,0.40
2026-09-13T22:00:04Z,70,71,30,4120,99,1600,2425,0.40
2026-09-13T22:00:06Z,70,71,30,4120,99,1600,2422,0.53
2026-09-13T22:00:08Z,65,71,30,4330,0,200,2424,0.53
2026-09-13T22:00:10Z,73,71,30,4310,99,1600,2424,0.49
2026-09-13T22:00:13Z,71,72,30,4280,100,1600,2408,0.49
2026-09-13T22:00:15Z,66,71,30,4310,99,1040,2425,0.49
2026-09-13T22:00:17Z,73,71,30,4310,100,1600,2425,0.45
2026-09-13T22:00:19Z,71,72,30,4310,99,1600,2424,0.45
2026-09-13T22:00:21Z,66,71,30,4280,99,1210,2426,0.57
2026-09-13T22:00:23Z,73,71,30,4310,100,1600,2424,0.57
2026-09-13T22:00:25Z,72,72,30,4310,99,1600,2424,0.57
2026-09-13T22:00:27Z,70,72,30,4310,99,1600,1702,0.53
2026-09-13T22:00:29Z,73,72,30,4310,99,1600,2424,0.53
2026-09-13T22:00:31Z,70,72,30,4310,100,1600,2335,0.56
2026-09-13T22:00:33Z,71,71,30,4310,99,1600,2424,0.56
2026-09-13T22:00:35Z,71,72,30,4290,100,1600,2426,0.56
2026-09-13T22:00:37Z,69,72,30,4290,99,1329,2424,0.52
2026-09-13T22:00:39Z,71,71,30,4310,100,1600,1753,0.52
2026-09-13T22:00:41Z,72,72,30,4310,100,1600,2416,0.56
2026-09-13T22:00:43Z,68,72,30,4310,88,1207,2425,0.56
2026-09-13T22:00:45Z,71,71,30,4320,100,1600,2214,0.59
2026-09-13T22:00:47Z,71,72,30,4310,100,1600,2254,0.59
2026-09-13T22:00:49Z,67,72,30,4330,99,1148,2426,0.59
2026-09-13T22:00:51Z,72,72,30,4340,100,1600,2296,0.55
2026-09-13T22:00:54Z,73,72,30,4330,100,1600,2425,0.55
2026-09-13T22:00:56Z,68,72,30,4360,99,1151,2424,0.58
2026-09-13T22:00:58Z,72,72,30,4360,99,1600,2399,0.58
2026-09-13T22:01:00Z,72,72,30,4360,100,1600,2316,0.58
2026-09-13T22:01:02Z,69,72,30,4360,100,1330,2424,0.54
2026-09-13T22:01:04Z,60,71,30,4360,0,200,2424,0.54
2026-09-13T22:01:06Z,59,69,30,4360,0,200,2423,0.57
2026-09-13T22:01:08Z,58,68,30,4340,0,200,2424,0.57
2026-09-13T22:01:10Z,69,66,30,4330,100,1600,1702,0.57
2026-09-13T22:01:12Z,72,70,30,4014,99,1407,1702,0.53
2026-09-13T22:01:14Z,72,72,30,3972,99,1600,1702,0.53
2026-09-13T22:01:16Z,72,73,30,3947,100,1600,1702,0.48
2026-09-13T22:01:18Z,70,73,30,4102,99,1600,2206,0.48
2026-09-13T22:01:20Z,73,74,30,4185,100,1600,1702,0.45
2026-09-13T22:01:22Z,74,74,30,4391,99,1600,1702,0.45
2026-09-13T22:01:24Z,74,73,30,4432,100,1600,1702,0.45
2026-09-13T22:01:26Z,75,74,30,4411,99,1351,1702,0.41
2026-09-13T22:01:29Z,76,75,30,4595,100,1554,1702,0.41
2026-09-13T22:01:31Z,75,75,30,4652,100,1361,1702,0.46
2026-09-13T22:01:33Z,78,76,30,4770,100,1600,2269,0.46
2026-09-13T22:01:35Z,71,76,30,4844,100,1600,1702,0.46
2026-09-13T22:01:37Z,70,76,30,4844,100,1600,1618,0.42
2026-09-13T22:01:39Z,74,75,30,4844,100,1545,1702,0.42
2026-09-13T22:01:41Z,75,75,30,4832,99,1430,1702,0.39
2026-09-13T22:01:43Z,74,76,30,4844,99,1558,1702,0.39
2026-09-13T22:01:45Z,76,76,30,4960,100,1600,1702,0.39
2026-09-13T22:01:47Z,72,76,30,4960,100,1600,1409,0.35
2026-09-13T22:01:49Z,75,76,30,4973,100,1600,1702,0.35
2026-09-13T22:01:51Z,74,76,30,5000,100,1600,2424,0.33
2026-09-13T22:01:53Z,75,75,30,4960,99,1344,1399,0.33
2026-09-13T22:01:55Z,75,75,30,5000,100,1600,1702,0.30
2026-09-13T22:01:58Z,77,76,30,4960,99,1543,1702,0.30
2026-09-13T22:02:00Z,77,76,30,5067,100,1600,1400,0.30
2026-09-13T22:02:02Z,74,76,30,5067,100,1600,2424,0.36
2026-09-13T22:02:04Z,75,76,30,5095,100,1600,1702,0.36
2026-09-13T22:02:06Z,74,76,30,5208,100,1382,1702,0.41
2026-09-13T22:02:08Z,74,76,30,5208,100,1364,1400,0.41
2026-09-13T22:02:10Z,76,75,30,5208,99,1429,1702,0.41
2026-09-13T22:02:12Z,76,76,30,5208,100,1351,1702,0.37
2026-09-13T22:02:14Z,72,76,30,5208,99,1600,1702,0.37
2026-09-13T22:02:16Z,76,76,30,5208,99,1354,1702,0.34
2026-09-13T22:02:18Z,72,76,30,5208,99,1600,1702,0.34
2026-09-13T22:02:20Z,74,76,30,5208,100,1600,1702,0.32
2026-09-13T22:02:22Z,73,75,30,5252,99,1395,1702,0.32
2026-09-13T22:02:24Z,75,75,30,5208,99,1331,1702,0.32
2026-09-13T22:02:27Z,76,75,30,5208,100,1378,1702,0.37
2026-09-13T22:02:29Z,75,76,30,5208,99,1474,1702,0.37
2026-09-13T22:02:31Z,72,76,30,5252,99,1600,2425,0.42
2026-09-13T22:02:33Z,77,76,30,5208,100,1464,1702,0.42
2026-09-13T22:02:35Z,76,76,30,5237,100,1600,2391,0.42
2026-09-13T22:02:37Z,74,75,30,5252,99,1357,1702,0.39
2026-09-13T22:02:39Z,74,75,30,5252,100,1395,1399,0.39
2026-09-13T22:02:41Z,77,76,30,5237,99,1349,1702,0.36
2026-09-13T22:02:43Z,76,76,30,5252,99,1600,1406,0.36
2026-09-13T22:02:45Z,75,76,30,5252,99,1600,1702,0.36
2026-09-13T22:02:47Z,72,76,30,5208,99,1600,1702,0.33
2026-09-13T22:02:49Z,76,76,30,5208,100,1600,1702,0.33
2026-09-13T22:02:51Z,75,75,30,5237,99,1354,1702,0.30
2026-09-13T22:02:53Z,73,75,30,5237,99,1600,1399,0.30
2026-09-13T22:02:56Z,75,75,30,5252,99,1412,1702,0.28
2026-09-13T22:02:58Z,72,76,30,5252,100,1600,2419,0.28
2026-09-13T22:03:00Z,74,76,30,5208,100,1600,1399,0.28
2026-09-13T22:03:02Z,72,76,30,5252,100,1600,1702,0.34
2026-09-13T22:03:04Z,74,76,30,5208,99,1600,1702,0.34
2026-09-13T22:03:06Z,72,75,30,5252,99,1504,1702,0.39
2026-09-13T22:03:08Z,75,75,30,5237,100,1489,1702,0.39
2026-09-13T22:03:10Z,75,76,30,5237,99,1406,1702,0.39
2026-09-13T22:03:12Z,76,76,30,5252,99,1600,1400,0.44
2026-09-13T22:03:14Z,74,76,30,5237,100,1600,2424,0.44
2026-09-13T22:03:16Z,74,76,30,5252,99,1400,1702,0.40
2026-09-13T22:03:18Z,75,76,30,5237,99,1600,1702,0.40
2026-09-13T22:03:20Z,72,75,30,5252,100,1600,1702,0.45
2026-09-13T22:03:22Z,76,75,30,5252,99,1472,1702,0.45
2026-09-13T22:03:25Z,76,75,30,5237,100,1600,1399,0.45
2026-09-13T22:03:27Z,75,76,30,5252,99,1600,2013,0.41
2026-09-13T22:03:29Z,76,76,30,5237,100,1600,2255,0.41
2026-09-13T22:03:31Z,74,76,30,5252,99,1479,1702,0.46
2026-09-13T22:03:33Z,76,76,30,5237,100,1600,1400,0.46
2026-09-13T22:03:35Z,73,75,30,5252,100,1600,1702,0.46
2026-09-13T22:03:37Z,75,75,30,5252,99,1458,1702,0.42
2026-09-13T22:03:39Z,74,76,30,5252,100,1600,1702,0.42
2026-09-13T22:03:41Z,74,76,30,5252,100,1600,1702,0.39
2026-09-13T22:03:43Z,75,76,30,5252,99,1600,2424,0.39
2026-09-13T22:03:45Z,74,76,30,5252,99,1600,1702,0.39
2026-09-13T22:03:47Z,75,76,30,5252,100,1600,1702,0.36
2026-09-13T22:03:49Z,73,75,30,5237,100,1600,1399,0.36
2026-09-13T22:03:51Z,76,75,30,5281,100,1494,1399,0.33
2026-09-13T22:03:54Z,74,75,30,5252,99,1506,1399,0.33
2026-09-13T22:03:56Z,76,76,30,5252,99,1401,1400,0.30
2026-09-13T22:03:58Z,76,76,30,5252,99,1600,1702,0.30
2026-09-13T22:04:00Z,71,76,30,5252,100,1600,1702,0.30
2026-09-13T22:04:02Z,77,76,30,5237,99,1600,1399,0.36
2026-09-13T22:04:04Z,75,75,30,5252,99,1600,1702,0.36
2026-09-13T22:04:06Z,75,75,30,5252,100,1376,1702,0.33
2026-09-13T22:04:08Z,73,76,30,5237,99,1600,1702,0.33
2026-09-13T22:04:10Z,72,76,30,5252,99,1600,2424,0.33
2026-09-13T22:04:12Z,75,76,30,5237,100,1600,1702,0.30
2026-09-13T22:04:14Z,71,76,30,5252,99,1600,1584,0.30
2026-09-13T22:04:16Z,74,76,30,5237,100,1600,1702,0.28
2026-09-13T22:04:18Z,75,75,30,5252,100,1600,1574,0.28
2026-09-13T22:04:20Z,75,75,30,5252,100,1398,1702,0.34
2026-09-13T22:04:22Z,74,75,30,5252,100,1600,1702,0.34
2026-09-13T22:04:25Z,76,76,30,5237,100,1600,2424,0.34
2026-09-13T22:04:27Z,76,76,30,5237,99,1417,1702,0.39
2026-09-13T22:04:29Z,72,76,30,5237,99,1600,2424,0.39
2026-09-13T22:04:31Z,73,76,30,5252,100,1469,1702,0.44
2026-09-13T22:04:33Z,71,75,30,5281,99,1600,1702,0.44
2026-09-13T22:04:35Z,74,75,30,5237,100,1380,1702,0.44
2026-09-13T22:04:37Z,73,75,30,5281,99,1546,1702,0.40
2026-09-13T22:04:39Z,75,76,30,5237,99,1421,1702,0.40
2026-09-13T22:04:41Z,74,76,30,5252,99,1600,1702,0.45
2026-09-13T22:04:43Z,77,76,30,5252,99,1600,2424,0.45
2026-09-13T22:04:45Z,70,76,30,5237,99,1600,2392,0.45
2026-09-13T22:04:47Z,63,75,30,5252,0,200,2425,0.50
2026-09-13T22:04:49Z,59,72,30,5252,0,200,2424,0.50
2026-09-13T22:04:51Z,58,70,30,5252,0,200,2425,0.54
2026-09-13T22:04:53Z,57,68,30,5237,0,200,2424,0.54
2026-09-13T22:04:55Z,68,67,30,4934,99,1600,2424,0.49
2026-09-13T22:04:58Z,68,68,30,4251,100,1600,2426,0.49
2026-09-13T22:05:00Z,67,68,30,4261,100,1600,2425,0.49
2026-09-13T22:05:02Z,68,68,30,4261,99,1600,2343,0.45
2026-09-13T22:05:04Z,66,68,30,4261,55,1593,2424,0.45
2026-09-13T22:05:06Z,67,68,30,4261,99,1283,2425,0.42
2026-09-13T22:05:08Z,69,68,30,4261,99,1600,2411,0.42
2026-09-13T22:05:10Z,69,69,30,4232,100,1600,2424,0.42
2026-09-13T22:05:12Z,71,70,30,4251,99,1600,2424,0.46
2026-09-13T22:05:14Z,69,70,30,4261,99,1600,2424,0.46
2026-09-13T22:05:16Z,69,70,30,4261,100,1600,2424,0.43
2026-09-13T22:05:18Z,70,70,30,4232,100,1426,2424,0.43
2026-09-13T22:05:20Z,72,70,30,4261,99,1600,2424,0.43
2026-09-13T22:05:22Z,72,71,30,4261,100,1600,2424,0.47
2026-09-13T22:05:24Z,71,71,30,4232,99,1600,2425,0.47
2026-09-13T22:05:26Z,69,71,30,4242,100,1600,2426,0.43
2026-09-13T22:05:28Z,69,71,30,4232,100,1600,2424,0.43
2026-09-13T22:05:30Z,68,71,30,4290,100,200,2424,0.56
2026-09-13T22:05:32Z,71,71,30,4411,100,1600,2424,0.56
2026-09-13T22:05:34Z,71,72,30,4432,100,1600,2425,0.56
2026-09-13T22:05:36Z,71,72,30,4411,99,1600,2424,0.60
2026-09-13T22:05:39Z,69,72,30,4411,100,1600,2424,0.60
2026-09-13T22:05:41Z,70,72,30,4411,100,1600,2425,0.55
2026-09-13T22:05:43Z,70,71,30,4411,99,1441,2424,0.55
2026-09-13T22:05:45Z,72,71,30,4411,99,1600,2424,0.55
2026-09-13T22:05:47Z,72,72,30,4411,100,1600,2425,0.50
2026-09-13T22:05:49Z,72,72,30,4411,99,1600,2424,0.50
2026-09-13T22:05:51Z,72,72,30,4411,100,1600,2424,0.54
2026-09-13T22:05:53Z,71,72,30,4411,99,1600,2424,0.54
2026-09-13T22:05:55Z,69,72,30,4411,99,1600,2424,0.54
2026-09-13T22:05:57Z,71,71,30,4411,100,1600,2367,0.50
2026-09-13T22:05:59Z,71,72,30,4411,100,1600,2425,0.50
2026-09-13T22:06:01Z,72,72,30,4391,99,1600,2424,0.54
2026-09-13T22:06:03Z,72,72,30,4411,99,1600,2424,0.54
2026-09-13T22:06:05Z,72,72,30,4411,100,1600,2424,0.54
2026-09-13T22:06:07Z,70,72,30,4411,100,1600,2424,0.50
2026-09-13T22:06:09Z,71,71,30,4380,100,1600,2424,0.50
2026-09-13T22:06:11Z,71,72,30,4411,100,1600,2424,0.46
2026-09-13T22:06:13Z,71,72,30,4411,100,1600,2425,0.46
2026-09-13T22:06:15Z,72,72,30,4443,99,1600,2424,0.42
2026-09-13T22:06:17Z,71,72,30,4432,99,1600,2424,0.42
2026-09-13T22:06:19Z,71,72,30,4443,99,1600,2424,0.42
2026-09-13T22:06:22Z,71,71,30,4464,100,1600,2424,0.39
2026-09-13T22:06:24Z,72,72,30,4443,100,1600,2424,0.39
2026-09-13T22:06:26Z,72,72,30,4443,99,1600,2424,0.35
2026-09-13T22:06:28Z,70,72,30,4443,99,1600,2395,0.35
2026-09-13T22:06:30Z,72,72,30,4464,99,1600,2425,0.35
2026-09-13T22:06:32Z,72,72,30,4443,99,1600,2425,0.33
2026-09-13T22:06:34Z,71,71,30,4464,100,1600,2425,0.33
2026-09-13T22:06:36Z,73,72,30,4432,100,1600,2424,0.30
2026-09-13T22:06:38Z,73,72,30,4443,100,1600,2425,0.30
2026-09-13T22:06:40Z,71,72,30,4432,100,1600,2424,0.30
2026-09-13T22:06:42Z,70,72,30,4443,100,1600,2424,0.36
2026-09-13T22:06:44Z,72,72,30,4432,100,1600,2424,0.36
2026-09-13T22:06:46Z,73,72,30,4464,100,1600,2390,0.33
2026-09-13T22:06:48Z,72,72,30,4464,100,1600,2424,0.33
2026-09-13T22:06:50Z,71,72,30,4432,100,1600,2424,0.33
2026-09-13T22:06:52Z,71,72,30,4464,100,1600,2424,0.30
2026-09-13T22:06:54Z,72,72,30,4443,100,1600,2379,0.30
2026-09-13T22:06:56Z,70,72,30,4443,99,1600,2424,0.52
2026-09-13T22:06:58Z,72,71,30,4464,99,1600,2424,0.52
2026-09-13T22:07:00Z,74,72,30,4464,99,1600,2424,0.48
2026-09-13T22:07:03Z,71,72,30,4443,100,1600,2424,0.48
2026-09-13T22:07:05Z,71,72,30,4443,99,1600,2388,0.48
2026-09-13T22:07:07Z,70,72,30,4464,100,1600,2426,0.44
2026-09-13T22:07:09Z,71,72,30,4443,100,1600,2422,0.44
2026-09-13T22:07:11Z,72,71,30,4464,99,1600,2424,0.40
2026-09-13T22:07:13Z,72,72,30,4464,100,1600,2424,0.40
2026-09-13T22:07:15Z,72,72,30,4464,100,1600,2425,0.40
2026-09-13T22:07:17Z,69,72,30,4443,100,1600,2392,0.37
2026-09-13T22:07:19Z,71,72,30,4432,100,1600,2424,0.37
2026-09-13T22:07:21Z,72,72,30,4432,99,1600,2424,0.34
2026-09-13T22:07:23Z,72,72,30,4432,100,1600,2424,0.34
2026-09-13T22:07:25Z,73,72,30,4464,100,1600,2323,0.34
2026-09-13T22:07:27Z,73,72,30,4464,99,1600,2374,0.31
2026-09-13T22:07:29Z,70,72,30,4464,100,1600,2425,0.31
2026-09-13T22:07:31Z,69,72,30,4432,100,1600,2425,0.37
2026-09-13T22:07:33Z,72,72,30,4464,100,1600,1702,0.37
2026-09-13T22:07:35Z,72,71,30,4464,100,1600,1702,0.42
2026-09-13T22:07:37Z,72,72,30,4539,99,1600,2425,0.42
2026-09-13T22:07:39Z,72,73,30,4573,99,1600,2425,0.42
2026-09-13T22:07:41Z,70,72,31,4606,99,1600,2425,0.39
2026-09-13T22:07:44Z,70,72,30,4606,100,1600,2424,0.39
2026-09-13T22:07:46Z,71,72,30,4573,100,1600,2424,0.35
2026-09-13T22:07:48Z,73,71,30,4606,99,1600,1399,0.35
2026-09-13T22:07:50Z,71,72,30,4573,100,1600,2424,0.35
2026-09-13T22:07:52Z,71,72,31,4595,100,1600,2425,0.41
2026-09-13T22:07:54Z,70,72,30,4595,99,1600,2424,0.41
2026-09-13T22:07:56Z,70,72,31,4595,100,1600,2425,0.37
2026-09-13T22:07:58Z,71,72,31,4606,100,1600,2424,0.37
2026-09-13T22:08:00Z,60,70,31,4606,0,200,2424,0.37
2026-09-13T22:08:02Z,58,69,30,4595,0,200,2424,0.34
2026-09-13T22:08:04Z,58,67,31,4595,0,200,2424,0.34
2026-09-13T22:08:06Z,64,66,31,4606,100,1271,2424,0.40
2026-09-13T22:08:08Z,71,69,31,4166,99,1600,1702,0.40
2026-09-13T22:08:10Z,69,71,30,4076,99,1600,1702,0.40
2026-09-13T22:08:12Z,71,72,30,4076,100,1600,1702,0.36
2026-09-13T22:08:14Z,71,73,31,4175,99,1600,2424,0.36
2026-09-13T22:08:16Z,73,73,31,4242,100,1573,2424,0.41
2026-09-13T22:08:18Z,69,74,31,4411,99,1600,2424,0.41
2026-09-13T22:08:21Z,67,73,31,4485,100,1195,2425,0.38
2026-09-13T22:08:23Z,75,73,31,4496,100,1600,1702,0.38
2026-09-13T22:08:25Z,74,74,31,4573,100,1600,1702,0.38
2026-09-13T22:08:27Z,71,75,31,4807,99,1600,1702,0.35
2026-09-13T22:08:29Z,76,75,31,4973,100,1600,1702,0.35
2026-09-13T22:08:31Z,76,75,31,5000,99,1600,1702,0.40
2026-09-13T22:08:33Z,75,75,31,5026,99,1356,1702,0.40
2026-09-13T22:08:35Z,69,75,31,5040,92,1356,2424,0.40
2026-09-13T22:08:37Z,75,74,31,5026,100,1411,1702,0.37
2026-09-13T22:08:39Z,75,75,31,5026,99,1469,1399,0.37
2026-09-13T22:08:41Z,74,75,31,5040,100,1600,1702,0.34
2026-09-13T22:08:43Z,77,76,31,5067,99,1338,1702,0.34
2026-09-13T22:08:45Z,76,76,31,5026,99,1600,1702,0.47
2026-09-13T22:08:47Z,71,76,31,5026,99,1600,2424,0.47
2026-09-13T22:08:49Z,71,76,31,5040,100,1600,2425,0.47
2026-09-13T22:08:52Z,69,75,31,5026,100,1402,2424,0.44
2026-09-13T22:08:54Z,75,75,31,5026,99,1405,1702,0.44
2026-09-13T22:08:56Z,75,75,31,5067,100,1600,1702,0.48
2026-09-13T22:08:58Z,74,76,31,5040,100,1600,1489,0.48
2026-09-13T22:09:00Z,77,76,31,5208,99,1600,1702,0.48
2026-09-13T22:09:02Z,74,76,31,5252,99,1600,1399,0.44
2026-09-13T22:09:04Z,74,76,31,5208,100,1600,2424,0.44
2026-09-13T22:09:06Z,68,75,31,5208,0,1166,2425,0.49
2026-09-13T22:09:08Z,75,75,31,5252,99,1462,1400,0.49
2026-09-13T22:09:10Z,72,75,31,5208,100,1439,1702,0.49
2026-09-13T22:09:12Z,76,76,31,5208,100,1600,1702,0.53
2026-09-13T22:09:14Z,76,76,31,5208,99,1600,1702,0.53
2026-09-13T22:09:16Z,76,76,31,5252,99,1468,1702,0.49
2026-09-13T22:09:18Z,74,76,31,5208,100,1600,1702,0.49
2026-09-13T22:09:20Z,67,75,31,5208,99,1040,2425,0.53
2026-09-13T22:09:23Z,76,74,31,5252,99,1600,1702,0.53
2026-09-13T22:09:25Z,74,75,31,5237,100,1600,1702,0.53
2026-09-13T22:09:27Z,75,75,31,5252,100,1600,1702,0.49
2026-09-13T22:09:29Z,72,75,31,5208,100,1600,1702,0.49
2026-09-13T22:09:31Z,76,76,31,5252,100,1527,1702,0.45
2026-09-13T22:09:33Z,74,76,31,5208,99,1600,1702,0.45
2026-09-13T22:09:35Z,76,75,31,5252,99,1600,2425,0.45
2026-09-13T22:09:37Z,72,74,31,5252,99,1600,1702,0.41
2026-09-13T22:09:39Z,75,75,31,5252,100,1391,1702,0.41
2026-09-13T22:09:41Z,76,75,31,5252,100,1600,1399,0.38
2026-09-13T22:09:43Z,77,76,30,5252,99,1600,2412,0.38
2026-09-13T22:09:45Z,75,76,31,5237,100,1600,1702,0.38
2026-09-13T22:09:47Z,73,76,31,5237,100,1600,2424,0.35
2026-09-13T22:09:49Z,71,75,30,5237,100,1600,1702,0.35
2026-09-13T22:09:51Z,67,75,31,5252,99,1040,2425,0.40
2026-09-13T22:09:54Z,76,74,31,5237,99,1344,1702,0.40
2026-09-13T22:09:56Z,76,75,31,5237,99,1600,1702,0.37
2026-09-13T22:09:58Z,75,75,31,5281,99,1600,1702,0.37
2026-09-13T22:10:00Z,74,76,31,5252,100,1600,1702,0.37
2026-09-13T22:10:02Z,71,76,31,5237,99,1600,1702,0.34
2026-09-13T22:10:04Z,71,76,31,5237,100,1600,1928,0.34
2026-09-13T22:10:06Z,68,75,30,5237,99,1248,2424,0.39
2026-09-13T22:10:08Z,75,74,31,5237,99,1467,1702,0.39
2026-09-13T22:10:10Z,74,75,31,5237,99,1600,1399,0.39
2026-09-13T22:10:12Z,74,75,31,5237,99,1600,1702,0.36
2026-09-13T22:10:14Z,74,76,31,5252,99,1600,1702,0.36
2026-09-13T22:10:16Z,76,76,31,5237,99,1600,1702,0.33
2026-09-13T22:10:18Z,74,75,31,5252,100,1600,1399,0.33
2026-09-13T22:10:20Z,75,75,31,5237,100,1600,2210,0.30
2026-09-13T22:10:23Z,74,74,31,5252,100,1390,1399,0.30
2026-09-13T22:10:25Z,75,75,31,5237,99,1359,1702,0.30
2026-09-13T22:10:27Z,74,75,31,5281,100,1563,1399,0.28
2026-09-13T22:10:29Z,76,76,31,5237,99,1600,1702,0.28
2026-09-13T22:10:31Z,72,76,31,5237,99,1600,1702,0.26
2026-09-13T22:10:33Z,75,76,31,5237,99,1365,1399,0.26
2026-09-13T22:10:35Z,72,75,31,5237,99,1600,2424,0.26
2026-09-13T22:10:37Z,68,74,31,5281,99,1040,2425,0.24
2026-09-13T22:10:39Z,75,75,31,5252,99,1453,1702,0.24
2026-09-13T22:10:41Z,75,75,31,5237,99,1383,1702,0.22
2026-09-13T22:10:43Z,76,76,31,5252,99,1444,1702,0.22
2026-09-13T22:10:45Z,75,76,31,5252,99,1360,1702,0.22
2026-09-13T22:10:47Z,71,76,31,5281,99,1600,2426,0.28
2026-09-13T22:10:49Z,76,75,31,5237,99,1600,2424,0.28
2026-09-13T22:10:51Z,68,75,31,5252,15,1221,2424,0.26
2026-09-13T22:10:54Z,73,74,31,5237,99,1429,1702,0.26
2026-09-13T22:10:56Z,75,75,31,5252,100,1405,1702,0.32
2026-09-13T22:10:58Z,73,75,31,5252,99,1600,1399,0.32
2026-09-13T22:11:00Z,72,75,31,5237,99,1600,1702,0.32
2026-09-13T22:11:02Z,70,76,31,5281,99,1600,1702,0.37
2026-09-13T22:11:04Z,70,75,31,5252,100,1600,1702,0.37
2026-09-13T22:11:06Z,70,75,31,5252,99,1376,2425,0.34
2026-09-13T22:11:08Z,74,74,31,5252,100,1389,1702,0.34
2026-09-13T22:11:10Z,76,75,31,5252,99,1600,1702,0.34
2026-09-13T22:11:12Z,76,75,31,5237,99,1600,1702,0.31
2026-09-13T22:11:14Z,71,75,31,5252,99,1600,1702,0.31
2026-09-13T22:11:16Z,76,76,31,5237,99,1343,1399,0.37
2026-09-13T22:11:18Z,75,75,31,5237,99,1600,2205,0.37
2026-09-13T22:11:20Z,72,75,31,5281,100,1600,2424,0.34
2026-09-13T22:11:22Z,69,74,31,5237,100,1363,2424,0.34
2026-09-13T22:11:25Z,74,74,31,5252,100,1600,1702,0.34
2026-09-13T22:11:27Z,75,75,31,5252,100,1600,1702,0.31
2026-09-13T22:11:29Z,75,75,31,5252,99,1600,1915,0.31
2026-09-13T22:11:31Z,76,76,31,5252,99,1354,1702,0.29
2026-09-13T22:11:33Z,72,76,31,5237,99,1600,1491,0.29
2026-09-13T22:11:35Z,73,75,31,5252,99,1600,2424,0.29
2026-09-13T22:11:37Z,67,75,31,5252,100,1207,2424,0.26
2026-09-13T22:11:39Z,73,74,31,5237,100,1380,1702,0.26
2026-09-13T22:11:41Z,74,75,31,5252,99,1381,1702,0.24
2026-09-13T22:11:43Z,74,75,31,5237,99,1600,1702,0.24
2026-09-13T22:11:45Z,76,75,31,5237,100,1600,2425,0.24
2026-09-13T22:11:47Z,74,76,31,5252,99,1600,1702,0.46
2026-09-13T22:11:49Z,75,75,31,5252,99,1600,1702,0.46
2026-09-13T22:11:51Z,69,75,31,5237,99,200,2424,0.43
2026-09-13T22:11:53Z,60,74,31,5281,0,200,2425,0.43
2026-09-13T22:11:56Z,59,71,31,5281,49,200,2424,0.47
2026-09-13T22:11:58Z,57,69,31,5237,0,200,2424,0.47
2026-09-13T22:12:00Z,59,68,31,4870,99,1040,2424,0.47
2026-09-13T22:12:02Z,68,67,31,4807,100,1600,2424,0.43
2026-09-13T22:12:04Z,67,67,31,4290,100,1600,2424,0.43
2026-09-13T22:12:06Z,67,68,31,4290,100,1600,2424,0.40
2026-09-13T22:12:08Z,66,68,31,4261,100,1600,2424,0.40
2026-09-13T22:12:10Z,69,68,31,4261,99,1600,2426,0.40
2026-09-13T22:12:12Z,64,68,31,4261,100,1054,2425,0.37
2026-09-13T22:12:14Z,70,68,31,4261,99,1600,2424,0.37
2026-09-13T22:12:16Z,70,69,31,4242,100,1600,2424,0.34
2026-09-13T22:12:18Z,69,70,31,4261,100,1600,2424,0.34
2026-09-13T22:12:20Z,70,70,31,4261,100,1600,2424,0.34
2026-09-13T22:12:22Z,69,70,31,4261,99,1600,2424,0.31
2026-09-13T22:12:24Z,67,70,31,4261,99,1323,2424,0.31
2026-09-13T22:12:26Z,71,69,31,4242,99,1600,2424,0.28
2026-09-13T22:12:28Z,70,71,31,4261,100,1600,2096,0.28
2026-09-13T22:12:30Z,71,71,31,4232,99,1600,2426,0.28
2026-09-13T22:12:32Z,70,71,31,4232,100,1600,2424,0.50
2026-09-13T22:12:34Z,70,71,31,4232,100,1600,2425,0.50
2026-09-13T22:12:37Z,71,71,31,4242,100,1600,2424,0.46
2026-09-13T22:12:39Z,66,71,31,4232,100,1271,2424,0.46
2026-09-13T22:12:41Z,72,71,31,4232,99,1600,2425,0.51
2026-09-13T22:12:43Z,72,72,31,4232,99,1600,2425,0.51
2026-09-13T22:12:45Z,70,72,31,4360,99,1600,2371,0.51
2026-09-13T22:12:47Z,70,72,31,4380,99,1600,2424,0.46
2026-09-13T22:12:49Z,69,71,31,4360,8,1598,2424,0.46
2026-09-13T22:12:51Z,66,71,31,4360,99,1174,2424,0.43
2026-09-13T22:12:53Z,71,71,31,4360,100,1600,1702,0.43
2026-09-13T22:12:55Z,73,72,31,4360,99,1600,2424,0.43
2026-09-13T22:12:57Z,71,72,31,4330,100,1600,1702,0.39
2026-09-13T22:12:59Z,71,72,31,4360,100,1600,2424,0.39
2026-09-13T22:13:01Z,69,72,31,4360,99,1600,2284,0.44
2026-09-13T22:13:03Z,68,71,31,4360,99,1314,2424,0.44
2026-09-13T22:13:05Z,72,71,31,4330,100,1600,2424,0.44
2026-09-13T22:13:07Z,71,72,31,4330,99,1600,2425,0.41
2026-09-13T22:13:09Z,71,72,31,4360,100,1600,2424,0.41
2026-09-13T22:13:11Z,71,72,31,4360,100,1600,2414,0.37
2026-09-13T22:13:13Z,72,72,31,4330,99,1600,1702,0.37
2026-09-13T22:13:15Z,69,72,31,4360,99,1600,2283,0.34
2026-09-13T22:13:18Z,70,71,31,4360,100,1600,2424,0.34
2026-09-13T22:13:20Z,73,72,31,4360,100,1600,2196,0.34
2026-09-13T22:13:22Z,71,72,31,4360,100,1600,2424,0.31
2026-09-13T22:13:24Z,70,72,31,4360,99,1600,1908,0.31
2026-09-13T22:13:26Z,71,72,31,4360,100,1600,2424,0.29
2026-09-13T22:13:28Z,71,72,31,4464,99,1600,2424,0.29
2026-09-13T22:13:30Z,65,71,31,4496,99,1040,2424,0.29
2026-09-13T22:13:32Z,72,72,31,4496,99,1600,2425,0.35
2026-09-13T22:13:34Z,70,72,31,4485,99,1600,2424,0.35
2026-09-13T22:13:36Z,73,72,31,4496,99,1600,2424,0.32
2026-09-13T22:13:38Z,71,72,31,4496,100,1600,2424,0.32
2026-09-13T22:13:40Z,69,72,31,4485,99,1600,2407,0.32
2026-09-13T22:13:42Z,67,72,31,4485,100,1198,2425,0.29
2026-09-13T22:13:44Z,71,71,31,4485,100,1600,2424,0.29
2026-09-13T22:13:46Z,72,72,31,4485,100,1600,2424,0.35
2026-09-13T22:13:48Z,71,72,31,4485,100,1600,2424,0.35
2026-09-13T22:13:50Z,71,72,31,4496,99,1600,2424,0.35
2026-09-13T22:13:52Z,70,72,31,4496,100,1600,2424,0.40
2026-09-13T22:13:54Z,69,72,31,4518,48,1367,2425,0.40
2026-09-13T22:13:56Z,72,71,31,4485,100,1600,2424,0.37
2026-09-13T22:13:59Z,73,72,31,4485,99,1600,1702,0.37
2026-09-13T22:14:01Z,72,72,31,4485,99,1600,2424,0.34
2026-09-13T22:14:03Z,73,72,31,4518,99,1600,2424,0.34
2026-09-13T22:14:05Z,71,72,31,4496,99,1600,2424,0.34
2026-09-13T22:14:07Z,71,72,31,4485,99,1600,1702,0.31
2026-09-13T22:14:09Z,66,71,31,4518,100,1151,2424,0.31
2026-09-13T22:14:11Z,72,72,31,4485,100,1600,2424,0.29
2026-09-13T22:14:13Z,73,72,31,4485,99,1600,2424,0.29
2026-09-13T22:14:15Z,70,72,31,4496,99,1600,2424,0.29
2026-09-13T22:14:17Z,70,72,31,4496,100,1600,2362,0.34
2026-09-13T22:14:19Z,70,72,31,4496,100,1600,2424,0.34
2026-09-13T22:14:21Z,67,71,31,4496,100,1153,2424,0.32
2026-09-13T22:14:23Z,73,71,31,4518,100,1600,2424,0.32
2026-09-13T22:14:25Z,71,72,31,4485,100,1600,2425,0.32
2026-09-13T22:14:27Z,72,72,31,4496,99,1600,2425,0.29
2026-09-13T22:14:29Z,71,72,31,4496,100,1600,2425,0.29
2026-09-13T22:14:31Z,70,72,31,4518,99,1600,2425,0.27
2026-09-13T22:14:33Z,68,72,31,4496,100,1290,2424,0.27
2026-09-13T22:14:35Z,71,71,31,4496,100,1600,2425,0.25
2026-09-13T22:14:37Z,73,72,31,4496,99,1600,2424,0.25
2026-09-13T22:14:40Z,72,72,31,4485,100,1600,1929,0.25
2026-09-13T22:14:42Z,70,72,31,4518,99,1600,2137,0.31
2026-09-13T22:14:44Z,71,72,31,4518,99,1600,2426,0.31
2026-09-13T22:14:46Z,71,72,31,4485,100,1600,2424,0.28
2026-09-13T22:14:48Z,70,71,31,4496,100,1600,1702,0.28
2026-09-13T22:14:50Z,73,72,31,4496,100,1600,2424,0.28
2026-09-13T22:14:52Z,71,72,31,4496,100,1600,2424,0.26
2026-09-13T22:14:54Z,72,72,31,4518,99,1600,2424,0.26
2026-09-13T22:14:56Z,71,72,31,4518,99,1600,2424,0.24
2026-09-13T22:14:58Z,69,72,31,4496,100,1600,2424,0.24
2026-09-13T22:15:00Z,64,71,31,4485,0,1040,2426,0.24
2026-09-13T22:15:02Z,73,72,31,4518,99,1600,2424,0.22
2026-09-13T22:15:04Z,73,72,31,4485,99,1600,2424,0.22
2026-09-13T22:15:06Z,71,72,31,4518,100,1600,2425,0.28
2026-09-13T22:15:08Z,72,72,31,4496,100,1600,2412,0.28
2026-09-13T22:15:10Z,70,72,31,4518,100,1600,2425,0.28
2026-09-13T22:15:12Z,69,72,31,4485,100,1352,2424,0.34
2026-09-13T22:15:14Z,60,71,31,4518,0,200,2428,0.34
2026-09-13T22:15:16Z,58,69,31,4518,0,200,2424,0.47
2026-09-13T22:15:18Z,58,68,31,4485,19,1040,2425,0.47
2026-09-13T22:15:21Z,58,66,31,4464,13,200,2424,0.52
2026-09-13T22:15:23Z,56,65,31,4464,15,1040,2424,0.52
2026-09-13T22:15:25Z,55,63,31,4380,0,200,2424,0.52
2026-09-13T22:15:27Z,55,62,31,3676,0,200,2424,0.55
2026-09-13T22:15:29Z,67,61,31,3654,99,1332,2424,0.55
2026-09-13T22:15:31Z,69,68,31,3289,100,1377,1399,0.51
2026-09-13T22:15:33Z,71,70,31,3295,99,1391,1702,0.51
2026-09-13T22:15:35Z,72,71,31,3440,100,1384,1702,0.51
2026-09-13T22:15:37Z,74,72,31,3712,99,1377,1702,0.55
2026-09-13T22:15:39Z,76,73,31,3964,99,1386,1702,0.55
2026-09-13T22:15:41Z,77,74,31,4058,100,1390,1702,0.50
2026-09-13T22:15:43Z,74,75,31,4350,99,1316,2424,0.50
2026-09-13T22:15:45Z,72,74,31,4453,99,1412,1702,0.50
2026-09-13T22:15:47Z,75,73,31,4573,99,1409,1400,0.46
2026-09-13T22:15:49Z,72,75,31,4573,99,1484,1702,0.46
2026-09-13T22:15:52Z,71,75,31,4664,99,1598,1702,0.43
2026-09-13T22:15:54Z,75,76,31,4807,100,1600,2424,0.43
2026-09-13T22:15:56Z,76,76,31,4832,99,1427,1400,0.39
2026-09-13T22:15:58Z,77,76,31,4844,99,1372,1702,0.39
2026-09-13T22:16:00Z,76,76,31,4960,100,1369,1702,0.39
2026-09-13T22:16:02Z,76,76,31,5040,100,1342,1400,0.36
2026-09-13T22:16:04Z,74,76,31,5000,100,1358,1702,0.36
2026-09-13T22:16:06Z,76,75,31,5000,100,1600,1399,0.33
2026-09-13T22:16:08Z,76,76,31,5026,99,1600,1702,0.33
2026-09-13T22:16:10Z,77,76,31,5026,100,1487,1702,0.33
2026-09-13T22:16:12Z,75,77,31,5208,99,1338,1702,0.30
2026-09-13T22:16:14Z,76,77,31,5208,99,1378,1702,0.30
2026-09-13T22:16:16Z,76,77,31,5208,100,1384,1702,0.28
2026-09-13T22:16:18Z,76,77,31,5208,99,1399,1702,0.28
2026-09-13T22:16:21Z,72,77,31,5208,100,1328,1702,0.26
2026-09-13T22:16:23Z,73,76,31,5222,99,1349,1702,0.26
2026-09-13T22:16:25Z,76,76,31,5252,99,1369,1399,0.26
2026-09-13T22:16:27Z,76,76,31,5237,100,1398,1702,0.24
2026-09-13T22:16:29Z,76,77,31,5237,99,1404,1400,0.24
2026-09-13T22:16:31Z,73,77,31,5237,100,1454,1702,0.30
2026-09-13T22:16:33Z,72,77,31,5237,100,1600,1702,0.30
2026-09-13T22:16:35Z,74,77,31,5281,99,1598,1702,0.30
2026-09-13T22:16:37Z,76,77,31,5252,99,1403,1702,0.27
2026-09-13T22:16:39Z,74,77,31,5281,99,1347,1702,0.27
2026-09-13T22:16:41Z,66,76,31,5252,0,200,2427,0.41
2026-09-13T22:16:43Z,72,76,31,5281,99,1600,1702,0.41
2026-09-13T22:16:45Z,73,76,31,5281,99,1600,1702,0.41
2026-09-13T22:16:47Z,72,77,31,5281,100,1595,1702,0.38
2026-09-13T22:16:50Z,76,77,31,5281,99,1444,1399,0.38
2026-09-13T22:16:52Z,77,77,31,5281,99,1373,1702,0.35
2026-09-13T22:16:54Z,76,77,31,5281,100,1366,1702,0.35
2026-09-13T22:16:56Z,76,77,31,5237,99,1374,1702,0.32
2026-09-13T22:16:58Z,74,76,31,5281,100,1373,1399,0.32
2026-09-13T22:17:00Z,69,76,31,5281,100,1068,2424,0.32
2026-09-13T22:17:02Z,77,76,31,5281,100,1372,1702,0.29
2026-09-13T22:17:04Z,76,76,31,5281,99,1391,1702,0.29
2026-09-13T22:17:06Z,76,77,31,5281,99,1420,1702,0.27
2026-09-13T22:17:08Z,76,76,31,5326,100,1432,1399,0.27
2026-09-13T22:17:10Z,75,77,31,5266,100,1600,1702,0.27
2026-09-13T22:17:12Z,76,77,31,5281,99,1596,1702,0.25
2026-09-13T22:17:14Z,75,77,31,5281,99,1329,2424,0.25
2026-09-13T22:17:16Z,73,76,31,5281,99,1418,1702,0.23
2026-09-13T22:17:18Z,75,76,31,5311,99,1600,1471,0.23
2026-09-13T22:17:21Z,76,76,31,5281,100,1428,1702,0.21
2026-09-13T22:17:23Z,74,76,31,5281,100,1600,1702,0.21
2026-09-13T22:17:25Z,76,77,31,5281,100,1597,1400,0.21
2026-09-13T22:17:27Z,76,77,31,5281,99,1364,1702,0.19
2026-09-13T22:17:29Z,77,77,31,5281,99,1378,1702,0.19
2026-09-13T22:17:31Z,76,77,31,5311,99,1349,1702,0.18
2026-09-13T22:17:33Z,76,77,31,5281,100,1350,2425,0.18
2026-09-13T22:17:35Z,74,76,31,5281,100,1333,1399,0.18
2026-09-13T22:17:37Z,75,75,31,5281,99,1384,1702,0.24
2026-09-13T22:17:39Z,75,76,31,5281,100,1391,1702,0.24
2026-09-13T22:17:41Z,75,76,31,5326,100,1375,1702,0.22
2026-09-13T22:17:43Z,76,76,31,5281,100,1369,2424,0.22
2026-09-13T22:17:45Z,74,76,31,5281,100,1333,1702,0.53
2026-09-13T22:17:47Z,75,77,31,5326,100,1374,1702,0.53
2026-09-13T22:17:50Z,72,77,31,5281,99,1406,1702,0.53
2026-09-13T22:17:52Z,74,77,31,5266,99,1390,1401,0.48
2026-09-13T22:17:54Z,73,76,31,5281,99,1344,1399,0.48
2026-09-13T22:17:56Z,77,76,31,5326,99,1374,1702,0.44
2026-09-13T22:17:58Z,77,76,31,5296,99,1377,1702,0.44
2026-09-13T22:18:00Z,76,76,31,5281,99,1381,1400,0.44
2026-09-13T22:18:02Z,75,77,31,5311,99,1335,1702,0.41
2026-09-13T22:18:04Z,77,77,31,5311,99,1600,1702,0.41
2026-09-13T22:18:06Z,76,77,31,5311,100,1600,1702,0.46
2026-09-13T22:18:08Z,76,77,31,5311,99,1375,1702,0.46
2026-09-13T22:18:10Z,74,76,31,5281,99,1384,1702,0.46
2026-09-13T22:18:12Z,74,76,31,5326,99,1436,1702,0.50
2026-09-13T22:18:14Z,76,76,31,5281,99,1380,1399,0.50
2026-09-13T22:18:17Z,77,76,31,5326,100,1379,1702,0.46
2026-09-13T22:18:19Z,77,76,31,5311,99,1375,1702,0.46
2026-09-13T22:18:21Z,75,77,31,5326,99,1600,1702,0.42
2026-09-13T22:18:23Z,75,77,31,5281,99,1600,1702,0.42
2026-09-13T22:18:25Z,75,77,31,5281,99,1374,1702,0.42
2026-09-13T22:18:27Z,75,77,31,5281,100,1600,1702,0.39
2026-09-13T22:18:29Z,74,76,31,5311,99,1362,1702,0.39
2026-09-13T22:18:31Z,69,76,31,5311,100,1040,2425,0.44
2026-09-13T22:18:33Z,76,76,31,5326,99,1340,1702,0.44
2026-09-13T22:18:35Z,75,76,31,5281,99,1341,1702,0.44
2026-09-13T22:18:37Z,76,76,31,5281,100,1368,1702,0.40
2026-09-13T22:18:39Z,76,76,31,5281,99,1491,1400,0.40
2026-09-13T22:18:41Z,76,76,31,5281,99,1383,1702,0.37
2026-09-13T22:18:43Z,75,77,31,5311,99,1364,1702,0.37
2026-09-13T22:18:46Z,76,77,31,5311,99,1386,1399,0.42
2026-09-13T22:18:48Z,73,76,31,5281,99,1357,1400,0.42
2026-09-13T22:18:50Z,75,76,31,5326,99,1446,1702,0.42
2026-09-13T22:18:52Z,76,76,31,5326,100,1480,1702,0.39
2026-09-13T22:18:54Z,76,76,31,5281,100,1381,1702,0.39
2026-09-13T22:18:56Z,75,76,31,5311,99,1435,1702,0.36
2026-09-13T22:18:58Z,76,76,31,5281,99,1377,1702,0.36
2026-09-13T22:19:00Z,76,76,31,5281,100,1381,1702,0.36
2026-09-13T22:19:02Z,76,77,31,5281,99,1379,1702,0.33
2026-09-13T22:19:04Z,76,77,31,5281,100,1335,2425,0.33
2026-09-13T22:19:06Z,73,76,31,5281,99,1362,1702,0.46
2026-09-13T22:19:08Z,76,75,31,5326,99,1365,1399,0.46
2026-09-13T22:19:10Z,76,76,31,5281,100,1371,1399,0.46
2026-09-13T22:19:12Z,76,76,31,5281,100,1381,1421,0.42
2026-09-13T22:19:15Z,76,76,31,5296,100,1334,2419,0.42
2026-09-13T22:19:17Z,76,76,31,5326,100,1600,1702,0.39
2026-09-13T22:19:19Z,76,76,31,5326,99,1367,1400,0.39
2026-09-13T22:19:21Z,76,77,31,5281,100,1600,1891,0.36
2026-09-13T22:19:23Z,73,76,31,5281,99,1419,1636,0.36
2026-09-13T22:19:25Z,74,76,31,5281,99,1586,1399,0.36
2026-09-13T22:19:27Z,76,75,31,5281,100,1600,1702,0.33
2026-09-13T22:19:29Z,76,76,31,5281,100,1600,1702,0.33
2026-09-13T22:19:31Z,76,76,31,5281,100,1376,1702,0.30
2026-09-13T22:19:33Z,74,76,31,5311,99,1371,1401,0.30
2026-09-13T22:19:35Z,76,76,31,5281,100,1374,1702,0.30
2026-09-13T22:19:37Z,77,77,31,5311,100,1366,1702,0.28
2026-09-13T22:19:39Z,77,77,31,5311,100,1362,1702,0.28
2026-09-13T22:19:41Z,74,77,31,5311,99,1591,1702,0.34
2026-09-13T22:19:44Z,74,76,31,5281,99,1354,1702,0.34
2026-09-13T22:19:46Z,76,76,31,5311,99,1547,1702,0.31
2026-09-13T22:19:48Z,76,76,31,5326,100,1600,1702,0.31
2026-09-13T22:19:50Z,75,76,31,5281,100,1600,1702,0.31
2026-09-13T22:19:52Z,76,76,31,5311,100,1413,1702,0.28
2026-09-13T22:19:54Z,76,76,31,5281,99,1357,1702,0.28
2026-09-13T22:19:56Z,77,77,31,5281,99,1381,1702,0.26
2026-09-13T22:19:58Z,76,77,31,5266,99,1383,1702,0.26
2026-09-13T22:20:00Z,74,76,31,5326,99,1346,1702,0.26
2026-09-13T22:20:02Z,64,76,31,5326,0,200,2424,0.32
2026-09-13T22:20:04Z,60,74,31,5326,0,200,2426,0.32
2026-09-13T22:20:06Z,58,72,31,5281,0,200,2424,0.38
2026-09-13T22:20:08Z,57,70,31,5326,19,200,2424,0.38
2026-09-13T22:20:10Z,57,68,31,5067,44,1040,2425,0.38
2026-09-13T22:20:12Z,57,66,31,4711,0,200,2425,0.43
2026-09-13T22:20:15Z,61,65,31,4746,100,1364,2425,0.43
2026-09-13T22:20:17Z,70,67,31,3964,99,1509,1399,0.39
2026-09-13T22:20:19Z,70,69,31,3727,100,1423,2424,0.39
2026-09-13T22:20:21Z,67,70,31,3750,100,1600,1702,0.36
2026-09-13T22:20:23Z,69,71,31,3727,99,1383,1702,0.36
2026-09-13T22:20:25Z,69,71,31,3842,99,1435,1400,0.36
2026-09-13T22:20:27Z,72,71,31,3890,100,1600,1702,0.33
2026-09-13T22:20:29Z,74,73,31,3947,99,1342,1702,0.33
2026-09-13T22:20:31Z,73,74,31,4261,99,1577,1702,0.38
2026-09-13T22:20:33Z,75,74,31,4380,99,1494,1702,0.38
2026-09-13T22:20:35Z,76,75,31,4595,100,1440,2049,0.38
2026-09-13T22:20:37Z,73,75,31,4711,99,1592,1702,0.35
2026-09-13T22:20:39Z,72,74,31,4770,100,1600,1702,0.35
2026-09-13T22:20:41Z,77,75,31,4783,99,1366,1702,0.32
2026-09-13T22:20:43Z,75,76,31,4844,100,1529,1702,0.32
2026-09-13T22:20:46Z,76,76,31,4807,99,1584,1702,0.30
2026-09-13T22:20:48Z,73,76,31,5026,99,1425,1399,0.30
2026-09-13T22:20:50Z,66,76,31,5000,100,1040,2425,0.30
2026-09-13T22:20:52Z,72,76,31,5000,100,1474,1401,0.27
2026-09-13T22:20:54Z,75,76,31,5000,99,1317,1702,0.27
2026-09-13T22:20:56Z,76,76,31,5026,99,1368,1702,0.25
2026-09-13T22:20:58Z,76,77,31,5026,99,1499,1702,0.25
2026-09-13T22:21:00Z,74,76,31,5026,99,1409,1702,0.25
2026-09-13T22:21:02Z,72,76,31,5040,99,1288,1702,0.23
2026-09-13T22:21:04Z,76,76,31,5000,99,1397,1399,0.23
2026-09-13T22:21:06Z,75,76,31,5000,100,1600,2424,0.21
2026-09-13T22:21:08Z,76,76,31,5026,100,1556,1702,0.21
2026-09-13T22:21:10Z,76,77,31,5000,100,1454,2121,0.21
2026-09-13T22:21:12Z,74,77,31,5252,0,1452,1702,0.28
2026-09-13T22:21:15Z,72,76,31,5208,99,1418,1702,0.28
2026-09-13T22:21:17Z,78,76,31,5208,100,1366,1702,0.25
2026-09-13T22:21:19Z,75,76,31,5193,100,1531,1702,0.25
2026-09-13T22:21:21Z,76,77,31,5222,99,1520,1702,0.23
2026-09-13T22:21:23Z,74,77,31,5208,99,1406,1702,0.23
2026-09-13T22:21:25Z,67,76,31,5252,99,1040,2424,0.23
2026-09-13T22:21:27Z,75,76,31,5237,99,1309,1702,0.21
2026-09-13T22:21:29Z,77,76,31,5208,100,1359,1702,0.21
2026-09-13T22:21:31Z,75,76,31,5252,99,1373,1399,0.20
2026-09-13T22:21:33Z,76,77,31,5237,100,1544,1702,0.20
2026-09-13T22:21:35Z,74,77,31,5237,99,200,1702,0.20
2026-09-13T22:21:37Z,76,76,31,5208,100,1335,1399,0.34
2026-09-13T22:21:39Z,76,76,31,5252,100,1352,1702,0.34
2026-09-13T22:21:41Z,75,76,31,5237,100,1600,2424,0.31
2026-09-13T22:21:44Z,76,76,31,5193,100,1526,1702,0.31
2026-09-13T22:21:46Z,76,77,31,5252,99,1444,2178,0.37
2026-09-13T22:21:48Z,74,76,31,5252,100,1437,1399,0.37
2026-09-13T22:21:50Z,77,76,31,5252,99,1454,1400,0.37
2026-09-13T22:21:52Z,76,76,31,5252,100,1560,1702,0.34
2026-09-13T22:21:54Z,74,76,31,5252,99,1600,1702,0.34
2026-09-13T22:21:56Z,72,77,31,5237,99,1600,1702,0.31
2026-09-13T22:21:58Z,73,77,31,5252,6,1479,1702,0.31
2026-09-13T22:22:00Z,67,76,31,5252,100,1040,2424,0.31
2026-09-13T22:22:02Z,76,76,31,5252,100,1354,1401,0.29
2026-09-13T22:22:04Z,75,76,31,5237,99,1557,1399,0.29
2026-09-13T22:22:06Z,76,76,31,5281,100,1358,1399,0.26
2026-09-13T22:22:08Z,72,77,31,5237,99,1600,1702,0.26
2026-09-13T22:22:10Z,74,77,31,5252,99,1434,1399,0.26
2026-09-13T22:22:13Z,76,76,31,5237,100,1464,1399,0.40
2026-09-13T22:22:15Z,75,76,31,5252,99,1600,1702,0.40
2026-09-13T22:22:17Z,76,76,31,5237,99,1343,1399,0.37
2026-09-13T22:22:19Z,76,77,31,5252,99,1328,1702,0.37
2026-09-13T22:22:21Z,76,77,31,5237,99,1348,2425,0.42
2026-09-13T22:22:23Z,74,76,31,5281,100,1585,1702,0.42
2026-09-13T22:22:25Z,76,76,31,5237,99,1536,1400,0.42
2026-09-13T22:22:27Z,76,76,31,5252,99,1600,1400,0.39
2026-09-13T22:22:29Z,76,76,31,5252,99,1316,1702,0.39
2026-09-13T22:22:31Z,77,77,31,5237,100,1356,1702,0.36
2026-09-13T22:22:33Z,72,77,31,5296,99,1431,1702,0.36
2026-09-13T22:22:35Z,69,76,31,5281,100,1040,2424,0.36
2026-09-13T22:22:37Z,76,76,31,5237,99,1362,1399,0.33
2026-09-13T22:22:39Z,76,76,31,5281,100,1513,1399,0.33
2026-09-13T22:22:42Z,76,76,31,5237,99,1366,1399,0.30
2026-09-13T22:22:44Z,73,77,31,5237,100,1351,1702,0.30
2026-09-13T22:22:46Z,74,76,31,5252,99,1371,1702,0.28
2026-09-13T22:22:48Z,76,76,31,5237,100,1339,1702,0.28
2026-09-13T22:22:50Z,75,76,31,5252,99,1443,1399,0.28
2026-09-13T22:22:52Z,76,76,31,5252,100,1600,1399,0.25
2026-09-13T22:22:54Z,75,76,31,5252,99,1600,2424,0.25
2026-09-13T22:22:56Z,76,77,31,5281,100,1422,2345,0.23
2026-09-13T22:22:58Z,74,76,31,5237,100,1456,1400,0.23
2026-09-13T22:23:00Z,75,76,31,5252,99,1600,1702,0.23
2026-09-13T22:23:02Z,76,76,31,5281,99,1334,1702,0.21
2026-09-13T22:23:04Z,76,76,31,5237,100,1378,1702,0.21
2026-09-13T22:23:06Z,76,77,31,5252,100,1519,1702,0.20
2026-09-13T22:23:08Z,74,77,31,5281,99,1408,1702,0.20
2026-09-13T22:23:11Z,65,76,31,5281,0,200,2426,0.34
2026-09-13T22:23:13Z,61,75,31,5237,0,200,2424,0.34
2026-09-13T22:23:15Z,59,72,31,5281,0,200,2424,0.34
2026-09-13T22:23:17Z,58,69,31,5252,0,1040,2424,0.39
2026-09-13T22:23:19Z,57,67,31,5040,0,200,2424,0.39
2026-09-13T22:23:21Z,56,66,31,4746,0,200,2424,0.84
2026-09-13T22:23:23Z,60,64,31,4746,99,1040,2424,0.84
2026-09-13T22:23:25Z,70,68,31,4032,99,1359,1702,0.84
2026-09-13T22:23:27Z,71,70,31,3750,100,1366,1702,0.78
2026-09-13T22:23:29Z,72,71,31,3735,100,1379,1399,0.78
2026-09-13T22:23:31Z,72,72,31,3826,100,1331,2424,0.71
2026-09-13T22:23:33Z,73,73,31,4049,99,1383,1420,0.71
2026-09-13T22:23:35Z,75,74,31,4194,100,1367,1702,0.71
2026-09-13T22:23:37Z,75,74,31,4464,99,1375,1702,0.66
2026-09-13T22:23:39Z,72,74,31,4573,99,1372,1702,0.66
2026-09-13T22:23:41Z,72,74,31,4664,99,1385,1702,0.68
2026-09-13T22:23:44Z,73,74,31,4807,99,1371,1702,0.68
2026-09-13T22:23:46Z,75,74,31,4783,99,1600,1702,0.63
2026-09-13T22:23:48Z,76,76,31,4832,99,1600,1702,0.63
2026-09-13T22:23:50Z,75,76,31,5000,100,1598,1702,0.63
2026-09-13T22:23:52Z,75,76,31,5067,100,1401,1702,0.66
2026-09-13T22:23:54Z,77,76,31,5026,99,1430,1702,0.66
2026-09-13T22:23:56Z,76,77,31,5136,100,1385,1702,0.61
2026-09-13T22:23:58Z,76,77,31,5208,99,1358,1702,0.61
2026-09-13T22:24:00Z,73,76,31,5208,100,1361,1399,0.61
2026-09-13T22:24:02Z,73,76,31,5179,99,1370,1702,0.64
2026-09-13T22:24:04Z,73,75,31,5208,100,1333,1702,0.64
2026-09-13T22:24:06Z,75,75,31,5165,99,1380,1702,0.59
2026-09-13T22:24:08Z,76,76,31,5179,99,1379,1702,0.59
2026-09-13T22:24:10Z,76,76,31,5237,100,1381,1702,0.70
2026-09-13T22:24:13Z,76,77,31,5281,99,1357,1702,0.70
2026-09-13T22:24:15Z,73,77,31,5252,100,1386,1702,0.70
2026-09-13T22:24:17Z,75,77,31,5281,99,1372,1702,0.64
2026-09-13T22:24:19Z,73,77,31,5281,100,1445,1702,0.64
2026-09-13T22:24:21Z,73,76,31,5281,99,1338,1400,0.59
2026-09-13T22:24:23Z,73,76,31,5281,99,1381,1702,0.59
2026-09-13T22:24:25Z,74,75,31,5281,99,1429,1702,0.59
2026-09-13T22:24:27Z,77,75,31,5281,99,1369,1702,0.54
2026-09-13T22:24:29Z,76,76,31,5281,99,1389,1702,0.54
2026-09-13T22:24:31Z,77,77,31,5281,99,1386,1702,0.50
2026-09-13T22:24:33Z,75,77,31,5281,100,1331,1702,0.50
2026-09-13T22:24:35Z,77,77,31,5281,99,1364,1702,0.50
2026-09-13T22:24:37Z,78,77,31,5281,99,1331,1399,0.46
2026-09-13T22:24:40Z,76,77,31,5281,99,1376,1702,0.46
2026-09-13T22:24:42Z,74,77,31,5281,99,1327,1399,0.50
2026-09-13T22:24:44Z,74,76,31,5281,100,1378,1702,0.50
2026-09-13T22:24:46Z,74,76,31,5311,100,1373,1399,0.46
2026-09-13T22:24:48Z,76,75,31,5281,100,1379,1400,0.46
2026-09-13T22:24:50Z,77,76,31,5281,100,1376,1702,0.46
2026-09-13T22:24:52Z,76,77,31,5281,99,1377,1702,0.43
2026-09-13T22:24:54Z,75,77,31,5281,100,1357,1702,0.43
2026-09-13T22:24:56Z,79,77,31,5281,100,1380,1702,0.39
2026-09-13T22:24:58Z,78,77,31,5281,100,1392,1702,0.39
2026-09-13T22:25:00Z,78,77,31,5281,99,1374,1702,0.39
2026-09-13T22:25:02Z,74,77,31,5311,100,1412,1702,0.36
2026-09-13T22:25:04Z,74,76,31,5281,99,1383,1400,0.36
2026-09-13T22:25:06Z,74,76,31,5281,100,1331,1702,0.33
2026-09-13T22:25:09Z,76,75,31,5326,99,1383,1399,0.33
2026-09-13T22:25:11Z,77,76,31,5311,100,1385,1702,0.30
2026-09-13T22:25:13Z,76,76,31,5281,99,1357,1702,0.30
2026-09-13T22:25:15Z,76,77,31,5281,100,1324,2425,0.30
2026-09-13T22:25:17Z,77,77,31,5326,100,1372,1702,0.28
2026-09-13T22:25:19Z,78,77,31,5281,100,1378,1702,0.28
2026-09-13T22:25:21Z,78,77,31,5281,100,1386,1702,0.26
2026-09-13T22:25:23Z,75,77,31,5326,100,1505,1702,0.26
2026-09-13T22:25:25Z,74,76,31,5311,67,1503,1399,0.26
2026-09-13T22:25:27Z,74,76,31,5281,26,1509,1400,0.24
2026-09-13T22:25:29Z,76,75,31,5281,99,1365,1399,0.24
2026-09-13T22:25:31Z,76,76,31,5281,99,1404,1702,0.22
2026-09-13T22:25:33Z,76,77,31,5311,99,1387,1702,0.22
2026-09-13T22:25:36Z,76,77,31,5311,99,1327,2425,0.22
2026-09-13T22:25:38Z,76,77,31,5311,99,1600,1400,0.28
2026-09-13T22:25:40Z,76,77,31,5326,99,1439,1399,0.28
2026-09-13T22:25:42Z,73,77,31,5281,99,1600,1400,0.26
2026-09-13T22:25:44Z,75,77,31,5281,99,1318,1399,0.26
2026-09-13T22:25:46Z,74,76,31,5311,100,1340,1399,0.32
2026-09-13T22:25:48Z,74,76,31,5311,99,1334,1702,0.32
2026-09-13T22:25:50Z,76,75,31,5281,100,1373,1702,0.32
2026-09-13T22:25:52Z,77,76,31,5326,99,1383,1702,0.29
2026-09-13T22:25:54Z,76,76,31,5311,100,1377,1702,0.29
2026-09-13T22:25:56Z,76,77,31,5311,100,1374,1399,0.27
2026-09-13T22:25:58Z,72,77,31,5326,100,1600,1399,0.27
2026-09-13T22:26:00Z,73,77,31,5326,99,1599,1702,0.27
2026-09-13T22:26:02Z,76,77,31,5281,100,1412,1702,0.25
2026-09-13T22:26:05Z,71,77,31,5326,99,1250,2425,0.25
2026-09-13T22:26:07Z,73,77,31,5281,99,1400,1399,0.31
2026-09-13T22:26:09Z,74,76,31,5281,99,1329,1702,0.31
2026-09-13T22:26:11Z,71,75,31,5326,100,1415,2378,0.28
2026-09-13T22:26:13Z,72,76,31,5281,100,1600,1702,0.28
2026-09-13T22:26:15Z,76,77,31,5311,100,1373,1702,0.28
2026-09-13T22:26:17Z,78,77,31,5281,100,1382,1702,0.26
2026-09-13T22:26:19Z,77,77,31,5326,99,1600,1702,0.26
2026-09-13T22:26:21Z,76,77,31,5311,100,1600,1399,0.24
2026-09-13T22:26:23Z,75,77,31,5281,100,1600,1702,0.24
2026-09-13T22:26:25Z,76,77,31,5311,100,1327,2425,0.24
2026-09-13T22:26:27Z,74,76,31,5311,99,1332,1400,0.22
2026-09-13T22:26:29Z,74,76,31,5326,99,1362,1702,0.22
2026-09-13T22:26:31Z,69,76,31,5311,99,1040,2424,0.20
2026-09-13T22:26:33Z,76,76,31,5326,100,1600,1702,0.20
2026-09-13T22:26:36Z,76,76,31,5326,99,1599,1702,0.27
2026-09-13T22:26:38Z,77,77,31,5281,99,1384,1702,0.27
2026-09-13T22:26:40Z,76,77,31,5326,100,1435,1702,0.27
2026-09-13T22:26:42Z,77,77,31,5281,100,1393,1702,0.24
2026-09-13T22:26:44Z,77,77,31,5311,99,1389,1702,0.24
2026-09-13T22:26:46Z,76,77,31,5311,99,1359,1702,0.22
2026-09-13T22:26:48Z,74,77,31,5281,99,1353,1702,0.22
2026-09-13T22:26:50Z,73,76,31,5281,99,1360,1702,0.22
2026-09-13T22:26:52Z,66,76,31,5281,0,200,2424,0.29
2026-09-13T22:26:54Z,76,76,31,5281,99,1600,1702,0.29
2026-09-13T22:26:56Z,76,76,31,5326,99,1600,1702,0.26
2026-09-13T22:26:58Z,77,77,31,5281,100,1600,1702,0.26
2026-09-13T22:27:00Z,76,77,31,5281,100,1379,1702,0.26
2026-09-13T22:27:02Z,77,77,31,5311,100,1380,1702,0.24
2026-09-13T22:27:05Z,77,77,31,5311,100,1363,1399,0.24
2026-09-13T22:27:07Z,77,77,31,5281,100,1372,1702,0.22
2026-09-13T22:27:09Z,74,77,31,5281,99,1589,1702,0.22
2026-09-13T22:27:11Z,74,76,31,5281,96,1450,1400,0.20
2026-09-13T22:27:13Z,74,76,31,5281,3,1452,1702,0.20
2026-09-13T22:27:15Z,76,76,31,5311,99,1390,1702,0.20
2026-09-13T22:27:17Z,76,76,31,5281,99,1600,2128,0.19
2026-09-13T22:27:19Z,76,77,31,5326,100,1599,1702,0.19
2026-09-13T22:27:21Z,76,77,31,5311,99,1425,1702,0.25
2026-09-13T22:27:23Z,76,77,31,5281,100,1378,1400,0.25
2026-09-13T22:27:25Z,76,77,31,5326,100,1393,1702,0.25
2026-09-13T22:27:27Z,75,77,31,5311,100,1411,1401,0.23
2026-09-13T22:27:29Z,74,77,31,5281,99,1407,1399,0.23
2026-09-13T22:27:32Z,73,76,31,5326,99,1410,1702,0.21
2026-09-13T22:27:34Z,73,76,31,5311,99,1393,1702,0.21
2026-09-13T22:27:36Z,76,76,31,5281,99,1600,1399,0.20
2026-09-13T22:27:38Z,77,76,31,5326,100,1424,1702,0.20
2026-09-13T22:27:40Z,73,77,31,5281,99,1599,1702,0.20
2026-09-13T22:27:42Z,69,77,31,5281,99,1149,2424,0.18
2026-09-13T22:27:44Z,77,77,31,5281,99,1374,1702,0.18
2026-09-13T22:27:46Z,76,77,31,5326,99,1369,1702,0.17
2026-09-13T22:27:48Z,76,77,31,5311,99,1364,1702,0.17
2026-09-13T22:27:50Z,74,77,31,5281,100,1382,1702,0.17
2026-09-13T22:27:52Z,73,76,31,5281,100,1367,1399,0.15
2026-09-13T22:27:54Z,74,76,31,5311,100,1358,1400,0.15
2026-09-13T22:27:56Z,76,75,31,5311,99,1600,1702,0.14
2026-09-13T22:27:58Z,76,76,31,5281,99,1600,1702,0.14
2026-09-13T22:28:01Z,76,77,31,5311,99,1401,1399,0.21
2026-09-13T22:28:03Z,75,77,31,5281,99,1337,1399,0.21
2026-09-13T22:28:05Z,76,77,31,5281,100,1387,1702,0.21
2026-09-13T22:28:07Z,76,77,31,5281,99,1379,1702,0.19
2026-09-13T22:28:09Z,76,77,31,5311,100,1377,1399,0.19
2026-09-13T22:28:11Z,73,77,31,5281,100,1346,1702,0.18
2026-09-13T22:28:13Z,73,76,31,5281,100,1352,1399,0.18
2026-09-13T22:28:15Z,72,76,31,5281,99,1368,1702,0.18
2026-09-13T22:28:17Z,76,75,31,5326,100,1600,1702,0.32
2026-09-13T22:28:19Z,76,76,31,5281,99,1600,1400,0.32
2026-09-13T22:28:21Z,74,76,31,5311,99,1600,1702,0.30
2026-09-13T22:28:23Z,76,77,31,5311,100,1545,2425,0.30
2026-09-13T22:28:25Z,76,77,31,5311,99,1381,1399,0.30
2026-09-13T22:28:27Z,76,77,31,5281,99,1475,1702,0.27
2026-09-13T22:28:30Z,76,77,31,5326,100,1494,1702,0.27
2026-09-13T22:28:32Z,74,77,31,5311,99,1365,1400,0.33
2026-09-13T22:28:34Z,74,76,31,5281,99,1346,1702,0.33
2026-09-13T22:28:36Z,74,76,31,5281,100,1393,1702,0.30
2026-09-13T22:28:38Z,63,75,31,5311,0,200,2424,0.30
2026-09-13T22:28:40Z,60,72,31,5326,0,200,2424,0.30
2026-09-13T22:28:42Z,58,71,31,5281,9,1040,2424,0.36
2026-09-13T22:28:44Z,58,69,31,5165,16,1040,2424,0.36
2026-09-13T22:28:46Z,56,67,31,4960,0,200,2424,0.41
2026-09-13T22:28:48Z,56,65,31,4973,0,200,2424,0.41
2026-09-13T22:28:50Z,62,64,31,4271,99,1600,1702,0.41
2026-09-13T22:28:52Z,66,67,31,3989,99,1600,1702,0.38
2026-09-13T22:28:54Z,62,69,31,3585,99,1040,2425,0.38
2026-09-13T22:28:56Z,71,70,31,3571,99,1538,1702,0.35
2026-09-13T22:28:58Z,73,71,31,3826,99,1600,1830,0.35
2026-09-13T22:29:00Z,70,72,31,3826,100,1413,1702,0.35
2026-09-13T22:29:03Z,70,72,31,4076,99,1516,1400,0.32
2026-09-13T22:29:05Z,74,72,31,4185,100,1461,1702,0.32
2026-09-13T22:29:07Z,75,74,31,4232,99,1600,1702,0.29
2026-09-13T22:29:09Z,76,75,31,4687,99,1458,1702,0.29
2026-09-13T22:29:11Z,77,75,31,4746,100,1366,1702,0.35
2026-09-13T22:29:13Z,75,76,31,4870,99,1313,2425,0.35
2026-09-13T22:29:15Z,74,75,31,5067,100,1348,1399,0.35
2026-09-13T22:29:17Z,73,75,31,5040,100,1556,1399,0.40
2026-09-13T22:29:19Z,71,74,31,5040,99,1341,1702,0.40
2026-09-13T22:29:21Z,76,75,31,5067,99,1350,1702,0.37
2026-09-13T22:29:23Z,76,76,31,5165,100,1494,1702,0.37
2026-09-13T22:29:25Z,76,76,31,5165,99,1538,1702,0.37
2026-09-13T22:29:27Z,73,76,31,5208,99,1445,1702,0.34
2026-09-13T22:29:30Z,72,76,31,5179,100,1487,1702,0.34
2026-09-13T22:29:32Z,74,75,31,5179,99,1407,1702,0.39
2026-09-13T22:29:34Z,76,75,31,5208,100,1359,1702,0.39
2026-09-13T22:29:36Z,77,76,31,5208,100,1426,1702,0.36
2026-09-13T22:29:38Z,76,76,31,5179,99,1600,1702,0.36
2026-09-13T22:29:40Z,76,77,31,5208,100,1372,1702,0.36
2026-09-13T22:29:42Z,74,77,31,5281,100,1423,1702,0.33
2026-09-13T22:29:44Z,74,76,31,5252,100,1454,1702,0.33
2026-09-13T22:29:46Z,67,76,31,5281,99,1040,2425,0.31
2026-09-13T22:29:48Z,76,76,31,5237,99,1413,1702,0.31
2026-09-13T22:29:50Z,76,76,31,5281,100,1513,1702,0.31
2026-09-13T22:29:52Z,75,76,31,5281,99,1352,1399,0.28
2026-09-13T22:29:54Z,72,77,31,5281,100,1600,1702,0.28
2026-09-13T22:29:56Z,73,77,31,5281,100,1414,1702,0.26
2026-09-13T22:29:59Z,74,76,31,5281,99,1593,1702,0.26
2026-09-13T22:30:01Z,76,75,31,5281,99,1452,1702,0.32
2026-09-13T22:30:03Z,76,76,31,5281,99,1600,2425,0.32
2026-09-13T22:30:05Z,74,76,31,5281,8,200,2424,0.32
2026-09-13T22:30:07Z,74,77,31,5281,99,1319,1702,0.37
2026-09-13T22:30:09Z,74,77,31,5281,99,1325,1702,0.37
2026-09-13T22:30:11Z,74,76,31,5311,100,1426,1401,0.34
2026-09-13T22:30:13Z,74,76,31,5281,99,1545,1399,0.34
2026-09-13T22:30:15Z,76,75,31,5281,100,1600,1702,0.34
2026-09-13T22:30:17Z,72,76,31,5281,99,1423,1702,0.31
2026-09-13T22:30:19Z,77,76,31,5311,99,1482,1702,0.31
2026-09-13T22:30:21Z,76,77,31,5326,100,1522,1702,0.29
2026-09-13T22:30:23Z,74,77,31,5281,99,1518,1702,0.29
2026-09-13T22:30:25Z,74,77,31,5281,99,1584,1401,0.29
2026-09-13T22:30:28Z,72,76,31,5281,100,1411,1702,0.27
2026-09-13T22:30:30Z,78,76,31,5311,100,1335,1702,0.27
2026-09-13T22:30:32Z,76,76,31,5281,99,1453,1702,0.24
2026-09-13T22:30:34Z,77,76,31,5281,100,1600,1702,0.24
2026-09-13T22:30:36Z,75,77,31,5281,100,1600,1702,0.22
2026-09-13T22:30:38Z,74,77,31,5326,99,1428,1702,0.22
2026-09-13T22:30:40Z,74,76,31,5281,99,1416,1400,0.22
2026-09-13T22:30:42Z,75,76,31,5326,99,1437,1702,0.21
2026-09-13T22:30:44Z,76,76,31,5281,99,1487,1702,0.21
2026-09-13T22:30:46Z,77,76,31,5326,100,1600,1702,0.19
2026-09-13T22:30:48Z,75,76,31,5311,99,1359,1702,0.19
2026-09-13T22:30:50Z,76,76,31,5311,100,1600,1702,0.19
2026-09-13T22:30:52Z,73,76,31,5281,100,1400,1702,0.17
2026-09-13T22:30:55Z,74,76,31,5326,99,1325,1399,0.17
2026-09-13T22:30:57Z,66,75,31,5281,0,200,2425,0.16
2026-09-13T22:30:59Z,78,76,31,5326,100,1428,1702,0.16
2026-09-13T22:31:01Z,76,76,31,5311,99,1455,1702,0.15
2026-09-13T22:31:03Z,75,76,31,5326,99,1600,2427,0.15
2026-09-13T22:31:05Z,76,77,31,5311,100,1600,1702,0.15
2026-09-13T22:31:07Z,74,76,31,5281,99,1392,1702,0.21
2026-09-13T22:31:09Z,74,76,31,5281,100,1362,1702,0.21
2026-09-13T22:31:11Z,70,75,31,5311,100,1187,2424,0.28
2026-09-13T22:31:13Z,76,76,31,5281,100,1384,1702,0.28
2026-09-13T22:31:15Z,76,76,31,5326,99,1409,2424,0.28
2026-09-13T22:31:17Z,77,76,31,5281,100,1600,1702,0.26
2026-09-13T22:31:19Z,76,77,31,5311,100,1600,2424,0.26
2026-09-13T22:31:21Z,74,77,31,5326,99,1354,1399,0.32
2026-09-13T22:31:23Z,74,76,31,5326,99,1459,1702,0.32
2026-09-13T22:31:26Z,76,75,31,5326,99,1349,1400,0.32
2026-09-13T22:31:28Z,76,76,31,5311,100,1529,1702,0.29
2026-09-13T22:31:30Z,73,77,31,5281,99,1600,1400,0.29
2026-09-13T22:31:32Z,77,77,31,5281,100,1600,1456,0.27
2026-09-13T22:31:34Z,77,77,31,5311,100,1382,2324,0.27
2026-09-13T22:31:36Z,73,76,31,5326,99,1412,1702,0.25
2026-09-13T22:31:38Z,74,76,31,5311,99,1351,1399,0.25
2026-09-13T22:31:40Z,76,75,31,5311,99,1348,1702,0.25
2026-09-13T22:31:42Z,78,76,31,5326,99,1375,1702,0.22
2026-09-13T22:31:44Z,76,77,31,5281,100,1600,2058,0.22
2026-09-13T22:31:46Z,76,77,31,5326,100,1558,1702,0.21
2026-09-13T22:31:48Z,74,77,31,5281,99,1523,1702,0.21
2026-09-13T22:31:50Z,72,77,31,5311,99,1448,1702,0.21
2026-09-13T22:31:52Z,74,76,31,5311,99,1349,1399,0.19
2026-09-13T22:31:55Z,77,76,31,5311,100,1361,1399,0.19
2026-09-13T22:31:57Z,76,76,31,5311,100,1600,1702,0.17
2026-09-13T22:31:59Z,75,77,31,5326,100,1356,1702,0.17
2026-09-13T22:32:01Z,73,77,31,5311,99,1526,1702,0.16
2026-09-13T22:32:03Z,74,77,31,5281,99,1439,1702,0.16
2026-09-13T22:32:05Z,75,76,31,5281,100,1418,1702,0.16
2026-09-13T22:32:07Z,66,76,31,5326,2,1040,2424,0.31
2026-09-13T22:32:09Z,76,76,31,5281,100,1600,1702,0.31
2026-09-13T22:32:11Z,76,77,31,5311,100,1600,1702,0.36
2026-09-13T22:32:13Z,76,77,31,5311,100,1332,1702,0.36
2026-09-13T22:32:15Z,77,77,31,5311,100,1354,1702,0.36
2026-09-13T22:32:17Z,74,77,31,5311,99,1471,1399,0.33
2026-09-13T22:32:19Z,72,76,31,5326,100,1428,1702,0.33
2026-09-13T22:32:21Z,64,76,31,5281,0,200,2424,0.39
2026-09-13T22:32:24Z,61,73,31,5311,0,200,2423,0.39
2026-09-13T22:32:26Z,60,71,31,5326,30,1040,2424,0.39
2026-09-13T22:32:28Z,58,69,31,5311,22,1040,2424,0.44
2026-09-13T22:32:30Z,58,67,31,5237,19,1040,2424,0.44
2026-09-13T22:32:32Z,56,66,31,4573,0,200,2424,0.48
2026-09-13T22:32:34Z,67,64,31,4584,99,1340,2424,0.48
2026-09-13T22:32:36Z,71,69,31,3989,100,1388,1702,0.44
2026-09-13T22:32:38Z,71,71,31,3750,100,1600,2199,0.44
2026-09-13T22:32:40Z,72,72,31,3750,99,1599,1399,0.44
2026-09-13T22:32:42Z,73,72,31,3930,99,1600,1702,0.49
2026-09-13T22:32:44Z,74,73,31,4058,100,1561,1702,0.49
2026-09-13T22:32:46Z,75,74,31,4310,100,1599,1702,0.45
2026-09-13T22:32:48Z,74,75,31,4496,99,1338,2424,0.45
2026-09-13T22:32:50Z,75,75,31,4722,100,1401,1702,0.45
2026-09-13T22:32:52Z,76,75,31,4746,100,1353,1399,0.41
2026-09-13T22:32:54Z,75,76,31,4960,100,1331,2424,0.41
2026-09-13T22:32:57Z,75,76,31,5040,99,1400,2424,0.38
2026-09-13T22:32:59Z,76,76,31,5208,99,1376,1400,0.38
2026-09-13T22:33:01Z,76,76,31,5208,99,1371,1400,0.43
2026-09-13T22:33:03Z,76,76,31,5252,99,1378,1702,0.43
2026-09-13T22:33:05Z,73,76,31,5252,100,1437,1702,0.43
2026-09-13T22:33:07Z,74,75,31,5252,99,1329,1702,0.48
2026-09-13T22:33:09Z,76,75,31,5237,100,1374,1702,0.48
2026-09-13T22:33:11Z,75,76,31,5252,100,1385,1702,0.44
2026-09-13T22:33:13Z,76,76,31,5208,100,1399,1702,0.44
2026-09-13T22:33:15Z,76,76,31,5237,99,1380,1702,0.44
2026-09-13T22:33:17Z,76,76,31,5252,100,1371,1702,0.40
2026-09-13T22:33:19Z,76,76,31,5237,100,1392,1702,0.40
2026-09-13T22:33:21Z,76,76,31,5237,99,1378,1702,0.45
2026-09-13T22:33:23Z,78,76,31,5252,99,1385,1702,0.45
2026-09-13T22:33:26Z,78,77,31,5252,100,1380,1702,0.45
2026-09-13T22:33:28Z,76,77,31,5252,99,1312,2426,0.41
2026-09-13T22:33:30Z,76,76,31,5208,100,1389,1399,0.41
2026-09-13T22:33:32Z,76,77,31,5237,99,1384,1702,0.38
2026-09-13T22:33:34Z,76,77,31,5237,99,1376,1702,0.38
2026-09-13T22:33:36Z,77,77,31,5434,99,1373,1399,0.35
2026-09-13T22:33:38Z,73,76,31,5403,100,1354,1702,0.35
2026-09-13T22:33:40Z,75,76,31,5434,100,1365,1702,0.35
2026-09-13T22:33:42Z,76,76,31,5403,99,1388,1702,0.40
2026-09-13T22:33:44Z,75,76,31,5387,100,1600,1464,0.40
2026-09-13T22:33:46Z,76,76,31,5387,100,1600,1702,0.37
2026-09-13T22:33:48Z,76,76,31,5434,100,1600,1911,0.37
2026-09-13T22:33:50Z,76,76,31,5387,100,1564,1702,0.37
2026-09-13T22:33:52Z,72,77,31,5434,100,1598,1702,0.34
2026-09-13T22:33:55Z,76,76,31,5387,99,1382,1702,0.34
2026-09-13T22:33:57Z,76,76,31,5403,99,1468,1702,0.31
2026-09-13T22:33:59Z,76,76,31,5403,100,1374,1702,0.31
2026-09-13T22:34:01Z,75,76,31,5434,99,1341,2424,0.45
2026-09-13T22:34:03Z,74,76,31,5387,100,1353,1702,0.45
2026-09-13T22:34:05Z,76,76,31,5403,100,1600,1702,0.45
2026-09-13T22:34:07Z,76,76,31,5403,100,1600,1702,0.41
2026-09-13T22:34:09Z,75,76,31,5434,100,1389,1702,0.41
2026-09-13T22:34:11Z,73,76,31,5387,100,1331,1399,0.38
2026-09-13T22:34:13Z,74,75,31,5434,99,1404,1702,0.38
2026-09-13T22:34:15Z,76,75,31,5434,100,1384,1702,0.38
2026-09-13T22:34:17Z,75,76,31,5434,100,1600,1702,0.35
2026-09-13T22:34:19Z,75,76,31,5387,99,1600,1702,0.35
2026-09-13T22:34:21Z,75,76,31,5403,99,1392,1702,0.32
2026-09-13T22:34:24Z,76,76,31,5434,99,1394,1702,0.32
2026-09-13T22:34:26Z,75,76,31,5434,100,1500,1702,0.37
2026-09-13T22:34:28Z,75,76,31,5403,100,1415,1702,0.37
2026-09-13T22:34:30Z,76,76,31,5434,99,1395,1702,0.37
2026-09-13T22:34:32Z,76,76,31,5434,99,1380,1702,0.34
2026-09-13T22:34:34Z,75,76,31,5387,99,1369,2424,0.34
2026-09-13T22:34:36Z,75,76,31,5434,99,1382,1702,0.32
2026-09-13T22:34:38Z,75,76,31,5434,100,1600,1702,0.32
2026-09-13T22:34:40Z,75,76,31,5434,100,1374,1702,0.32
2026-09-13T22:34:42Z,76,76,31,5434,99,1364,1399,0.37
2026-09-13T22:34:44Z,73,76,31,5434,100,1416,1702,0.37
2026-09-13T22:34:46Z,74,75,31,5387,99,1434,1702,0.42
2026-09-13T22:34:48Z,75,75,31,5387,100,1393,1702,0.42
2026-09-13T22:34:51Z,75,76,31,5434,100,1600,1702,0.42
2026-09-13T22:34:53Z,75,76,31,5434,100,1600,1702,0.39
2026-09-13T22:34:55Z,76,76,31,5434,99,1400,1702,0.39
2026-09-13T22:34:57Z,76,76,31,5403,99,1399,1702,0.36
2026-09-13T22:34:59Z,76,76,31,5434,99,1552,1702,0.36
2026-09-13T22:35:01Z,75,76,31,5434,100,1387,1702,0.41
2026-09-13T22:35:03Z,76,76,31,5434,100,1383,1702,0.41
2026-09-13T22:35:05Z,76,76,31,5434,100,1386,1702,0.41
2026-09-13T22:35:07Z,75,76,31,5434,100,1360,2424,0.38
2026-09-13T22:35:09Z,75,76,31,5434,99,1446,1702,0.38
2026-09-13T22:35:11Z,76,76,31,5434,99,1600,1702,0.35
2026-09-13T22:35:13Z,76,76,31,5387,100,1350,1399,0.35
2026-09-13T22:35:15Z,76,76,31,5434,100,1373,1702,0.35
2026-09-13T22:35:17Z,73,76,31,5434,99,1358,1702,0.40
2026-09-13T22:35:20Z,75,75,31,5434,100,1387,1702,0.40
2026-09-13T22:35:22Z,75,75,31,5403,99,1390,1702,0.37
2026-09-13T22:35:24Z,75,76,31,5434,100,1600,1702,0.37
2026-09-13T22:35:26Z,76,76,31,5434,100,1599,1702,0.34
2026-09-13T22:35:28Z,76,76,31,5434,99,1380,1399,0.34
2026-09-13T22:35:30Z,75,76,31,5434,99,1390,1702,0.34
2026-09-13T22:35:32Z,76,76,31,5434,99,1600,1702,0.31
2026-09-13T22:35:34Z,76,76,31,5434,99,1390,1702,0.31
2026-09-13T22:35:36Z,75,76,31,5387,99,1387,1702,0.28
2026-09-13T22:35:38Z,76,76,31,5434,100,1378,1702,0.28
2026-09-13T22:35:40Z,74,76,31,5434,100,1348,2425,0.28
2026-09-13T22:35:42Z,75,76,31,5434,100,1375,1702,0.34
2026-09-13T22:35:44Z,72,76,31,5434,99,1599,1702,0.34
2026-09-13T22:35:46Z,75,76,31,5434,100,1594,1702,0.31
2026-09-13T22:35:49Z,75,76,31,5387,99,1329,1639,0.31
2026-09-13T22:35:51Z,73,76,31,5434,99,1315,1399,0.31
2026-09-13T22:35:53Z,74,75,31,5387,100,1435,1702,0.37
2026-09-13T22:35:55Z,75,75,31,5387,100,1440,1702,0.37
2026-09-13T22:35:57Z,75,76,31,5387,99,1600,1702,0.34
2026-09-13T22:35:59Z,75,76,31,5434,99,1598,1702,0.34
2026-09-13T22:36:01Z,75,76,31,5434,99,1599,1702,0.31
2026-09-13T22:36:03Z,75,76,31,5434,100,1502,1702,0.31
2026-09-13T22:36:05Z,75,76,31,5434,100,1600,1702,0.31
2026-09-13T22:36:07Z,75,76,31,5434,99,1393,1702,0.37
2026-09-13T22:36:09Z,75,76,31,5434,99,1386,1702,0.37
2026-09-13T22:36:11Z,76,76,31,5403,100,1382,1702,0.34
2026-09-13T22:36:13Z,76,76,31,5434,100,1337,2424,0.34
2026-09-13T22:36:15Z,75,76,31,5434,99,1373,1702,0.34
2026-09-13T22:36:18Z,71,76,31,5387,99,1599,1702,0.31
2026-09-13T22:36:20Z,75,76,31,5434,100,1599,1702,0.31
2026-09-13T22:36:22Z,75,76,31,5434,100,1370,1702,0.29
2026-09-13T22:36:24Z,73,76,31,5403,99,1326,1399,0.29
2026-09-13T22:36:26Z,74,75,31,5387,99,1348,1702,0.26
2026-09-13T22:36:28Z,75,75,31,5434,99,1380,1702,0.26
2026-09-13T22:36:30Z,76,76,31,5434,100,1600,1702,0.26
2026-09-13T22:36:32Z,75,76,31,5434,100,1599,1399,0.24
2026-09-13T22:36:34Z,75,76,31,5434,100,1600,1702,0.24
2026-09-13T22:36:36Z,76,76,31,5434,100,1562,1399,0.22
2026-09-13T22:36:38Z,74,76,31,5434,100,1600,1702,0.22
2026-09-13T22:36:40Z,76,76,31,5403,99,1382,1702,0.22
2026-09-13T22:36:42Z,75,76,31,5434,100,1395,1702,0.20
2026-09-13T22:36:45Z,75,76,31,5387,99,1432,1702,0.20
2026-09-13T22:36:47Z,75,76,31,5434,100,1328,2424,0.19
2026-09-13T22:36:49Z,76,76,31,5434,100,1371,1702,0.19
2026-09-13T22:36:51Z,72,76,31,5403,100,1412,1399,0.17
2026-09-13T22:36:53Z,75,76,31,5434,100,1600,1400,0.17
2026-09-13T22:36:55Z,75,76,31,5434,99,1371,1859,0.17
2026-09-13T22:36:57Z,73,76,31,5434,99,1372,1702,0.24
2026-09-13T22:36:59Z,74,75,31,5434,99,1600,1702,0.24
2026-09-13T22:37:01Z,75,75,31,5434,99,1368,1399,0.22
2026-09-13T22:37:03Z,71,75,31,5434,99,1534,1702,0.22
2026-09-13T22:37:05Z,71,76,31,5434,99,1376,1702,0.22
2026-09-13T22:37:07Z,75,76,31,5434,99,1599,1702,0.28
2026-09-13T22:37:09Z,76,76,31,5403,100,1406,1702,0.28
2026-09-13T22:37:11Z,71,76,31,5387,99,1323,1399,0.26
2026-09-13T22:37:14Z,75,76,31,5434,99,1600,1702,0.26
2026-09-13T22:37:16Z,75,76,31,5403,99,1380,1702,0.26
2026-09-13T22:37:18Z,74,76,31,5434,99,1382,1702,0.24
2026-09-13T22:37:20Z,75,76,31,5434,99,1347,2424,0.24
2026-09-13T22:37:22Z,75,76,31,5434,99,1380,1702,0.30
2026-09-13T22:37:24Z,75,76,31,5434,100,1399,1702,0.30
2026-09-13T22:37:26Z,75,76,31,5434,99,1376,1702,0.27
2026-09-13T22:37:28Z,75,76,31,5434,100,1333,2424,0.27
2026-09-13T22:37:30Z,73,76,31,5434,99,1417,1702,0.27
2026-09-13T22:37:32Z,75,75,31,5387,100,1415,1702,0.25
2026-09-13T22:37:34Z,75,75,31,5403,100,1384,1702,0.25
2026-09-13T22:37:36Z,75,75,31,5434,100,1349,1702,0.23
2026-09-13T22:37:38Z,75,75,31,5387,99,1376,1702,0.23
2026-09-13T22:37:40Z,76,76,31,5434,100,1383,1702,0.23
2026-09-13T22:37:42Z,76,76,31,5434,99,1373,1702,0.21
2026-09-13T22:37:45Z,76,76,31,5387,100,1387,1702,0.21
2026-09-13T22:37:47Z,75,76,31,5434,99,1374,1702,0.28
2026-09-13T22:37:49Z,77,76,31,5434,100,1379,1702,0.28
2026-09-13T22:37:51Z,77,76,31,5434,100,1383,1702,0.25
2026-09-13T22:37:53Z,75,76,31,5387,99,1324,2424,0.25
2026-09-13T22:37:55Z,75,76,31,5434,99,1386,1702,0.25
2026-09-13T22:37:57Z,75,76,31,5434,99,1372,1702,0.23
2026-09-13T22:37:59Z,75,76,31,5434,100,1374,1702,0.23
2026-09-13T22:38:01Z,75,76,31,5387,100,1377,1421,0.21
2026-09-13T22:38:03Z,73,76,31,5434,99,1373,1401,0.21
2026-09-13T22:38:05Z,74,75,31,5434,99,1395,1702,0.21
2026-09-13T22:38:07Z,75,75,31,5403,100,1363,1702,0.20
2026-09-13T22:38:09Z,76,75,31,5403,99,1381,1702,0.20
2026-09-13T22:38:12Z,74,76,31,5403,100,1375,1399,0.18
2026-09-13T22:38:14Z,75,76,31,5387,100,1379,1400,0.18
2026-09-13T22:38:16Z,75,76,31,5403,99,1376,1702,0.49
2026-09-13T22:38:18Z,75,76,31,5434,99,1373,1702,0.49
2026-09-13T22:38:20Z,75,76,31,5434,99,1374,1702,0.49
2026-09-13T22:38:22Z,75,76,31,5434,100,1383,1702,0.45
2026-09-13T22:38:24Z,76,76,31,5434,99,1375,1702,0.45
2026-09-13T22:38:26Z,75,76,31,5434,100,1324,2424,0.49
2026-09-13T22:38:28Z,75,76,31,5387,100,1416,1702,0.49
2026-09-13T22:38:30Z,75,76,31,5387,99,1378,1399,0.49
2026-09-13T22:38:32Z,75,76,31,5403,100,1370,1702,0.45
2026-09-13T22:38:34Z,75,76,31,5434,99,1376,1399,0.45
2026-09-13T22:38:36Z,72,75,31,5434,100,1411,1702,0.42
2026-09-13T22:38:38Z,75,75,31,5387,99,1401,1702,0.42
2026-09-13T22:38:41Z,75,75,31,5403,100,1377,1702,0.42
2026-09-13T22:38:43Z,76,75,31,5434,99,1379,1702,0.38
2026-09-13T22:38:45Z,75,76,31,5434,99,1387,1702,0.38
2026-09-13T22:38:47Z,76,76,31,5434,99,1382,1702,0.35
2026-09-13T22:38:49Z,75,76,31,5434,99,1427,1702,0.35
2026-09-13T22:38:51Z,75,76,31,5403,99,1367,1702,0.32
2026-09-13T22:38:53Z,75,76,31,5434,100,1375,1702,0.32
2026-09-13T22:38:55Z,76,76,31,5434,99,1382,1702,0.32
2026-09-13T22:38:57Z,75,76,31,5387,99,1376,1702,0.38
2026-09-13T22:38:59Z,75,76,31,5387,99,1330,2424,0.38
2026-09-13T22:39:01Z,75,76,31,5403,100,1401,1702,0.35
2026-09-13T22:39:03Z,75,76,31,5387,99,1379,1702,0.35
2026-09-13T22:39:05Z,76,76,31,5434,99,1370,1702,0.35
2026-09-13T22:39:07Z,75,76,31,5434,100,1370,1702,0.32
2026-09-13T22:39:10Z,73,75,31,5387,99,1390,1702,0.32
2026-09-13T22:39:12Z,75,75,31,5403,100,1402,1702,0.29
2026-09-13T22:39:14Z,75,75,31,5434,100,1392,1702,0.29
2026-09-13T22:39:16Z,76,75,31,5387,100,1380,1702,0.27
2026-09-13T22:39:18Z,75,76,31,5387,99,1388,1702,0.27
2026-09-13T22:39:20Z,75,76,31,5434,100,1391,1702,0.27
2026-09-13T22:39:22Z,75,76,31,5434,100,1375,1702,0.25
2026-09-13T22:39:24Z,75,76,31,5434,99,1366,1702,0.25
2026-09-13T22:39:26Z,75,76,31,5434,100,1380,1702,0.31
2026-09-13T22:39:28Z,77,76,31,5434,100,1379,1702,0.31
2026-09-13T22:39:30Z,77,76,31,5434,99,1378,1702,0.31
2026-09-13T22:39:32Z,77,76,31,5403,100,1329,2424,0.28
2026-09-13T22:39:34Z,75,76,31,5434,100,1391,1702,0.28
2026-09-13T22:39:36Z,75,76,31,5387,100,1381,1702,0.26
2026-09-13T22:39:39Z,76,76,31,5403,99,1369,1399,0.26
2026-09-13T22:39:41Z,76,76,31,5403,99,1379,1702,0.26
2026-09-13T22:39:43Z,72,76,31,5434,99,1336,1702,0.32
2026-09-13T22:39:45Z,76,75,31,5434,99,1405,1702,0.32
2026-09-13T22:39:47Z,76,75,31,5434,99,1380,1702,0.29
2026-09-13T22:39:49Z,75,75,31,5434,100,1373,1702,0.29
2026-09-13T22:39:51Z,75,76,31,5387,99,1393,1702,0.27
2026-09-13T22:39:53Z,76,76,31,5387,100,1385,1702,0.27
2026-09-13T22:39:55Z,75,76,31,5434,100,1374,1702,0.27
2026-09-13T22:39:57Z,74,76,31,5387,99,1354,1702,0.25
2026-09-13T22:39:59Z,76,76,31,5434,99,1403,1702,0.25
2026-09-13T22:40:01Z,75,76,31,5403,99,1384,1702,0.23
2026-09-13T22:40:03Z,76,76,31,5434,100,1379,1702,0.23
2026-09-13T22:40:05Z,75,76,31,5434,99,1336,2424,0.23
2026-09-13T22:40:08Z,75,76,31,5403,99,1384,1702,0.29
2026-09-13T22:40:10Z,75,76,31,5387,100,1418,1702,0.29
2026-09-13T22:40:12Z,75,76,31,5434,100,1383,1702,0.27
2026-09-13T22:40:14Z,75,76,31,5387,100,1389,1702,0.27
2026-09-13T22:40:16Z,73,76,31,5434,99,1367,1702,0.33
2026-09-13T22:40:18Z,74,75,31,5434,99,1390,1702,0.33
2026-09-13T22:40:20Z,75,75,31,5434,100,1374,1702,0.33
2026-09-13T22:40:22Z,75,75,31,5387,99,1385,1702,0.38
2026-09-13T22:40:24Z,75,75,31,5434,99,1375,1702,0.38
2026-09-13T22:40:26Z,75,76,31,5403,100,1376,1702,0.43
2026-09-13T22:40:28Z,75,76,31,5434,100,1378,1702,0.43
2026-09-13T22:40:30Z,75,76,31,5434,100,1405,1702,0.43
2026-09-13T22:40:32Z,75,76,31,5403,99,1377,1702,0.48
2026-09-13T22:40:35Z,75,76,31,5403,100,1373,1702,0.48
2026-09-13T22:40:37Z,76,76,31,5434,99,1369,1702,0.44
2026-09-13T22:40:39Z,75,76,31,5434,99,1327,2425,0.44
2026-09-13T22:40:41Z,74,76,31,5434,99,1383,1702,0.48
2026-09-13T22:40:43Z,76,76,31,5434,99,1405,1702,0.48
2026-09-13T22:40:45Z,75,76,31,5434,99,1383,1702,0.48
2026-09-13T22:40:47Z,75,76,31,5434,100,1389,1399,0.44
2026-09-13T22:40:49Z,73,76,31,5387,100,1344,1702,0.44
2026-09-13T22:40:51Z,62,75,31,5434,0,200,2424,0.49
2026-09-13T22:40:53Z,59,73,31,5434,0,200,2424,0.49
2026-09-13T22:40:55Z,58,71,31,5403,0,200,2424,0.49
2026-09-13T22:40:57Z,57,69,31,5326,26,1040,2424,0.53
2026-09-13T22:40:59Z,56,67,31,5311,14,1040,2424,0.53
2026-09-13T22:41:01Z,55,64,31,4895,0,200,2424,0.57
2026-09-13T22:41:03Z,54,63,31,4391,0,200,2424,0.57
2026-09-13T22:41:05Z,69,65,31,4280,99,1413,1702,0.57
2026-09-13T22:41:08Z,68,68,31,3485,100,1535,1702,0.52
2026-09-13T22:41:10Z,71,69,31,3453,99,1365,1702,0.52
2026-09-13T22:41:12Z,71,70,31,3551,99,1535,1400,0.48
2026-09-13T22:41:14Z,71,71,31,3787,99,1325,1702,0.48
2026-09-13T22:41:16Z,72,72,31,4006,99,1321,1702,0.44
2026-09-13T22:41:18Z,72,73,31,4194,100,1592,1702,0.44
2026-09-13T22:41:20Z,75,73,31,4261,99,1389,1399,0.44
2026-09-13T22:41:22Z,73,74,31,4464,99,1418,2425,0.41
2026-09-13T22:41:24Z,72,73,31,4687,99,1407,1702,0.41
2026-09-13T22:41:26Z,74,73,31,4687,100,1600,1702,0.37
2026-09-13T22:41:28Z,73,74,31,4895,99,1334,1400,0.37
2026-09-13T22:41:30Z,75,75,31,5026,100,1400,1702,0.37
2026-09-13T22:41:32Z,74,75,31,5026,99,1600,1702,0.34
2026-09-13T22:41:34Z,75,75,31,5026,99,1533,1702,0.34
2026-09-13T22:41:37Z,75,76,31,5026,100,1540,1702,0.31
2026-09-13T22:41:39Z,74,76,31,5165,100,1600,2425,0.31
2026-09-13T22:41:41Z,75,76,31,5208,100,1488,1702,0.31
2026-09-13T22:41:43Z,73,76,31,5208,99,1600,1702,0.29
2026-09-13T22:41:45Z,70,75,31,5208,100,1461,1702,0.29
2026-09-13T22:41:47Z,75,75,31,5208,100,1387,1702,0.27
2026-09-13T22:41:49Z,74,75,31,5208,100,1600,1702,0.27
2026-09-13T22:41:51Z,75,75,31,5208,100,1475,1702,0.24
2026-09-13T22:41:53Z,75,76,31,5237,100,1523,1702,0.24
2026-09-13T22:41:55Z,77,76,31,5208,99,1345,1702,0.24
2026-09-13T22:41:57Z,75,76,31,5208,99,1361,1702,0.22
2026-09-13T22:41:59Z,73,76,31,5208,99,1443,1886,0.22
2026-09-13T22:42:01Z,75,76,31,5208,100,1423,1702,0.21
2026-09-13T22:42:03Z,75,76,31,5208,99,1521,1702,0.21
2026-09-13T22:42:05Z,73,76,31,5252,99,1421,1702,0.21
2026-09-13T22:42:08Z,74,75,31,5252,99,1600,1702,0.35
2026-09-13T22:42:10Z,75,75,31,5208,100,1358,1702,0.35
2026-09-13T22:42:12Z,75,76,31,5208,100,1600,2424,0.40
2026-09-13T22:42:14Z,76,76,31,5208,99,1600,1702,0.40
2026-09-13T22:42:16Z,75,76,31,5252,99,1522,1702,0.37
2026-09-13T22:42:18Z,76,76,31,5237,99,1453,1702,0.37
2026-09-13T22:42:20Z,70,76,31,5208,100,1171,2424,0.37
2026-09-13T22:42:22Z,75,76,31,5208,99,1313,1399,0.34
2026-09-13T22:42:24Z,75,76,31,5208,100,1600,2370,0.34
2026-09-13T22:42:26Z,73,76,31,5237,100,1478,1702,0.47
2026-09-13T22:42:28Z,75,75,31,5237,99,1351,1702,0.47
2026-09-13T22:42:30Z,75,76,31,5252,100,1307,1702,0.47
2026-09-13T22:42:32Z,74,76,31,5237,99,1600,1702,0.44
2026-09-13T22:42:34Z,72,76,31,5208,100,1600,1702,0.44
2026-09-13T22:42:37Z,76,76,31,5252,99,1371,1702,0.48
2026-09-13T22:42:39Z,76,76,31,5252,99,1449,1702,0.48
2026-09-13T22:42:41Z,74,76,31,5252,100,1403,1400,0.68
2026-09-13T22:42:43Z,77,76,31,5252,100,1381,1399,0.68
2026-09-13T22:42:45Z,73,76,31,5237,100,1344,1702,0.68
2026-09-13T22:42:47Z,73,76,30,5252,99,1422,1702,0.71
2026-09-13T22:42:49Z,76,75,31,5208,99,1471,1702,0.71
2026-09-13T22:42:51Z,76,76,31,5208,100,1532,1400,0.65
2026-09-13T22:42:53Z,76,76,31,5252,100,1363,1702,0.65
2026-09-13T22:42:55Z,76,76,31,5208,99,1416,1702,0.65
2026-09-13T22:42:57Z,75,76,31,5237,99,1316,1702,0.60
2026-09-13T22:42:59Z,72,76,31,5208,99,1600,1702,0.60
2026-09-13T22:43:01Z,75,76,31,5237,53,1439,2424,0.63
2026-09-13T22:43:03Z,76,76,31,5252,100,1600,1400,0.63
2026-09-13T22:43:06Z,76,76,31,5252,99,1511,1399,0.63
2026-09-13T22:43:08Z,73,76,31,5208,99,1581,1702,0.58
2026-09-13T22:43:10Z,75,75,31,5208,99,1600,1702,0.58
2026-09-13T22:43:12Z,76,76,31,5252,99,1316,1399,0.53
2026-09-13T22:43:14Z,75,76,31,5252,100,1600,1702,0.53
2026-09-13T22:43:16Z,76,76,31,5237,99,1382,1702,0.49
2026-09-13T22:43:18Z,76,77,31,5252,100,1532,1702,0.49
2026-09-13T22:43:20Z,76,77,31,5237,100,1448,1702,0.49
2026-09-13T22:43:22Z,75,77,31,5237,100,1321,2424,0.45
2026-09-13T22:43:24Z,76,76,31,5237,100,1600,1702,0.45
2026-09-13T22:43:26Z,76,76,30,5237,100,1371,1702,0.41
2026-09-13T22:43:28Z,73,76,31,5237,6,1460,1400,0.41
2026-09-13T22:43:30Z,75,75,30,5252,100,1339,1702,0.41
2026-09-13T22:43:32Z,75,76,31,5252,99,1600,1702,0.38
2026-09-13T22:43:35Z,76,76,31,5237,100,1478,1702,0.38
2026-09-13T22:43:37Z,77,76,30,5252,100,1498,1702,0.35
2026-09-13T22:43:39Z,78,76,30,5237,99,1482,1478,0.35
2026-09-13T22:43:41Z,76,77,30,5237,100,1377,1702,0.32
2026-09-13T22:43:43Z,76,77,31,5237,99,1600,2424,0.32
2026-09-13T22:43:45Z,76,76,31,5252,99,1359,1702,0.32
2026-09-13T22:43:47Z,76,77,31,5252,99,1600,1702,0.30
2026-09-13T22:43:49Z,72,76,31,5237,99,1518,1399,0.30
2026-09-13T22:43:51Z,75,76,31,5237,100,1515,1702,0.35
2026-09-13T22:43:53Z,76,76,30,5237,99,1373,1702,0.35
2026-09-13T22:43:55Z,77,76,30,5252,99,1600,1702,0.35
2026-09-13T22:43:57Z,76,76,30,5252,100,1600,1907,0.32
2026-09-13T22:43:59Z,75,77,30,5252,100,1402,2424,0.32
2026-09-13T22:44:01Z,76,77,30,5237,99,1318,1702,0.30
2026-09-13T22:44:04Z,73,77,30,5252,100,1600,2424,0.30
2026-09-13T22:44:06Z,76,76,30,5281,99,1600,1561,0.30
2026-09-13T22:44:08Z,75,77,30,5252,100,1541,1400,0.27
2026-09-13T22:44:10Z,74,76,30,5281,99,1462,1702,0.27
2026-09-13T22:44:12Z,76,76,30,5252,99,1447,1702,0.33
2026-09-13T22:44:14Z,76,76,30,5237,100,1600,1702,0.33
2026-09-13T22:44:16Z,76,76,30,5281,100,1509,1702,0.39
2026-09-13T22:44:18Z,76,76,30,5252,100,1519,1702,0.39
2026-09-13T22:44:20Z,76,76,30,5237,100,1405,2424,0.39
2026-09-13T22:44:22Z,74,77,30,5281,99,1600,1702,0.35
2026-09-13T22:44:24Z,76,77,30,5252,99,1600,2424,0.35
2026-09-13T22:44:26Z,76,77,30,5252,100,1600,2386,0.33
2026-09-13T22:44:28Z,76,77,30,5252,100,1521,1702,0.33
2026-09-13T22:44:30Z,74,76,30,5252,99,1467,1702,0.33
2026-09-13T22:44:33Z,70,76,30,5281,99,1236,2425,0.30
2026-09-13T22:44:35Z,75,76,30,5252,99,1513,1702,0.30
2026-09-13T22:44:37Z,74,76,30,5237,99,1418,2424,0.28
2026-09-13T22:44:39Z,77,76,30,5237,100,1333,1702,0.28
2026-09-13T22:44:41Z,75,77,30,5237,99,1236,2425,0.49
2026-09-13T22:44:43Z,76,77,30,5237,99,1509,1702,0.49
2026-09-13T22:44:45Z,77,77,30,5237,99,1363,1720,0.49
2026-09-13T22:44:47Z,76,77,30,5237,99,1386,1399,0.45
2026-09-13T22:44:49Z,74,77,31,5237,99,1329,1702,0.45
2026-09-13T22:44:51Z,73,77,30,5237,99,1377,1702,0.50
2026-09-13T22:44:53Z,69,76,30,5281,99,1040,2426,0.50
2026-09-13T22:44:55Z,76,76,30,5252,99,1358,1702,0.50
2026-09-13T22:44:57Z,74,76,30,5237,99,1322,1702,0.46
2026-09-13T22:44:59Z,76,76,30,5237,100,1600,1702,0.46
2026-09-13T22:45:01Z,75,77,30,5237,99,1600,2425,0.50
2026-09-13T22:45:03Z,78,77,30,5237,100,1432,1400,0.50
2026-09-13T22:45:06Z,77,77,30,5252,100,1350,1400,0.50
2026-09-13T22:45:08Z,77,77,30,5252,100,1359,1702,0.54
2026-09-13T22:45:10Z,72,77,30,5237,99,1600,1702,0.54
2026-09-13T22:45:12Z,73,77,30,5237,99,1412,1400,0.58
2026-09-13T22:45:14Z,65,76,30,5281,100,1040,2424,0.58
2026-09-13T22:45:16Z,76,76,30,5281,100,1600,1702,0.53
2026-09-13T22:45:18Z,73,76,30,5252,100,1600,1702,0.53
2026-09-13T22:45:20Z,76,76,30,5252,99,1600,2208,0.53
2026-09-13T22:45:22Z,75,77,30,5252,100,1507,2124,0.49
2026-09-13T22:45:24Z,78,77,30,5281,100,1356,1702,0.49
2026-09-13T22:45:26Z,76,77,30,5252,100,1350,1702,0.45
2026-09-13T22:45:28Z,76,77,30,5237,99,1353,1702,0.45
2026-09-13T22:45:30Z,72,77,30,5237,100,1600,1702,0.45
2026-09-13T22:45:32Z,73,77,30,5281,99,1454,1430,0.41
2026-09-13T22:45:35Z,68,76,30,5237,0,200,2424,0.41
2026-09-13T22:45:37Z,74,76,31,5281,100,1600,1702,0.38
2026-09-13T22:45:39Z,75,76,30,5237,99,1331,1702,0.38
2026-09-13T22:45:41Z,76,76,30,5237,99,1385,1702,0.38
2026-09-13T22:45:43Z,77,77,30,5252,100,1600,2424,0.51
2026-09-13T22:45:45Z,76,77,30,5237,100,1374,1702,0.51
2026-09-13T22:45:47Z,76,77,30,5252,100,1378,1399,0.47
2026-09-13T22:45:49Z,77,77,30,5252,100,1380,1702,0.47
2026-09-13T22:45:51Z,77,77,30,5252,99,1342,1702,0.43
2026-09-13T22:45:53Z,74,77,30,5281,99,1586,1702,0.43
2026-09-13T22:45:55Z,73,76,30,5237,99,1419,1399,0.43
2026-09-13T22:45:57Z,76,76,30,5252,99,1346,1702,0.40
2026-09-13T22:45:59Z,76,76,30,5281,99,1475,1702,0.40
2026-09-13T22:46:01Z,73,76,30,5237,99,1600,1702,0.36
2026-09-13T22:46:04Z,72,77,30,5237,99,1424,1702,0.36
2026-09-13T22:46:06Z,76,77,30,5237,100,1600,1702,0.36
2026-09-13T22:46:08Z,76,77,30,5252,100,1397,1702,0.34
2026-09-13T22:46:10Z,76,77,30,5237,99,1519,1702,0.34
2026-09-13T22:46:12Z,76,77,30,5252,100,1464,1702,0.31
2026-09-13T22:46:14Z,73,77,30,5237,100,1535,1702,0.31
2026-09-13T22:46:16Z,74,76,30,5237,100,1507,1702,0.36
2026-09-13T22:46:18Z,61,75,30,5252,0,200,2424,0.36
2026-09-13T22:46:20Z,59,73,30,5252,0,200,2424,0.36
2026-09-13T22:46:22Z,58,71,30,5237,14,1040,2424,0.41
2026-09-13T22:46:24Z,57,69,30,5281,12,1040,2425,0.41
2026-09-13T22:46:26Z,56,66,30,4770,0,200,2424,0.46
2026-09-13T22:46:28Z,56,64,30,4687,0,200,2424,0.46
2026-09-13T22:46:30Z,67,64,30,4573,99,1351,2424,0.46
2026-09-13T22:46:32Z,70,68,30,3765,99,1453,1702,0.42
2026-09-13T22:46:34Z,71,70,30,3727,99,1385,1702,0.42
2026-09-13T22:46:37Z,72,71,30,3735,99,1375,1580,0.39
2026-09-13T22:46:39Z,72,72,30,3765,100,1389,1702,0.39
2026-09-13T22:46:41Z,72,73,30,4093,99,1389,1702,0.39
2026-09-13T22:46:43Z,74,74,30,4232,100,1375,1702,0.36
2026-09-13T22:46:45Z,74,74,30,4464,100,1347,2424,0.36
2026-09-13T22:46:47Z,75,75,30,4595,99,1381,1702,0.33
2026-09-13T22:46:49Z,75,75,30,4746,99,1374,1702,0.33
2026-09-13T22:46:51Z,75,75,30,4870,100,1329,2424,0.38
2026-09-13T22:46:53Z,75,75,31,5000,99,1386,1399,0.38
2026-09-13T22:46:55Z,75,76,30,5208,100,1406,1702,0.38
2026-09-13T22:46:57Z,75,76,30,5252,99,1380,1702,0.35
2026-09-13T22:46:59Z,75,76,30,5252,100,1325,2424,0.35
2026-09-13T22:47:01Z,73,75,31,5208,100,1357,1702,0.32
2026-09-13T22:47:03Z,73,75,31,5208,100,1415,1702,0.32
2026-09-13T22:47:06Z,67,75,30,5208,100,1040,2424,0.32
2026-09-13T22:47:08Z,75,75,30,5208,99,1372,1702,0.30
2026-09-13T22:47:10Z,76,76,30,5252,99,1375,1702,0.30
2026-09-13T22:47:12Z,76,76,30,5208,100,1414,1702,0.27
2026-09-13T22:47:14Z,76,76,31,5208,100,1389,1702,0.27
2026-09-13T22:47:16Z,76,76,31,5237,100,1385,1702,0.25
2026-09-13T22:47:18Z,76,76,30,5208,99,1374,1702,0.25
2026-09-13T22:47:20Z,76,76,30,5208,99,1327,2424,0.25
2026-09-13T22:47:22Z,76,76,30,5252,100,1376,1702,0.23
2026-09-13T22:47:24Z,77,76,30,5208,100,1378,1702,0.23
2026-09-13T22:47:26Z,77,76,30,5237,99,1377,1702,0.21
2026-09-13T22:47:28Z,75,76,30,5208,99,1527,1702,0.21
2026-09-13T22:47:30Z,76,76,30,5237,99,1443,1702,0.21
2026-09-13T22:47:32Z,75,77,30,5237,100,1397,1702,0.20
2026-09-13T22:47:34Z,76,77,30,5357,100,1384,1702,0.20
2026-09-13T22:47:37Z,74,76,30,5387,99,1440,1672,0.26
2026-09-13T22:47:39Z,72,76,30,5387,99,1371,1702,0.26
2026-09-13T22:47:41Z,73,75,30,5434,48,1557,1702,0.26
2026-09-13T22:47:43Z,75,75,30,5403,99,1364,1702,0.40
2026-09-13T22:47:45Z,76,76,30,5403,99,1416,1702,0.40
2026-09-13T22:47:47Z,76,76,30,5387,99,1545,1399,0.45
2026-09-13T22:47:49Z,76,76,30,5403,99,1428,1702,0.45
2026-09-13T22:47:51Z,76,76,30,5434,100,1377,1702,0.41
2026-09-13T22:47:53Z,76,76,30,5403,99,1388,1702,0.41
2026-09-13T22:47:55Z,75,76,30,5403,100,1347,2424,0.41
2026-09-13T22:47:57Z,76,76,30,5403,99,1375,1702,0.46
2026-09-13T22:47:59Z,76,76,30,5387,100,1380,1702,0.46
2026-09-13T22:48:01Z,75,76,30,5434,100,1380,1702,0.42
2026-09-13T22:48:04Z,76,76,30,5387,100,1324,2424,0.42
2026-09-13T22:48:06Z,76,76,30,5387,100,1407,1400,0.42
2026-09-13T22:48:08Z,75,76,30,5403,99,1391,1702,0.39
2026-09-13T22:48:10Z,75,76,30,5387,100,1391,1702,0.39
2026-09-13T22:48:12Z,73,76,30,5387,99,1387,1702,0.44
2026-09-13T22:48:14Z,73,76,30,5434,100,1423,1702,0.44
2026-09-13T22:48:16Z,72,75,30,5434,100,1387,1702,0.48
2026-09-13T22:48:18Z,75,75,30,5403,100,1368,1702,0.48
2026-09-13T22:48:20Z,75,75,30,5403,99,1424,1400,0.48
2026-09-13T22:48:22Z,76,76,30,5434,99,1371,1399,0.44
2026-09-13T22:48:24Z,75,76,30,5387,100,1381,1702,0.44
2026-09-13T22:48:26Z,75,76,30,5387,100,1371,1702,0.41
2026-09-13T22:48:28Z,76,76,30,5434,100,1409,1702,0.41
2026-09-13T22:48:30Z,76,76,30,5403,99,1383,1702,0.41
2026-09-13T22:48:33Z,76,76,30,5387,100,1374,1702,0.46
2026-09-13T22:48:35Z,77,76,30,5403,100,1373,1702,0.46
2026-09-13T22:48:37Z,75,76,30,5434,100,1380,1702,0.42
2026-09-13T22:48:39Z,78,76,30,5403,100,1327,2424,0.42
2026-09-13T22:48:41Z,75,76,30,5434,100,1387,1399,0.47
2026-09-13T22:48:43Z,75,76,30,5434,100,1424,1702,0.47
2026-09-13T22:48:45Z,76,76,30,5434,100,1364,1399,0.47
2026-09-13T22:48:47Z,76,76,30,5434,100,1324,2426,0.43
2026-09-13T22:48:49Z,73,76,30,5387,36,1422,1399,0.43
2026-09-13T22:48:51Z,73,75,30,5434,100,1355,1702,0.47
2026-09-13T22:48:53Z,65,75,30,5434,0,200,2424,0.47
2026-09-13T22:48:55Z,75,75,30,5403,100,1600,1702,0.47
2026-09-13T22:48:57Z,75,76,30,5387,100,1600,1702,0.44
2026-09-13T22:48:59Z,75,76,30,5403,99,1599,1702,0.44
2026-09-13T22:49:01Z,75,76,30,5434,99,1382,1702,0.40
2026-09-13T22:49:04Z,75,76,30,5403,100,1600,1702,0.40
2026-09-13T22:49:06Z,75,76,30,5387,99,1599,1702,0.40
2026-09-13T22:49:08Z,75,76,30,5434,99,1330,2424,0.37
2026-09-13T22:49:10Z,75,76,30,5387,99,1381,1702,0.37
2026-09-13T22:49:12Z,76,76,30,5434,99,1375,1702,0.34
2026-09-13T22:49:14Z,76,76,30,5434,99,1390,1702,0.34
2026-09-13T22:49:16Z,70,76,30,5434,100,1406,2380,0.39
2026-09-13T22:49:18Z,75,76,30,5387,100,1600,1702,0.39
2026-09-13T22:49:20Z,76,76,30,5434,100,1600,1702,0.39
2026-09-13T22:49:22Z,76,76,30,5434,99,1392,1702,0.36
2026-09-13T22:49:24Z,73,76,30,5434,99,1406,1400,0.36
2026-09-13T22:49:26Z,72,75,30,5434,99,1412,1702,0.33
2026-09-13T22:49:28Z,73,75,30,5434,99,1337,1702,0.33
2026-09-13T22:49:30Z,76,74,30,5403,100,1388,1399,0.33
2026-09-13T22:49:33Z,75,75,30,5434,99,1373,1702,0.30
2026-09-13T22:49:35Z,75,76,30,5403,100,1371,1702,0.30
2026-09-13T22:49:37Z,75,76,30,5434,100,1345,2424,0.28
2026-09-13T22:49:39Z,76,76,30,5434,99,1385,1702,0.28
2026-09-13T22:49:41Z,76,76,30,5434,100,1379,1702,0.26
2026-09-13T22:49:43Z,75,76,30,5434,99,1319,2424,0.26
2026-09-13T22:49:45Z,76,76,30,5434,99,1367,1702,0.26
2026-09-13T22:49:47Z,75,76,30,5403,99,1334,1702,0.24
2026-09-13T22:49:49Z,72,76,30,5434,99,1392,1702,0.24
2026-09-13T22:49:51Z,75,76,30,5434,100,1600,2424,0.30
2026-09-13T22:49:53Z,75,76,30,5434,99,1382,1702,0.30
2026-09-13T22:49:55Z,75,76,30,5434,99,1379,1702,0.30
2026-09-13T22:49:57Z,76,76,30,5403,100,1379,1702,0.27
2026-09-13T22:49:59Z,71,76,30,5434,100,1352,2424,0.27
2026-09-13T22:50:01Z,72,76,30,5434,51,1452,1702,0.25
2026-09-13T22:50:04Z,73,75,30,5434,99,1358,1702,0.25
2026-09-13T22:50:06Z,69,75,30,5403,99,1240,2424,0.25
2026-09-13T22:50:08Z,75,75,30,5387,100,1379,1702,0.23
2026-09-13T22:50:10Z,75,76,30,5434,99,1380,1702,0.23
2026-09-13T22:50:12Z,75,76,30,5387,100,1599,1702,0.29
2026-09-13T22:50:14Z,75,76,30,5434,99,1362,1702,0.29
2026-09-13T22:50:16Z,77,76,30,5434,100,1377,1702,0.27
2026-09-13T22:50:18Z,75,76,30,5387,99,1391,1702,0.27
2026-09-13T22:50:20Z,75,76,30,5434,100,1387,2426,0.27
2026-09-13T22:50:22Z,76,76,30,5434,100,1370,1702,0.25
2026-09-13T22:50:24Z,75,76,30,5434,100,1377,1702,0.25
2026-09-13T22:50:26Z,75,76,30,5434,99,1330,2424,0.23
2026-09-13T22:50:28Z,75,76,30,5434,100,1600,1702,0.23
2026-09-13T22:50:30Z,75,76,30,5387,99,1556,1702,0.23
2026-09-13T22:50:33Z,75,76,30,5434,100,1382,1702,0.21
2026-09-13T22:50:35Z,75,76,30,5403,100,1412,1702,0.21
2026-09-13T22:50:37Z,73,76,30,5403,100,1334,1399,0.19
2026-09-13T22:50:39Z,73,75,30,5434,100,1417,1702,0.19
2026-09-13T22:50:41Z,73,75,30,5434,99,1368,1702,0.34
2026-09-13T22:50:43Z,76,74,30,5434,99,1388,1702,0.34
2026-09-13T22:50:45Z,75,75,30,5403,100,1389,1702,0.34
2026-09-13T22:50:47Z,75,76,30,5434,100,1376,1702,0.31
2026-09-13T22:50:49Z,75,76,30,5434,100,1397,1702,0.31
2026-09-13T22:50:51Z,75,76,30,5434,100,1373,1702,0.28
2026-09-13T22:50:53Z,76,76,30,5434,99,1393,1702,0.28
2026-09-13T22:50:55Z,75,76,30,5434,99,1338,2424,0.28
2026-09-13T22:50:57Z,76,76,30,5434,99,1385,1702,0.34
2026-09-13T22:50:59Z,76,76,30,5434,100,1378,1702,0.34
2026-09-13T22:51:02Z,75,76,30,5434,100,1375,1399,0.31
2026-09-13T22:51:04Z,75,76,30,5434,100,1390,1702,0.31
2026-09-13T22:51:06Z,76,76,30,5434,99,1377,1702,0.31
2026-09-13T22:51:08Z,75,76,30,5434,100,1423,1702,0.29
2026-09-13T22:51:10Z,75,76,30,5387,99,1346,1702,0.29
2026-09-13T22:51:12Z,73,76,30,5434,99,1375,1702,0.35
2026-09-13T22:51:14Z,72,75,30,5434,99,1355,1400,0.35
2026-09-13T22:51:16Z,73,75,30,5387,99,1400,1399,0.40
2026-09-13T22:51:18Z,75,74,30,5403,100,1395,1702,0.40
2026-09-13T22:51:20Z,75,75,30,5434,99,1392,1702,0.40
2026-09-13T22:51:22Z,75,76,30,5434,100,1380,1702,0.37
2026-09-13T22:51:24Z,75,76,30,5403,99,1338,2425,0.37
2026-09-13T22:51:26Z,76,76,30,5403,100,1394,1702,0.34
2026-09-13T22:51:28Z,76,76,30,5434,99,1426,1702,0.34
2026-09-13T22:51:31Z,75,76,30,5434,100,1382,1702,0.34
2026-09-13T22:51:33Z,76,76,30,5434,99,1372,1702,0.47
2026-09-13T22:51:35Z,75,76,30,5434,100,1381,1702,0.47
2026-09-13T22:51:37Z,77,76,30,5387,99,1378,1702,0.43
2026-09-13T22:51:39Z,76,76,30,5403,99,1295,2424,0.43
2026-09-13T22:51:41Z,75,76,30,5387,99,1377,1702,0.40
2026-09-13T22:51:43Z,75,76,30,5403,100,1371,1702,0.40
2026-09-13T22:51:45Z,75,76,30,5434,100,1358,1702,0.40
2026-09-13T22:51:47Z,75,76,30,5434,100,1324,2426,0.53
2026-09-13T22:51:49Z,72,75,30,5434,99,1474,1702,0.53
2026-09-13T22:51:51Z,73,75,30,5403,99,1337,1702,0.48
2026-09-13T22:51:53Z,68,74,30,5434,100,1040,2424,0.48
2026-09-13T22:51:55Z,77,75,30,5403,100,1377,1702,0.48
2026-09-13T22:51:57Z,77,76,30,5434,100,1376,1702,0.44
2026-09-13T22:52:00Z,75,76,30,5434,99,1382,1702,0.44
2026-09-13T22:52:02Z,77,76,30,5434,100,1379,1702,0.41
2026-09-13T22:52:04Z,77,76,30,5403,100,1381,1702,0.41
2026-09-13T22:52:06Z,77,76,30,5403,100,1380,1702,0.41
2026-09-13T22:52:08Z,75,76,30,5434,100,1339,2424,0.38
2026-09-13T22:52:10Z,75,76,30,5403,99,1599,1702,0.38
2026-09-13T22:52:12Z,76,76,30,5434,100,1600,1702,0.35
2026-09-13T22:52:14Z,75,76,30,5434,100,1600,1933,0.35
2026-09-13T22:52:16Z,76,76,30,5434,99,1388,1399,0.32
2026-09-13T22:52:18Z,75,76,30,5403,99,1377,1400,0.32
2026-09-13T22:52:20Z,75,76,30,5434,99,1359,1702,0.32
2026-09-13T22:52:22Z,76,76,30,5387,99,1341,1702,0.29
2026-09-13T22:52:24Z,73,76,30,5434,99,1366,1702,0.29
2026-09-13T22:52:26Z,73,75,30,5387,100,1353,1702,0.35
2026-09-13T22:52:29Z,73,75,30,5434,99,1339,1702,0.35
2026-09-13T22:52:31Z,77,74,30,5387,99,1376,1702,0.35
2026-09-13T22:52:33Z,75,75,30,5434,99,1376,1702,0.32
2026-09-13T22:52:35Z,75,76,30,5434,100,1379,1702,0.32
2026-09-13T22:52:37Z,77,76,30,5403,100,1378,1702,0.37
2026-09-13T22:52:39Z,77,76,30,5434,100,1351,1702,0.37
2026-09-13T22:52:41Z,76,76,30,5387,99,1375,1702,0.34
2026-09-13T22:52:43Z,75,76,30,5434,99,1282,2424,0.34
2026-09-13T22:52:45Z,75,76,30,5434,100,1600,1702,0.34
2026-09-13T22:52:47Z,76,76,30,5387,99,1600,1702,0.32
2026-09-13T22:52:49Z,75,76,30,5434,100,1379,1702,0.32
2026-09-13T22:52:51Z,75,76,30,5434,99,1336,2424,0.37
2026-09-13T22:52:53Z,76,76,30,5387,100,1379,1702,0.37
2026-09-13T22:52:55Z,76,76,30,5403,100,1362,1399,0.37
2026-09-13T22:52:58Z,71,76,30,5403,100,1526,1702,0.34
2026-09-13T22:53:00Z,72,76,30,5434,99,1362,1702,0.34
2026-09-13T22:53:02Z,73,75,30,5434,99,1354,1702,0.47
2026-09-13T22:53:04Z,73,75,30,5434,99,1344,1702,0.47
2026-09-13T22:53:06Z,75,74,30,5403,100,1420,1702,0.47
2026-09-13T22:53:08Z,71,75,30,5403,99,1375,1702,0.44
2026-09-13T22:53:10Z,75,76,30,5434,99,1339,1702,0.44
2026-09-13T22:53:12Z,72,76,30,5434,99,1595,1819,0.40
2026-09-13T22:53:14Z,75,76,30,5434,100,1531,1702,0.40
2026-09-13T22:53:16Z,76,76,30,5434,100,1600,1702,0.37
2026-09-13T22:53:18Z,75,76,30,5403,100,1600,1702,0.37
2026-09-13T22:53:20Z,75,76,30,5403,99,1378,1702,0.37
2026-09-13T22:53:22Z,76,76,30,5403,100,1404,1702,0.34
2026-09-13T22:53:24Z,76,76,30,5387,99,1389,1702,0.34
2026-09-13T22:53:27Z,75,76,30,5387,99,1334,2425,0.39
2026-09-13T22:53:29Z,75,76,30,5403,100,1369,1702,0.39
2026-09-13T22:53:31Z,71,76,30,5387,100,1433,1702,0.39
2026-09-13T22:53:33Z,75,76,30,5434,100,1600,1702,0.36
2026-09-13T22:53:35Z,75,76,30,5387,99,1342,2424,0.36
2026-09-13T22:53:37Z,73,76,30,5434,100,1438,1745,0.33
2026-09-13T22:53:39Z,73,75,30,5434,99,1357,1702,0.33
2026-09-13T22:53:41Z,67,75,30,5387,99,1040,2424,0.47
2026-09-13T22:53:43Z,75,74,30,5403,100,1384,1702,0.47
2026-09-13T22:53:45Z,75,75,30,5434,100,1392,1702,0.47
2026-09-13T22:53:47Z,75,76,30,5434,99,1380,1400,0.43
2026-09-13T22:53:49Z,75,76,30,5434,100,1388,1702,0.43
2026-09-13T22:53:51Z,76,76,30,5403,99,1410,1702,0.39
2026-09-13T22:53:53Z,75,76,30,5434,99,1410,1702,0.39
2026-09-13T22:53:55Z,75,76,30,5434,99,1338,2424,0.39
2026-09-13T22:53:58Z,76,76,30,5434,100,1375,1702,0.36
2026-09-13T22:54:00Z,76,76,30,5403,99,1378,1702,0.36
2026-09-13T22:54:02Z,75,76,30,5434,99,1350,1399,0.33
2026-09-13T22:54:04Z,74,76,30,5403,99,1360,1517,0.33
2026-09-13T22:54:06Z,75,76,30,5434,100,1380,1702,0.33
2026-09-13T22:54:08Z,76,76,30,5387,100,1372,1702,0.47
2026-09-13T22:54:10Z,75,76,30,5434,100,1365,1702,0.47
2026-09-13T22:54:12Z,73,76,30,5403,99,1343,1702,0.51
2026-09-13T22:54:14Z,73,75,30,5434,99,1410,1702,0.51
2026-09-13T22:54:16Z,73,75,30,5434,100,1338,1702,0.47
2026-09-13T22:54:18Z,75,74,30,5403,99,1379,1702,0.47
2026-09-13T22:54:20Z,76,75,30,5434,99,1378,1702,0.47
2026-09-13T22:54:22Z,75,76,30,5434,99,1377,1400,0.43
2026-09-13T22:54:25Z,75,76,30,5434,99,1372,1702,0.43
2026-09-13T22:54:27Z,76,76,30,5434,99,1377,1702,0.40
2026-09-13T22:54:29Z,76,76,30,5434,100,1379,1702,0.40
2026-09-13T22:54:31Z,75,76,30,5403,99,1332,2425,0.40
2026-09-13T22:54:33Z,72,76,30,5403,99,1482,1702,0.44
2026-09-13T22:54:35Z,71,76,30,5434,100,1592,1702,0.44
2026-09-13T22:54:37Z,72,76,30,5403,99,1598,1702,0.41
2026-09-13T22:54:39Z,75,76,30,5403,100,1330,2424,0.41
2026-09-13T22:54:41Z,76,76,30,5434,100,1376,1702,0.38
2026-09-13T22:54:43Z,76,76,30,5387,100,1359,1702,0.38
2026-09-13T22:54:45Z,77,76,30,5434,99,1362,1702,0.38
2026-09-13T22:54:47Z,73,76,30,5434,100,1424,1400,0.35
2026-09-13T22:54:49Z,72,75,30,5403,1,1433,1400,0.35
2026-09-13T22:54:51Z,74,75,30,5403,99,1479,1702,0.32
2026-09-13T22:54:53Z,76,74,30,5434,99,1355,1702,0.32
2026-09-13T22:54:56Z,75,75,30,5387,100,1375,1702,0.32
2026-09-13T22:54:58Z,76,75,30,5387,100,1374,1702,0.29
2026-09-13T22:55:00Z,75,76,30,5434,99,1382,1702,0.29
2026-09-13T22:55:02Z,78,76,30,5434,100,1382,1702,0.27
2026-09-13T22:55:04Z,75,76,30,5403,99,1383,1702,0.27
2026-09-13T22:55:06Z,76,76,30,5434,100,1379,1702,0.25
2026-09-13T22:55:08Z,76,76,30,5387,100,1361,1702,0.25
2026-09-13T22:55:10Z,71,76,30,5434,100,1487,1702,0.25
2026-09-13T22:55:12Z,74,76,30,5387,100,1378,1399,0.23
2026-09-13T22:55:14Z,72,76,30,5387,99,1600,2424,0.23
2026-09-13T22:55:16Z,76,76,30,5434,99,1379,1702,0.21
2026-09-13T22:55:18Z,77,76,30,5387,99,1349,1702,0.21
2026-09-13T22:55:20Z,73,76,30,5434,100,1331,1702,0.21
2026-09-13T22:55:22Z,75,76,30,5434,99,1531,2424,0.19
2026-09-13T22:55:25Z,72,75,30,5387,100,1357,1702,0.19
2026-09-13T22:55:27Z,72,75,30,5434,99,1339,1702,0.18
2026-09-13T22:55:29Z,66,75,30,5403,0,200,2424,0.18
2026-09-13T22:55:31Z,60,73,30,5434,0,200,2424,0.18
2026-09-13T22:55:33Z,58,71,30,5403,0,200,2424,0.16
2026-09-13T22:55:35Z,57,69,30,5281,37,1040,2424,0.16
2026-09-13T22:55:37Z,56,67,30,5296,16,1040,2424,0.23
2026-09-13T22:55:39Z,55,65,30,5000,0,200,2424,0.23
2026-09-13T22:55:41Z,54,64,30,4380,0,200,2424,0.29
2026-09-13T22:55:43Z,68,64,30,4360,99,1370,1399,0.29
2026-09-13T22:55:45Z,66,68,30,3626,99,1600,1702,0.29
2026-09-13T22:55:47Z,68,69,30,3571,99,1600,1702,0.27
2026-09-13T22:55:49Z,68,70,30,3698,100,1389,1702,0.27
2026-09-13T22:55:51Z,72,71,30,3712,100,1600,1702,0.25
2026-09-13T22:55:53Z,72,72,30,3989,100,1600,1400,0.25
2026-09-13T22:55:55Z,67,73,30,4261,100,1040,2424,0.25
2026-09-13T22:55:58Z,73,73,30,4330,99,1600,1702,0.23
2026-09-13T22:56:00Z,74,74,30,4595,100,1471,1702,0.23
2026-09-13T22:56:02Z,71,74,30,4652,99,1435,1702,0.21
2026-09-13T22:56:04Z,72,73,30,4652,99,1518,1702,0.21
2026-09-13T22:56:06Z,74,73,30,4770,99,1518,1399,0.21
2026-09-13T22:56:08Z,75,74,30,5067,100,1407,1702,0.19
2026-09-13T22:56:10Z,75,75,30,5136,100,1600,1702,0.19
2026-09-13T22:56:12Z,75,75,30,5136,100,1600,2169,0.17
2026-09-13T22:56:14Z,75,75,30,5165,99,1413,2424,0.17
2026-09-13T22:56:16Z,74,76,30,5179,99,1315,1399,0.16
2026-09-13T22:56:18Z,74,76,30,5136,100,1600,2426,0.16
2026-09-13T22:56:20Z,74,76,30,5165,100,1600,1590,0.16
2026-09-13T22:56:22Z,75,76,30,5179,99,1537,1702,0.15
2026-09-13T22:56:24Z,72,76,30,5179,100,1464,1702,0.15
2026-09-13T22:56:27Z,72,75,30,5179,99,1469,1702,0.14
2026-09-13T22:56:29Z,69,75,30,5179,100,1139,2424,0.14
2026-09-13T22:56:31Z,77,75,30,5179,100,1350,1702,0.14
2026-09-13T22:56:33Z,75,75,30,5208,100,1313,2424,0.12
2026-09-13T22:56:35Z,75,76,30,5165,100,1600,1702,0.12
2026-09-13T22:56:37Z,75,76,30,5208,99,1600,2424,0.11
2026-09-13T22:56:39Z,75,76,30,5165,100,1383,1702,0.11
2026-09-13T22:56:41Z,76,76,30,5252,99,1345,1400,0.18
2026-09-13T22:56:43Z,76,76,30,5281,100,1368,1702,0.18
2026-09-13T22:56:45Z,73,76,30,5281,100,1600,1702,0.18
2026-09-13T22:56:47Z,72,76,30,5281,100,1509,1702,0.17
2026-09-13T22:56:49Z,74,76,30,5237,100,1364,1702,0.17
2026-09-13T22:56:51Z,66,75,30,5281,0,200,2424,0.24
2026-09-13T22:56:53Z,76,75,30,5252,99,1345,1702,0.24
2026-09-13T22:56:55Z,76,76,30,5281,99,1480,1702,0.24
2026-09-13T22:56:58Z,76,76,30,5281,100,1363,1702,0.22
2026-09-13T22:57:00Z,75,76,30,5281,99,1336,1702,0.22
2026-09-13T22:57:02Z,76,76,30,5237,100,1600,2424,0.20
2026-09-13T22:57:04Z,76,76,30,5281,100,1550,1399,0.20
2026-09-13T22:57:06Z,76,76,30,5281,99,1600,1702,0.20
2026-09-13T22:57:08Z,76,76,30,5281,99,1473,1702,0.18
2026-09-13T22:57:10Z,73,76,30,5281,99,1467,1702,0.18
2026-09-13T22:57:12Z,74,76,30,5281,99,1591,1399,0.17
2026-09-13T22:57:14Z,74,75,30,5281,99,1476,1702,0.17
2026-09-13T22:57:16Z,76,75,30,5281,99,1376,1702,0.16
2026-09-13T22:57:18Z,75,76,30,5281,100,1600,2344,0.16
2026-09-13T22:57:20Z,75,76,30,5281,100,1546,1400,0.16
2026-09-13T22:57:22Z,76,76,30,5281,100,1600,1702,0.14
2026-09-13T22:57:24Z,76,76,30,5281,100,1335,1702,0.14
2026-09-13T22:57:27Z,74,76,30,5281,99,1309,1702,0.13
2026-09-13T22:57:29Z,77,77,30,5281,100,1361,1702,0.13
2026-09-13T22:57:31Z,73,76,30,5281,100,1600,1702,0.13
2026-09-13T22:57:33Z,75,77,30,5281,100,1415,2425,0.12
2026-09-13T22:57:35Z,73,76,30,5281,99,1445,1399,0.12
2026-09-13T22:57:37Z,73,76,30,5281,0,1510,1400,0.11
2026-09-13T22:57:39Z,76,75,30,5281,100,1600,1400,0.11
2026-09-13T22:57:41Z,76,76,30,5281,100,1373,1702,0.10
2026-09-13T22:57:43Z,76,76,30,5281,99,1524,1401,0.10
2026-09-13T22:57:45Z,76,76,30,5281,100,1519,1400,0.10
2026-09-13T22:57:47Z,76,76,30,5281,100,1433,1702,0.17
2026-09-13T22:57:49Z,75,76,30,5281,99,1310,1702,0.17
2026-09-13T22:57:51Z,75,76,30,5311,25,1170,2424,0.24
2026-09-13T22:57:53Z,76,76,30,5281,100,1600,1702,0.24
2026-09-13T22:57:56Z,76,76,30,5281,99,1523,1400,0.24
2026-09-13T22:57:58Z,74,76,30,5281,99,1508,1702,0.30
2026-09-13T22:58:00Z,73,76,30,5281,99,1447,1399,0.30
2026-09-13T22:58:02Z,75,75,30,5281,99,1600,1702,0.44
2026-09-13T22:58:04Z,73,75,30,5281,99,1466,1702,0.44
2026-09-13T22:58:06Z,77,76,30,5281,100,1396,1702,0.40
2026-09-13T22:58:08Z,76,76,30,5281,99,1600,1702,0.40
2026-09-13T22:58:10Z,76,76,30,5281,100,1551,1702,0.40
2026-09-13T22:58:12Z,76,77,30,5281,99,1466,1702,0.37
2026-09-13T22:58:14Z,75,77,30,5311,99,1230,2424,0.37
2026-09-13T22:58:16Z,76,77,30,5281,100,1336,1702,0.34
2026-09-13T22:58:18Z,75,77,30,5281,99,1600,1702,0.34
2026-09-13T22:58:20Z,74,76,30,5281,99,1347,1400,0.34
2026-09-13T22:58:22Z,73,76,30,5281,100,1430,1702,0.39
2026-09-13T22:58:25Z,71,75,30,5281,100,1428,2426,0.39
2026-09-13T22:58:27Z,72,75,30,5281,99,1600,1702,0.36
2026-09-13T22:58:29Z,73,76,30,5281,100,1600,1702,0.36
2026-09-13T22:58:31Z,76,76,30,5281,100,1388,1399,0.36
2026-09-13T22:58:33Z,76,76,30,5281,99,1469,2424,0.33
2026-09-13T22:58:35Z,78,77,30,5311,99,1358,1702,0.33
2026-09-13T22:58:37Z,76,77,30,5281,100,1321,2399,0.31
2026-09-13T22:58:39Z,72,77,30,5311,99,1600,1702,0.31
2026-09-13T22:58:41Z,75,77,30,5281,100,1586,1702,0.28
2026-09-13T22:58:43Z,73,76,30,5311,99,1415,1702,0.28
2026-09-13T22:58:45Z,73,76,30,5281,99,1458,1702,0.28
2026-09-13T22:58:47Z,65,75,30,5281,0,200,2425,0.26
2026-09-13T22:58:49Z,75,75,30,5281,100,1600,1702,0.26
2026-09-13T22:58:51Z,75,76,30,5326,100,1600,1702,0.24
2026-09-13T22:58:53Z,76,76,30,5281,100,1600,1399,0.24
2026-09-13T22:58:56Z,76,76,30,5281,99,1375,2086,0.24
2026-09-13T22:58:58Z,76,77,30,5326,99,1348,1702,0.30
2026-09-13T22:59:00Z,75,77,30,5281,99,1316,1702,0.30
2026-09-13T22:59:02Z,78,77,30,5326,99,1393,1702,0.27
2026-09-13T22:59:04Z,72,77,30,5326,99,1416,1702,0.27
2026-09-13T22:59:06Z,73,77,30,5311,100,1371,1702,0.33
2026-09-13T22:59:08Z,74,76,30,5311,100,1441,1702,0.33
2026-09-13T22:59:10Z,73,75,30,5281,100,1430,1702,0.33
2026-09-13T22:59:12Z,76,75,30,5281,99,1349,1702,0.31
2026-09-13T22:59:14Z,78,76,30,5311,99,1364,1702,0.31
2026-09-13T22:59:16Z,72,76,30,5281,100,1600,1702,0.28
2026-09-13T22:59:18Z,72,76,30,5281,100,1525,1702,0.28
2026-09-13T22:59:20Z,76,77,30,5281,100,1459,1702,0.28
2026-09-13T22:59:22Z,77,77,30,5326,99,1477,1702,0.26
2026-09-13T22:59:25Z,76,77,30,5311,99,1351,1702,0.26
2026-09-13T22:59:27Z,79,77,30,5281,99,1397,1702,0.24
2026-09-13T22:59:29Z,74,77,30,5311,99,1274,2424,0.24
2026-09-13T22:59:31Z,74,76,30,5281,99,1418,1702,0.24
2026-09-13T22:59:33Z,74,76,30,5281,99,1503,1702,0.22
2026-09-13T22:59:35Z,74,75,30,5281,99,1302,1702,0.22
2026-09-13T22:59:37Z,76,76,30,5281,99,1381,1702,0.20
2026-09-13T22:59:39Z,72,76,30,5326,100,1423,1702,0.20
2026-09-13T22:59:41Z,76,77,30,5281,99,1311,1702,0.18
2026-09-13T22:59:43Z,76,77,30,5281,99,1600,1702,0.18
2026-09-13T22:59:45Z,76,77,30,5326,99,1397,1702,0.18
2026-09-13T22:59:47Z,69,77,30,5281,99,1251,2424,0.17
2026-09-13T22:59:49Z,78,77,30,5326,100,1393,1702,0.17
2026-09-13T22:59:51Z,71,77,30,5326,99,1377,1702,0.16
2026-09-13T22:59:54Z,74,76,30,5281,100,1585,1399,0.16
2026-09-13T22:59:56Z,73,76,30,5281,99,1469,1702,0.16
2026-09-13T22:59:58Z,75,75,30,5281,99,1336,1702,0.14
2026-09-13T23:00:00Z,76,76,30,5281,100,1460,1702,0.14
2026-09-13T23:00:02Z,76,76,30,5326,100,1338,1702,0.13
2026-09-13T23:00:04Z,75,76,30,5281,100,1323,1702,0.13
2026-09-13T23:00:06Z,75,77,30,5281,100,1600,1557,0.20
2026-09-13T23:00:08Z,76,77,30,5326,100,1600,1702,0.20
2026-09-13T23:00:10Z,76,77,30,5281,100,1322,2424,0.20
2026-09-13T23:00:12Z,76,76,30,5281,100,1402,1702,0.18
2026-09-13T23:00:14Z,76,77,30,5311,99,1387,1702,0.18
2026-09-13T23:00:16Z,73,76,30,5311,99,1583,1399,0.17
2026-09-13T23:00:18Z,73,76,30,5281,100,1555,1702,0.17
2026-09-13T23:00:20Z,69,75,30,5311,99,1182,2424,0.17
2026-09-13T23:00:23Z,76,75,30,5311,99,1380,1702,0.16
2026-09-13T23:00:25Z,75,76,30,5326,99,1435,2424,0.16
2026-09-13T23:00:27Z,72,76,30,5281,100,1530,1399,0.14
2026-09-13T23:00:29Z,72,77,30,5281,99,1600,2424,0.14
2026-09-13T23:00:31Z,76,77,30,5281,100,1541,1702,0.14
2026-09-13T23:00:33Z,77,77,30,5281,99,1362,1702,0.13
2026-09-13T23:00:35Z,76,77,30,5326,99,1509,1702,0.13
2026-09-13T23:00:37Z,77,77,30,5281,100,1338,1702,0.12
2026-09-13T23:00:39Z,73,76,30,5326,100,1329,1400,0.12
2026-09-13T23:00:41Z,73,76,30,5281,99,1481,1702,0.11
2026-09-13T23:00:43Z,66,75,30,5311,0,200,2425,0.11
2026-09-13T23:00:45Z,76,75,30,5281,100,1349,1702,0.11
2026-09-13T23:00:47Z,76,76,30,5326,100,1482,1400,0.10
2026-09-13T23:00:49Z,77,76,30,5281,99,1359,1702,0.10
2026-09-13T23:00:51Z,74,77,30,5281,99,1352,1399,0.09
2026-09-13T23:00:54Z,76,77,30,5311,99,1600,1702,0.09
2026-09-13T23:00:56Z,75,77,30,5281,100,1530,1702,0.09
2026-09-13T23:00:58Z,76,77,30,5281,100,1532,1702,0.17
2026-09-13T23:01:00Z,75,77,30,5311,99,1381,1702,0.17
2026-09-13T23:01:02Z,74,77,30,5326,99,1428,1702,0.15
2026-09-13T23:01:04Z,72,76,30,5281,99,1463,1400,0.15
2026-09-13T23:01:06Z,73,75,30,5326,99,1329,1399,0.22
2026-09-13T23:01:08Z,77,75,30,5281,100,1354,1702,0.22
2026-09-13T23:01:10Z,76,76,30,5281,100,1480,1401,0.22
2026-09-13T23:01:12Z,78,76,30,5311,100,1343,1702,0.28
2026-09-13T23:01:14Z,76,77,30,5281,99,1361,1702,0.28
2026-09-13T23:01:16Z,76,77,30,5281,100,1600,1702,0.26
2026-09-13T23:01:18Z,76,77,30,5281,99,1600,1702,0.26
2026-09-13T23:01:21Z,75,77,30,5281,99,1600,1702,0.26
2026-09-13T23:01:23Z,76,77,30,5326,100,1528,1702,0.24
2026-09-13T23:01:25Z,76,77,30,5281,100,1314,2424,0.24
2026-09-13T23:01:27Z,74,76,30,5326,99,1435,1399,0.30
2026-09-13T23:01:29Z,73,76,30,5281,100,1407,1400,0.30
2026-09-13T23:01:31Z,62,75,30,5311,0,200,2424,0.30
2026-09-13T23:01:33Z,59,73,30,5311,0,200,2424,0.28
2026-09-13T23:01:35Z,58,70,30,5326,19,1040,2425,0.28
2026-09-13T23:01:37Z,57,68,30,5281,24,1040,2424,0.49
2026-09-13T23:01:39Z,56,66,30,5281,0,200,2424,0.49
2026-09-13T23:01:41Z,55,65,30,4844,0,200,2425,1.10
2026-09-13T23:01:43Z,60,63,30,4261,100,1600,2424,1.10
2026-09-13T23:01:45Z,69,68,30,3964,100,1395,1702,1.10
2026-09-13T23:01:47Z,70,70,30,3571,100,1374,1702,1.01
2026-09-13T23:01:49Z,71,71,30,3571,99,1600,1399,1.01
2026-09-13T23:01:51Z,72,72,30,3787,99,1378,1702,0.93
2026-09-13T23:01:54Z,73,73,30,3997,99,1378,1702,0.93
2026-09-13T23:01:56Z,74,74,30,4213,100,1391,1702,0.93
2026-09-13T23:01:58Z,73,74,30,4391,100,1335,2424,0.85
2026-09-13T23:02:00Z,75,74,30,4550,99,1374,1399,0.85
2026-09-13T23:02:02Z,75,75,30,4783,99,1380,1702,0.78
2026-09-13T23:02:04Z,75,75,30,4844,99,1319,2424,0.78
2026-09-13T23:02:06Z,75,75,30,4973,100,1399,2035,0.78
2026-09-13T23:02:08Z,76,76,30,5165,100,1600,1702,0.72
2026-09-13T23:02:10Z,75,76,30,5252,100,1600,1702,0.72
2026-09-13T23:02:12Z,75,76,30,5252,99,1346,2424,0.66
2026-09-13T23:02:14Z,77,76,30,5281,100,1375,1702,0.66
2026-09-13T23:02:16Z,75,76,30,5237,100,1408,1702,0.61
2026-09-13T23:02:18Z,76,76,30,5237,99,1600,1702,0.61
2026-09-13T23:02:20Z,76,76,30,5237,99,1381,2424,0.61
2026-09-13T23:02:22Z,71,76,30,5252,99,1425,1702,0.64
2026-09-13T23:02:25Z,75,76,30,5252,100,1367,1399,0.64
2026-09-13T23:02:27Z,76,76,30,5281,100,1326,2427,0.59
2026-09-13T23:02:29Z,75,76,30,5237,100,1360,2424,0.59
2026-09-13T23:02:31Z,71,76,30,5281,100,1531,1702,0.59
2026-09-13T23:02:33Z,76,76,30,5281,100,1398,1702,0.54
2026-09-13T23:02:35Z,77,76,30,5281,100,1324,2424,0.54
2026-09-13T23:02:37Z,75,76,30,5281,100,1377,1400,0.50
2026-09-13T23:02:39Z,75,76,30,5237,100,1600,1702,0.50
2026-09-13T23:02:41Z,76,76,30,5281,99,1379,1702,0.46
2026-09-13T23:02:43Z,75,76,30,5281,100,1414,1702,0.46
2026-09-13T23:02:45Z,73,76,30,5281,100,1437,1399,0.46
2026-09-13T23:02:47Z,69,75,30,5281,99,1040,2424,0.42
2026-09-13T23:02:49Z,75,75,30,5281,99,1356,1399,0.42
2026-09-13T23:02:51Z,76,76,30,5237,99,1384,1400,0.39
2026-09-13T23:02:53Z,75,76,30,5281,99,1397,1702,0.39
2026-09-13T23:02:56Z,76,76,30,5281,100,1366,1702,0.39
2026-09-13T23:02:58Z,76,76,30,5281,100,1370,1702,0.36
2026-09-13T23:03:00Z,75,76,30,5281,99,1350,1702,0.36
2026-09-13T23:03:02Z,76,76,30,5281,100,1366,2424,0.41
2026-09-13T23:03:04Z,76,76,30,5281,100,1371,1702,0.41
2026-09-13T23:03:06Z,77,76,30,5252,99,1382,1702,0.41
2026-09-13T23:03:08Z,77,76,30,5281,99,1342,2323,0.37
2026-09-13T23:03:10Z,76,76,30,5281,99,1566,1399,0.37
2026-09-13T23:03:12Z,76,76,30,5281,99,1600,1702,0.34
2026-09-13T23:03:14Z,76,76,30,5281,100,1378,1702,0.34
2026-09-13T23:03:16Z,75,76,30,5281,99,1351,2424,0.40
2026-09-13T23:03:18Z,76,76,30,5281,99,1367,2424,0.40
2026-09-13T23:03:20Z,76,76,30,5281,100,1381,1400,0.40
2026-09-13T23:03:22Z,76,76,30,5281,100,1374,1702,0.37
2026-09-13T23:03:24Z,77,76,30,5281,99,1377,1399,0.37
2026-09-13T23:03:27Z,76,76,30,5281,99,1600,1702,0.34
2026-09-13T23:03:29Z,76,76,30,5281,100,1370,1702,0.34
2026-09-13T23:03:31Z,76,76,30,5281,99,1338,2349,0.34
2026-09-13T23:03:33Z,75,76,30,5281,100,1378,1702,0.39
2026-09-13T23:03:35Z,72,76,30,5281,99,1600,1702,0.39
2026-09-13T23:03:37Z,75,76,30,5281,100,1365,1702,0.36
2026-09-13T23:03:39Z,77,76,30,5281,100,1323,2424,0.36
2026-09-13T23:03:41Z,71,76,30,5281,99,1600,2424,0.33
2026-09-13T23:03:43Z,75,76,30,5281,100,1375,1702,0.33
2026-09-13T23:03:45Z,75,76,30,5281,100,1600,1702,0.33
2026-09-13T23:03:47Z,76,76,30,5281,99,1367,1702,0.30
2026-09-13T23:03:49Z,71,76,30,5281,99,1398,1702,0.30
2026-09-13T23:03:51Z,69,75,30,5281,100,1040,2424,0.36
2026-09-13T23:03:53Z,73,75,30,5281,99,1349,1702,0.36
2026-09-13T23:03:55Z,76,76,30,5281,99,1344,1702,0.36
2026-09-13T23:03:58Z,76,76,30,5281,99,1378,1702,0.33
2026-09-13T23:04:00Z,71,76,30,5281,100,1600,1702,0.33
2026-09-13T23:04:02Z,72,76,30,5326,99,1456,1702,0.30
2026-09-13T23:04:04Z,71,76,30,5281,100,1389,1702,0.30
2026-09-13T23:04:06Z,75,76,30,5281,99,1340,2426,0.30
2026-09-13T23:04:08Z,75,76,30,5281,99,1383,1399,0.36
2026-09-13T23:04:10Z,76,76,30,5281,100,1400,1400,0.36
2026-09-13T23:04:12Z,75,76,30,5281,99,1361,1702,0.33
2026-09-13T23:04:14Z,75,76,30,5281,99,1359,1702,0.33
2026-09-13T23:04:16Z,76,76,30,5281,99,1374,1702,0.30
2026-09-13T23:04:18Z,77,76,30,5281,100,1381,1702,0.30
2026-09-13T23:04:20Z,74,76,30,5281,99,1600,2424,0.30
2026-09-13T23:04:22Z,76,76,30,5281,99,1367,1702,0.28
2026-09-13T23:04:24Z,76,76,30,5281,100,1376,1702,0.28
2026-09-13T23:04:27Z,76,76,30,5281,99,1380,1702,0.26
2026-09-13T23:04:29Z,75,76,30,5281,100,1600,1702,0.26
2026-09-13T23:04:31Z,76,76,30,5281,99,1369,1702,0.26
2026-09-13T23:04:33Z,78,76,30,5281,99,1385,1702,0.24
2026-09-13T23:04:35Z,76,76,30,5281,99,1600,2424,0.24
2026-09-13T23:04:37Z,75,76,30,5281,100,1378,1702,0.30
2026-09-13T23:04:39Z,76,76,30,5281,100,1577,1702,0.30
2026-09-13T23:04:41Z,78,76,30,5281,99,1379,1702,0.35
2026-09-13T23:04:43Z,74,76,30,5281,100,1332,2424,0.35
2026-09-13T23:04:45Z,72,76,30,5281,99,1600,2424,0.35
2026-09-13T23:04:47Z,77,76,30,5281,100,1364,1702,0.33
2026-09-13T23:04:49Z,75,76,30,5281,100,1384,1702,0.33
2026-09-13T23:04:51Z,77,76,30,5281,100,1369,1702,0.30
2026-09-13T23:04:53Z,73,76,30,5281,99,1566,1702,0.30
2026-09-13T23:04:55Z,66,75,30,5281,100,1040,2424,0.30
2026-09-13T23:04:58Z,75,75,30,5281,100,1376,1702,0.27
2026-09-13T23:05:00Z,75,75,30,5281,99,1380,1702,0.27
2026-09-13T23:05:02Z,76,76,30,5281,100,1368,1702,0.25
2026-09-13T23:05:04Z,75,76,30,5281,100,1399,1702,0.25
2026-09-13T23:05:06Z,75,76,30,5281,99,1396,1702,0.25
2026-09-13T23:05:08Z,76,76,30,5281,100,1386,1702,0.23
2026-09-13T23:05:10Z,75,76,30,5281,100,1329,2425,0.23
2026-09-13T23:05:12Z,76,76,30,5281,99,1377,1702,0.21
2026-09-13T23:05:14Z,77,76,30,5281,99,1377,1702,0.21
2026-09-13T23:05:16Z,76,76,30,5281,99,1355,1702,0.20
2026-09-13T23:05:18Z,75,76,30,5281,99,1600,1702,0.20
2026-09-13T23:05:20Z,76,76,30,5281,100,1365,1702,0.20
2026-09-13T23:05:22Z,76,76,30,5281,99,1385,1702,0.18
2026-09-13T23:05:24Z,75,76,30,5281,99,1356,2424,0.18
2026-09-13T23:05:27Z,75,76,30,5281,99,1337,1702,0.16
2026-09-13T23:05:29Z,76,76,30,5281,100,1600,1702,0.16
2026-09-13T23:05:31Z,76,76,30,5281,99,1389,1702,0.16
2026-09-13T23:05:33Z,76,76,30,5281,100,1336,2424,0.15
2026-09-13T23:05:35Z,75,76,30,5281,100,1600,2321,0.15
2026-09-13T23:05:37Z,76,76,30,5281,99,1369,1702,0.14
2026-09-13T23:05:39Z,76,76,30,5281,100,1381,1702,0.14
2026-09-13T23:05:41Z,75,76,30,5281,100,1374,1702,0.13
2026-09-13T23:05:43Z,75,76,30,5281,99,1375,1702,0.13
2026-09-13T23:05:45Z,76,76,30,5281,99,1600,1702,0.13
2026-09-13T23:05:47Z,75,76,30,5281,99,1323,2425,0.12
2026-09-13T23:05:49Z,75,76,30,5281,99,1401,1702,0.12
2026-09-13T23:05:51Z,72,76,30,5281,100,1600,2425,0.11
2026-09-13T23:05:53Z,76,76,30,5281,100,1373,1702,0.11
2026-09-13T23:05:56Z,75,76,30,5281,99,1365,1702,0.11
2026-09-13T23:05:58Z,73,76,30,5281,99,1329,1400,0.18
2026-09-13T23:06:00Z,64,75,30,5281,0,200,2424,0.18
2026-09-13T23:06:02Z,71,75,30,5281,100,1600,1702,0.16
2026-09-13T23:06:04Z,73,75,30,5281,99,1352,1702,0.16
2026-09-13T23:06:06Z,76,76,30,5281,100,1355,1702,0.16
2026-09-13T23:06:08Z,75,76,30,5281,100,1384,1702,0.15
2026-09-13T23:06:10Z,73,76,30,5281,100,1372,1702,0.15
2026-09-13T23:06:12Z,74,76,30,5281,100,1340,1702,0.22
2026-09-13T23:06:14Z,74,76,30,5281,100,1600,2425,0.22
2026-09-13T23:06:16Z,76,76,30,5281,99,1409,1702,0.20
2026-09-13T23:06:18Z,75,76,30,5281,100,1387,1702,0.20
2026-09-13T23:06:20Z,75,76,30,5281,100,1399,1702,0.20
2026-09-13T23:06:22Z,76,76,30,5281,100,1393,1702,0.27
2026-09-13T23:06:24Z,75,76,30,5281,99,1376,1702,0.27
2026-09-13T23:06:27Z,76,76,30,5281,100,1380,1702,0.24
2026-09-13T23:06:29Z,77,76,30,5281,100,1320,2424,0.24
2026-09-13T23:06:31Z,76,76,30,5281,99,1367,1399,0.24
2026-09-13T23:06:33Z,76,76,30,5281,100,1350,1702,0.22
2026-09-13T23:06:35Z,76,76,30,5281,99,1373,1702,0.22
2026-09-13T23:06:37Z,75,76,30,5281,100,1600,2424,0.29
2026-09-13T23:06:39Z,76,76,30,5281,100,1375,1702,0.29
2026-09-13T23:06:41Z,77,76,30,5281,99,1379,1702,0.42
2026-09-13T23:06:43Z,76,76,30,5281,99,1600,1702,0.42
2026-09-13T23:06:45Z,76,76,30,5281,100,1421,1702,0.42
2026-09-13T23:06:47Z,72,76,30,5281,100,1600,1702,0.39
2026-09-13T23:06:49Z,75,76,30,5281,100,1391,1702,0.39
2026-09-13T23:06:51Z,72,76,30,5281,100,1600,2424,0.44
2026-09-13T23:06:53Z,75,76,30,5281,99,1373,1702,0.44
2026-09-13T23:06:56Z,76,76,30,5281,100,1391,1702,0.44
2026-09-13T23:06:58Z,70,76,30,5281,99,1600,1702,0.40
2026-09-13T23:07:00Z,75,76,30,5281,100,1381,1702,0.40
2026-09-13T23:07:02Z,73,76,30,5281,99,1355,1702,0.37
2026-09-13T23:07:04Z,65,75,30,5281,0,200,2425,0.37
2026-09-13T23:07:06Z,75,75,30,5281,99,1373,1702,0.37
2026-09-13T23:07:08Z,76,75,30,5281,100,1357,1702,0.34
2026-09-13T23:07:10Z,76,76,30,5281,99,1519,1702,0.34
2026-09-13T23:07:12Z,75,76,30,5281,99,1391,1702,0.39
2026-09-13T23:07:14Z,75,76,30,5281,100,1386,1702,0.39
2026-09-13T23:07:16Z,76,76,30,5281,100,1380,1702,0.36
2026-09-13T23:07:18Z,75,76,30,5281,100,1337,2424,0.36
2026-09-13T23:07:20Z,75,76,30,5281,99,1375,1702,0.36
2026-09-13T23:07:22Z,75,76,30,5281,99,1381,1702,0.33
2026-09-13T23:07:24Z,76,76,30,5281,100,1381,1702,0.33
2026-09-13T23:07:27Z,75,76,30,5281,99,1332,1702,0.39
2026-09-13T23:07:29Z,76,76,30,5281,99,1599,1702,0.39
2026-09-13T23:07:31Z,76,76,30,5281,100,1572,1702,0.39
2026-09-13T23:07:33Z,75,76,30,5281,99,1394,2425,0.36
2026-09-13T23:07:35Z,75,76,30,5281,99,1379,1702,0.36
2026-09-13T23:07:37Z,74,76,30,5281,100,1342,1702,0.33
2026-09-13T23:07:39Z,76,76,30,5281,100,1600,1702,0.33
2026-09-13T23:07:41Z,75,76,30,5281,99,1329,2424,0.46
2026-09-13T23:07:43Z,74,76,30,5281,100,1600,2424,0.46
2026-09-13T23:07:45Z,75,76,30,5281,99,1377,1702,0.46
2026-09-13T23:07:47Z,76,76,30,5281,99,1373,1702,0.42
2026-09-13T23:07:49Z,75,76,30,5281,100,1600,1702,0.42
2026-09-13T23:07:51Z,76,76,30,5281,100,1440,1702,0.39
2026-09-13T23:07:53Z,71,76,30,5281,99,1600,1399,0.39
2026-09-13T23:07:56Z,75,76,30,5281,100,1339,2424,0.39
2026-09-13T23:07:58Z,76,76,30,5281,99,1382,1702,0.44
2026-09-13T23:08:00Z,75,76,30,5281,99,1389,1702,0.44
2026-09-13T23:08:02Z,74,76,30,5281,99,1335,1702,0.40
2026-09-13T23:08:04Z,76,76,30,5281,99,1372,1702,0.40
2026-09-13T23:08:06Z,73,76,30,5281,99,1454,1702,0.40
2026-09-13T23:08:08Z,73,75,30,5281,99,1423,1702,0.37
2026-09-13T23:08:10Z,75,75,30,5281,99,1385,1702,0.37
2026-09-13T23:08:12Z,76,75,30,5281,99,1470,1702,0.34
2026-09-13T23:08:14Z,75,76,30,5281,100,1435,1702,0.34
2026-09-13T23:08:16Z,75,76,30,5281,99,1387,1702,0.31
2026-09-13T23:08:18Z,75,76,30,5281,99,1349,1702,0.31
2026-09-13T23:08:20Z,75,76,30,5281,100,1363,1702,0.31
2026-09-13T23:08:22Z,75,76,30,5281,100,1343,2424,0.37
2026-09-13T23:08:25Z,75,76,30,5281,99,1381,1702,0.37
2026-09-13T23:08:27Z,76,76,30,5281,99,1376,1702,0.34
2026-09-13T23:08:29Z,76,76,30,5281,100,1377,1702,0.34
2026-09-13T23:08:31Z,76,76,30,5281,99,1352,1702,0.34
2026-09-13T23:08:33Z,76,76,30,5281,99,1595,1702,0.31
2026-09-13T23:08:35Z,75,76,30,5281,99,1600,1702,0.31
2026-09-13T23:08:37Z,75,76,30,5281,99,1416,2429,0.29
2026-09-13T23:08:39Z,76,76,30,5281,99,1374,1702,0.29
2026-09-13T23:08:41Z,76,76,30,5326,99,1366,1702,0.26
2026-09-13T23:08:43Z,75,76,30,5281,100,1600,1702,0.26
2026-09-13T23:08:45Z,75,76,30,5281,100,1336,2424,0.26
2026-09-13T23:08:47Z,77,76,30,5281,99,1374,1702,0.24
2026-09-13T23:08:49Z,75,76,30,5281,100,1600,1702,0.24
2026-09-13T23:08:51Z,76,76,30,5281,100,1373,1702,0.22
2026-09-13T23:08:54Z,75,76,30,5281,100,1323,1702,0.22
2026-09-13T23:08:56Z,75,76,30,5281,99,1365,1702,0.22
2026-09-13T23:08:58Z,76,76,30,5281,99,1367,1702,0.20
2026-09-13T23:09:00Z,76,76,30,5281,100,1375,1702,0.20
2026-09-13T23:09:02Z,75,76,30,5281,100,1600,1702,0.27
2026-09-13T23:09:04Z,76,76,30,5281,100,1379,1702,0.27
2026-09-13T23:09:06Z,75,76,30,5281,100,1600,1702,0.27
2026-09-13T23:09:08Z,76,76,30,5281,99,1377,1702,0.25
2026-09-13T23:09:10Z,71,76,30,5281,100,1389,1399,0.25
2026-09-13T23:09:12Z,73,75,30,5281,99,1356,1399,0.23
2026-09-13T23:09:14Z,75,75,30,5281,99,1374,1702,0.23
2026-09-13T23:09:16Z,75,75,30,5281,99,1372,1702,0.21
2026-09-13T23:09:18Z,75,75,30,5281,99,1405,1702,0.21
2026-09-13T23:09:20Z,75,76,30,5281,100,1380,1702,0.21
2026-09-13T23:09:23Z,76,76,30,5281,100,1375,1702,0.19
2026-09-13T23:09:25Z,75,76,30,5281,99,1371,1702,0.19
2026-09-13T23:09:27Z,75,76,30,5281,100,1333,2424,0.26
2026-09-13T23:09:29Z,74,76,30,5281,99,1600,1702,0.26
2026-09-13T23:09:31Z,75,76,30,5281,99,1600,1702,0.26
2026-09-13T23:09:33Z,76,76,30,5281,100,1600,1399,0.24
2026-09-13T23:09:35Z,74,76,30,5281,100,1429,2424,0.24
2026-09-13T23:09:37Z,76,76,30,5281,99,1385,1702,0.22
2026-09-13T23:09:39Z,75,76,30,5281,100,1385,1702,0.22
2026-09-13T23:09:41Z,75,76,30,5281,100,1336,2424,0.28
2026-09-13T23:09:43Z,75,76,30,5281,100,1600,1702,0.28
2026-09-13T23:09:45Z,76,76,30,5237,100,1404,1702,0.28
2026-09-13T23:09:47Z,76,76,30,5281,99,1367,1702,0.26
2026-09-13T23:09:49Z,77,76,30,5281,100,1334,2424,0.26
2026-09-13T23:09:51Z,75,76,30,5281,99,1378,1702,0.24
2026-09-13T23:09:54Z,76,76,30,5281,99,1391,1702,0.24
2026-09-13T23:09:56Z,72,76,30,5281,100,1528,1702,0.24
2026-09-13T23:09:58Z,75,76,30,5281,99,1338,2424,0.30
2026-09-13T23:10:00Z,72,76,30,5281,99,1600,1702,0.30
2026-09-13T23:10:02Z,75,76,30,5281,100,1374,1702,0.27
2026-09-13T23:10:04Z,77,76,30,5281,99,1357,1702,0.27
2026-09-13T23:10:06Z,76,76,30,5281,100,1396,1702,0.27
2026-09-13T23:10:08Z,75,76,30,5281,100,1600,1702,0.25
2026-09-13T23:10:10Z,76,76,30,5281,100,1379,1702,0.25
2026-09-13T23:10:12Z,75,76,30,5281,99,1600,1702,0.23
2026-09-13T23:10:14Z,73,76,30,5281,99,1446,1702,0.23
2026-09-13T23:10:16Z,73,75,30,5281,99,1428,1702,0.21
2026-09-13T23:10:18Z,74,74,30,5281,100,1600,1702,0.21
2026-09-13T23:10:20Z,75,75,30,5281,99,1384,1400,0.21
2026-09-13T23:10:23Z,71,75,30,5281,99,1487,1399,0.20
2026-09-13T23:10:25Z,75,76,30,5281,100,1600,2184,0.20
2026-09-13T23:10:27Z,76,76,30,5281,99,1600,1702,0.18
2026-09-13T23:10:29Z,76,76,30,5281,100,1572,1702,0.18
2026-09-13T23:10:31Z,75,76,30,5281,100,1600,2424,0.18
2026-09-13T23:10:33Z,75,76,30,5326,100,1371,1702,0.25
2026-09-13T23:10:35Z,75,76,30,5281,100,1376,1702,0.25
2026-09-13T23:10:37Z,76,76,30,5281,99,1373,1702,0.22
2026-09-13T23:10:39Z,75,76,30,5281,100,1321,2426,0.22
2026-09-13T23:10:41Z,74,76,30,5281,99,1321,1702,0.21
2026-09-13T23:10:43Z,75,76,30,5281,100,1599,1702,0.21
2026-09-13T23:10:45Z,75,76,30,5281,99,1600,2424,0.21
2026-09-13T23:10:47Z,75,76,30,5281,100,1406,1702,0.27
2026-09-13T23:10:49Z,75,76,30,5281,99,1374,1702,0.27
2026-09-13T23:10:52Z,77,76,30,5281,99,1378,1702,0.25
2026-09-13T23:10:54Z,75,76,30,5281,100,1600,2425,0.25
2026-09-13T23:10:56Z,77,76,30,5281,99,1384,1702,0.25
2026-09-13T23:10:58Z,73,76,30,5281,100,1352,1702,0.23
2026-09-13T23:11:00Z,75,76,30,5281,99,1378,1702,0.23
2026-09-13T23:11:02Z,77,76,30,5281,100,1330,2424,0.29
2026-09-13T23:11:04Z,76,76,30,5281,100,1390,1702,0.29
2026-09-13T23:11:06Z,78,76,30,5281,100,1379,1702,0.29
2026-09-13T23:11:08Z,75,76,30,5281,100,1600,1702,0.27
2026-09-13T23:11:10Z,71,76,30,5281,99,1361,2425,0.27
2026-09-13T23:11:12Z,75,76,30,5281,99,1376,1702,0.25
2026-09-13T23:11:14Z,75,76,30,5281,100,1600,1399,0.25
2026-09-13T23:11:16Z,75,76,30,5281,99,1379,1702,0.23
2026-09-13T23:11:18Z,73,76,30,5281,100,1570,1401,0.23
2026-09-13T23:11:20Z,72,75,30,5281,100,1404,1702,0.23
2026-09-13T23:11:23Z,75,74,30,5281,100,1381,1702,0.29
2026-09-13T23:11:25Z,76,75,30,5281,99,1389,1702,0.29
2026-09-13T23:11:27Z,75,75,30,5281,100,1375,1702,0.26
2026-09-13T23:11:29Z,75,76,30,5326,99,1403,1702,0.26
2026-09-13T23:11:31Z,75,76,30,5281,99,1410,1702,0.26
2026-09-13T23:11:33Z,75,76,30,5281,100,1397,1702,0.24
2026-09-13T23:11:35Z,75,76,30,5281,100,1362,2424,0.24
2026-09-13T23:11:37Z,77,76,30,5281,99,1379,1702,0.30
2026-09-13T23:11:39Z,77,76,30,5281,100,1392,1400,0.30
2026-09-13T23:11:41Z,75,76,30,5281,99,1357,1702,0.28
2026-09-13T23:11:43Z,75,76,30,5281,99,1528,2424,0.28
2026-09-13T23:11:45Z,76,76,30,5281,99,1394,1702,0.28
2026-09-13T23:11:47Z,75,76,30,5281,99,1374,1702,0.26
2026-09-13T23:11:49Z,76,76,30,5281,100,1361,1399,0.26
2026-09-13T23:11:52Z,75,76,30,5281,100,1377,1702,0.24
2026-09-13T23:11:54Z,75,76,30,5281,99,1367,1702,0.24
2026-09-13T23:11:56Z,75,76,30,5281,100,1600,2336,0.24
2026-09-13T23:11:58Z,75,76,30,5281,100,1321,2424,0.22
2026-09-13T23:12:00Z,77,76,30,5281,99,1362,1702,0.22
2026-09-13T23:12:02Z,76,76,30,5281,100,1600,2224,0.20
2026-09-13T23:12:04Z,76,76,30,5281,100,1375,1702,0.20
2026-09-13T23:12:06Z,72,76,30,5281,99,1599,2424,0.20
2026-09-13T23:12:08Z,76,76,30,5281,99,1376,1702,0.26
2026-09-13T23:12:10Z,71,76,30,5281,100,1600,1400,0.26
2026-09-13T23:12:12Z,75,76,30,5281,100,1372,1702,0.24
2026-09-13T23:12:14Z,71,76,30,5281,99,1182,2424,0.24
2026-09-13T23:12:16Z,78,76,30,5281,100,1381,1702,0.22
2026-09-13T23:12:18Z,76,76,30,5281,99,1418,1702,0.22
2026-09-13T23:12:21Z,76,76,30,5281,99,1386,1702,0.22
2026-09-13T23:12:23Z,72,76,30,5281,99,1423,1702,0.20
2026-09-13T23:12:25Z,73,75,30,5281,99,1357,1399,0.20
2026-09-13T23:12:27Z,76,75,30,5281,100,1381,1399,0.19
2026-09-13T23:12:29Z,77,75,30,5281,100,1365,1702,0.19
2026-09-13T23:12:31Z,75,76,30,5281,100,1379,1702,0.19
2026-09-13T23:12:33Z,76,76,30,5281,100,1379,1702,0.17
2026-09-13T23:12:35Z,77,76,30,5281,100,1385,1702,0.17
2026-09-13T23:12:37Z,76,76,30,5281,99,1363,1412,0.16
2026-09-13T23:12:39Z,75,76,30,5281,99,1321,2425,0.16
2026-09-13T23:12:41Z,75,76,30,5281,100,1381,1702,0.15
2026-09-13T23:12:43Z,75,76,30,5281,100,1361,1702,0.15
2026-09-13T23:12:45Z,75,76,30,5281,100,1393,1702,0.15
2026-09-13T23:12:47Z,75,76,30,5281,99,1354,2425,0.13
2026-09-13T23:12:49Z,76,76,30,5281,100,1375,1702,0.13
2026-09-13T23:12:52Z,77,76,30,5281,99,1381,1702,0.12
2026-09-13T23:12:54Z,74,76,30,5281,99,1330,1702,0.12
2026-09-13T23:12:56Z,75,76,30,5281,99,1373,1702,0.12
2026-09-13T23:12:58Z,75,76,30,5281,100,1372,1702,0.11
2026-09-13T23:13:00Z,75,76,30,5281,99,1352,1702,0.11
2026-09-13T23:13:02Z,78,76,30,5281,100,1327,2424,0.10
2026-09-13T23:13:04Z,75,76,30,5281,100,1373,1702,0.10
2026-09-13T23:13:06Z,76,76,30,5281,99,1379,1702,0.10
2026-09-13T23:13:08Z,71,76,30,5281,99,1393,1702,0.18
2026-09-13T23:13:10Z,75,76,30,5281,100,1341,2424,0.18
2026-09-13T23:13:12Z,73,76,30,5281,100,1600,2424,0.16
2026-09-13T23:13:14Z,75,76,30,5281,100,1412,1702,0.16
2026-09-13T23:13:16Z,73,76,30,5281,99,1317,1399,0.15
2026-09-13T23:13:18Z,74,76,30,5281,99,1362,1702,0.15
2026-09-13T23:13:21Z,76,76,30,5281,100,1370,1702,0.15
2026-09-13T23:13:23Z,72,76,30,5281,99,1600,1702,0.14
2026-09-13T23:13:25Z,75,76,30,5281,99,1390,1702,0.14
2026-09-13T23:13:27Z,73,76,30,5281,100,1569,1702,0.21
2026-09-13T23:13:29Z,72,75,30,5326,99,1392,1702,0.21
2026-09-13T23:13:31Z,75,75,30,5281,99,1374,1702,0.21
2026-09-13T23:13:33Z,75,75,30,5281,99,1348,1702,0.19
2026-09-13T23:13:35Z,75,75,30,5281,99,1372,1702,0.19
2026-09-13T23:13:37Z,75,76,30,5281,99,1336,2424,0.17
2026-09-13T23:13:39Z,75,76,30,5281,99,1377,1702,0.17
2026-09-13T23:13:41Z,75,76,30,5281,100,1425,1702,0.16
2026-09-13T23:13:43Z,75,76,30,5281,99,1326,2424,0.16
2026-09-13T23:13:45Z,76,76,30,5281,99,1376,1702,0.16
2026-09-13T23:13:47Z,77,76,30,5281,100,1371,1702,0.15
2026-09-13T23:13:50Z,76,76,30,5281,99,1335,1400,0.15
2026-09-13T23:13:52Z,75,76,30,5281,99,1600,2425,0.21
2026-09-13T23:13:54Z,75,76,30,5281,99,1454,1702,0.21
2026-09-13T23:13:56Z,76,76,30,5281,100,1379,1702,0.21
2026-09-13T23:13:58Z,75,76,30,5281,100,1405,1702,0.20
2026-09-13T23:14:00Z,77,76,30,5281,100,1377,1702,0.20
2026-09-13T23:14:02Z,75,76,30,5281,100,1600,1702,0.18
2026-09-13T23:14:04Z,74,76,30,5281,99,1383,1702,0.18
2026-09-13T23:14:06Z,74,76,30,5281,100,1325,2424,0.18
2026-09-13T23:14:08Z,72,76,30,5237,99,1600,1702,0.25
2026-09-13T23:14:10Z,75,76,30,5281,99,1427,1702,0.25
2026-09-13T23:14:12Z,75,76,30,5281,100,1374,1702,0.23
2026-09-13T23:14:14Z,72,76,30,5281,100,1600,2426,0.23
2026-09-13T23:14:16Z,75,76,30,5281,99,1368,1702,0.21
2026-09-13T23:14:18Z,76,76,30,5281,100,1600,1702,0.21
2026-09-13T23:14:21Z,75,76,30,5281,100,1376,1702,0.21
2026-09-13T23:14:23Z,73,76,30,5281,99,1358,1702,0.27
2026-09-13T23:14:25Z,72,76,30,5281,100,1600,2425,0.27
2026-09-13T23:14:27Z,75,76,30,5281,99,1380,1702,0.25
2026-09-13T23:14:29Z,76,76,30,5281,100,1600,1702,0.25
2026-09-13T23:14:31Z,71,76,30,5281,100,1442,2106,0.25
2026-09-13T23:14:33Z,72,75,30,5281,99,1401,1702,0.23
2026-09-13T23:14:35Z,74,74,30,5281,100,1600,1702,0.23
2026-09-13T23:14:37Z,75,75,30,5252,99,1600,1399,0.21
2026-09-13T23:14:39Z,75,75,30,5281,99,1600,1400,0.21
2026-09-13T23:14:41Z,75,76,30,5281,99,1333,2426,0.27
2026-09-13T23:14:43Z,75,76,30,5281,99,1380,1702,0.27
2026-09-13T23:14:45Z,75,76,30,5281,100,1380,1702,0.27
2026-09-13T23:14:47Z,75,76,30,5281,99,1596,2043,0.25
2026-09-13T23:14:50Z,76,76,30,5252,100,1381,1702,0.25
2026-09-13T23:14:52Z,75,76,30,5281,99,1374,1702,0.23
2026-09-13T23:14:54Z,76,76,30,5252,100,1371,1399,0.23
2026-09-13T23:14:56Z,75,76,30,5281,100,1332,2424,0.23
2026-09-13T23:14:58Z,75,76,30,5281,100,1346,1399,0.29
2026-09-13T23:15:00Z,74,76,30,5281,99,1377,1702,0.29
2026-09-13T23:15:02Z,76,76,30,5281,100,1598,1702,0.27
2026-09-13T23:15:04Z,76,76,30,5281,100,1389,1702,0.27
2026-09-13T23:15:06Z,75,76,30,5281,99,1418,1702,0.27
2026-09-13T23:15:08Z,75,76,30,5281,100,1371,1702,0.25
2026-09-13T23:15:10Z,73,76,30,5281,100,1351,1702,0.25
2026-09-13T23:15:12Z,75,76,30,5281,99,1386,1702,0.31
2026-09-13T23:15:14Z,76,76,30,5281,100,1373,1702,0.31
2026-09-13T23:15:16Z,74,76,30,5281,99,1322,1702,0.28
2026-09-13T23:15:19Z,75,76,30,5281,99,1346,2424,0.28
2026-09-13T23:15:21Z,71,76,30,5281,99,1600,1702,0.28
2026-09-13T23:15:23Z,75,76,30,5281,100,1376,1400,0.26
2026-09-13T23:15:25Z,72,76,30,5281,99,1600,1702,0.26
2026-09-13T23:15:27Z,75,76,30,5281,100,1349,2424,0.32
2026-09-13T23:15:29Z,75,76,30,5281,99,1379,1399,0.32
2026-09-13T23:15:31Z,71,76,30,5281,100,1600,1958,0.32
2026-09-13T23:15:33Z,75,76,30,5281,100,1422,1702,0.29
2026-09-13T23:15:35Z,74,76,30,5281,0,1312,2425,0.29
2026-09-13T23:15:37Z,72,75,30,5281,100,1417,1702,0.27
2026-09-13T23:15:39Z,75,74,30,5281,100,1370,1702,0.27
2026-09-13T23:15:41Z,75,75,30,5281,99,1375,1702,0.25
2026-09-13T23:15:43Z,75,75,30,5281,100,1401,1702,0.25
2026-09-13T23:15:45Z,75,75,30,5281,100,1333,2424,0.25
2026-09-13T23:15:47Z,75,76,30,5281,100,1380,1702,0.23
2026-09-13T23:15:49Z,75,76,30,5281,100,1376,1702,0.23
2026-09-13T23:15:52Z,76,76,30,5281,99,1367,1702,0.21
2026-09-13T23:15:54Z,75,76,30,5281,100,1356,1702,0.21
2026-09-13T23:15:56Z,74,76,30,5281,100,1372,1702,0.21
2026-09-13T23:15:58Z,71,76,30,5281,100,1533,1702,0.19
2026-09-13T23:16:00Z,75,76,30,5281,100,1600,2424,0.19
2026-09-13T23:16:02Z,75,76,30,5281,100,1367,1702,0.18
2026-09-13T23:16:04Z,75,76,30,5281,100,1425,1702,0.18
2026-09-13T23:16:06Z,76,76,30,5281,100,1375,1702,0.18
2026-09-13T23:16:08Z,73,76,30,5281,99,1351,1702,0.16
2026-09-13T23:16:10Z,75,76,30,5281,100,1600,1702,0.16
2026-09-13T23:16:12Z,75,76,30,5281,100,1397,1702,0.15
2026-09-13T23:16:14Z,76,76,30,5281,100,1328,2424,0.15
2026-09-13T23:16:16Z,75,76,30,5281,99,1600,1399,0.14
2026-09-13T23:16:18Z,76,76,30,5281,100,1362,1702,0.14
2026-09-13T23:16:21Z,76,76,30,5281,99,1378,1702,0.14
2026-09-13T23:16:23Z,75,76,30,5281,100,1600,2424,0.13
2026-09-13T23:16:25Z,76,76,30,5281,100,1390,1702,0.13
2026-09-13T23:16:27Z,76,76,30,5281,100,1600,1702,0.12
2026-09-13T23:16:29Z,75,76,30,5281,99,1375,1401,0.12
2026-09-13T23:16:31Z,75,76,30,5281,100,1323,2424,0.12
2026-09-13T23:16:33Z,71,76,30,5281,100,1600,1702,0.19
2026-09-13T23:16:35Z,75,76,30,5281,100,1372,1400,0.19
2026-09-13T23:16:37Z,76,76,30,5281,100,1600,2424,0.17
2026-09-13T23:16:39Z,70,76,30,5281,100,1600,2424,0.17
2026-09-13T23:16:41Z,73,75,30,5281,99,1344,1702,0.16
2026-09-13T23:16:43Z,74,75,30,5281,100,1394,1702,0.16
2026-09-13T23:16:45Z,75,75,30,5281,99,1371,1702,0.16
2026-09-13T23:16:47Z,75,75,30,5281,99,1390,1702,0.14
2026-09-13T23:16:50Z,75,76,30,5281,99,1454,1702,0.14
2026-09-13T23:16:52Z,76,76,30,5281,100,1400,1702,0.13
2026-09-13T23:16:54Z,75,76,30,5252,100,1444,1400,0.13
2026-09-13T23:16:56Z,76,76,30,5281,100,1422,1702,0.13
2026-09-13T23:16:58Z,75,76,30,5281,100,1388,1702,0.20
2026-09-13T23:17:00Z,76,76,30,5281,100,1377,1400,0.20
2026-09-13T23:17:02Z,76,76,30,5281,100,1375,1702,0.19
2026-09-13T23:17:04Z,75,76,30,5281,100,1336,2425,0.19
2026-09-13T23:17:06Z,72,76,30,5281,99,1599,1702,0.19
2026-09-13T23:17:08Z,76,76,30,5281,99,1600,1400,0.17
2026-09-13T23:17:10Z,76,76,30,5281,100,1377,1702,0.17
2026-09-13T23:17:12Z,75,76,30,5281,100,1329,2424,0.24
2026-09-13T23:17:14Z,77,76,30,5281,100,1381,1702,0.24
2026-09-13T23:17:16Z,72,76,30,5281,99,1599,1702,0.22
2026-09-13T23:17:18Z,74,76,30,5281,100,1600,1702,0.22
2026-09-13T23:17:21Z,76,76,30,5281,99,1380,1702,0.22
2026-09-13T23:17:23Z,72,76,30,5281,99,1599,1702,0.20
2026-09-13T23:17:25Z,76,76,30,5281,99,1380,1702,0.20
2026-09-13T23:17:27Z,75,76,30,5281,100,1323,2426,0.27
2026-09-13T23:17:29Z,75,76,30,5281,99,1367,1702,0.27
2026-09-13T23:17:31Z,75,76,30,5281,99,1387,1702,0.27
2026-09-13T23:17:33Z,72,76,30,5281,100,1600,1702,0.32
2026-09-13T23:17:35Z,75,76,30,5281,100,1327,2424,0.32
2026-09-13T23:17:37Z,75,76,30,5281,100,1369,1702,0.30
2026-09-13T23:17:39Z,74,76,30,5281,100,1335,1702,0.30
2026-09-13T23:17:41Z,76,76,30,5237,100,1372,1702,0.27
2026-09-13T23:17:43Z,76,76,30,5281,100,1326,2425,0.27
2026-09-13T23:17:45Z,73,75,30,5281,99,1437,1702,0.27
2026-09-13T23:17:47Z,61,75,30,5281,0,200,2424,0.33
2026-09-13T23:17:49Z,59,72,30,5281,0,200,2424,0.33
2026-09-13T23:17:52Z,58,70,30,5281,16,1040,2424,0.39
2026-09-13T23:17:54Z,57,68,30,5067,37,1040,2424,0.39
2026-09-13T23:17:56Z,55,65,30,5067,0,1040,2424,0.39
2026-09-13T23:17:58Z,58,64,30,5000,100,1040,2424,0.44
2026-09-13T23:18:00Z,54,62,30,4120,0,200,2424,0.44
2026-09-13T23:18:02Z,67,63,30,4058,100,1514,1702,0.48
2026-09-13T23:18:04Z,69,67,30,3485,99,1360,1702,0.48
2026-09-13T23:18:06Z,70,69,30,3360,100,1525,1702,0.48
2026-09-13T23:18:08Z,70,70,30,3348,99,1600,1702,0.44
2026-09-13T23:18:10Z,71,71,30,3591,100,1491,1702,0.44
2026-09-13T23:18:12Z,75,72,30,3842,100,1468,1702,0.41
2026-09-13T23:18:14Z,69,73,30,4093,99,1600,1702,0.41
2026-09-13T23:18:16Z,74,73,30,4261,99,1525,1401,0.37
2026-09-13T23:18:18Z,75,74,30,4464,99,1249,2424,0.37
2026-09-13T23:18:20Z,76,74,30,4606,100,1492,1400,0.37
2026-09-13T23:18:22Z,75,75,30,4807,99,1600,2424,0.34
2026-09-13T23:18:25Z,75,75,30,5000,99,1496,1702,0.34
2026-09-13T23:18:27Z,74,75,30,5095,99,1600,1702,0.32
2026-09-13T23:18:29Z,76,76,30,5237,99,1340,1607,0.32
2026-09-13T23:18:31Z,75,76,30,5252,99,1351,1702,0.32
2026-09-13T23:18:33Z,74,76,30,5208,100,1420,2424,0.29
2026-09-13T23:18:35Z,71,75,30,5237,99,1600,1445,0.29
2026-09-13T23:18:37Z,74,75,30,5252,99,1536,1702,0.27
2026-09-13T23:18:39Z,72,75,30,5237,100,1584,1400,0.27
2026-09-13T23:18:41Z,67,74,30,5237,99,1077,2424,0.27
2026-09-13T23:18:43Z,75,74,30,5237,100,1344,1702,0.25
2026-09-13T23:18:45Z,75,75,30,5237,99,1326,2424,0.25
2026-09-13T23:18:47Z,75,75,30,5252,100,1600,1702,0.23
2026-09-13T23:18:49Z,74,75,30,5237,99,1600,2424,0.23
2026-09-13T23:18:51Z,75,75,30,5252,100,1387,1702,0.21
2026-09-13T23:18:53Z,76,75,30,5281,100,1352,1474,0.21
2026-09-13T23:18:56Z,75,76,30,5237,100,1600,1702,0.21
2026-09-13T23:18:58Z,74,76,30,5237,100,1455,1702,0.19
2026-09-13T23:19:00Z,75,76,30,5237,99,1600,2411,0.19
2026-09-13T23:19:02Z,75,76,30,5237,99,1316,1702,0.17
2026-09-13T23:19:04Z,78,76,30,5237,99,1472,1702,0.17
2026-09-13T23:19:06Z,78,76,30,5281,99,1414,1702,0.17
2026-09-13T23:19:08Z,76,76,30,5281,99,1355,2425,0.24
2026-09-13T23:19:10Z,75,76,30,5281,100,1600,1702,0.24
2026-09-13T23:19:12Z,76,76,30,5281,99,1511,1702,0.22
2026-09-13T23:19:14Z,71,76,30,5237,100,1600,1399,0.22
2026-09-13T23:19:16Z,75,75,30,5281,100,1416,1702,0.20
2026-09-13T23:19:18Z,74,76,30,5281,6,1446,2424,0.20
2026-09-13T23:19:20Z,73,75,30,5281,100,1436,1702,0.20
2026-09-13T23:19:22Z,75,74,30,5281,100,1600,1702,0.19
2026-09-13T23:19:25Z,71,75,30,5237,99,1600,1702,0.19
2026-09-13T23:19:27Z,74,75,30,5281,100,1600,2421,0.17
2026-09-13T23:19:29Z,76,76,30,5281,100,1466,1702,0.17
2026-09-13T23:19:31Z,76,76,30,5237,100,1347,1399,0.17
2026-09-13T23:19:33Z,78,76,30,5252,100,1391,1399,0.16
2026-09-13T23:19:35Z,76,76,30,5281,100,1600,1702,0.16
2026-09-13T23:19:37Z,75,76,30,5281,100,1520,1702,0.14
2026-09-13T23:19:39Z,75,76,30,5237,100,1600,1702,0.14
2026-09-13T23:19:41Z,77,76,30,5252,99,1382,1702,0.14
2026-09-13T23:19:43Z,75,76,30,5252,99,1469,2425,0.13
2026-09-13T23:19:45Z,76,76,30,5237,100,1375,1702,0.13
2026-09-13T23:19:47Z,75,76,30,5252,99,1526,1702,0.12
2026-09-13T23:19:49Z,76,76,30,5281,99,1361,1702,0.12
2026-09-13T23:19:51Z,76,76,30,5237,99,1600,1702,0.11
2026-09-13T23:19:53Z,69,76,30,5281,100,1329,2424,0.11
2026-09-13T23:19:56Z,75,76,30,5237,100,1360,1399,0.11
2026-09-13T23:19:58Z,72,76,30,5281,99,1600,2424,0.10
2026-09-13T23:20:00Z,72,76,30,5281,100,1474,1702,0.10
2026-09-13T23:20:02Z,74,75,30,5281,100,1457,1399,0.18
2026-09-13T23:20:04Z,75,75,30,5281,100,1466,1702,0.18
2026-09-13T23:20:06Z,75,75,30,5281,99,1473,1702,0.18
2026-09-13T23:20:08Z,75,76,30,5281,99,1424,1702,0.16
2026-09-13T23:20:10Z,75,76,30,5281,99,1320,2425,0.16
2026-09-13T23:20:12Z,75,76,30,5281,99,1600,1702,0.15
2026-09-13T23:20:14Z,74,76,30,5281,99,1440,2424,0.15
2026-09-13T23:20:16Z,75,76,30,5281,99,1344,1702,0.30
2026-09-13T23:20:18Z,75,76,30,5281,100,1600,2404,0.30
2026-09-13T23:20:20Z,75,76,30,5252,100,1600,1555,0.30
2026-09-13T23:20:22Z,78,76,30,5281,100,1385,1702,0.27
2026-09-13T23:20:24Z,78,76,30,5281,99,1409,1702,0.27
2026-09-13T23:20:27Z,75,76,30,5281,100,1474,1702,0.25
2026-09-13T23:20:29Z,77,76,30,5281,100,1480,1702,0.25
2026-09-13T23:20:31Z,75,76,30,5281,99,1331,1702,0.25
2026-09-13T23:20:33Z,74,76,30,5281,99,1600,2425,0.23
2026-09-13T23:20:35Z,75,76,30,5281,99,1516,1702,0.23
2026-09-13T23:20:37Z,77,76,30,5281,99,1343,1702,0.21
2026-09-13T23:20:39Z,73,76,30,5281,99,1488,1702,0.21
2026-09-13T23:20:41Z,72,75,30,5281,0,200,2424,0.21
2026-09-13T23:20:43Z,76,75,30,5281,100,1358,1400,0.27
2026-09-13T23:20:45Z,76,75,30,5281,100,1467,1702,0.27
2026-09-13T23:20:47Z,72,76,30,5281,99,1600,1702,0.25
2026-09-13T23:20:49Z,75,76,30,5281,99,1311,1702,0.25
2026-09-13T23:20:51Z,75,76,30,5281,100,1600,2424,0.23
2026-09-13T23:20:53Z,75,76,30,5281,99,1348,1702,0.23
2026-09-13T23:20:56Z,72,76,30,5281,100,1358,1702,0.23
2026-09-13T23:20:58Z,75,76,30,5281,99,1600,1702,0.21
2026-09-13T23:21:00Z,76,76,30,5281,100,1339,1702,0.21
2026-09-13T23:21:02Z,75,76,30,5281,100,1533,1702,0.20
2026-09-13T23:21:04Z,76,76,30,5281,100,1589,2429,0.20
2026-09-13T23:21:06Z,75,76,30,5281,99,1537,1702,0.20
2026-09-13T23:21:08Z,76,76,30,5281,100,1600,2424,0.18
2026-09-13T23:21:10Z,74,76,30,5281,100,1322,1702,0.18
2026-09-13T23:21:12Z,74,76,30,5281,99,1600,1702,0.16
2026-09-13T23:21:14Z,76,76,30,5281,99,1466,1702,0.16
2026-09-13T23:21:16Z,75,76,30,5281,99,1600,2424,0.15
2026-09-13T23:21:18Z,73,76,30,5281,100,1376,1702,0.15
2026-09-13T23:21:20Z,74,76,30,5311,100,1362,1399,0.15
2026-09-13T23:21:22Z,74,75,30,5281,99,1600,1702,0.14
2026-09-13T23:21:25Z,72,75,30,5281,99,1362,1702,0.14
2026-09-13T23:21:27Z,74,75,30,5281,100,1431,1702,0.13
2026-09-13T23:21:29Z,75,76,30,5281,99,1600,1702,0.13
2026-09-13T23:21:31Z,75,76,30,5281,99,1600,1702,0.13
2026-09-13T23:21:33Z,75,76,30,5281,100,1464,1702,0.12
2026-09-13T23:21:35Z,75,76,30,5311,99,1259,2424,0.12
2026-09-13T23:21:37Z,75,76,30,5281,99,1536,1702,0.11
2026-09-13T23:21:39Z,75,76,30,5281,100,1386,2424,0.11
2026-09-13T23:21:41Z,77,76,30,5281,99,1485,1702,0.11
2026-09-13T23:21:43Z,75,76,30,5281,99,1600,1702,0.10
2026-09-13T23:21:45Z,75,76,30,5281,100,1600,2424,0.10
2026-09-13T23:21:47Z,75,76,30,5281,100,1600,1702,0.09
2026-09-13T23:21:49Z,76,76,30,5281,99,1600,1702,0.09
2026-09-13T23:21:51Z,78,76,30,5281,99,1472,1702,0.08
2026-09-13T23:21:53Z,73,76,30,5281,99,1600,2424,0.08
2026-09-13T23:21:56Z,73,76,30,5281,100,1600,1702,0.08
2026-09-13T23:21:58Z,76,76,30,5281,100,1410,1702,0.08
2026-09-13T23:22:00Z,73,76,30,5281,100,1581,1399,0.08
2026-09-13T23:22:02Z,64,75,30,5281,0,200,2424,0.07
2026-09-13T23:22:04Z,75,75,30,5281,100,1463,1702,0.07
2026-09-13T23:22:06Z,75,75,30,5281,100,1486,1400,0.07
2026-09-13T23:22:08Z,75,76,30,5326,99,1362,1399,0.14
2026-09-13T23:22:10Z,75,76,30,5281,100,1376,1702,0.14
2026-09-13T23:22:12Z,71,76,30,5281,99,1600,1702,0.13
2026-09-13T23:22:14Z,72,76,30,5281,99,1600,1399,0.13
2026-09-13T23:22:16Z,77,76,30,5281,100,1482,1702,0.12
2026-09-13T23:22:18Z,75,76,30,5311,99,1328,1702,0.12
2026-09-13T23:22:20Z,76,76,30,5281,99,1465,1702,0.12
2026-09-13T23:22:22Z,75,76,30,5281,99,1600,1702,0.11
2026-09-13T23:22:25Z,75,76,30,5281,100,1600,1702,0.11
2026-09-13T23:22:27Z,73,76,30,5311,100,1317,1561,0.10
2026-09-13T23:22:29Z,71,76,30,5281,99,1600,2424,0.10
2026-09-13T23:22:31Z,75,76,30,5281,99,1516,1702,0.10
2026-09-13T23:22:33Z,72,76,30,5281,99,1322,1702,0.09
2026-09-13T23:22:35Z,75,76,30,5281,100,1339,1702,0.09
2026-09-13T23:22:37Z,75,76,30,5281,99,1600,1702,0.09
2026-09-13T23:22:39Z,78,76,30,5281,100,1322,2424,0.09
2026-09-13T23:22:41Z,73,76,30,5326,100,1582,1702,0.09
2026-09-13T23:22:43Z,75,75,30,5281,99,1351,1702,0.16
2026-09-13T23:22:45Z,77,75,30,5311,99,1399,1702,0.16
2026-09-13T23:22:47Z,75,76,30,5281,99,1304,1702,0.23
2026-09-13T23:22:49Z,76,76,30,5281,100,1355,1702,0.23
2026-09-13T23:22:51Z,76,76,30,5281,99,1419,1702,0.21
2026-09-13T23:22:53Z,76,76,30,5281,99,1600,1702,0.21
2026-09-13T23:22:56Z,77,76,30,5281,99,1474,1702,0.21
2026-09-13T23:22:58Z,75,76,30,5281,100,1348,1702,0.19
2026-09-13T23:23:00Z,75,76,30,5281,100,1409,2424,0.19
2026-09-13T23:23:02Z,75,76,30,5281,100,1600,1702,0.18
2026-09-13T23:23:04Z,75,76,30,5281,100,1304,1477,0.18
2026-09-13T23:23:06Z,73,76,30,5281,99,1600,1702,0.18
2026-09-13T23:23:08Z,75,76,30,5281,99,1315,1702,0.16
2026-09-13T23:23:10Z,75,76,30,5281,99,1600,1702,0.16
2026-09-13T23:23:12Z,76,76,30,5281,99,1600,1702,0.15
2026-09-13T23:23:14Z,71,76,30,5281,99,1600,2424,0.15
2026-09-13T23:23:16Z,71,76,30,5281,100,1600,1702,0.14
2026-09-13T23:23:18Z,75,76,30,5281,99,1474,1702,0.14
2026-09-13T23:23:20Z,72,76,30,5281,100,1421,1745,0.14
2026-09-13T23:23:22Z,67,75,30,5281,99,1040,2424,0.13
2026-09-13T23:23:24Z,75,75,30,5281,100,1600,1702,0.13
2026-09-13T23:23:27Z,75,76,30,5281,100,1536,2200,0.12
2026-09-13T23:23:29Z,75,76,30,5281,99,1520,1702,0.12
2026-09-13T23:23:31Z,75,76,30,5281,99,1463,2424,0.12
2026-09-13T23:23:33Z,76,76,30,5281,100,1359,1702,0.11
2026-09-13T23:23:35Z,72,76,30,5281,100,1600,1702,0.11
2026-09-13T23:23:37Z,78,76,30,5281,99,1383,1702,0.10
2026-09-13T23:23:39Z,76,76,30,5281,100,1351,1702,0.10
2026-09-13T23:23:41Z,75,76,30,5281,100,1370,1702,0.10
2026-09-13T23:23:43Z,75,76,30,5311,100,1600,1702,0.17
2026-09-13T23:23:45Z,73,76,30,5281,99,1600,1702,0.17
2026-09-13T23:23:47Z,76,76,30,5281,99,1600,1399,0.16
2026-09-13T23:23:49Z,72,76,30,5281,99,1600,2424,0.16
2026-09-13T23:23:51Z,77,76,30,5281,99,1396,1702,0.14
2026-09-13T23:23:53Z,77,76,30,5281,99,1341,1435,0.14
2026-09-13T23:23:55Z,76,76,30,5281,100,1434,1702,0.14
2026-09-13T23:23:58Z,72,76,30,5281,100,1600,2424,0.13
2026-09-13T23:24:00Z,71,76,30,5281,99,1290,2424,0.13
2026-09-13T23:24:02Z,73,76,30,5326,99,1528,1399,0.12
2026-09-13T23:24:04Z,75,75,30,5281,99,1429,1702,0.12
2026-09-13T23:24:06Z,75,75,30,5281,99,1540,1702,0.12
2026-09-13T23:24:08Z,76,76,30,5281,99,1397,1702,0.11
2026-09-13T23:24:10Z,77,76,30,5326,100,1413,1702,0.11
2026-09-13T23:24:12Z,73,76,30,5281,99,1600,1702,0.18
2026-09-13T23:24:14Z,75,76,30,5281,100,1600,1704,0.18
2026-09-13T23:24:16Z,77,76,30,5281,99,1483,1702,0.18
2026-09-13T23:24:18Z,72,76,30,5281,100,1417,1702,0.17
2026-09-13T23:24:20Z,75,76,30,5281,100,1418,2425,0.17
2026-09-13T23:24:22Z,75,76,30,5281,99,1600,2424,0.15
2026-09-13T23:24:24Z,75,76,30,5281,100,1322,2425,0.15
2026-09-13T23:24:26Z,76,76,30,5281,99,1600,1712,0.14
2026-09-13T23:24:29Z,75,76,30,5311,99,1600,1702,0.14
2026-09-13T23:24:31Z,75,76,30,5281,100,1533,1399,0.14
2026-09-13T23:24:33Z,77,76,30,5281,100,1353,1702,0.13
2026-09-13T23:24:35Z,74,76,30,5281,0,1256,2424,0.13
2026-09-13T23:24:37Z,75,76,30,5281,100,1600,1702,0.12
2026-09-13T23:24:39Z,75,76,30,5281,99,1400,1702,0.12
2026-09-13T23:24:41Z,74,76,30,5281,99,1459,1702,0.12
2026-09-13T23:24:43Z,74,75,30,5281,99,1386,1702,0.19
2026-09-13T23:24:45Z,75,75,30,5281,99,1325,1702,0.19
2026-09-13T23:24:47Z,72,76,30,5281,99,1415,1702,0.17
2026-09-13T23:24:49Z,72,76,30,5326,99,1600,1702,0.17
2026-09-13T23:24:51Z,75,76,30,5281,100,1472,2424,0.24
2026-09-13T23:24:53Z,77,76,30,5281,99,1364,1702,0.24
2026-09-13T23:24:55Z,77,76,30,5281,100,1288,2424,0.24
2026-09-13T23:24:58Z,76,76,30,5281,99,1367,1702,0.22
2026-09-13T23:25:00Z,77,76,30,5281,100,1357,1399,0.22
2026-09-13T23:25:02Z,75,76,30,5311,100,1520,1702,0.20
2026-09-13T23:25:04Z,72,76,30,5281,100,1600,1702,0.20
2026-09-13T23:25:06Z,72,76,30,5311,99,1600,1400,0.20
2026-09-13T23:25:08Z,77,76,30,5281,99,1351,1702,0.19
2026-09-13T23:25:10Z,72,76,30,5281,99,1600,1702,0.19
2026-09-13T23:25:12Z,76,76,30,5281,99,1600,1702,0.17
2026-09-13T23:25:14Z,77,76,30,5281,99,1306,2424,0.17
2026-09-13T23:25:16Z,77,76,30,5281,99,1408,1702,0.17
2026-09-13T23:25:18Z,75,76,30,5281,100,1600,1399,0.16
2026-09-13T23:25:20Z,73,76,30,5326,99,1497,1702,0.16
2026-09-13T23:25:22Z,72,76,30,5281,99,1416,1702,0.22
2026-09-13T23:25:24Z,71,75,30,5281,99,1333,1702,0.22
2026-09-13T23:25:27Z,75,76,30,5281,100,1401,1399,0.21
2026-09-13T23:25:29Z,75,76,30,5281,99,1600,1400,0.21
2026-09-13T23:25:31Z,73,76,30,5311,99,1600,1455,0.21
2026-09-13T23:25:33Z,76,76,30,5281,99,1542,1702,0.27
2026-09-13T23:25:35Z,76,76,30,5281,99,1414,1702,0.27
2026-09-13T23:25:37Z,71,76,30,5281,99,1600,1702,0.25
2026-09-13T23:25:39Z,76,76,30,5281,100,1600,2402,0.25
2026-09-13T23:25:41Z,75,76,30,5281,99,1306,1702,0.25
2026-09-13T23:25:43Z,76,76,30,5281,99,1359,1702,0.23
2026-09-13T23:25:45Z,75,76,30,5281,99,1313,2424,0.23
2026-09-13T23:25:47Z,75,76,30,5281,99,1571,1702,0.21
2026-09-13T23:25:49Z,75,76,30,5326,100,1548,2207,0.21
2026-09-13T23:25:51Z,72,76,30,5281,100,1467,1399,0.19
2026-09-13T23:25:53Z,74,76,30,5281,100,1600,1702,0.19
2026-09-13T23:25:55Z,75,76,30,5281,99,1333,1702,0.19
2026-09-13T23:25:58Z,77,76,30,5281,100,1461,1702,0.18
2026-09-13T23:26:00Z,75,76,30,5281,99,1600,1895,0.18
2026-09-13T23:26:02Z,74,76,30,5281,99,1430,1702,0.16
2026-09-13T23:26:04Z,75,75,30,5281,100,1513,1702,0.16
2026-09-13T23:26:06Z,75,75,30,5281,100,1600,1702,0.16
2026-09-13T23:26:08Z,75,75,30,5281,99,1526,1702,0.15
2026-09-13T23:26:10Z,75,76,30,5311,99,1359,1702,0.15
2026-09-13T23:26:12Z,75,76,30,5281,100,1471,1702,0.22
2026-09-13T23:26:14Z,76,76,30,5311,99,1369,1702,0.22
2026-09-13T23:26:16Z,75,76,30,5326,100,1395,2424,0.22
2026-09-13T23:26:18Z,78,76,30,5281,100,1407,1702,0.28
2026-09-13T23:26:20Z,72,76,30,5326,100,1600,2424,0.28
2026-09-13T23:26:22Z,71,76,30,5281,99,1469,1702,0.26
2026-09-13T23:26:24Z,76,76,30,5281,99,1461,1702,0.26
2026-09-13T23:26:27Z,75,76,30,5281,99,1449,1400,0.24
2026-09-13T23:26:29Z,75,76,30,5281,100,1545,1702,0.24
2026-09-13T23:26:31Z,76,76,30,5281,99,1490,1400,0.24
2026-09-13T23:26:33Z,72,76,30,5281,100,1600,1702,0.22
2026-09-13T23:26:35Z,74,76,30,5281,100,1600,2424,0.22
2026-09-13T23:26:37Z,76,76,30,5311,99,1600,1802,0.20
2026-09-13T23:26:39Z,71,76,30,5281,99,1600,1544,0.20
2026-09-13T23:26:41Z,72,76,30,5281,99,1516,1400,0.20
2026-09-13T23:26:43Z,67,75,30,5281,100,1040,2424,0.35
2026-09-13T23:26:45Z,75,75,30,5326,100,1330,1399,0.35
2026-09-13T23:26:47Z,77,75,30,5281,100,1475,1702,0.32
2026-09-13T23:26:49Z,76,76,30,5281,100,1352,1400,0.32
2026-09-13T23:26:51Z,75,76,30,5281,99,1317,2425,0.37
2026-09-13T23:26:53Z,75,76,30,5281,100,1528,1702,0.37
2026-09-13T23:26:55Z,76,76,30,5311,100,1542,1702,0.37
2026-09-13T23:26:58Z,75,76,30,5326,99,1327,1702,0.42
2026-09-13T23:27:00Z,75,76,30,5281,100,1600,1702,0.42
2026-09-13T23:27:02Z,72,76,30,5281,99,1600,1702,0.39
2026-09-13T23:27:04Z,76,76,30,5281,100,1469,1702,0.39
2026-09-13T23:27:06Z,76,76,30,5281,99,1520,1702,0.39
2026-09-13T23:27:08Z,76,76,30,5281,99,1600,1702,0.36
2026-09-13T23:27:10Z,75,76,30,5281,100,1410,2425,0.36
2026-09-13T23:27:12Z,73,76,30,5281,99,1266,1400,0.33
2026-09-13T23:27:14Z,75,76,30,5311,99,1600,1702,0.33
2026-09-13T23:27:16Z,75,76,30,5311,100,1600,1702,0.33
2026-09-13T23:27:18Z,75,76,30,5281,100,1458,1702,0.30
2026-09-13T23:27:20Z,75,76,30,5281,100,1600,2424,0.30
2026-09-13T23:27:22Z,72,76,30,5281,100,1480,1702,0.28
2026-09-13T23:27:24Z,71,75,30,5281,99,1286,1702,0.28
2026-09-13T23:27:27Z,75,75,30,5281,99,1407,1702,0.25
2026-09-13T23:27:29Z,71,76,30,5281,99,1600,1702,0.25
2026-09-13T23:27:31Z,73,76,30,5281,99,1345,1702,0.25
2026-09-13T23:27:33Z,75,76,30,5281,99,1600,1702,0.31
2026-09-13T23:27:35Z,75,76,30,5311,100,1466,1702,0.31
2026-09-13T23:27:37Z,74,76,30,5281,99,1323,1702,0.37
2026-09-13T23:27:39Z,75,76,30,5326,100,1600,2425,0.37
2026-09-13T23:27:41Z,77,76,30,5311,99,1322,2426,0.37
2026-09-13T23:27:43Z,75,76,30,5281,99,1478,1702,0.34
2026-09-13T23:27:45Z,75,76,30,5281,99,1600,2424,0.34
2026-09-13T23:27:47Z,76,76,30,5326,99,1527,1702,0.31
2026-09-13T23:27:49Z,76,76,30,5281,99,1600,1702,0.31
2026-09-13T23:27:51Z,77,76,30,5281,99,1404,1702,0.29
2026-09-13T23:27:53Z,78,76,30,5281,99,1406,1702,0.29
2026-09-13T23:27:55Z,75,76,30,5281,99,1360,2373,0.29
2026-09-13T23:27:58Z,75,76,30,5281,100,1600,1399,0.26
2026-09-13T23:28:00Z,77,76,30,5311,100,1435,1702,0.26
2026-09-13T23:28:02Z,74,76,30,5281,99,1475,1702,0.24
2026-09-13T23:28:04Z,62,75,30,5281,0,200,2424,0.24
2026-09-13T23:28:06Z,60,73,30,5281,0,200,2424,0.24
2026-09-13T23:28:08Z,59,71,30,5311,10,1040,2425,0.30
2026-09-13T23:28:10Z,57,69,30,5281,15,1040,2424,0.30
2026-09-13T23:28:12Z,56,67,30,5208,9,1040,2425,0.36
2026-09-13T23:28:14Z,60,65,30,4687,99,1040,2425,0.36
2026-09-13T23:28:16Z,54,63,30,4687,0,200,2424,0.36
2026-09-13T23:28:18Z,67,62,30,4261,100,1600,1702,0.41
2026-09-13T23:28:20Z,69,67,30,3459,100,1600,1702,0.41
2026-09-13T23:28:22Z,66,69,30,3366,100,1600,1702,0.38
2026-09-13T23:28:24Z,70,70,30,3472,100,1395,2424,0.38
2026-09-13T23:28:26Z,73,72,30,3551,100,1600,1702,0.35
2026-09-13T23:28:28Z,73,73,30,3842,99,1594,1702,0.35
2026-09-13T23:28:31Z,71,74,30,4032,100,1596,2424,0.35
2026-09-13T23:28:33Z,73,74,30,4261,100,1342,2425,0.40
2026-09-13T23:28:35Z,74,74,30,4432,99,1382,1702,0.40
2026-09-13T23:28:37Z,74,75,30,4687,100,1367,1702,0.37
2026-09-13T23:28:39Z,75,75,30,4832,100,1333,2424,0.37
2026-09-13T23:28:41Z,75,75,30,4934,100,1335,1702,0.37
2026-09-13T23:28:43Z,76,75,30,5136,99,1367,1702,0.34
2026-09-13T23:28:45Z,75,76,30,5252,99,1598,1702,0.34
2026-09-13T23:28:47Z,75,76,30,5237,100,1348,2425,0.39
2026-09-13T23:28:49Z,75,76,30,5252,100,1383,1702,0.39
2026-09-13T23:28:51Z,76,76,30,5237,99,1354,1702,0.39
2026-09-13T23:28:53Z,75,76,30,5252,100,1600,2424,0.36
2026-09-13T23:28:55Z,75,76,30,5252,99,1377,1702,0.36
2026-09-13T23:28:57Z,75,76,30,5237,99,1338,1702,0.33
2026-09-13T23:28:59Z,76,76,30,5252,100,1600,1702,0.33
2026-09-13T23:29:02Z,75,76,30,5281,100,1333,2424,0.38
2026-09-13T23:29:04Z,75,76,30,5281,100,1373,1702,0.38
2026-09-13T23:29:06Z,75,76,30,5237,99,1379,1702,0.38
2026-09-13T23:29:08Z,75,76,30,5281,99,1600,1702,0.35
2026-09-13T23:29:10Z,76,76,30,5281,100,1320,2424,0.35
2026-09-13T23:29:12Z,77,75,30,5237,100,1380,1702,0.32
2026-09-13T23:29:14Z,75,76,30,5252,99,1431,1401,0.32
2026-09-13T23:29:16Z,71,76,30,5237,100,1600,2424,0.32
2026-09-13T23:29:18Z,77,76,30,5237,99,1334,2424,0.30
2026-09-13T23:29:20Z,72,75,30,5252,100,1356,1702,0.30
2026-09-13T23:29:22Z,72,75,30,5252,99,1399,1399,0.35
2026-09-13T23:29:24Z,69,74,30,5252,99,1040,2425,0.35
2026-09-13T23:29:26Z,72,74,30,5281,99,1373,1702,0.41
2026-09-13T23:29:28Z,72,75,30,5237,100,1392,1702,0.41
2026-09-13T23:29:30Z,75,76,30,5252,100,1383,1702,0.41
2026-09-13T23:29:33Z,71,76,30,5281,100,1600,1702,0.45
2026-09-13T23:29:35Z,72,76,30,5237,100,1428,1702,0.45
2026-09-13T23:29:37Z,72,76,30,5281,99,1592,1702,0.42
2026-09-13T23:29:39Z,75,76,30,5252,99,1334,2425,0.42
2026-09-13T23:29:41Z,75,76,30,5281,99,1434,1702,0.42
2026-09-13T23:29:43Z,76,76,30,5237,100,1391,1403,0.38
2026-09-13T23:29:45Z,76,76,30,5252,99,1364,1702,0.38
2026-09-13T23:29:47Z,76,76,30,5237,100,1374,1702,0.43
2026-09-13T23:29:49Z,77,76,30,5237,100,1372,1702,0.43
2026-09-13T23:29:51Z,78,76,30,5281,100,1377,1702,0.43
2026-09-13T23:29:53Z,71,76,30,5252,100,1600,2424,0.40
2026-09-13T23:29:55Z,76,76,30,5281,100,1372,1702,0.40
2026-09-13T23:29:57Z,75,76,30,5281,100,1386,1702,0.37
2026-09-13T23:29:59Z,77,76,30,5237,100,1371,1702,0.37
2026-09-13T23:30:01Z,74,76,30,5281,99,1350,1702,0.42
2026-09-13T23:30:04Z,75,76,30,5281,100,1381,1702,0.42
2026-09-13T23:30:06Z,74,76,30,5281,100,1340,1702,0.42
2026-09-13T23:30:08Z,76,76,30,5252,100,1373,1400,0.38
2026-09-13T23:30:10Z,75,76,30,5281,99,1375,1702,0.38
2026-09-13T23:30:12Z,76,76,30,5281,100,1541,1702,0.35
2026-09-13T23:30:14Z,76,76,30,5237,99,1376,1702,0.35
2026-09-13T23:30:16Z,75,76,30,5281,100,1600,2424,0.35
2026-09-13T23:30:18Z,71,76,30,5281,99,1600,2425,0.40
2026-09-13T23:30:20Z,75,76,30,5237,100,1374,1702,0.40
2026-09-13T23:30:22Z,75,76,30,5281,99,1600,1702,0.45
2026-09-13T23:30:24Z,75,76,30,5281,100,1376,1702,0.45
2026-09-13T23:30:26Z,72,76,30,5281,100,1398,1702,0.50
2026-09-13T23:30:28Z,72,75,30,5281,100,1332,1702,0.50
2026-09-13T23:30:30Z,73,75,30,5281,99,1384,1702,0.50
2026-09-13T23:30:33Z,75,75,30,5281,99,1600,1702,0.46
2026-09-13T23:30:35Z,76,75,30,5281,99,1570,1702,0.46
2026-09-13T23:30:37Z,71,76,30,5281,100,1592,1702,0.42
2026-09-13T23:30:39Z,75,76,30,5281,99,1600,2242,0.42
2026-09-13T23:30:41Z,75,76,30,5281,100,1600,1702,0.42
2026-09-13T23:30:43Z,75,76,30,5281,100,1379,1702,0.39
2026-09-13T23:30:45Z,75,76,30,5281,100,1469,2424,0.39
2026-09-13T23:30:47Z,75,76,30,5281,99,1369,1702,0.35
2026-09-13T23:30:49Z,76,76,30,5281,100,1370,1702,0.35
2026-09-13T23:30:51Z,76,76,30,5281,100,1387,1702,0.35
2026-09-13T23:30:53Z,75,76,30,5281,100,1315,2424,0.33
2026-09-13T23:30:55Z,71,76,30,5281,99,1600,1702,0.33
2026-09-13T23:30:57Z,76,76,30,5281,99,1600,1702,0.30
2026-09-13T23:30:59Z,75,76,30,5281,100,1367,1403,0.30
2026-09-13T23:31:02Z,75,76,30,5281,100,1403,1702,0.28
2026-09-13T23:31:04Z,76,76,30,5281,99,1380,1702,0.28
2026-09-13T23:31:06Z,75,76,30,5281,99,1336,1702,0.28
2026-09-13T23:31:08Z,74,76,30,5281,100,1326,2426,0.25
2026-09-13T23:31:10Z,76,76,30,5281,100,1382,1702,0.25
2026-09-13T23:31:12Z,72,76,30,5281,100,1600,1702,0.23
2026-09-13T23:31:14Z,76,76,30,5281,99,1397,1702,0.23
2026-09-13T23:31:16Z,76,76,30,5281,99,1293,2425,0.23
2026-09-13T23:31:18Z,75,76,30,5281,100,1374,1702,0.21
2026-09-13T23:31:20Z,76,76,30,5281,100,1366,1702,0.21
2026-09-13T23:31:22Z,75,76,30,5281,100,1364,1702,0.20
2026-09-13T23:31:24Z,70,76,30,5281,100,1322,2425,0.20
2026-09-13T23:31:26Z,75,76,30,5281,99,1371,1702,0.26
2026-09-13T23:31:28Z,75,76,30,5281,100,1600,1399,0.26
2026-09-13T23:31:30Z,76,76,30,5281,99,1382,1702,0.26
2026-09-13T23:31:33Z,73,76,30,5281,99,1364,1399,0.32
2026-09-13T23:31:35Z,73,75,30,5281,100,1415,1702,0.32
2026-09-13T23:31:37Z,73,75,30,5281,99,1412,1702,0.29
2026-09-13T23:31:39Z,70,74,30,5281,99,1349,1702,0.29
2026-09-13T23:31:41Z,75,75,30,5281,100,1374,1702,0.29
2026-09-13T23:31:43Z,77,75,30,5281,100,1377,1702,0.27
2026-09-13T23:31:45Z,77,76,30,5281,100,1382,1399,0.27
2026-09-13T23:31:47Z,76,76,30,5281,99,1352,1399,0.25
2026-09-13T23:31:49Z,75,76,30,5237,100,1366,1702,0.25
2026-09-13T23:31:51Z,78,76,30,5281,100,1381,1702,0.25
2026-09-13T23:31:53Z,72,76,30,5281,100,1600,1702,0.23
2026-09-13T23:31:55Z,75,76,30,5281,100,1600,1702,0.23
2026-09-13T23:31:57Z,75,76,30,5281,99,1562,1702,0.21
2026-09-13T23:32:00Z,73,76,30,5281,100,1328,2424,0.21
2026-09-13T23:32:02Z,76,76,30,5281,99,1387,1702,0.19
2026-09-13T23:32:04Z,75,76,30,5311,99,1381,1702,0.19
2026-09-13T23:32:06Z,76,76,30,5281,100,1377,1702,0.19
2026-09-13T23:32:08Z,74,76,30,5281,99,1352,2424,0.18
2026-09-13T23:32:10Z,75,76,30,5281,99,1415,1399,0.18
2026-09-13T23:32:12Z,76,76,30,5281,100,1358,1702,0.16
2026-09-13T23:32:14Z,76,76,30,5281,100,1373,1702,0.16
2026-09-13T23:32:16Z,75,76,30,5281,100,1600,1702,0.16
2026-09-13T23:32:18Z,75,76,30,5281,100,1370,1702,0.15
2026-09-13T23:32:20Z,76,76,30,5281,100,1380,1702,0.15
2026-09-13T23:32:22Z,75,76,30,5281,100,1600,2424,0.14
2026-09-13T23:32:24Z,77,76,30,5281,99,1381,1399,0.14
2026-09-13T23:32:26Z,75,76,30,5281,100,1391,1702,0.13
2026-09-13T23:32:28Z,75,76,30,5281,100,1431,1399,0.13
2026-09-13T23:32:31Z,75,76,30,5281,99,1600,2425,0.13
2026-09-13T23:32:33Z,72,76,30,5281,100,1443,1702,0.12
2026-09-13T23:32:35Z,76,76,30,5281,99,1369,1702,0.12
2026-09-13T23:32:37Z,74,76,30,5281,100,1600,1702,0.11
2026-09-13T23:32:39Z,75,76,30,5281,100,1330,2424,0.11
2026-09-13T23:32:41Z,73,75,30,5281,100,1444,1399,0.11
2026-09-13T23:32:43Z,72,75,30,5281,100,1411,1702,0.18
2026-09-13T23:32:45Z,69,74,30,5281,0,200,2424,0.18
2026-09-13T23:32:47Z,75,74,30,5281,100,1374,1702,0.16
2026-09-13T23:32:49Z,76,75,30,5281,99,1378,1702,0.16
2026-09-13T23:32:51Z,75,76,30,5281,100,1399,1702,0.16
2026-09-13T23:32:53Z,75,76,30,5281,100,1378,1702,0.15
2026-09-13T23:32:55Z,75,76,30,5281,99,1381,1702,0.15
2026-09-13T23:32:57Z,76,76,30,5281,100,1379,1702,0.14
2026-09-13T23:33:00Z,75,76,30,5281,99,1331,2425,0.14
2026-09-13T23:33:02Z,73,76,30,5281,99,1349,1702,0.13
2026-09-13T23:33:04Z,74,76,30,5281,99,1371,1702,0.13
2026-09-13T23:33:06Z,72,76,30,5281,100,1386,1702,0.13
2026-09-13T23:33:08Z,76,76,30,5281,100,1600,1702,0.20
2026-09-13T23:33:10Z,75,76,30,5281,99,1383,1702,0.20
2026-09-13T23:33:12Z,76,76,30,5281,100,1367,1702,0.18
2026-09-13T23:33:14Z,74,76,30,5281,100,1331,2424,0.18
2026-09-13T23:33:16Z,72,76,30,5281,99,1599,1702,0.18
2026-09-13T23:33:18Z,75,76,30,5281,99,1600,1824,0.17
2026-09-13T23:33:20Z,75,76,30,5281,99,1386,1702,0.17
2026-09-13T23:33:22Z,75,76,30,5281,99,1326,2424,0.23
2026-09-13T23:33:24Z,76,76,30,5281,99,1600,1702,0.23
2026-09-13T23:33:26Z,76,76,30,5281,100,1390,1702,0.21
2026-09-13T23:33:28Z,76,76,30,5281,100,1373,1702,0.21
2026-09-13T23:33:31Z,75,76,30,5311,99,1387,1702,0.21
2026-09-13T23:33:33Z,76,76,30,5281,99,1382,1702,0.20
2026-09-13T23:33:35Z,76,76,30,5281,99,1600,1702,0.20
2026-09-13T23:33:37Z,75,76,30,5281,100,1312,2424,0.18
2026-09-13T23:33:39Z,75,76,30,5281,100,1368,1702,0.18
2026-09-13T23:33:41Z,75,76,30,5281,99,1600,1400,0.18
2026-09-13T23:33:43Z,75,76,30,5281,100,1397,1702,0.17
2026-09-13T23:33:45Z,76,76,30,5281,99,1600,1702,0.17
2026-09-13T23:33:47Z,73,76,30,5281,99,1443,1702,0.15
2026-09-13T23:33:49Z,73,75,30,5281,100,1435,1702,0.15
2026-09-13T23:33:51Z,73,75,30,5281,100,1476,1702,0.15
2026-09-13T23:33:53Z,75,74,30,5281,99,1384,1702,0.22
2026-09-13T23:33:55Z,75,75,30,5281,99,1375,1702,0.22
2026-09-13T23:33:57Z,74,76,30,5281,99,1600,1702,0.28
2026-09-13T23:34:00Z,75,76,30,5281,99,1339,2424,0.28
2026-09-13T23:34:02Z,76,76,30,5281,100,1395,1702,0.26
2026-09-13T23:34:04Z,76,76,30,5281,100,1399,1702,0.26
2026-09-13T23:34:06Z,76,76,30,5281,100,1367,1399,0.26
2026-09-13T23:34:08Z,76,76,30,5281,99,1385,1702,0.32
2026-09-13T23:34:10Z,76,76,30,5281,99,1374,1702,0.32
2026-09-13T23:34:12Z,76,76,30,5281,100,1395,1702,0.29
2026-09-13T23:34:14Z,75,76,30,5281,99,1333,2425,0.29
2026-09-13T23:34:16Z,72,76,30,5281,100,1600,1702,0.29
2026-09-13T23:34:18Z,75,76,30,5281,100,1600,1702,0.27
2026-09-13T23:34:20Z,76,76,30,5281,100,1600,1702,0.27
2026-09-13T23:34:22Z,76,76,30,5281,100,1381,1702,0.33
2026-09-13T23:34:24Z,75,76,30,5281,99,1386,1702,0.33
2026-09-13T23:34:26Z,76,76,30,5281,99,1345,1702,0.30
2026-09-13T23:34:29Z,75,76,30,5281,100,1553,2425,0.30
2026-09-13T23:34:31Z,77,76,30,5281,100,1377,1702,0.30
2026-09-13T23:34:33Z,72,76,30,5281,100,1424,1702,0.28
2026-09-13T23:34:35Z,76,76,30,5281,99,1373,1702,0.28
2026-09-13T23:34:37Z,76,76,30,5281,100,1326,2425,0.34
2026-09-13T23:34:39Z,75,76,30,5281,100,1381,1702,0.34
2026-09-13T23:34:41Z,76,76,30,5281,100,1380,1702,0.34
2026-09-13T23:34:43Z,76,76,30,5281,99,1600,1702,0.31
2026-09-13T23:34:45Z,76,76,30,5281,100,1281,2424,0.31
2026-09-13T23:34:47Z,76,76,30,5281,100,1399,1702,0.28
2026-09-13T23:34:49Z,76,76,30,5281,99,1600,2424,0.28
2026-09-13T23:34:51Z,76,76,30,5281,99,1365,1702,0.28
2026-09-13T23:34:53Z,75,76,30,5281,99,1342,2425,0.26
2026-09-13T23:34:55Z,72,75,30,5281,100,1406,1400,0.26
2026-09-13T23:34:57Z,73,75,30,5281,99,1350,1399,0.32
2026-09-13T23:35:00Z,67,74,30,5281,99,1040,2424,0.32
2026-09-13T23:35:02Z,76,75,30,5281,99,1368,1702,0.29
2026-09-13T23:35:04Z,75,75,30,5281,100,1380,1702,0.29
2026-09-13T23:35:06Z,75,76,30,5281,100,1388,1702,0.29
2026-09-13T23:35:08Z,76,76,30,5281,99,1391,1702,0.35
2026-09-13T23:35:10Z,75,76,30,5281,100,1373,1702,0.35
2026-09-13T23:35:12Z,76,76,30,5281,100,1369,1702,0.32
2026-09-13T23:35:14Z,75,76,30,5281,99,1333,2425,0.32
2026-09-13T23:35:16Z,75,76,30,5281,99,1406,1702,0.32
2026-09-13T23:35:18Z,76,76,30,5326,100,1372,1702,0.30
2026-09-13T23:35:20Z,76,76,30,5281,99,1373,1702,0.30
2026-09-13T23:35:22Z,77,76,30,5281,99,1379,1702,0.35
2026-09-13T23:35:24Z,74,76,30,5281,100,1367,1702,0.35
2026-09-13T23:35:26Z,72,76,30,5281,99,1599,1702,0.33
2026-09-13T23:35:29Z,74,76,30,5281,99,1307,2424,0.33
2026-09-13T23:35:31Z,75,76,30,5281,99,1379,1702,0.33
2026-09-13T23:35:33Z,78,76,30,5281,100,1383,1702,0.30
2026-09-13T23:35:35Z,74,76,30,5281,100,1600,1702,0.30
2026-09-13T23:35:37Z,75,76,30,5281,100,1321,2424,0.35
2026-09-13T23:35:39Z,76,76,30,5281,100,1371,1702,0.35
2026-09-13T23:35:41Z,76,76,30,5281,100,1600,1702,0.35
2026-09-13T23:35:43Z,76,76,30,5281,100,1363,1702,0.33
2026-09-13T23:35:45Z,72,76,30,5281,99,1364,1702,0.33
2026-09-13T23:35:47Z,76,76,30,5281,99,1372,1702,0.30
2026-09-13T23:35:49Z,71,76,30,5281,99,1600,1702,0.30
2026-09-13T23:35:51Z,75,76,30,5281,99,1358,2425,0.30
2026-09-13T23:35:53Z,74,76,30,5281,100,1377,1702,0.36
2026-09-13T23:35:55Z,71,76,30,5281,100,1600,1702,0.36
2026-09-13T23:35:57Z,75,76,30,5281,100,1346,1702,0.33
2026-09-13T23:36:00Z,75,76,30,5281,99,1600,1702,0.33
2026-09-13T23:36:02Z,73,76,30,5281,100,1451,1702,0.30
2026-09-13T23:36:04Z,73,75,30,5281,99,1413,1702,0.30
2026-09-13T23:36:06Z,73,75,30,5281,53,1561,1702,0.30
2026-09-13T23:36:08Z,74,74,30,5281,99,1600,1400,0.36
2026-09-13T23:36:10Z,75,75,30,5281,100,1600,1702,0.36
2026-09-13T23:36:12Z,75,75,30,5281,99,1409,1399,0.33
2026-09-13T23:36:14Z,75,76,30,5281,99,1600,1702,0.33
2026-09-13T23:36:16Z,76,76,30,5281,100,1600,1702,0.33
2026-09-13T23:36:18Z,76,76,30,5281,100,1600,1702,0.30
2026-09-13T23:36:20Z,76,76,30,5281,99,1347,2424,0.30
2026-09-13T23:36:22Z,75,76,30,5281,99,1390,1702,0.36
2026-09-13T23:36:24Z,75,76,30,5281,100,1374,1702,0.36
2026-09-13T23:36:26Z,76,76,30,5281,100,1372,1702,0.33
2026-09-13T23:36:29Z,76,76,30,5281,100,1328,2424,0.33
2026-09-13T23:36:31Z,75,76,30,5281,99,1377,1702,0.33
2026-09-13T23:36:33Z,73,76,30,5281,99,1600,1702,0.30
2026-09-13T23:36:35Z,75,76,30,5281,99,1597,1702,0.30
2026-09-13T23:36:37Z,76,76,30,5281,99,1393,1702,0.36
2026-09-13T23:36:39Z,76,76,30,5281,100,1365,1702,0.36
2026-09-13T23:36:41Z,76,76,30,5281,99,1367,1702,0.36
2026-09-13T23:36:43Z,75,76,30,5281,99,1600,2424,0.33
2026-09-13T23:36:45Z,75,76,30,5281,100,1380,1399,0.33
2026-09-13T23:36:47Z,76,76,30,5281,99,1355,1702,0.30
2026-09-13T23:36:49Z,75,76,30,5281,100,1404,1702,0.30
2026-09-13T23:36:51Z,75,76,30,5281,99,1322,2424,0.30
2026-09-13T23:36:53Z,75,76,30,5281,99,1363,1702,0.36
2026-09-13T23:36:55Z,77,76,30,5281,99,1365,1400,0.36
2026-09-13T23:36:58Z,75,76,30,5281,100,1600,1702,0.33
2026-09-13T23:37:00Z,74,76,30,5281,99,1342,1702,0.33
2026-09-13T23:37:02Z,75,76,30,5281,100,1377,1399,0.30
2026-09-13T23:37:04Z,75,76,30,5281,100,1600,1702,0.30
2026-09-13T23:37:06Z,75,76,30,5281,99,1357,1400,0.30
2026-09-13T23:37:08Z,72,76,30,5281,99,1547,1702,0.28
2026-09-13T23:37:10Z,73,75,30,5281,99,1574,1702,0.28
2026-09-13T23:37:12Z,72,75,30,5281,99,1381,1702,0.34
2026-09-13T23:37:14Z,72,74,30,5281,100,1547,1702,0.34
2026-09-13T23:37:16Z,77,74,30,5281,100,1380,1399,0.34
2026-09-13T23:37:18Z,76,75,30,5281,99,1380,1702,0.31
2026-09-13T23:37:20Z,75,76,30,5281,100,1378,1702,0.31
2026-09-13T23:37:22Z,78,76,30,5281,100,1364,1702,0.29
2026-09-13T23:37:24Z,78,76,30,5281,99,1375,1401,0.29
2026-09-13T23:37:27Z,76,76,30,5281,100,1373,1702,0.26
2026-09-13T23:37:29Z,75,76,30,5281,99,1342,1702,0.26
2026-09-13T23:37:31Z,72,76,30,5281,100,1597,1702,0.26
2026-09-13T23:37:33Z,76,76,30,5281,99,1596,1702,0.32
2026-09-13T23:37:35Z,76,76,30,5281,99,1333,2426,0.32
2026-09-13T23:37:37Z,76,76,30,5281,99,1386,1702,0.30
2026-09-13T23:37:39Z,76,76,30,5281,99,1379,1702,0.30
2026-09-13T23:37:41Z,76,76,30,5281,99,1379,1702,0.30
2026-09-13T23:37:43Z,76,76,30,5281,99,1313,2426,0.27
2026-09-13T23:37:45Z,75,76,30,5281,100,1387,1702,0.27
2026-09-13T23:37:47Z,76,76,30,5281,100,1387,1399,0.25
2026-09-13T23:37:49Z,75,76,30,5281,100,1358,1702,0.25
2026-09-13T23:37:51Z,72,76,30,5281,99,1361,1702,0.31
2026-09-13T23:37:53Z,76,76,30,5281,100,1408,1399,0.31
2026-09-13T23:37:56Z,76,76,30,5281,100,1380,1702,0.31
2026-09-13T23:37:58Z,73,76,30,5281,99,1600,2424,0.29
2026-09-13T23:38:00Z,76,76,30,5281,99,1376,1702,0.29
2026-09-13T23:38:02Z,76,76,30,5281,100,1600,1702,0.26
2026-09-13T23:38:04Z,75,76,30,5281,99,1376,1702,0.26
2026-09-13T23:38:06Z,71,76,30,5281,99,1600,2424,0.26
2026-09-13T23:38:08Z,72,76,30,5281,100,1436,1702,0.32
2026-09-13T23:38:10Z,76,76,30,5281,100,1380,1702,0.32
2026-09-13T23:38:12Z,72,76,30,5281,100,1600,1702,0.30
2026-09-13T23:38:14Z,75,76,30,5281,99,1330,2399,0.30
2026-09-13T23:38:16Z,72,75,30,5281,99,1331,1702,0.30
2026-09-13T23:38:18Z,73,75,30,5281,99,1366,1702,0.27
2026-09-13T23:38:20Z,73,74,30,5281,100,1405,1702,0.27
2026-09-13T23:38:22Z,75,74,30,5281,100,1393,1702,0.25
2026-09-13T23:38:24Z,75,75,30,5281,100,1398,1702,0.25
2026-09-13T23:38:27Z,75,76,30,5281,100,1451,1400,0.23
2026-09-13T23:38:29Z,76,76,30,5281,99,1376,1702,0.23
2026-09-13T23:38:31Z,75,76,30,5281,100,1374,1702,0.23
2026-09-13T23:38:33Z,75,76,30,5281,99,1372,1702,0.21
2026-09-13T23:38:35Z,76,76,30,5281,99,1350,2424,0.21
2026-09-13T23:38:37Z,76,76,30,5281,100,1382,1702,0.19
2026-09-13T23:38:39Z,77,76,30,5281,99,1379,1702,0.19
2026-09-13T23:38:41Z,76,76,30,5281,100,1379,1702,0.19
2026-09-13T23:38:43Z,76,76,30,5281,99,1360,1702,0.18
2026-09-13T23:38:45Z,76,76,30,5281,99,1597,1702,0.18
2026-09-13T23:38:47Z,75,76,30,5281,100,1600,1702,0.16
2026-09-13T23:38:49Z,75,76,30,5281,99,1381,2424,0.16
2026-09-13T23:38:51Z,77,76,30,5281,100,1378,1702,0.31
2026-09-13T23:38:53Z,74,76,30,5281,99,1339,1702,0.31
2026-09-13T23:38:56Z,75,76,30,5281,99,1598,1702,0.31
2026-09-13T23:38:58Z,75,76,30,5281,99,1343,2429,0.29
2026-09-13T23:39:00Z,76,76,30,5281,99,1383,1702,0.29
2026-09-13T23:39:02Z,76,76,30,5281,100,1563,1702,0.26
2026-09-13T23:39:04Z,76,76,30,5281,99,1374,1702,0.26
2026-09-13T23:39:06Z,76,76,30,5281,100,1353,1702,0.26
2026-09-13T23:39:08Z,75,76,30,5281,100,1377,1702,0.24
2026-09-13T23:39:10Z,77,76,30,5281,100,1382,1702,0.24
2026-09-13T23:39:12Z,75,76,30,5281,100,1435,1796,0.22
2026-09-13T23:39:14Z,75,76,30,5281,100,1384,1702,0.22
2026-09-13T23:39:16Z,75,76,30,5281,100,1600,1702,0.22
2026-09-13T23:39:18Z,75,76,30,5281,100,1381,1702,0.20
2026-09-13T23:39:20Z,75,76,30,5281,100,1600,1702,0.20
2026-09-13T23:39:22Z,72,76,30,5281,100,1368,1399,0.27
2026-09-13T23:39:25Z,72,75,30,5311,2,1473,1702,0.27
2026-09-13T23:39:27Z,73,75,30,5281,100,1425,1702,0.33
2026-09-13T23:39:29Z,74,74,30,5281,99,1371,1702,0.33
2026-09-13T23:39:31Z,75,75,30,5281,100,1600,1702,0.33
2026-09-13T23:39:33Z,71,75,30,5281,100,1597,1702,0.30
2026-09-13T23:39:35Z,73,76,30,5281,100,1597,2325,0.30
2026-09-13T23:39:37Z,75,76,30,5281,99,1383,1702,0.28
2026-09-13T23:39:39Z,76,76,30,5281,100,1600,1702,0.28
2026-09-13T23:39:41Z,75,76,30,5281,99,1600,1702,0.28
2026-09-13T23:39:43Z,75,76,30,5281,100,1404,1702,0.33
2026-09-13T23:39:45Z,75,76,30,5281,100,1356,1702,0.33
2026-09-13T23:39:47Z,75,76,30,5281,99,1377,1406,0.31
2026-09-13T23:39:49Z,75,76,30,5281,100,1366,2425,0.31
2026-09-13T23:39:51Z,76,76,30,5281,100,1382,1702,0.28
2026-09-13T23:39:54Z,73,76,30,5281,100,1342,1702,0.28
2026-09-13T23:39:56Z,76,76,30,5281,99,1402,1702,0.28
2026-09-13T23:39:58Z,75,76,30,5281,100,1379,2426,0.34
2026-09-13T23:40:00Z,76,76,30,5281,99,1376,1400,0.34
2026-09-13T23:40:02Z,78,76,30,5281,100,1384,1399,0.31
2026-09-13T23:40:04Z,71,76,30,5281,99,1600,2158,0.31
2026-09-13T23:40:06Z,76,76,30,5281,99,1381,1702,0.31
2026-09-13T23:40:08Z,76,76,30,5281,99,1348,1702,0.29
2026-09-13T23:40:10Z,75,76,30,5281,99,1600,1702,0.29
2026-09-13T23:40:12Z,76,76,30,5281,99,1317,2426,0.34
2026-09-13T23:40:14Z,75,76,30,5281,100,1600,1702,0.34
2026-09-13T23:40:16Z,76,76,30,5281,99,1371,1702,0.34
2026-09-13T23:40:18Z,75,76,30,5281,99,1356,1702,0.32
2026-09-13T23:40:20Z,74,76,30,5281,99,1333,2424,0.32
2026-09-13T23:40:22Z,75,76,30,5281,100,1378,1702,0.29
2026-09-13T23:40:25Z,77,76,30,5281,100,1379,1702,0.29
2026-09-13T23:40:27Z,76,76,30,5281,99,1388,1702,0.27
2026-09-13T23:40:29Z,72,76,30,5281,99,1600,2424,0.27
2026-09-13T23:40:31Z,72,75,30,5281,100,1407,1399,0.27
2026-09-13T23:40:33Z,73,75,30,5281,99,1366,1400,0.25
2026-09-13T23:40:35Z,63,74,30,5326,0,200,2424,0.25
2026-09-13T23:40:37Z,77,74,30,5281,99,1378,1702,0.23
2026-09-13T23:40:39Z,76,75,30,5281,99,1384,1702,0.23
2026-09-13T23:40:41Z,75,76,30,5281,100,1365,1702,0.23
2026-09-13T23:40:43Z,75,76,30,5281,100,1365,1702,0.21
2026-09-13T23:40:45Z,77,76,30,5281,99,1375,1702,0.21
2026-09-13T23:40:47Z,77,76,30,5281,100,1379,1702,0.19
2026-09-13T23:40:49Z,75,76,30,5281,99,1299,2424,0.19
2026-09-13T23:40:51Z,75,76,30,5281,99,1568,1702,0.26
2026-09-13T23:40:54Z,75,76,30,5281,100,1600,1702,0.26
2026-09-13T23:40:56Z,75,76,30,5281,100,1600,1702,0.26
2026-09-13T23:40:58Z,75,76,30,5281,99,1381,1702,0.32
2026-09-13T23:41:00Z,76,76,30,5281,99,1406,1702,0.32
2026-09-13T23:41:02Z,76,76,30,5281,100,1382,1702,0.29
2026-09-13T23:41:04Z,76,76,30,5281,99,1327,2424,0.29
2026-09-13T23:41:06Z,75,76,30,5281,100,1600,1702,0.29
2026-09-13T23:41:08Z,75,76,30,5281,99,1374,1702,0.27
2026-09-13T23:41:10Z,76,76,30,5281,100,1368,1702,0.27
2026-09-13T23:41:12Z,72,76,30,5281,100,1309,2424,0.33
2026-09-13T23:41:14Z,76,76,30,5281,100,1371,1702,0.33
2026-09-13T23:41:16Z,75,76,30,5281,99,1378,1702,0.33
2026-09-13T23:41:18Z,71,76,30,5281,99,1530,1400,0.54
2026-09-13T23:41:20Z,76,76,30,5281,99,1389,1702,0.54
2026-09-13T23:41:23Z,77,76,30,5281,99,1351,1702,0.50
2026-09-13T23:41:25Z,75,76,30,5281,100,1400,1399,0.50
2026-09-13T23:41:27Z,75,76,30,5281,99,1288,2424,0.54
2026-09-13T23:41:29Z,76,76,30,5281,100,1403,1702,0.54
2026-09-13T23:41:31Z,76,76,30,5281,100,1600,1702,0.54
2026-09-13T23:41:33Z,73,76,30,5281,99,1331,1702,0.49
2026-09-13T23:41:35Z,75,76,30,5281,100,1459,1702,0.49
2026-09-13T23:41:37Z,73,76,30,5281,99,1396,1399,0.45
2026-09-13T23:41:39Z,72,75,30,5281,99,1375,1399,0.45
2026-09-13T23:41:41Z,73,75,30,5281,99,1377,1702,0.45
2026-09-13T23:41:43Z,76,74,30,5281,99,1363,1399,0.50
2026-09-13T23:41:45Z,75,75,30,5281,99,1600,1399,0.50
2026-09-13T23:41:47Z,76,76,30,5281,100,1512,1401,0.46
2026-09-13T23:41:49Z,76,76,30,5281,100,1600,1702,0.46
2026-09-13T23:41:52Z,75,76,30,5281,99,1600,1702,0.42
2026-09-13T23:41:54Z,76,76,30,5281,100,1600,2388,0.42
2026-09-13T23:41:56Z,75,76,30,5281,100,1336,2424,0.42
2026-09-13T23:41:58Z,75,76,30,5281,100,1390,1702,0.47
2026-09-13T23:42:00Z,75,76,30,5281,100,1392,1702,0.47
2026-09-13T23:42:02Z,76,76,30,5281,100,1386,1702,0.43
2026-09-13T23:42:04Z,75,76,30,5281,100,1328,2425,0.43
2026-09-13T23:42:06Z,75,76,30,5281,100,1372,1702,0.43
2026-09-13T23:42:08Z,71,76,30,5281,99,1530,1702,0.39
2026-09-13T23:42:10Z,75,76,30,5281,99,1600,1702,0.39
2026-09-13T23:42:12Z,75,76,30,5281,100,1384,1702,0.44
2026-09-13T23:42:14Z,75,76,30,5281,99,1372,1702,0.44
2026-09-13T23:42:16Z,77,76,30,5281,99,1378,1702,0.44
2026-09-13T23:42:18Z,72,76,30,5281,100,1600,2424,0.41
2026-09-13T23:42:20Z,76,76,30,5281,100,1381,1702,0.41
2026-09-13T23:42:23Z,78,76,30,5281,100,1387,1702,0.38
2026-09-13T23:42:25Z,76,76,30,5281,100,1599,1702,0.38
2026-09-13T23:42:27Z,76,76,30,5281,100,1357,2424,0.43
2026-09-13T23:42:29Z,76,76,30,5281,100,1600,1702,0.43
2026-09-13T23:42:31Z,76,76,30,5281,100,1376,1702,0.43
2026-09-13T23:42:33Z,72,76,30,5281,100,1600,1702,0.39
2026-09-13T23:42:35Z,74,76,30,5281,100,1355,1702,0.39
2026-09-13T23:42:37Z,75,76,30,5237,99,1355,1702,0.36
2026-09-13T23:42:39Z,73,76,30,5281,100,1335,1702,0.36
2026-09-13T23:42:41Z,75,76,30,5281,99,1380,1702,0.36
2026-09-13T23:42:43Z,74,76,30,5281,100,1356,1702,0.33
2026-09-13T23:42:45Z,73,75,30,5281,100,1393,1702,0.33
2026-09-13T23:42:47Z,73,75,30,5281,100,1425,1400,0.30
2026-09-13T23:42:49Z,76,74,30,5281,100,1373,1400,0.30
2026-09-13T23:42:52Z,75,75,30,5281,99,1395,1702,0.28
2026-09-13T23:42:54Z,76,75,30,5281,99,1370,1702,0.28
2026-09-13T23:42:56Z,75,76,30,5281,100,1391,1702,0.28
2026-09-13T23:42:58Z,76,76,30,5281,100,1382,1399,0.26
2026-09-13T23:43:00Z,75,76,30,5281,100,1369,1702,0.26
2026-09-13T23:43:02Z,76,76,30,5281,99,1370,1399,0.24
2026-09-13T23:43:04Z,76,76,30,5281,99,1377,1702,0.24
2026-09-13T23:43:06Z,76,76,30,5281,99,1362,1702,0.24
2026-09-13T23:43:08Z,78,76,30,5281,99,1367,1702,0.22
2026-09-13T23:43:10Z,76,76,30,5281,100,1324,2424,0.22
2026-09-13T23:43:12Z,75,76,30,5281,99,1380,1702,0.20
2026-09-13T23:43:14Z,75,76,30,5281,100,1405,1702,0.20
2026-09-13T23:43:16Z,75,76,30,5281,100,1382,1702,0.20
2026-09-13T23:43:18Z,75,76,30,5281,99,1326,2425,0.26
2026-09-13T23:43:21Z,74,76,30,5281,100,1600,1399,0.26
2026-09-13T23:43:23Z,76,76,30,5281,100,1600,1702,0.24
2026-09-13T23:43:25Z,75,76,30,5281,99,1397,1702,0.24
2026-09-13T23:43:27Z,75,76,30,5281,99,1378,1400,0.22
2026-09-13T23:43:29Z,75,76,30,5281,100,1600,1702,0.22
2026-09-13T23:43:31Z,75,76,30,5281,100,1487,1702,0.22
2026-09-13T23:43:33Z,77,76,30,5281,99,1325,2424,0.20
2026-09-13T23:43:35Z,75,76,30,5281,100,1364,1702,0.20
2026-09-13T23:43:37Z,77,76,30,5281,100,1369,1702,0.27
2026-09-13T23:43:39Z,75,76,30,5281,99,1374,1702,0.27
2026-09-13T23:43:41Z,76,76,30,5237,100,1330,2424,0.27
2026-09-13T23:43:43Z,75,76,30,5281,99,1379,1702,0.33
2026-09-13T23:43:45Z,75,76,30,5281,100,1600,1702,0.33
2026-09-13T23:43:47Z,75,76,30,5281,99,1426,1702,0.30
2026-09-13T23:43:50Z,75,76,30,5281,100,1600,2425,0.30
2026-09-13T23:43:52Z,73,76,30,5281,99,1398,1702,0.28
2026-09-13T23:43:54Z,73,75,30,5281,99,1336,1702,0.28
2026-09-13T23:43:56Z,74,75,30,5281,100,1340,1702,0.28
2026-09-13T23:43:58Z,74,74,30,5281,100,1374,1702,0.25
2026-09-13T23:44:00Z,76,75,30,5281,100,1372,1702,0.25
2026-09-13T23:44:02Z,77,76,30,5281,100,1386,1702,0.23
2026-09-13T23:44:04Z,72,76,30,5281,99,1313,1702,0.23
2026-09-13T23:44:06Z,75,76,30,5281,99,1363,1399,0.23
2026-09-13T23:44:08Z,75,76,30,5281,99,1331,1702,0.21
2026-09-13T23:44:10Z,72,76,30,5281,100,1600,2424,0.21
2026-09-13T23:44:12Z,75,76,30,5281,99,1380,1702,0.20
2026-09-13T23:44:14Z,76,76,30,5281,99,1381,1702,0.20
2026-09-13T23:44:16Z,75,76,30,5281,100,1392,1702,0.26
2026-09-13T23:44:19Z,75,76,30,5281,99,1401,1702,0.26
2026-09-13T23:44:21Z,76,76,30,5281,99,1382,1702,0.26
2026-09-13T23:44:23Z,76,76,30,5281,100,1376,1702,0.24
2026-09-13T23:44:25Z,76,76,30,5281,100,1328,2424,0.24
2026-09-13T23:44:27Z,75,76,30,5281,100,1447,1702,0.22
2026-09-13T23:44:29Z,76,76,30,5281,100,1395,1702,0.22
2026-09-13T23:44:31Z,75,76,30,5281,100,1383,1702,0.22
2026-09-13T23:44:33Z,71,76,30,5281,100,1600,2424,0.20
2026-09-13T23:44:35Z,75,76,30,5281,100,1376,1702,0.20
2026-09-13T23:44:37Z,75,76,30,5281,99,1349,1702,0.19
2026-09-13T23:44:39Z,76,76,30,5281,100,1600,1702,0.19
2026-09-13T23:44:41Z,76,76,30,5281,100,1376,1702,0.19
2026-09-13T23:44:43Z,73,76,30,5281,100,1600,1702,0.25
2026-09-13T23:44:45Z,76,76,30,5281,99,1372,1702,0.25
2026-09-13T23:44:48Z,77,76,30,5281,100,1319,2224,0.23
2026-09-13T23:44:50Z,75,76,30,5281,99,1373,1702,0.23
2026-09-13T23:44:52Z,75,76,30,5281,100,1378,1399,0.21
2026-09-13T23:44:54Z,77,76,30,5237,100,1378,1399,0.21
2026-09-13T23:44:56Z,76,76,30,5281,100,1388,1399,0.21
2026-09-13T23:44:58Z,73,76,30,5281,99,1401,1399,0.28
2026-09-13T23:45:00Z,73,75,30,5281,99,1427,1702,0.28
2026-09-13T23:45:02Z,73,75,30,5281,99,1346,1702,0.33
2026-09-13T23:45:04Z,61,73,30,5281,0,200,2424,0.33
2026-09-13T23:45:06Z,59,71,30,5281,0,200,2424,0.33
2026-09-13T23:45:08Z,58,69,30,5281,11,1040,2425,0.39
2026-09-13T23:45:10Z,57,67,30,5281,8,1040,2424,0.39
2026-09-13T23:45:12Z,56,65,30,5281,14,200,2424,0.44
2026-09-13T23:45:14Z,55,64,30,4595,0,200,2425,0.44
2026-09-13T23:45:16Z,54,62,30,4261,0,200,2424,0.44
2026-09-13T23:45:18Z,64,64,30,3906,100,1600,1702,0.48
2026-09-13T23:45:20Z,71,68,30,3440,100,1373,1399,0.48
2026-09-13T23:45:23Z,69,69,30,3440,100,1329,1702,0.44
2026-09-13T23:45:25Z,71,70,30,3459,99,1416,1702,0.44
2026-09-13T23:45:27Z,72,71,30,3772,99,1600,1702,0.41
2026-09-13T23:45:29Z,73,72,30,3972,99,1600,1702,0.41
2026-09-13T23:45:31Z,74,73,30,4148,100,1479,1702,0.41
2026-09-13T23:45:33Z,75,74,30,4310,99,1345,1702,0.37
2026-09-13T23:45:35Z,74,74,30,4584,99,1532,1418,0.37
2026-09-13T23:45:37Z,72,75,30,4770,99,1360,1702,0.34
2026-09-13T23:45:39Z,75,75,30,4807,99,1369,2425,0.34
2026-09-13T23:45:41Z,73,75,30,4960,100,1600,1427,0.34
2026-09-13T23:45:43Z,71,75,30,5165,99,1312,1399,0.32
2026-09-13T23:45:45Z,74,75,30,5208,99,1600,1399,0.32
2026-09-13T23:45:47Z,76,76,30,5208,100,1373,1702,0.29
2026-09-13T23:45:49Z,74,76,30,5193,100,1600,2426,0.29
2026-09-13T23:45:52Z,75,75,30,5252,99,1351,1702,0.27
2026-09-13T23:45:54Z,75,75,30,5237,100,1473,1702,0.27
2026-09-13T23:45:56Z,72,75,30,5237,100,1598,1400,0.27
2026-09-13T23:45:58Z,72,74,30,5237,99,1430,1702,0.25
2026-09-13T23:46:00Z,69,74,30,5237,99,1407,2424,0.25
2026-09-13T23:46:02Z,72,74,30,5252,100,1600,1702,0.23
2026-09-13T23:46:04Z,73,75,30,5237,99,1600,1702,0.23
2026-09-13T23:46:06Z,74,75,30,5237,100,1458,1702,0.23
2026-09-13T23:46:08Z,75,76,30,5237,100,1473,2424,0.21
2026-09-13T23:46:10Z,78,76,30,5237,99,1462,1399,0.21
2026-09-13T23:46:12Z,75,76,30,5237,99,1310,2424,0.19
2026-09-13T23:46:14Z,75,76,30,5237,99,1445,1702,0.19
2026-09-13T23:46:16Z,76,76,30,5281,100,1339,1400,0.19
2026-09-13T23:46:18Z,75,76,30,5252,100,1472,1702,0.26
2026-09-13T23:46:20Z,75,76,30,5237,99,1600,1702,0.26
2026-09-13T23:46:23Z,75,76,30,5281,100,1600,2424,0.32
2026-09-13T23:46:25Z,76,76,30,5252,100,1600,1702,0.32
2026-09-13T23:46:27Z,75,76,30,5281,100,1600,2425,0.37
2026-09-13T23:46:29Z,77,76,30,5237,99,1481,1702,0.37
2026-09-13T23:46:31Z,76,76,30,5252,100,1358,1702,0.37
2026-09-13T23:46:33Z,75,76,30,5252,100,1463,1702,0.42
2026-09-13T23:46:35Z,74,76,30,5237,99,1600,1702,0.42
2026-09-13T23:46:37Z,71,76,30,5281,99,200,2424,0.47
2026-09-13T23:46:39Z,71,75,30,5237,99,1385,1702,0.47
2026-09-13T23:46:41Z,73,75,30,5281,99,1591,1702,0.47
2026-09-13T23:46:43Z,71,74,30,5281,100,1314,1702,0.43
2026-09-13T23:46:45Z,78,75,30,5281,100,1467,1702,0.43
2026-09-13T23:46:47Z,74,76,30,5237,100,1338,1702,0.40
2026-09-13T23:46:49Z,72,76,30,5281,99,1600,1702,0.40
2026-09-13T23:46:52Z,75,76,30,5252,100,1600,1702,0.36
2026-09-13T23:46:54Z,76,76,30,5281,100,1520,1702,0.36
2026-09-13T23:46:56Z,75,76,30,5281,99,1317,1702,0.36
2026-09-13T23:46:58Z,75,76,30,5237,99,1600,1702,0.33
2026-09-13T23:47:00Z,75,76,30,5252,100,1384,2424,0.33
2026-09-13T23:47:02Z,76,76,30,5281,100,1456,1702,0.31
2026-09-13T23:47:04Z,76,76,30,5281,99,1600,2424,0.31
2026-09-13T23:47:06Z,76,76,30,5281,99,1600,1702,0.31
2026-09-13T23:47:08Z,75,76,30,5281,100,1600,2424,0.28
2026-09-13T23:47:10Z,77,76,30,5281,100,1377,1702,0.28
2026-09-13T23:47:12Z,72,76,30,5281,100,1600,1702,0.26
2026-09-13T23:47:14Z,69,76,30,5281,99,1084,2425,0.26
2026-09-13T23:47:16Z,71,76,30,5281,99,1600,1702,0.26
2026-09-13T23:47:18Z,75,76,30,5281,100,1537,1702,0.24
2026-09-13T23:47:20Z,73,76,30,5281,99,1378,1399,0.24
2026-09-13T23:47:23Z,72,75,30,5281,99,1545,1403,0.22
2026-09-13T23:47:25Z,66,75,30,5281,99,1040,2424,0.22
2026-09-13T23:47:27Z,76,74,30,5281,99,1380,1702,0.20
2026-09-13T23:47:29Z,75,75,30,5281,100,1552,1702,0.20
2026-09-13T23:47:31Z,76,76,30,5237,99,1471,1702,0.20
2026-09-13T23:47:33Z,75,76,30,5237,99,1420,2424,0.18
2026-09-13T23:47:35Z,75,76,30,5281,99,1600,1702,0.18
2026-09-13T23:47:37Z,75,76,30,5281,100,1600,2113,0.17
2026-09-13T23:47:39Z,76,76,30,5281,99,1354,1702,0.17
2026-09-13T23:47:41Z,73,76,30,5281,99,1600,1702,0.17
2026-09-13T23:47:43Z,76,76,30,5281,100,1362,1702,0.16
2026-09-13T23:47:45Z,76,76,30,5281,100,1600,1702,0.16
2026-09-13T23:47:47Z,71,76,30,5281,99,1600,1702,0.22
2026-09-13T23:47:49Z,72,76,30,5281,100,1600,2424,0.22
2026-09-13T23:47:52Z,73,76,30,5281,100,1600,2424,0.37
2026-09-13T23:47:54Z,76,76,30,5281,100,1373,1702,0.37
2026-09-13T23:47:56Z,76,76,30,5281,99,1342,1702,0.37
2026-09-13T23:47:58Z,75,76,30,5281,100,1343,1702,0.42
2026-09-13T23:48:00Z,76,76,30,5281,99,1600,1702,0.42
2026-09-13T23:48:02Z,71,76,30,5281,99,1600,2424,0.54
2026-09-13T23:48:04Z,73,76,30,5281,100,1371,1399,0.54
2026-09-13T23:48:06Z,73,75,30,5281,100,1511,1702,0.54
2026-09-13T23:48:08Z,75,74,30,5281,99,1513,1702,0.50
2026-09-13T23:48:10Z,72,75,30,5281,99,1600,2262,0.50
2026-09-13T23:48:12Z,75,76,30,5281,100,1600,1702,0.54
2026-09-13T23:48:14Z,76,76,30,5281,99,1599,1702,0.54
2026-09-13T23:48:16Z,75,76,30,5281,99,1584,1702,0.54
2026-09-13T23:48:18Z,77,76,30,5281,99,1386,1702,0.50
2026-09-13T23:48:21Z,74,76,30,5281,100,1312,2424,0.50
2026-09-13T23:48:23Z,76,76,30,5311,100,1495,1413,0.46
2026-09-13T23:48:25Z,77,76,30,5281,99,1288,2424,0.46
2026-09-13T23:48:27Z,77,76,30,5326,100,1366,1399,0.42
2026-09-13T23:48:29Z,76,76,30,5281,100,1600,1400,0.42
2026-09-13T23:48:31Z,75,76,30,5281,99,1490,1702,0.42
2026-09-13T23:48:33Z,76,76,30,5281,99,1600,1702,0.39
2026-09-13T23:48:35Z,76,76,30,5281,99,1373,1702,0.39
2026-09-13T23:48:37Z,77,76,30,5281,99,1436,1399,0.36
2026-09-13T23:48:39Z,71,76,30,5281,99,1600,2425,0.36
2026-09-13T23:48:41Z,72,76,30,5326,99,1600,1702,0.36
2026-09-13T23:48:43Z,77,76,30,5281,99,1370,1702,0.33
2026-09-13T23:48:45Z,70,76,30,5281,99,1385,1702,0.33
2026-09-13T23:48:47Z,73,75,30,5281,99,1586,1400,0.30
2026-09-13T23:48:49Z,71,75,30,5281,0,200,2424,0.30
2026-09-13T23:48:52Z,76,75,30,5326,100,1471,1702,0.36
2026-09-13T23:48:54Z,75,75,30,5281,99,1527,1702,0.36
2026-09-13T23:48:56Z,76,76,30,5281,99,1353,1702,0.36
2026-09-13T23:48:58Z,77,76,30,5281,100,1427,1404,0.33
2026-09-13T23:49:00Z,72,76,30,5281,100,1600,1702,0.33
2026-09-13T23:49:02Z,76,76,30,5311,100,1402,1702,0.30
2026-09-13T23:49:04Z,77,76,30,5281,99,1341,1702,0.30
2026-09-13T23:49:06Z,71,76,30,5281,99,1600,1702,0.30
2026-09-13T23:49:08Z,76,76,30,5281,99,1467,1702,0.28
2026-09-13T23:49:10Z,76,76,30,5281,99,1600,1792,0.28
2026-09-13T23:49:12Z,74,76,30,5281,99,1376,2424,0.33
2026-09-13T23:49:14Z,75,76,30,5281,99,1600,1702,0.33
2026-09-13T23:49:16Z,74,76,30,5281,99,1600,2424,0.33
2026-09-13T23:49:18Z,78,76,30,5281,100,1410,1702,0.39
2026-09-13T23:49:20Z,74,76,30,5281,100,1318,1702,0.39
2026-09-13T23:49:23Z,75,76,30,5281,100,1476,1702,0.52
2026-09-13T23:49:25Z,75,76,30,5281,99,1518,1702,0.52
2026-09-13T23:49:27Z,77,76,30,5281,100,1341,1702,0.48
2026-09-13T23:49:29Z,73,76,30,5281,99,1430,1702,0.48
2026-09-13T23:49:31Z,72,75,30,5281,100,1455,1400,0.48
2026-09-13T23:49:33Z,75,75,30,5281,100,1341,1702,0.44
2026-09-13T23:49:35Z,76,75,30,5281,99,1437,1702,0.44
2026-09-13T23:49:37Z,77,76,30,5281,100,1339,1702,0.48
2026-09-13T23:49:39Z,77,76,30,5281,99,1351,1702,0.48
2026-09-13T23:49:41Z,75,76,30,5311,100,1600,1702,0.48
2026-09-13T23:49:43Z,75,76,30,5281,100,1600,1399,0.44
2026-09-13T23:49:45Z,75,76,30,5281,99,1412,2424,0.44
2026-09-13T23:49:47Z,73,76,30,5281,99,1600,1702,0.41
2026-09-13T23:49:49Z,76,76,30,5281,99,1347,2049,0.41
2026-09-13T23:49:52Z,75,76,30,5281,100,1600,1957,0.46
2026-09-13T23:49:54Z,75,77,30,5281,99,1363,1702,0.46
2026-09-13T23:49:56Z,77,77,30,5281,100,1343,1702,0.46
2026-09-13T23:49:58Z,75,77,30,5357,99,1329,1702,0.42
2026-09-13T23:50:00Z,75,77,30,5387,100,1308,1702,0.42
2026-09-13T23:50:02Z,74,76,30,5357,99,1600,2424,0.39
2026-09-13T23:50:04Z,75,76,30,5357,100,1421,2425,0.39
2026-09-13T23:50:06Z,76,76,30,5403,99,1526,1399,0.39
2026-09-13T23:50:08Z,76,76,30,5357,99,1330,1702,0.35
2026-09-13T23:50:10Z,72,76,30,5387,100,1442,1399,0.35
2026-09-13T23:50:12Z,71,75,30,5387,99,1419,1702,0.41
2026-09-13T23:50:14Z,72,75,30,5357,99,1437,1400,0.41
2026-09-13T23:50:16Z,75,75,30,5357,100,1387,1702,0.41
2026-09-13T23:50:18Z,76,75,30,5403,99,1370,1702,0.37
2026-09-13T23:50:21Z,77,76,30,5357,100,1362,1420,0.37
2026-09-13T23:50:23Z,78,76,30,5357,99,1491,1702,0.34
2026-09-13T23:50:25Z,76,76,30,5357,99,1418,1702,0.34
2026-09-13T23:50:27Z,75,76,30,5387,99,1600,2423,0.32
2026-09-13T23:50:29Z,77,76,30,5403,100,1361,1399,0.32
2026-09-13T23:50:31Z,75,76,30,5357,99,1369,1400,0.32
2026-09-13T23:50:33Z,75,76,30,5357,99,1521,1399,0.29
2026-09-13T23:50:35Z,76,76,30,5357,100,1600,1702,0.29
2026-09-13T23:50:37Z,77,76,30,5403,99,1244,2425,0.35
2026-09-13T23:50:39Z,71,76,30,5357,99,1600,1702,0.35
2026-09-13T23:50:41Z,74,76,30,5387,99,1309,1702,0.35
2026-09-13T23:50:43Z,75,76,30,5357,99,1452,1702,0.40
2026-09-13T23:50:45Z,75,76,30,5357,99,1467,1702,0.40
2026-09-13T23:50:47Z,76,76,30,5387,100,1600,1702,0.53
2026-09-13T23:50:50Z,72,76,30,5387,100,1600,2328,0.53
2026-09-13T23:50:52Z,75,76,30,5357,99,1449,1702,0.65
2026-09-13T23:50:54Z,73,76,30,5403,100,1536,1702,0.65
2026-09-13T23:50:56Z,73,75,30,5387,100,1580,1702,0.65
2026-09-13T23:50:58Z,74,75,30,5357,99,1462,1702,0.83
2026-09-13T23:51:00Z,75,75,30,5357,100,1435,1702,0.83
2026-09-13T23:51:02Z,76,76,30,5357,100,1459,1702,0.85
2026-09-13T23:51:04Z,75,76,30,5403,100,1382,1702,0.85
2026-09-13T23:51:06Z,75,76,30,5357,100,1321,2424,0.85
2026-09-13T23:51:08Z,75,76,30,5357,100,1600,1702,0.78
2026-09-13T23:51:10Z,76,76,30,5357,99,1487,2424,0.78
2026-09-13T23:51:12Z,75,76,30,5357,100,1347,1702,0.72
2026-09-13T23:51:14Z,74,76,30,5357,99,1600,2424,0.72
2026-09-13T23:51:16Z,73,76,30,5387,100,1600,1702,0.72
2026-09-13T23:51:18Z,77,76,30,5403,100,1364,1702,0.66
2026-09-13T23:51:21Z,77,76,30,5357,100,1410,1702,0.66
2026-09-13T23:51:23Z,76,76,30,5357,100,1458,1702,0.61
2026-09-13T23:51:25Z,77,76,30,5387,99,1479,1702,0.61
2026-09-13T23:51:27Z,74,76,30,5387,99,1320,1702,0.56
2026-09-13T23:51:29Z,76,76,30,5357,99,1476,2424,0.56
2026-09-13T23:51:31Z,76,76,30,5357,100,1523,1702,0.56
2026-09-13T23:51:33Z,78,76,30,5357,100,1468,1702,0.51
2026-09-13T23:51:35Z,73,76,30,5403,100,1581,1702,0.51
2026-09-13T23:51:37Z,73,75,30,5357,99,1593,1702,0.47
2026-09-13T23:51:39Z,72,75,30,5387,99,1409,1702,0.47
2026-09-13T23:51:41Z,76,74,30,5403,100,1375,1702,0.47
2026-09-13T23:51:43Z,75,75,30,5403,100,1531,1702,0.43
2026-09-13T23:51:45Z,75,76,30,5387,100,1364,1702,0.43
2026-09-13T23:51:47Z,75,76,30,5357,100,1511,1702,0.40
2026-09-13T23:51:50Z,71,76,30,5357,100,1422,1702,0.40
2026-09-13T23:51:52Z,71,76,30,5403,99,1600,1702,0.37
2026-09-13T23:51:54Z,75,76,30,5403,99,1462,1702,0.37
2026-09-13T23:51:56Z,77,76,30,5357,99,1360,1702,0.37
2026-09-13T23:51:58Z,76,76,30,5357,99,1600,1702,0.34
2026-09-13T23:52:00Z,73,76,30,5403,99,1338,1702,0.34
2026-09-13T23:52:02Z,75,76,30,5403,99,1421,2424,0.39
2026-09-13T23:52:04Z,72,76,30,5387,99,1600,1702,0.39
2026-09-13T23:52:06Z,76,76,30,5387,99,1335,1399,0.39
2026-09-13T23:52:08Z,76,76,30,5357,100,1600,2424,0.44
2026-09-13T23:52:10Z,75,76,30,5387,100,1540,1702,0.44
2026-09-13T23:52:12Z,75,76,30,5357,99,1600,2425,0.48
2026-09-13T23:52:14Z,77,76,30,5387,99,1399,1702,0.48
2026-09-13T23:52:16Z,75,76,30,5403,99,1503,1399,0.48
2026-09-13T23:52:19Z,73,76,30,5357,100,1355,1702,0.61
2026-09-13T23:52:21Z,73,75,30,5403,99,1452,1702,0.61
2026-09-13T23:52:23Z,75,75,30,5403,100,1455,1702,0.64
2026-09-13T23:52:25Z,75,75,30,5357,100,1600,1702,0.64
2026-09-13T23:52:27Z,75,75,30,5387,99,1541,1702,0.67
2026-09-13T23:52:29Z,75,76,30,5403,100,1527,1702,0.67
2026-09-13T23:52:31Z,76,76,30,5357,100,1395,2424,0.67
2026-09-13T23:52:33Z,75,76,30,5357,99,1600,1702,0.61
2026-09-13T23:52:35Z,75,76,30,5357,100,1600,2424,0.61
2026-09-13T23:52:37Z,71,76,30,5357,100,1600,1702,0.56
2026-09-13T23:52:39Z,75,76,30,5387,100,1600,1702,0.56
2026-09-13T23:52:41Z,74,76,30,5387,100,1600,1702,0.56
2026-09-13T23:52:43Z,76,76,30,5357,100,1458,1702,0.52
2026-09-13T23:52:45Z,75,76,30,5357,100,1472,1702,0.52
2026-09-13T23:52:48Z,76,76,30,5387,99,1526,1702,0.48
2026-09-13T23:52:50Z,75,76,30,5387,99,1411,2424,0.48
2026-09-13T23:52:52Z,75,76,30,5357,99,1600,1400,0.44
2026-09-13T23:52:54Z,75,76,30,5357,100,1600,2424,0.44
2026-09-13T23:52:56Z,75,76,30,5387,99,1600,1399,0.44
2026-09-13T23:52:58Z,74,76,30,5387,99,1307,1702,0.40
2026-09-13T23:53:00Z,73,76,30,5387,99,1441,1702,0.40
2026-09-13T23:53:02Z,73,75,30,5357,100,1413,1702,0.45
2026-09-13T23:53:04Z,71,75,30,5403,99,1459,1702,0.45
2026-09-13T23:53:06Z,75,74,30,5403,99,1321,1399,0.45
2026-09-13T23:53:08Z,76,75,30,5387,99,1487,1702,0.41
2026-09-13T23:53:10Z,75,76,30,5357,99,1357,1702,0.41
2026-09-13T23:53:12Z,75,76,30,5357,99,1311,1702,0.46
2026-09-13T23:53:14Z,75,76,30,5403,99,1600,1809,0.46
2026-09-13T23:53:17Z,75,76,30,5387,100,1600,1702,0.46
2026-09-13T23:53:19Z,77,76,30,5387,99,1375,1399,0.42
2026-09-13T23:53:21Z,72,76,30,5387,99,1600,1702,0.42
2026-09-13T23:53:23Z,74,76,30,5357,99,1370,2424,0.39
2026-09-13T23:53:25Z,75,76,30,5403,99,1600,1702,0.39
2026-09-13T23:53:27Z,74,76,30,5357,99,1600,2425,0.44
2026-09-13T23:53:29Z,75,76,30,5357,99,1600,1713,0.44
2026-09-13T23:53:31Z,71,76,30,5357,99,1600,1702,0.44
2026-09-13T23:53:33Z,75,76,30,5403,99,1600,1702,0.48
2026-09-13T23:53:35Z,77,76,30,5403,100,1376,1702,0.48
2026-09-13T23:53:37Z,68,76,30,5357,100,1152,2425,0.53
2026-09-13T23:53:39Z,72,76,30,5357,100,1600,1399,0.53
2026-09-13T23:53:41Z,75,76,30,5387,100,1600,1702,0.53
2026-09-13T23:53:43Z,73,76,30,5403,99,1407,1702,0.56
2026-09-13T23:53:45Z,73,75,30,5403,99,1387,1399,0.56
2026-09-13T23:53:48Z,68,75,30,5357,99,1081,2425,0.60
2026-09-13T23:53:50Z,76,75,30,5357,100,1344,1702,0.60
2026-09-13T23:53:52Z,75,75,30,5403,99,1325,2424,0.63
2026-09-13T23:53:54Z,75,76,30,5403,99,1600,1702,0.63
2026-09-13T23:53:56Z,75,76,30,5387,100,1600,2424,0.63
2026-09-13T23:53:58Z,75,76,30,5387,99,1367,1702,0.58
2026-09-13T23:54:00Z,77,76,30,5403,100,1351,1702,0.58
2026-09-13T23:54:02Z,75,76,30,5357,100,1600,1702,0.53
2026-09-13T23:54:04Z,75,76,30,5357,99,1462,1702,0.53
2026-09-13T23:54:06Z,75,76,30,5403,100,1600,1702,0.53
2026-09-13T23:54:08Z,76,76,30,5403,99,1333,1702,0.49
2026-09-13T23:54:10Z,78,76,30,5357,100,1434,1702,0.49
2026-09-13T23:54:12Z,77,76,30,5357,99,1362,1400,0.45
2026-09-13T23:54:14Z,78,76,30,5357,100,1302,2424,0.45
2026-09-13T23:54:16Z,75,76,30,5357,100,1546,1702,0.45
2026-09-13T23:54:19Z,75,76,30,5357,100,1418,1702,0.41
2026-09-13T23:54:21Z,75,76,30,5357,99,1529,1702,0.41
2026-09-13T23:54:23Z,71,76,30,5357,99,1600,2424,0.38
2026-09-13T23:54:25Z,71,76,30,5357,99,1438,2378,0.38
2026-09-13T23:54:27Z,73,75,30,5387,100,1587,1702,0.35
2026-09-13T23:54:29Z,73,75,30,5387,99,1426,1702,0.35
2026-09-13T23:54:31Z,75,74,30,5357,99,1600,1702,0.35
2026-09-13T23:54:33Z,75,75,30,5403,99,1350,1702,0.32
2026-09-13T23:54:35Z,76,75,30,5357,99,1600,1702,0.32
2026-09-13T23:54:37Z,75,76,30,5387,100,1600,1730,0.30
2026-09-13T23:54:39Z,76,76,30,5387,100,1453,1702,0.30
2026-09-13T23:54:41Z,77,76,30,5357,100,1438,1702,0.30
2026-09-13T23:54:43Z,75,76,30,5357,99,1600,1702,0.27
2026-09-13T23:54:45Z,76,76,30,5403,100,1545,1702,0.27
2026-09-13T23:54:48Z,76,76,30,5403,99,1253,2424,0.25
2026-09-13T23:54:50Z,78,76,30,5357,100,1468,1702,0.25
2026-09-13T23:54:52Z,75,76,30,5403,100,1540,2214,0.31
2026-09-13T23:54:54Z,76,76,30,5403,100,1426,1702,0.31
2026-09-13T23:54:56Z,76,76,30,5387,100,1524,1702,0.31
2026-09-13T23:54:58Z,76,76,30,5357,100,1339,1702,0.37
2026-09-13T23:55:00Z,75,76,30,5357,99,1334,1702,0.37
2026-09-13T23:55:02Z,75,76,30,5387,99,1402,2425,0.42
2026-09-13T23:55:04Z,75,76,30,5357,99,1528,1400,0.42
2026-09-13T23:55:06Z,77,76,30,5403,99,1408,1399,0.42
2026-09-13T23:55:08Z,73,76,30,5357,100,1416,1399,0.46
2026-09-13T23:55:10Z,73,75,30,5357,100,1452,1400,0.46
2026-09-13T23:55:12Z,68,75,30,5387,99,1040,2424,0.43
2026-09-13T23:55:14Z,75,75,30,5357,99,1449,1702,0.43
2026-09-13T23:55:16Z,75,75,30,5357,100,1600,2208,0.43
2026-09-13T23:55:19Z,76,76,30,5357,100,1523,1702,0.47
2026-09-13T23:55:21Z,75,76,30,5403,100,1481,2424,0.47
2026-09-13T23:55:23Z,71,76,30,5403,99,1600,1702,0.43
2026-09-13T23:55:25Z,71,76,30,5357,100,1600,1702,0.43
2026-09-13T23:55:27Z,75,76,30,5403,99,1453,1702,0.48
2026-09-13T23:55:29Z,75,76,30,5403,100,1343,1702,0.48
2026-09-13T23:55:31Z,75,76,30,5357,99,1537,1702,0.48
2026-09-13T23:55:33Z,74,76,30,5357,99,1338,1702,0.44
2026-09-13T23:55:35Z,76,76,30,5387,100,1345,1702,0.44
2026-09-13T23:55:37Z,72,76,30,5403,99,1600,1702,0.41
2026-09-13T23:55:39Z,71,76,30,5357,99,1600,2424,0.41
2026-09-13T23:55:41Z,75,76,30,5357,99,1375,1702,0.41
2026-09-13T23:55:43Z,77,76,30,5357,100,1348,1399,0.37
2026-09-13T23:55:45Z,77,76,30,5357,99,1374,1702,0.37
2026-09-13T23:55:47Z,73,76,30,5387,99,1600,1441,0.34
2026-09-13T23:55:50Z,71,76,30,5357,100,1600,2424,0.34
2026-09-13T23:55:52Z,71,75,30,5387,100,1439,1702,0.40
2026-09-13T23:55:54Z,73,75,30,5357,99,1406,1702,0.40
2026-09-13T23:55:56Z,62,74,30,5357,0,200,2425,0.40
2026-09-13T23:55:58Z,59,72,30,5357,0,200,2424,0.36
2026-09-13T23:56:00Z,58,69,30,5357,9,1040,2425,0.36
2026-09-13T23:56:02Z,57,67,30,5387,11,1040,2424,0.41
2026-09-13T23:56:04Z,56,65,30,5136,13,1040,2425,0.41
2026-09-13T23:56:06Z,54,64,30,4595,0,200,2425,0.41
2026-09-13T23:56:08Z,54,62,30,4573,0,200,2424,1.02
2026-09-13T23:56:10Z,70,65,30,3787,100,1388,1400,1.02
2026-09-13T23:56:12Z,69,68,30,3504,99,1378,1702,0.94
2026-09-13T23:56:14Z,70,70,30,3491,99,1414,1702,0.94
2026-09-13T23:56:16Z,72,71,30,3551,100,1376,1702,0.94
2026-09-13T23:56:18Z,73,72,30,3865,100,1383,1702,0.86
2026-09-13T23:56:20Z,73,73,30,3906,99,1400,1402,0.86
2026-09-13T23:56:23Z,74,73,30,4232,99,1334,2424,0.80
2026-09-13T23:56:25Z,74,74,30,4401,99,1344,1702,0.80
2026-09-13T23:56:27Z,72,74,30,4595,99,1342,1702,0.73
2026-09-13T23:56:29Z,74,75,30,4722,99,1379,1702,0.73
2026-09-13T23:56:31Z,72,75,30,4870,100,1388,2425,0.73
2026-09-13T23:56:33Z,75,75,30,5026,99,1348,1702,0.67
2026-09-13T23:56:35Z,75,75,30,5252,99,1374,1702,0.67
2026-09-13T23:56:37Z,75,75,30,5237,100,1324,2424,0.62
2026-09-13T23:56:39Z,75,75,30,5237,100,1336,2424,0.62
2026-09-13T23:56:41Z,75,76,30,5237,99,1382,1702,0.62
2026-09-13T23:56:43Z,75,76,30,5237,99,1377,1702,0.57
2026-09-13T23:56:45Z,75,76,30,5252,99,1337,2424,0.57
2026-09-13T23:56:47Z,75,76,30,5252,99,1379,1400,0.60
2026-09-13T23:56:49Z,75,76,30,5281,99,1426,1400,0.60
2026-09-13T23:56:51Z,73,76,30,5237,100,1369,1400,0.60
2026-09-13T23:56:54Z,74,76,30,5252,99,1329,2424,0.56
2026-09-13T23:56:56Z,74,76,30,5281,100,1344,1702,0.56
2026-09-13T23:56:58Z,75,76,30,5237,100,1433,1702,0.51
2026-09-13T23:57:00Z,76,76,30,5252,100,1377,1702,0.51
2026-09-13T23:57:02Z,75,76,30,5252,100,1328,2424,0.55
2026-09-13T23:57:04Z,72,76,30,5281,100,1384,1702,0.55
2026-09-13T23:57:06Z,75,76,30,5281,99,1372,1400,0.55
2026-09-13T23:57:08Z,72,76,30,5237,100,1600,2425,0.51
2026-09-13T23:57:10Z,71,76,30,5252,100,1600,2424,0.51
2026-09-13T23:57:12Z,76,76,30,5281,100,1379,1702,0.46
2026-09-13T23:57:14Z,74,76,30,5281,99,1370,1702,0.46
2026-09-13T23:57:16Z,75,76,30,5252,99,1600,2424,0.46
2026-09-13T23:57:18Z,75,76,30,5281,100,1600,1702,0.51
2026-09-13T23:57:20Z,77,76,30,5237,100,1375,1702,0.51
2026-09-13T23:57:22Z,75,76,30,5281,100,1370,1702,0.47
2026-09-13T23:57:25Z,74,76,30,5237,100,1335,2424,0.47
2026-09-13T23:57:27Z,75,75,30,5252,99,1432,1702,0.47
2026-09-13T23:57:29Z,75,76,30,5281,99,1379,1702,0.43
2026-09-13T23:57:31Z,75,75,30,5252,99,1600,1702,0.43
2026-09-13T23:57:33Z,71,75,30,5281,100,1600,2424,0.39
2026-09-13T23:57:35Z,75,75,30,5281,100,1600,1702,0.39
2026-09-13T23:57:37Z,74,75,30,5237,100,1600,1702,0.36
2026-09-13T23:57:39Z,73,75,30,5237,99,1600,1702,0.36
2026-09-13T23:57:41Z,74,75,30,5281,100,1600,2424,0.36
2026-09-13T23:57:43Z,75,75,30,5252,99,1371,1702,0.41
2026-09-13T23:57:45Z,75,75,30,5237,99,1382,1702,0.41
2026-09-13T23:57:47Z,75,75,30,5281,99,1368,1702,0.38
2026-09-13T23:57:49Z,74,75,30,5281,99,1327,2424,0.38
2026-09-13T23:57:51Z,71,75,30,5281,99,1392,1702,0.38
2026-09-13T23:57:53Z,75,75,30,5281,99,1600,1702,0.35
2026-09-13T23:57:56Z,74,75,30,5237,99,1379,1702,0.35
2026-09-13T23:57:58Z,74,75,30,5281,100,1344,2427,0.32
2026-09-13T23:58:00Z,69,75,30,5281,100,1600,1702,0.32
2026-09-13T23:58:02Z,69,75,30,5252,99,1600,2424,0.30
2026-09-13T23:58:04Z,75,75,30,5281,100,1600,1702,0.30
2026-09-13T23:58:06Z,74,75,30,5252,100,1322,2424,0.30
2026-09-13T23:58:08Z,74,75,30,5252,100,1331,2274,0.35
2026-09-13T23:58:10Z,75,75,30,5237,99,1377,1702,0.35
2026-09-13T23:58:12Z,74,75,30,5281,100,1600,1702,0.32
2026-09-13T23:58:14Z,74,75,30,5281,99,1364,1702,0.32
2026-09-13T23:58:16Z,69,75,30,5281,99,1600,2425,0.32
2026-09-13T23:58:18Z,72,74,30,5281,100,1431,1399,0.30
2026-09-13T23:58:20Z,75,74,30,5237,99,1370,1702,0.30
2026-09-13T23:58:22Z,74,74,30,5281,100,1379,1702,0.43
2026-09-13T23:58:24Z,75,75,30,5281,100,1375,1702,0.43
2026-09-13T23:58:26Z,75,75,30,5281,100,1371,1702,0.43
2026-09-13T23:58:29Z,77,75,30,5281,100,1378,1702,0.48
2026-09-13T23:58:31Z,75,75,30,5237,100,1382,1702,0.48
2026-09-13T23:58:33Z,75,76,30,5281,99,1377,1702,0.44
2026-09-13T23:58:35Z,77,76,30,5281,100,1378,1702,0.44
2026-09-13T23:58:37Z,75,76,30,5281,100,1354,1702,0.41
2026-09-13T23:58:39Z,76,76,30,5281,100,1346,1702,0.41
2026-09-13T23:58:41Z,71,76,30,5281,100,1600,2424,0.41
2026-09-13T23:58:43Z,76,76,30,5281,99,1410,1702,0.45
2026-09-13T23:58:45Z,75,76,30,5237,100,1373,1702,0.45
2026-09-13T23:58:47Z,75,76,30,5281,100,1370,1400,0.42
2026-09-13T23:58:49Z,75,76,30,5252,100,1330,2425,0.42
2026-09-13T23:58:51Z,72,76,30,5237,99,1600,1702,0.42
2026-09-13T23:58:53Z,75,76,30,5281,99,1379,1702,0.38
2026-09-13T23:58:55Z,75,76,30,5281,100,1361,1702,0.38
2026-09-13T23:58:58Z,77,76,30,5281,99,1369,1702,0.43
2026-09-13T23:59:00Z,76,76,30,5281,100,1600,1702,0.43
2026-09-13T23:59:02Z,75,76,30,5281,100,1388,1702,0.40
2026-09-13T23:59:04Z,75,76,30,5281,100,1297,2424,0.40
2026-09-13T23:59:06Z,75,76,30,5252,99,1376,1702,0.40
2026-09-13T23:59:08Z,76,76,30,5281,99,1369,1702,0.37
2026-09-13T23:59:10Z,75,76,30,5252,99,1359,1702,0.37
2026-09-13T23:59:12Z,76,76,30,5281,99,1324,2424,0.42
2026-09-13T23:59:14Z,75,76,30,5281,99,1390,1399,0.42
2026-09-13T23:59:16Z,74,76,30,5237,99,1600,2424,0.42
2026-09-13T23:59:18Z,77,76,30,5281,99,1381,1702,0.38
2026-09-13T23:59:20Z,75,76,30,5237,100,1347,2425,0.38
2026-09-13T23:59:22Z,75,76,30,5281,100,1600,1702,0.35
2026-09-13T23:59:24Z,77,76,30,5281,100,1380,1702,0.35
2026-09-13T23:59:26Z,75,76,30,5281,100,1494,1702,0.35
2026-09-13T23:59:29Z,74,76,30,5281,100,1600,1702,0.48
2026-09-13T23:59:31Z,74,76,30,5281,99,1338,1702,0.48
2026-09-13T23:59:33Z,75,76,30,5281,99,1379,1702,0.45
2026-09-13T23:59:35Z,75,76,30,5281,99,1364,1702,0.45
2026-09-13T23:59:37Z,75,75,30,5281,100,1440,1702,0.41
2026-09-13T23:59:39Z,75,75,30,5252,99,1600,1702,0.41
2026-09-13T23:59:41Z,71,75,30,5281,99,1352,1702,0.41
2026-09-13T23:59:43Z,75,75,30,5281,99,1322,2149,0.38
2026-09-13T23:59:45Z,71,75,30,5281,100,1600,1702,0.38
2026-09-13T23:59:47Z,71,75,30,5281,100,1600,1702,0.35
2026-09-13T23:59:49Z,75,75,30,5281,99,1338,1702,0.35
2026-09-13T23:59:51Z,75,75,30,5281,100,1378,2052,0.35
2026-09-13T23:59:53Z,75,75,30,5281,99,1600,1702,0.40
2026-09-13T23:59:55Z,74,75,30,5281,100,1600,1702,0.40
2026-09-13T23:59:58Z,74,75,30,5281,99,1600,1702,0.37
2026-09-14T00:00:00Z,74,75,30,5281,99,1363,1403,0.37
2026-09-14T00:00:02Z,75,75,30,5281,100,1389,1702,0.34
2026-09-14T00:00:04Z,75,75,30,5281,99,1382,1702,0.34
2026-09-14T00:00:06Z,75,75,30,5281,100,1387,1702,0.34
2026-09-14T00:00:08Z,74,75,30,5281,99,1362,1702,0.31
2026-09-14T00:00:10Z,74,75,30,5281,100,1395,1702,0.31
2026-09-14T00:00:12Z,74,75,30,5281,99,1359,1702,0.28
2026-09-14T00:00:14Z,77,75,30,5281,100,1378,1702,0.28
2026-09-14T00:00:16Z,75,75,30,5281,100,1600,1399,0.28
2026-09-14T00:00:18Z,74,75,30,5252,100,1352,2424,0.34
2026-09-14T00:00:20Z,75,75,30,5237,100,1380,1702,0.34
2026-09-14T00:00:22Z,74,75,30,5281,99,1600,1702,0.31
2026-09-14T00:00:24Z,75,75,30,5281,99,1385,1702,0.31
2026-09-14T00:00:27Z,75,75,30,5281,100,1335,2425,0.31
2026-09-14T00:00:29Z,72,74,30,5281,35,1540,1702,0.37
2026-09-14T00:00:31Z,65,74,30,5281,99,1040,2424,0.37
2026-09-14T00:00:33Z,75,74,30,5237,99,1376,1399,0.34
2026-09-14T00:00:35Z,75,75,30,5252,100,1379,1702,0.34
2026-09-14T00:00:37Z,75,75,30,5281,99,1367,1702,0.31
2026-09-14T00:00:39Z,75,75,30,5281,100,1376,1702,0.31
2026-09-14T00:00:41Z,75,75,30,5281,100,1426,1702,0.31
2026-09-14T00:00:43Z,75,75,30,5281,99,1404,1702,0.29
2026-09-14T00:00:45Z,75,75,30,5281,99,1328,2424,0.29
2026-09-14T00:00:47Z,76,75,30,5281,100,1380,1702,0.26
2026-09-14T00:00:49Z,75,75,30,5281,99,1368,1702,0.26
2026-09-14T00:00:51Z,75,76,30,5281,99,1336,1702,0.26
2026-09-14T00:00:53Z,75,75,30,5281,100,1600,1702,0.32
2026-09-14T00:00:56Z,75,76,30,5281,99,1384,1702,0.32
2026-09-14T00:00:58Z,75,76,30,5281,99,1482,1702,0.30
2026-09-14T00:01:00Z,75,76,30,5281,99,1330,2424,0.30
2026-09-14T00:01:02Z,72,76,30,5281,99,1347,1702,0.27
2026-09-14T00:01:04Z,75,76,30,5281,99,1600,1965,0.27
2026-09-14T00:01:06Z,75,76,30,5281,99,1395,1702,0.27
2026-09-14T00:01:08Z,75,76,30,5281,100,1336,2424,0.33
2026-09-14T00:01:10Z,75,76,30,5252,100,1600,1702,0.33
2026-09-14T00:01:12Z,75,76,30,5281,99,1366,1702,0.30
2026-09-14T00:01:14Z,75,76,30,5281,99,1365,1702,0.30
2026-09-14T00:01:16Z,74,76,30,5237,100,1372,1702,0.30
2026-09-14T00:01:18Z,75,76,30,5281,99,1372,1702,0.28
2026-09-14T00:01:20Z,75,76,30,5281,99,1600,2424,0.28
2026-09-14T00:01:22Z,75,76,30,5281,99,1326,2424,0.26
2026-09-14T00:01:24Z,75,76,30,5281,99,1385,1702,0.26
2026-09-14T00:01:27Z,73,76,30,5281,100,1334,1702,0.26
2026-09-14T00:01:29Z,75,76,30,5252,100,1373,1702,0.24
2026-09-14T00:01:31Z,73,76,30,5281,99,1449,1777,0.24
2026-09-14T00:01:33Z,76,76,30,5281,99,1379,1399,0.22
2026-09-14T00:01:35Z,75,76,30,5281,99,1377,1399,0.22
2026-09-14T00:01:37Z,70,76,30,5281,99,1600,1702,0.20
2026-09-14T00:01:39Z,75,76,30,5281,100,1321,2425,0.20
2026-09-14T00:01:41Z,76,76,30,5281,100,1374,1702,0.20
2026-09-14T00:01:43Z,75,76,30,5281,100,1397,1399,0.18
2026-09-14T00:01:45Z,75,76,30,5237,99,1600,1790,0.18
2026-09-14T00:01:47Z,72,75,30,5281,100,1600,2424,0.25
2026-09-14T00:01:49Z,72,75,30,5281,99,1600,2425,0.25
2026-09-14T00:01:51Z,71,75,30,5281,100,1600,2424,0.25
2026-09-14T00:01:53Z,71,75,30,5281,99,1600,2424,0.23
2026-09-14T00:01:55Z,71,75,30,5281,100,1600,2427,0.23
2026-09-14T00:01:58Z,72,75,30,5252,100,1600,2424,0.21
2026-09-14T00:02:00Z,72,75,30,5281,100,1600,2425,0.21
2026-09-14T00:02:02Z,71,75,30,5237,99,1600,2424,0.21
2026-09-14T00:02:04Z,75,75,30,5281,100,1599,2424,0.19
2026-09-14T00:02:06Z,74,75,30,5281,100,1381,1702,0.19
2026-09-14T00:02:08Z,75,75,30,5237,100,1386,1702,0.18
2026-09-14T00:02:10Z,75,75,30,5281,100,1379,1702,0.18
2026-09-14T00:02:12Z,74,75,30,5281,99,1351,2426,0.32
2026-09-14T00:02:14Z,75,75,30,5281,99,1368,1702,0.32
2026-09-14T00:02:16Z,77,75,30,5281,100,1353,1702,0.32
2026-09-14T00:02:18Z,72,75,30,5281,99,1600,1702,0.30
2026-09-14T00:02:20Z,74,75,30,5281,100,1351,2424,0.30
2026-09-14T00:02:22Z,76,75,30,5237,99,1389,1400,0.27
2026-09-14T00:02:24Z,72,75,30,5281,100,1600,1702,0.27
2026-09-14T00:02:26Z,75,75,30,5281,100,1379,1702,0.27
2026-09-14T00:02:28Z,74,75,30,5281,100,1366,2424,0.25
2026-09-14T00:02:31Z,70,75,30,5281,100,1600,2425,0.25
2026-09-14T00:02:33Z,74,75,30,5237,100,1451,1702,0.23
2026-09-14T00:02:35Z,75,75,30,5281,100,1431,1702,0.23
2026-09-14T00:02:37Z,73,75,30,5281,99,1334,1702,0.21
2026-09-14T00:02:39Z,71,74,30,5252,100,1366,1399,0.21
2026-09-14T00:02:41Z,71,74,30,5281,99,1402,1702,0.21
2026-09-14T00:02:43Z,74,73,30,5281,100,1368,1702,0.28
2026-09-14T00:02:45Z,75,74,30,5281,99,1350,1702,0.28
2026-09-14T00:02:47Z,74,75,30,5237,100,1350,1400,0.25
2026-09-14T00:02:49Z,74,75,30,5281,99,1330,2425,0.25
2026-09-14T00:02:51Z,74,75,30,5281,100,1384,1399,0.25
2026-09-14T00:02:53Z,75,75,30,5281,99,1377,1702,0.23
2026-09-14T00:02:55Z,75,75,30,5281,100,1367,2424,0.23
2026-09-14T00:02:57Z,75,75,30,5281,99,1373,1702,0.21
2026-09-14T00:03:00Z,76,75,30,5252,100,1380,1702,0.21
2026-09-14T00:03:02Z,77,75,30,5281,100,1387,1702,0.21
2026-09-14T00:03:04Z,74,75,30,5252,99,1400,2424,0.20
2026-09-14T00:03:06Z,75,76,30,5281,100,1380,1702,0.20
2026-09-14T00:03:08Z,75,76,30,5281,100,1390,1399,0.26
2026-09-14T00:03:10Z,75,76,30,5281,100,1394,1702,0.26
2026-09-14T00:03:12Z,75,76,30,5281,100,1382,1702,0.24
2026-09-14T00:03:14Z,75,76,30,5237,99,1372,1400,0.24
2026-09-14T00:03:16Z,73,76,30,5281,100,1600,1399,0.24
2026-09-14T00:03:18Z,74,76,30,5281,99,1338,2424,0.22
2026-09-14T00:03:20Z,77,76,30,5281,99,1381,1702,0.22
2026-09-14T00:03:22Z,75,76,30,5281,100,1600,1702,0.20
2026-09-14T00:03:24Z,75,76,30,5281,99,1415,1702,0.20
2026-09-14T00:03:26Z,75,76,30,5281,100,1324,2424,0.20
2026-09-14T00:03:28Z,76,76,30,5281,100,1387,1702,0.27
2026-09-14T00:03:31Z,77,76,30,5252,99,1379,1702,0.27
2026-09-14T00:03:33Z,74,76,30,5252,100,1600,1702,0.25
2026-09-14T00:03:35Z,76,76,30,5281,100,1375,1702,0.25
2026-09-14T00:03:37Z,75,76,30,5237,100,1418,1702,0.22
2026-09-14T00:03:39Z,76,76,30,5281,99,1380,1702,0.22
2026-09-14T00:03:41Z,75,76,30,5281,99,1401,1702,0.22
2026-09-14T00:03:43Z,75,76,30,5237,100,1600,1702,0.29
2026-09-14T00:03:45Z,76,76,30,5281,100,1377,1702,0.29
2026-09-14T00:03:47Z,75,76,30,5281,100,1379,1702,0.26
2026-09-14T00:03:49Z,75,76,30,5281,99,1600,2425,0.26
2026-09-14T00:03:51Z,73,75,30,5281,100,1600,2424,0.26
2026-09-14T00:03:53Z,71,75,30,5281,99,1600,2425,0.24
2026-09-14T00:03:55Z,72,75,30,5237,99,1323,1702,0.24
2026-09-14T00:03:57Z,74,75,30,5281,99,1334,2424,0.22
2026-09-14T00:03:59Z,74,75,30,5281,100,1375,1702,0.22
2026-09-14T00:04:02Z,75,75,30,5281,99,1407,1702,0.22
2026-09-14T00:04:04Z,75,75,30,5281,99,1459,1702,0.20
2026-09-14T00:04:06Z,74,75,30,5281,99,1357,2425,0.20
2026-09-14T00:04:08Z,75,75,30,5237,99,1390,1702,0.27
2026-09-14T00:04:10Z,75,75,30,5281,99,1376,1399,0.27
2026-09-14T00:04:12Z,75,75,30,5281,100,1433,1702,0.25
2026-09-14T00:04:14Z,73,75,30,5281,99,1328,2424,0.25
2026-09-14T00:04:16Z,74,75,30,5281,99,1367,1702,0.25
2026-09-14T00:04:18Z,74,75,30,5281,100,1358,1702,0.23
2026-09-14T00:04:20Z,75,75,30,5281,99,1358,1702,0.23
2026-09-14T00:04:22Z,73,75,30,5281,99,1296,2425,0.29
2026-09-14T00:04:24Z,70,75,30,5281,99,1600,2425,0.29
2026-09-14T00:04:26Z,74,75,30,5281,99,1600,2424,0.29
2026-09-14T00:04:28Z,74,75,30,5237,100,1380,1702,0.27
2026-09-14T00:04:30Z,75,75,30,5281,100,1327,2424,0.27
2026-09-14T00:04:33Z,76,75,30,5281,99,1382,1702,0.32
2026-09-14T00:04:35Z,75,75,30,5281,100,1600,1702,0.32
2026-09-14T00:04:37Z,74,75,30,5237,100,1384,1702,0.32
2026-09-14T00:04:39Z,74,75,30,5281,99,1371,1702,0.38
2026-09-14T00:04:41Z,73,75,30,5281,0,1248,2426,0.38
2026-09-14T00:04:43Z,68,75,30,5281,99,1600,1596,0.35
2026-09-14T00:04:45Z,69,75,30,5281,100,1600,2426,0.35
2026-09-14T00:04:47Z,75,75,30,5281,100,1377,1702,0.32
2026-09-14T00:04:49Z,74,75,30,5281,99,1318,2424,0.32
2026-09-14T00:04:51Z,72,74,30,5281,100,1343,1399,0.32
2026-09-14T00:04:53Z,67,74,30,5281,99,1040,2425,0.29
2026-09-14T00:04:55Z,75,74,30,5281,99,1390,1702,0.29
2026-09-14T00:04:57Z,75,74,30,5281,99,1377,1702,0.27
2026-09-14T00:04:59Z,74,75,30,5281,99,1391,1702,0.27
2026-09-14T00:05:01Z,75,75,30,5237,100,1381,1702,0.27
2026-09-14T00:05:04Z,75,75,30,5281,100,1387,1702,0.25
2026-09-14T00:05:06Z,75,75,30,5237,99,1375,1702,0.25
2026-09-14T00:05:08Z,74,75,30,5252,100,1345,2425,0.31
2026-09-14T00:05:10Z,77,75,30,5281,100,1381,1399,0.31
2026-09-14T00:05:12Z,76,75,30,5281,100,1392,1702,0.28
2026-09-14T00:05:14Z,75,76,30,5281,99,1326,2199,0.28
2026-09-14T00:05:16Z,75,75,30,5281,99,1384,1702,0.28
2026-09-14T00:05:18Z,75,76,30,5252,99,1380,1702,0.26
2026-09-14T00:05:20Z,75,76,30,5281,100,1451,1702,0.26
2026-09-14T00:05:22Z,75,76,30,5281,99,1336,2424,0.32
2026-09-14T00:05:24Z,72,76,30,5281,100,1370,1702,0.32
2026-09-14T00:05:26Z,76,76,30,5281,100,1600,1702,0.32
2026-09-14T00:05:28Z,75,76,30,5237,99,1431,1702,0.29
2026-09-14T00:05:30Z,75,76,30,5252,100,1378,1702,0.29
2026-09-14T00:05:33Z,75,76,30,5281,100,1600,1702,0.27
2026-09-14T00:05:35Z,75,76,30,5281,100,1374,1702,0.27
2026-09-14T00:05:37Z,75,76,30,5281,100,1323,2425,0.27
2026-09-14T00:05:39Z,75,76,30,5281,100,1482,1702,0.33
2026-09-14T00:05:41Z,71,76,30,5237,100,1600,1702,0.33
2026-09-14T00:05:43Z,75,76,30,5281,99,1449,1702,0.30
2026-09-14T00:05:45Z,76,76,30,5237,99,1328,2424,0.30
2026-09-14T00:05:47Z,75,76,30,5237,100,1373,1702,0.28
2026-09-14T00:05:49Z,72,76,30,5281,100,1412,1702,0.28
2026-09-14T00:05:51Z,75,76,30,5281,100,1363,1401,0.28
2026-09-14T00:05:53Z,75,76,30,5281,100,1600,2425,0.34
2026-09-14T00:05:55Z,75,75,30,5252,100,1358,1702,0.34
2026-09-14T00:05:57Z,75,75,30,5281,100,1399,1702,0.31
2026-09-14T00:05:59Z,75,75,30,5281,100,1600,1399,0.31
2026-09-14T00:06:01Z,71,75,30,5281,99,1600,2425,0.31
2026-09-14T00:06:04Z,70,75,30,5281,100,1600,2424,0.28
2026-09-14T00:06:06Z,70,75,30,5281,100,1600,1633,0.28
2026-09-14T00:06:08Z,76,75,30,5237,99,1381,1702,0.26
2026-09-14T00:06:10Z,74,75,30,5281,100,1331,2424,0.26
2026-09-14T00:06:12Z,75,75,30,5281,100,1373,1702,0.32
2026-09-14T00:06:14Z,74,75,30,5281,100,1390,1702,0.32
2026-09-14T00:06:16Z,75,75,30,5281,99,1387,1702,0.32
2026-09-14T00:06:18Z,73,75,30,5281,100,1366,2424,0.38
2026-09-14T00:06:20Z,75,75,30,5281,100,1369,1702,0.38
2026-09-14T00:06:22Z,74,75,30,5281,100,1369,1702,0.35
2026-09-14T00:06:24Z,74,75,30,5252,100,1400,1702,0.35
2026-09-14T00:06:26Z,75,75,30,5281,99,1335,2425,0.35
2026-09-14T00:06:28Z,74,75,30,5281,100,1380,1702,0.32
2026-09-14T00:06:30Z,74,75,30,5281,99,1375,1702,0.32
2026-09-14T00:06:32Z,76,75,30,5281,100,1376,1702,0.29
2026-09-14T00:06:35Z,69,75,30,5281,100,1600,2424,0.29
2026-09-14T00:06:37Z,70,75,30,5281,100,1600,2426,0.29
2026-09-14T00:06:39Z,72,75,30,5281,100,1600,2425,0.27
2026-09-14T00:06:41Z,75,75,30,5281,99,1383,1702,0.27
2026-09-14T00:06:43Z,74,75,30,5281,100,1355,2424,0.33
2026-09-14T00:06:45Z,76,75,30,5237,99,1380,1702,0.33
2026-09-14T00:06:47Z,74,75,30,5281,99,1600,1702,0.30
2026-09-14T00:06:49Z,75,75,30,5281,99,1388,1702,0.30
2026-09-14T00:06:51Z,75,75,30,5281,100,1316,2424,0.30
2026-09-14T00:06:53Z,74,75,30,5281,100,1386,1702,0.36
2026-09-14T00:06:55Z,68,75,30,5281,100,1600,1702,0.36
2026-09-14T00:06:57Z,70,75,30,5281,100,1600,2424,0.33
2026-09-14T00:06:59Z,75,75,30,5281,99,1390,1702,0.33
2026-09-14T00:07:01Z,72,75,30,5281,99,1371,1702,0.33
2026-09-14T00:07:03Z,72,74,30,5281,99,1455,1702,0.38
2026-09-14T00:07:05Z,75,73,30,5252,100,1392,1702,0.38
2026-09-14T00:07:08Z,74,74,30,5281,99,1370,1702,0.35
2026-09-14T00:07:10Z,75,75,30,5281,99,1414,1702,0.35
2026-09-14T00:07:12Z,75,75,30,5281,99,1381,1702,0.35
2026-09-14T00:07:14Z,75,75,30,5281,99,1387,1702,0.32
2026-09-14T00:07:16Z,75,75,30,5281,100,1376,1702,0.32
2026-09-14T00:07:18Z,75,75,30,5252,100,1336,2424,0.30
2026-09-14T00:07:20Z,74,75,30,5281,99,1339,1399,0.30
2026-09-14T00:07:22Z,71,75,30,5281,99,1321,1702,0.27
2026-09-14T00:07:24Z,72,75,30,5281,99,1596,1702,0.27
2026-09-14T00:07:26Z,74,75,30,5281,99,1326,2427,0.27
2026-09-14T00:07:28Z,75,75,30,5281,99,1380,1702,0.25
2026-09-14T00:07:30Z,75,76,30,5281,100,1363,1702,0.25
2026-09-14T00:07:32Z,75,76,30,5281,99,1395,1702,0.23
2026-09-14T00:07:34Z,77,75,30,5281,99,1382,1702,0.23
2026-09-14T00:07:37Z,75,76,30,5281,100,1600,1702,0.23
2026-09-14T00:07:39Z,75,76,30,5281,99,1380,1702,0.21
2026-09-14T00:07:41Z,75,76,30,5281,99,1348,2424,0.21
2026-09-14T00:07:43Z,75,76,30,5281,100,1600,1702,0.19
2026-09-14T00:07:45Z,75,76,30,5281,99,1417,1702,0.19
2026-09-14T00:07:47Z,76,76,30,5281,99,1382,1702,0.18
2026-09-14T00:07:49Z,75,76,30,5281,99,1600,2425,0.18
2026-09-14T00:07:51Z,75,76,30,5281,99,1378,1702,0.18
2026-09-14T00:07:53Z,75,76,30,5252,99,1600,1702,0.16
2026-09-14T00:07:55Z,75,76,30,5281,99,1362,1702,0.16
2026-09-14T00:07:57Z,75,76,30,5281,100,1600,1702,0.23
2026-09-14T00:07:59Z,76,76,30,5237,100,1379,1702,0.23
2026-09-14T00:08:01Z,75,76,30,5281,99,1600,1702,0.23
2026-09-14T00:08:03Z,75,76,30,5281,99,1321,2424,0.21
2026-09-14T00:08:05Z,75,76,30,5252,99,1389,1702,0.21
2026-09-14T00:08:08Z,76,76,30,5281,100,1600,1702,0.20
2026-09-14T00:08:10Z,70,76,30,5281,100,1600,1702,0.20
2026-09-14T00:08:12Z,74,76,30,5237,99,1326,2424,0.20
2026-09-14T00:08:14Z,75,75,30,5237,100,1376,1702,0.26
2026-09-14T00:08:16Z,75,75,30,5237,99,1370,1399,0.26
2026-09-14T00:08:18Z,74,75,30,5281,99,1600,2051,0.24
2026-09-14T00:08:20Z,75,75,30,5281,99,1327,2425,0.24
2026-09-14T00:08:22Z,71,75,30,5281,100,1600,1702,0.22
2026-09-14T00:08:24Z,76,75,30,5281,100,1352,1702,0.22
2026-09-14T00:08:26Z,76,75,30,5281,100,1378,1702,0.22
2026-09-14T00:08:28Z,75,75,30,5281,100,1329,2425,0.20
2026-09-14T00:08:30Z,76,75,30,5252,99,1381,1702,0.20
2026-09-14T00:08:32Z,75,75,30,5281,100,1369,1702,0.18
2026-09-14T00:08:34Z,75,75,30,5281,100,1385,1702,0.18
2026-09-14T00:08:37Z,75,75,30,5237,100,1335,2424,0.18
2026-09-14T00:08:39Z,77,75,30,5281,100,1378,1702,0.25
2026-09-14T00:08:41Z,76,75,30,5281,100,1376,1702,0.25
2026-09-14T00:08:43Z,75,75,30,5281,100,1385,1702,0.23
2026-09-14T00:08:45Z,74,75,30,5281,99,1351,2424,0.23
2026-09-14T00:08:47Z,74,75,30,5237,100,1422,1702,0.21
2026-09-14T00:08:49Z,74,75,30,5281,100,1371,1702,0.21
2026-09-14T00:08:51Z,75,75,30,5281,99,1373,1702,0.21
2026-09-14T00:08:53Z,74,75,30,5281,100,1317,2425,0.19
2026-09-14T00:08:55Z,69,75,30,5281,100,1600,2424,0.19
2026-09-14T00:08:57Z,71,75,30,5281,99,1600,2424,0.18
2026-09-14T00:08:59Z,74,75,30,5281,100,1377,1702,0.18
2026-09-14T00:09:01Z,74,75,30,5281,100,1345,2424,0.18
2026-09-14T00:09:03Z,75,75,30,5281,100,1600,1702,0.24
2026-09-14T00:09:05Z,74,75,30,5281,100,1419,1399,0.24
2026-09-14T00:09:07Z,71,75,30,5281,99,1448,1702,0.22
2026-09-14T00:09:10Z,74,75,30,5237,99,1429,1401,0.22
2026-09-14T00:09:12Z,73,75,30,5281,99,1308,2424,0.22
2026-09-14T00:09:14Z,72,74,30,5237,99,1573,1399,0.29
2026-09-14T00:09:16Z,73,73,30,5281,100,1600,1702,0.29
2026-09-14T00:09:18Z,74,74,30,5281,100,1378,1702,0.26
2026-09-14T00:09:20Z,76,75,30,5281,99,1377,1702,0.26
2026-09-14T00:09:22Z,76,75,30,5281,99,1378,1399,0.24
2026-09-14T00:09:24Z,71,75,30,5281,100,1328,1702,0.24
2026-09-14T00:09:26Z,74,75,30,5281,99,1364,1702,0.24
2026-09-14T00:09:28Z,76,75,30,5281,100,1347,1702,0.22
2026-09-14T00:09:30Z,74,75,30,5252,99,1600,1702,0.22
2026-09-14T00:09:32Z,75,75,30,5281,100,1600,1702,0.20
2026-09-14T00:09:34Z,74,75,30,5237,99,1382,1702,0.20
2026-09-14T00:09:36Z,73,75,30,5281,100,1331,2424,0.20
2026-09-14T00:09:39Z,75,75,30,5237,99,1381,1702,0.27
2026-09-14T00:09:41Z,76,76,30,5281,99,1383,1702,0.27
2026-09-14T00:09:43Z,77,76,30,5281,99,1376,1702,0.25
2026-09-14T00:09:45Z,73,76,30,5237,99,1467,2424,0.25
2026-09-14T00:09:47Z,75,76,30,5252,100,1418,1702,0.23
2026-09-14T00:09:49Z,75,76,30,5281,99,1384,1400,0.23
2026-09-14T00:09:51Z,75,76,30,5252,99,1379,1702,0.23
2026-09-14T00:09:53Z,75,76,30,5252,100,1600,1702,0.37
2026-09-14T00:09:55Z,75,76,30,5281,100,1347,1399,0.37
2026-09-14T00:09:57Z,73,76,30,5281,99,1321,1702,0.34
2026-09-14T00:09:59Z,74,76,30,5281,99,1329,2424,0.34
2026-09-14T00:10:01Z,77,76,30,5281,99,1380,1702,0.34
2026-09-14T00:10:03Z,74,76,30,5281,100,1600,1702,0.31
2026-09-14T00:10:05Z,75,76,30,5281,99,1400,1702,0.31
2026-09-14T00:10:08Z,75,76,30,5281,99,1600,2424,0.37
2026-09-14T00:10:10Z,76,76,30,5281,100,1376,1400,0.37
2026-09-14T00:10:12Z,75,76,30,5237,100,1394,1702,0.37
2026-09-14T00:10:14Z,74,76,30,5237,99,1336,1702,0.34
2026-09-14T00:10:16Z,75,76,30,5237,99,1378,2424,0.34
2026-09-14T00:10:18Z,75,76,30,5281,100,1389,1399,0.31
2026-09-14T00:10:20Z,73,76,30,5252,100,1354,1702,0.31
2026-09-14T00:10:22Z,75,76,30,5281,99,1396,1702,0.28
2026-09-14T00:10:24Z,74,76,30,5281,99,1385,1702,0.28
2026-09-14T00:10:26Z,75,75,30,5281,99,1600,1702,0.28
2026-09-14T00:10:28Z,77,75,30,5281,99,1385,1702,0.26
2026-09-14T00:10:30Z,75,75,30,5281,99,1369,1400,0.26
2026-09-14T00:10:32Z,75,75,30,5281,100,1386,1702,0.32
2026-09-14T00:10:34Z,74,75,30,5281,100,1411,1399,0.32
2026-09-14T00:10:36Z,74,75,30,5281,99,1600,1702,0.32
2026-09-14T00:10:39Z,71,75,30,5281,99,1600,2180,0.30
2026-09-14T00:10:41Z,75,75,30,5237,100,1600,1702,0.30
2026-09-14T00:10:43Z,73,75,30,5252,99,1600,1702,0.27
2026-09-14T00:10:45Z,73,75,30,5281,100,1369,1702,0.27
2026-09-14T00:10:47Z,75,75,30,5281,99,1339,2049,0.33
2026-09-14T00:10:49Z,75,75,30,5281,100,1600,1702,0.33
2026-09-14T00:10:51Z,74,75,30,5281,99,1379,1702,0.33
2026-09-14T00:10:53Z,75,75,30,5281,99,1377,1702,0.30
2026-09-14T00:10:55Z,74,75,30,5281,100,1358,1400,0.30
2026-09-14T00:10:57Z,75,75,30,5281,100,1375,1702,0.28
2026-09-14T00:10:59Z,75,75,30,5281,99,1377,1702,0.28
2026-09-14T00:11:01Z,77,75,30,5281,100,1381,1702,0.28
2026-09-14T00:11:03Z,71,75,30,5281,99,1600,1702,0.26
2026-09-14T00:11:05Z,74,75,30,5281,99,1389,1702,0.26
2026-09-14T00:11:08Z,75,75,30,5281,99,1373,1702,0.24
2026-09-14T00:11:10Z,75,75,30,5281,100,1363,1702,0.24
2026-09-14T00:11:12Z,75,75,30,5281,99,1600,1702,0.24
2026-09-14T00:11:14Z,74,75,30,5281,99,1331,2424,0.22
2026-09-14T00:11:16Z,76,75,30,5237,99,1355,1400,0.22
2026-09-14T00:11:18Z,74,75,30,5281,99,1378,1702,0.20
2026-09-14T00:11:20Z,75,75,30,5281,100,1382,1702,0.20
2026-09-14T00:11:22Z,74,75,30,5281,100,1600,2424,0.26
2026-09-14T00:11:24Z,70,74,30,5252,99,1448,1702,0.26
2026-09-14T00:11:26Z,62,74,30,5281,0,200,2424,0.26
2026-09-14T00:11:28Z,75,73,30,5252,100,1600,1702,0.24
2026-09-14T00:11:30Z,70,74,30,5281,100,1600,1702,0.24
2026-09-14T00:11:32Z,71,75,30,5281,99,1447,1400,0.22
2026-09-14T00:11:34Z,74,75,30,5281,100,1563,1702,0.22
2026-09-14T00:11:37Z,70,75,30,5237,100,1598,1702,0.22
2026-09-14T00:11:39Z,70,75,30,5237,99,1591,1702,0.20
2026-09-14T00:11:41Z,75,75,30,5281,99,1600,2424,0.20
2026-09-14T00:11:43Z,75,75,30,5281,100,1398,1399,0.19
2026-09-14T00:11:45Z,75,75,30,5237,100,1474,1702,0.19
2026-09-14T00:11:47Z,75,75,30,5281,99,1406,1702,0.17
2026-09-14T00:11:49Z,75,75,30,5237,99,1376,1702,0.17
2026-09-14T00:11:51Z,75,75,30,5281,99,1374,1702,0.17
2026-09-14T00:11:53Z,75,76,30,5281,99,1371,1400,0.16
2026-09-14T00:11:55Z,76,76,30,5281,99,1315,2424,0.16
2026-09-14T00:11:57Z,75,76,30,5237,99,1421,1702,0.15
2026-09-14T00:11:59Z,75,76,30,5281,99,1372,1702,0.15
2026-09-14T00:12:01Z,75,76,30,5281,100,1375,1702,0.15
2026-09-14T00:12:03Z,74,76,30,5281,100,1599,2424,0.13
2026-09-14T00:12:05Z,75,76,30,5281,100,1374,1702,0.13
2026-09-14T00:12:08Z,77,76,30,5281,99,1376,1702,0.12
2026-09-14T00:12:10Z,75,76,30,5281,99,1600,1702,0.12
2026-09-14T00:12:12Z,75,76,30,5281,99,1416,1702,0.12
2026-09-14T00:12:14Z,70,76,30,5252,100,1600,1702,0.11
2026-09-14T00:12:16Z,75,76,30,5281,99,1387,1702,0.11
2026-09-14T00:12:18Z,71,76,30,5281,100,1600,2424,0.10
2026-09-14T00:12:20Z,76,76,30,5281,100,1374,1702,0.10
2026-09-14T00:12:22Z,75,76,30,5237,100,1377,1702,0.10
2026-09-14T00:12:24Z,75,76,30,5281,99,1380,1702,0.10
2026-09-14T00:12:26Z,75,76,30,5252,99,1430,2427,0.10
2026-09-14T00:12:28Z,75,75,30,5237,100,1600,1702,0.17
2026-09-14T00:12:30Z,75,75,30,5281,99,1383,1702,0.17
2026-09-14T00:12:32Z,75,75,30,5252,99,1390,1702,0.15
2026-09-14T00:12:34Z,74,75,30,5281,99,1600,2425,0.15
2026-09-14T00:12:37Z,71,75,30,5252,99,1524,1702,0.15
2026-09-14T00:12:39Z,75,75,30,5281,100,1377,1702,0.14
2026-09-14T00:12:41Z,75,75,30,5281,99,1368,1702,0.14
2026-09-14T00:12:43Z,75,75,30,5281,100,1341,2424,0.21
2026-09-14T00:12:45Z,75,75,30,5281,100,1435,1702,0.21
2026-09-14T00:12:47Z,75,75,30,5281,99,1600,1399,0.19
2026-09-14T00:12:49Z,73,75,30,5281,100,1600,2424,0.19
2026-09-14T00:12:51Z,71,75,30,5252,99,1600,2425,0.19
2026-09-14T00:12:53Z,72,75,30,5281,100,1600,2424,0.18
2026-09-14T00:12:55Z,71,75,30,5281,100,1600,2424,0.18
2026-09-14T00:12:57Z,71,75,30,5281,99,1600,2424,0.16
2026-09-14T00:12:59Z,75,75,30,5281,100,1599,2424,0.16
2026-09-14T00:13:01Z,74,75,30,5252,99,1392,1702,0.16
2026-09-14T00:13:03Z,75,75,30,5237,99,1394,1702,0.15
2026-09-14T00:13:05Z,75,75,30,5281,100,1387,1702,0.15
2026-09-14T00:13:07Z,74,75,30,5281,99,1337,2424,0.22
2026-09-14T00:13:10Z,74,75,30,5281,99,1366,1702,0.22
2026-09-14T00:13:12Z,77,75,30,5252,100,1383,1702,0.22
2026-09-14T00:13:14Z,74,75,30,5281,100,1341,1702,0.20
2026-09-14T00:13:16Z,74,75,30,5281,99,1332,2424,0.20
2026-09-14T00:13:18Z,74,75,30,5252,99,1413,1702,0.18
2026-09-14T00:13:20Z,76,75,30,5281,99,1400,1702,0.18
2026-09-14T00:13:22Z,72,75,30,5281,99,1600,1702,0.17
2026-09-14T00:13:24Z,74,75,30,5281,100,1341,2426,0.17
2026-09-14T00:13:26Z,69,75,30,5281,100,1600,2424,0.17
2026-09-14T00:13:28Z,75,75,30,5281,99,1600,2408,0.16
2026-09-14T00:13:30Z,75,75,30,5252,100,1394,1400,0.16
2026-09-14T00:13:32Z,73,75,30,5281,99,1329,1702,0.14
2026-09-14T00:13:34Z,72,75,30,5281,99,1371,1702,0.14
2026-09-14T00:13:36Z,72,74,30,5281,99,1366,1702,0.14
2026-09-14T00:13:38Z,74,73,30,5237,99,1366,1702,0.13
2026-09-14T00:13:41Z,75,74,30,5281,100,1373,1702,0.13
2026-09-14T00:13:43Z,75,75,30,5281,99,1435,1702,0.12
2026-09-14T00:13:45Z,74,75,30,5252,99,1346,2424,0.12
2026-09-14T00:13:47Z,75,75,30,5281,99,1371,1702,0.12
2026-09-14T00:13:49Z,75,75,30,5281,100,1369,1702,0.11
2026-09-14T00:13:51Z,75,75,30,5252,99,1332,2428,0.11
2026-09-14T00:13:53Z,75,75,30,5237,100,1381,1702,0.18
2026-09-14T00:13:55Z,75,75,30,5281,100,1382,1702,0.18
2026-09-14T00:13:57Z,77,75,30,5281,99,1386,1702,0.17
2026-09-14T00:13:59Z,73,75,30,5281,99,1293,2424,0.17
2026-09-14T00:14:01Z,75,75,30,5281,100,1378,1702,0.17
2026-09-14T00:14:03Z,74,75,30,5252,99,1397,1702,0.15
2026-09-14T00:14:05Z,75,76,30,5252,99,1398,1702,0.15
2026-09-14T00:14:07Z,75,76,30,5281,99,1370,1702,0.22
2026-09-14T00:14:10Z,76,76,30,5252,100,1372,1702,0.22
2026-09-14T00:14:12Z,75,76,30,5281,99,1600,1702,0.22
2026-09-14T00:14:14Z,74,76,30,5281,100,1419,2424,0.20
2026-09-14T00:14:16Z,76,75,30,5281,100,1368,1702,0.20
2026-09-14T00:14:18Z,74,76,30,5252,100,1600,1702,0.19
2026-09-14T00:14:20Z,75,76,30,5281,100,1386,1702,0.19
2026-09-14T00:14:22Z,76,76,30,5252,100,1324,2424,0.25
2026-09-14T00:14:24Z,74,76,30,5281,99,1392,1702,0.25
2026-09-14T00:14:26Z,70,76,30,5281,99,1600,2424,0.25
2026-09-14T00:14:28Z,74,76,30,5281,99,1368,1399,0.23
2026-09-14T00:14:30Z,74,75,30,5281,100,1600,1702,0.23
2026-09-14T00:14:32Z,75,75,30,5252,100,1382,1400,0.21
2026-09-14T00:14:34Z,75,75,30,5281,99,1380,1702,0.21
2026-09-14T00:14:36Z,75,76,30,5281,100,1377,1399,0.21
2026-09-14T00:14:38Z,75,75,30,5281,99,1394,1400,0.28
2026-09-14T00:14:41Z,71,75,30,5281,100,1600,1702,0.28
2026-09-14T00:14:43Z,75,75,30,5281,99,1411,1702,0.25
2026-09-14T00:14:45Z,75,75,30,5281,100,1334,2424,0.25
2026-09-14T00:14:47Z,75,75,30,5281,99,1600,1702,0.25
2026-09-14T00:14:49Z,70,75,30,5281,100,1600,2424,0.23
2026-09-14T00:14:51Z,70,75,30,5281,100,1600,1702,0.23
2026-09-14T00:14:53Z,77,75,30,5281,100,1329,2424,0.21
2026-09-14T00:14:55Z,73,75,30,5281,99,1331,1702,0.21
2026-09-14T00:14:57Z,75,75,30,5281,99,1380,1702,0.20
2026-09-14T00:14:59Z,75,75,30,5237,100,1352,1702,0.20
2026-09-14T00:15:01Z,74,75,30,5281,100,1329,2424,0.20
2026-09-14T00:15:03Z,75,75,30,5252,100,1373,1702,0.26
2026-09-14T00:15:05Z,75,75,30,5281,100,1381,1702,0.26
2026-09-14T00:15:07Z,74,75,30,5281,99,1376,1702,0.24
2026-09-14T00:15:09Z,75,75,30,5237,99,1368,2425,0.24
2026-09-14T00:15:12Z,74,75,30,5281,99,1373,1702,0.24
2026-09-14T00:15:14Z,76,75,30,5281,99,1381,1702,0.22
2026-09-14T00:15:16Z,76,75,30,5281,99,1381,1702,0.22
2026-09-14T00:15:18Z,75,75,30,5281,99,1318,2424,0.28
2026-09-14T00:15:20Z,69,75,30,5281,100,1600,2424,0.28
2026-09-14T00:15:22Z,71,75,30,5281,100,1600,2425,0.28
2026-09-14T00:15:24Z,74,75,30,5281,99,1383,1702,0.34
2026-09-14T00:15:26Z,74,75,30,5281,99,1325,2424,0.34
2026-09-14T00:15:28Z,77,75,30,5237,99,1382,1702,0.47
2026-09-14T00:15:30Z,74,75,30,5281,100,1600,1702,0.47
2026-09-14T00:15:32Z,75,75,30,5252,99,1383,1702,0.44
2026-09-14T00:15:34Z,75,75,30,5281,99,1386,1702,0.44
2026-09-14T00:15:36Z,70,75,30,5252,100,1221,2424,0.44
2026-09-14T00:15:38Z,76,75,30,5281,99,1379,1702,0.40
2026-09-14T00:15:40Z,70,75,30,5281,100,1600,2424,0.40
2026-09-14T00:15:42Z,71,75,30,5281,100,1600,2425,0.37
2026-09-14T00:15:45Z,75,75,30,5281,100,1353,2424,0.37
2026-09-14T00:15:47Z,72,74,30,5281,99,1368,1399,0.37
2026-09-14T00:15:49Z,67,73,30,5281,100,1100,2431,0.34
2026-09-14T00:15:51Z,74,74,30,5281,100,1391,1702,0.34
2026-09-14T00:15:53Z,74,74,30,5237,100,1376,1702,0.31
2026-09-14T00:15:55Z,73,75,30,5281,100,1382,1702,0.31
2026-09-14T00:15:57Z,74,75,30,5252,100,1341,1399,0.29
2026-09-14T00:15:59Z,75,75,30,5281,99,1365,1702,0.29
2026-09-14T00:16:01Z,75,75,30,5237,100,1350,1400,0.29
2026-09-14T00:16:03Z,74,75,30,5252,99,1352,2424,0.34
2026-09-14T00:16:05Z,75,75,30,5281,100,1379,1702,0.34
2026-09-14T00:16:07Z,76,75,30,5281,99,1386,1702,0.32
2026-09-14T00:16:09Z,76,75,30,5237,100,1331,2348,0.32
2026-09-14T00:16:11Z,75,75,30,5281,100,1576,1702,0.32
2026-09-14T00:16:13Z,74,75,30,5252,99,1600,1702,0.29
2026-09-14T00:16:16Z,75,76,30,5281,99,1380,1702,0.29
2026-09-14T00:16:18Z,75,76,30,5281,99,1347,2424,0.35
2026-09-14T00:16:20Z,77,76,30,5237,100,1380,1702,0.35
2026-09-14T00:16:22Z,74,76,30,5252,99,1600,1702,0.35
2026-09-14T00:16:24Z,75,76,30,5281,100,1600,1702,0.32
2026-09-14T00:16:26Z,75,76,30,5252,100,1389,1399,0.32
2026-09-14T00:16:28Z,77,76,30,5281,99,1377,1702,0.29
2026-09-14T00:16:30Z,75,76,30,5281,100,1600,1702,0.29
2026-09-14T00:16:32Z,75,76,30,5281,99,1339,2424,0.35
2026-09-14T00:16:34Z,75,76,30,5281,100,1600,1702,0.35
2026-09-14T00:16:36Z,75,76,30,5281,99,1377,1399,0.35
2026-09-14T00:16:38Z,75,76,30,5281,100,1600,1702,0.32
2026-09-14T00:16:40Z,75,76,30,5281,99,1383,2424,0.32
2026-09-14T00:16:42Z,75,76,30,5237,100,1377,1702,0.30
2026-09-14T00:16:45Z,76,76,30,5252,99,1379,1702,0.30
2026-09-14T00:16:47Z,74,76,30,5281,99,1600,1702,0.30
2026-09-14T00:16:49Z,75,76,30,5281,99,1327,2424,0.27
2026-09-14T00:16:51Z,75,76,30,5281,99,1437,1702,0.27
2026-09-14T00:16:53Z,75,75,30,5281,100,1390,1400,0.25
2026-09-14T00:16:55Z,70,76,30,5281,100,1600,2424,0.25
2026-09-14T00:16:57Z,70,75,30,5281,100,1600,2425,0.31
2026-09-14T00:16:59Z,75,75,30,5252,100,1373,1400,0.31
2026-09-14T00:17:01Z,75,75,30,5252,99,1362,1702,0.31
2026-09-14T00:17:03Z,75,75,30,5252,100,1600,1702,0.29
2026-09-14T00:17:05Z,74,75,30,5281,100,1600,1702,0.29
2026-09-14T00:17:07Z,73,75,30,5281,100,1335,1702,0.26
2026-09-14T00:17:09Z,76,75,30,5237,99,1382,1702,0.26
2026-09-14T00:17:11Z,75,75,30,5281,100,1379,1702,0.26
2026-09-14T00:17:13Z,75,75,30,5281,100,1390,1702,0.32
2026-09-14T00:17:16Z,75,75,30,5281,99,1370,1702,0.32
2026-09-14T00:17:18Z,75,75,30,5237,99,1377,1702,0.30
2026-09-14T00:17:20Z,75,75,30,5281,100,1373,1702,0.30
2026-09-14T00:17:22Z,75,75,30,5281,100,1384,1702,0.30
2026-09-14T00:17:24Z,75,75,30,5281,100,1365,1702,0.27
2026-09-14T00:17:26Z,75,75,30,5281,100,1404,1702,0.27
2026-09-14T00:17:28Z,75,75,30,5281,100,1406,1702,0.25
2026-09-14T00:17:30Z,75,75,30,5281,99,1375,1702,0.25
2026-09-14T00:17:32Z,73,75,30,5281,99,1330,1702,0.31
2026-09-14T00:17:34Z,74,75,30,5237,99,1600,1755,0.31
2026-09-14T00:17:36Z,74,75,30,5281,99,1380,1702,0.31
2026-09-14T00:17:38Z,74,75,30,5281,100,1326,2427,0.37
2026-09-14T00:17:40Z,69,75,30,5237,100,1600,2424,0.37
2026-09-14T00:17:42Z,70,75,30,5281,100,1600,2424,0.34
2026-09-14T00:17:45Z,75,75,30,5281,99,1600,2424,0.34
2026-09-14T00:17:47Z,75,75,30,5281,100,1358,2424,0.34
2026-09-14T00:17:49Z,74,75,30,5281,100,1371,1702,0.39
2026-09-14T00:17:51Z,74,75,30,5237,99,1377,1702,0.39
2026-09-14T00:17:53Z,70,75,30,5281,99,1600,1702,0.36
2026-09-14T00:17:55Z,74,75,30,5281,99,1385,1400,0.36
2026-09-14T00:17:57Z,72,74,30,5252,30,1561,1399,0.33
2026-09-14T00:17:59Z,73,74,30,5281,0,200,2424,0.33
2026-09-14T00:18:01Z,74,73,30,5281,100,1368,1702,0.33
2026-09-14T00:18:03Z,74,74,30,5281,99,1364,1702,0.30
2026-09-14T00:18:05Z,74,75,30,5281,100,1376,1702,0.30
2026-09-14T00:18:07Z,74,75,30,5281,100,1424,1702,0.28
2026-09-14T00:18:09Z,75,75,30,5252,100,1430,1702,0.28
2026-09-14T00:18:11Z,75,75,30,5281,100,1384,1400,0.28
2026-09-14T00:18:14Z,74,75,30,5281,100,1359,2424,0.26
2026-09-14T00:18:16Z,75,75,30,5237,100,1408,1702,0.26
2026-09-14T00:18:18Z,75,75,30,5281,99,1416,1702,0.24
2026-09-14T00:18:20Z,74,75,30,5281,100,1405,1702,0.24
2026-09-14T00:18:22Z,75,75,30,5281,99,1377,1702,0.24
2026-09-14T00:18:24Z,75,75,30,5281,100,1369,1702,0.22
2026-09-14T00:18:26Z,72,76,30,5281,99,1600,1702,0.22
2026-09-14T00:18:28Z,75,76,30,5281,99,1433,2425,0.20
2026-09-14T00:18:30Z,75,75,30,5281,99,1401,1702,0.20
2026-09-14T00:18:32Z,75,76,30,5252,99,1357,1702,0.18
2026-09-14T00:18:34Z,77,76,30,5281,100,1374,1702,0.18
2026-09-14T00:18:36Z,74,76,30,5281,100,1331,2425,0.18
2026-09-14T00:18:38Z,75,76,30,5281,100,1375,1702,0.17
2026-09-14T00:18:40Z,74,76,30,5252,100,1600,2424,0.17
2026-09-14T00:18:42Z,75,76,30,5281,99,1373,1702,0.15
2026-09-14T00:18:45Z,73,76,30,5281,99,1357,1793,0.15
2026-09-14T00:18:47Z,76,76,30,5281,99,1419,1702,0.15
2026-09-14T00:18:49Z,76,76,30,5281,99,1384,1702,0.14
2026-09-14T00:18:51Z,75,76,30,5281,100,1600,2425,0.14
2026-09-14T00:18:53Z,77,76,30,5281,100,1380,1702,0.21
2026-09-14T00:18:55Z,75,76,30,5281,100,1373,1702,0.21
2026-09-14T00:18:57Z,72,76,30,5237,99,1600,2424,0.27
2026-09-14T00:18:59Z,75,76,30,5281,100,1326,2424,0.27
2026-09-14T00:19:01Z,75,75,30,5281,100,1425,1702,0.27
2026-09-14T00:19:03Z,74,75,30,5281,100,1600,1702,0.25
2026-09-14T00:19:05Z,76,75,30,5281,99,1377,1702,0.25
2026-09-14T00:19:07Z,75,75,30,5281,100,1368,2425,0.31
2026-09-14T00:19:09Z,75,75,30,5281,100,1369,1702,0.31
2026-09-14T00:19:11Z,75,75,30,5237,99,1600,1702,0.31
2026-09-14T00:19:13Z,76,75,30,5237,100,1379,1702,0.29
2026-09-14T00:19:16Z,74,75,30,5281,99,1335,2424,0.29
2026-09-14T00:19:18Z,75,75,30,5281,99,1372,1702,0.26
2026-09-14T00:19:20Z,75,75,30,5281,100,1381,1702,0.26
2026-09-14T00:19:22Z,75,75,30,5281,100,1440,1702,0.26
2026-09-14T00:19:24Z,74,75,30,5281,99,1357,2424,0.24
2026-09-14T00:19:26Z,75,75,30,5281,100,1428,1702,0.24
2026-09-14T00:19:28Z,75,75,30,5237,100,1390,1702,0.22
2026-09-14T00:19:30Z,75,75,30,5252,99,1373,1702,0.22
2026-09-14T00:19:32Z,74,75,30,5281,100,1340,2424,0.28
2026-09-14T00:19:34Z,74,75,30,5281,99,1348,1702,0.28
2026-09-14T00:19:36Z,75,75,30,5237,99,1398,1702,0.28
2026-09-14T00:19:38Z,74,75,30,5237,100,1383,1702,0.26
2026-09-14T00:19:40Z,75,75,30,5281,99,1335,2425,0.26
2026-09-14T00:19:42Z,75,75,30,5281,100,1600,1702,0.24
2026-09-14T00:19:45Z,73,75,30,5281,99,1600,1702,0.24
2026-09-14T00:19:47Z,74,75,30,5281,100,1382,1702,0.24
2026-09-14T00:19:49Z,75,75,30,5281,99,1358,2425,0.22
2026-09-14T00:19:51Z,74,75,30,5281,99,1332,1470,0.22
2026-09-14T00:19:53Z,74,75,30,5252,99,1600,1702,0.20
2026-09-14T00:19:55Z,74,75,30,5281,99,1373,1702,0.20
2026-09-14T00:19:57Z,74,75,30,5281,100,1333,2424,0.35
2026-09-14T00:19:59Z,75,75,30,5281,99,1349,1400,0.35
2026-09-14T00:20:01Z,75,75,30,5237,100,1395,1702,0.35
2026-09-14T00:20:03Z,75,75,30,5281,99,1393,1702,0.32
2026-09-14T00:20:05Z,74,75,30,5281,99,1600,1702,0.32
2026-09-14T00:20:07Z,72,75,30,5281,100,1569,1400,0.37
2026-09-14T00:20:09Z,71,74,30,5281,99,1404,1702,0.37
2026-09-14T00:20:11Z,74,73,30,5281,100,1370,1702,0.37
2026-09-14T00:20:13Z,74,74,30,5281,100,1377,1702,0.34
2026-09-14T00:20:16Z,75,75,30,5237,100,1407,1702,0.34
2026-09-14T00:20:18Z,74,75,30,5281,99,1329,2424,0.32
2026-09-14T00:20:20Z,74,75,30,5281,100,1378,1400,0.32
2026-09-14T00:20:22Z,75,75,30,5252,99,1377,1702,0.32
2026-09-14T00:20:24Z,74,75,30,5281,99,1372,1702,0.29
2026-09-14T00:20:26Z,71,75,30,5237,99,1384,1702,0.29
2026-09-14T00:20:28Z,75,75,30,5281,99,1377,1702,0.27
2026-09-14T00:20:30Z,71,75,30,5281,99,1594,1702,0.27
2026-09-14T00:20:32Z,74,75,30,5252,100,1600,2424,0.33
2026-09-14T00:20:34Z,74,75,30,5281,99,1373,1702,0.33
2026-09-14T00:20:36Z,74,75,30,5281,99,1355,1400,0.33
2026-09-14T00:20:38Z,75,75,30,5281,100,1380,1702,0.30
2026-09-14T00:20:40Z,76,75,30,5281,100,1374,2178,0.30
2026-09-14T00:20:42Z,75,76,30,5281,99,1600,1702,0.28
2026-09-14T00:20:45Z,75,76,30,5281,99,1375,1400,0.28
2026-09-14T00:20:47Z,75,76,30,5281,99,1337,2424,0.28
2026-09-14T00:20:49Z,73,76,30,5281,100,1600,1771,0.33
2026-09-14T00:20:51Z,75,76,30,5281,100,1408,1702,0.33
2026-09-14T00:20:53Z,75,76,30,5237,100,1377,1702,0.31
2026-09-14T00:20:55Z,71,76,30,5281,99,1600,2424,0.31
2026-09-14T00:20:57Z,75,76,30,5281,99,1378,1702,0.36
2026-09-14T00:20:59Z,71,76,30,5281,99,1600,1702,0.36
2026-09-14T00:21:01Z,75,76,30,5281,100,1370,1702,0.36
2026-09-14T00:21:03Z,75,76,30,5281,99,1600,2424,0.41
2026-09-14T00:21:05Z,73,75,30,5237,99,1338,1702,0.41
2026-09-14T00:21:07Z,75,75,30,5281,100,1434,1702,0.38
2026-09-14T00:21:09Z,77,75,30,5281,99,1364,1702,0.38
2026-09-14T00:21:11Z,75,75,30,5281,99,1397,1702,0.38
2026-09-14T00:21:13Z,75,75,30,5237,99,1375,1702,0.35
2026-09-14T00:21:16Z,77,75,30,5281,99,1381,1399,0.35
2026-09-14T00:21:18Z,75,75,30,5281,100,1363,1702,0.32
2026-09-14T00:21:20Z,75,75,30,5281,100,1371,1702,0.32
2026-09-14T00:21:22Z,71,75,30,5281,99,1600,1399,0.32
2026-09-14T00:21:24Z,75,75,30,5281,100,1377,1702,0.30
2026-09-14T00:21:26Z,75,75,30,5281,99,1335,2424,0.30
2026-09-14T00:21:28Z,75,75,30,5281,99,1389,1399,0.35
2026-09-14T00:21:30Z,75,75,30,5237,99,1418,1702,0.35
2026-09-14T00:21:32Z,75,75,30,5281,100,1600,1702,0.32
2026-09-14T00:21:34Z,72,75,30,5252,99,1600,2424,0.32
2026-09-14T00:21:36Z,75,75,30,5281,100,1600,2425,0.32
2026-09-14T00:21:38Z,75,75,30,5281,100,1600,2424,0.30
2026-09-14T00:21:40Z,75,75,30,5252,99,1600,2424,0.30
2026-09-14T00:21:42Z,73,75,30,5252,99,1600,2424,0.27
2026-09-14T00:21:44Z,75,75,30,5281,99,1377,1702,0.27
2026-09-14T00:21:47Z,75,75,30,5281,99,1381,1702,0.27
2026-09-14T00:21:49Z,74,75,30,5281,99,1384,1400,0.25
2026-09-14T00:21:51Z,75,75,30,5252,99,1322,2424,0.25
2026-09-14T00:21:53Z,75,75,30,5252,100,1366,1702,0.31
2026-09-14T00:21:55Z,76,75,30,5281,100,1381,1702,0.31
2026-09-14T00:21:57Z,75,75,30,5281,100,1371,1399,0.37
2026-09-14T00:21:59Z,72,75,30,5281,100,1600,2404,0.37
2026-09-14T00:22:01Z,75,75,30,5281,99,1384,1702,0.37
2026-09-14T00:22:03Z,75,75,30,5281,100,1386,1702,0.34
2026-09-14T00:22:05Z,71,75,30,5281,100,1600,1401,0.34
2026-09-14T00:22:07Z,74,75,30,5281,100,1374,1702,0.31
2026-09-14T00:22:09Z,73,75,30,5281,99,1347,1702,0.31
2026-09-14T00:22:11Z,69,75,30,5281,100,1600,2424,0.31
2026-09-14T00:22:13Z,75,75,30,5281,99,1600,2425,0.28
2026-09-14T00:22:16Z,74,75,30,5237,99,1368,1702,0.28
2026-09-14T00:22:18Z,72,75,30,5281,100,1344,1702,0.26
2026-09-14T00:22:20Z,72,74,30,5281,99,1423,1702,0.26
2026-09-14T00:22:22Z,67,74,30,5252,100,1040,2424,0.26
2026-09-14T00:22:24Z,75,74,30,5252,99,1385,1702,0.24
2026-09-14T00:22:26Z,75,74,30,5281,100,1374,1702,0.24
2026-09-14T00:22:28Z,75,75,30,5281,100,1403,1702,0.22
2026-09-14T00:22:30Z,75,75,30,5281,99,1375,1702,0.22
2026-09-14T00:22:32Z,75,75,30,5237,99,1380,1702,0.20
2026-09-14T00:22:34Z,75,75,30,5237,99,1368,1400,0.20
2026-09-14T00:22:36Z,75,75,30,5252,99,1333,2424,0.20
2026-09-14T00:22:38Z,73,75,30,5281,100,1386,1702,0.19
2026-09-14T00:22:40Z,71,75,30,5237,100,1597,1400,0.19
2026-09-14T00:22:42Z,73,75,30,5281,100,1599,2398,0.17
2026-09-14T00:22:44Z,74,75,30,5281,99,1379,1702,0.17
2026-09-14T00:22:47Z,75,75,30,5281,100,1367,1702,0.17
2026-09-14T00:22:49Z,75,75,30,5237,99,1383,1702,0.16
2026-09-14T00:22:51Z,75,76,30,5281,99,1335,2424,0.16
2026-09-14T00:22:53Z,75,75,30,5237,100,1600,1702,0.14
2026-09-14T00:22:55Z,75,76,30,5237,100,1384,1399,0.14
2026-09-14T00:22:57Z,75,76,30,5237,100,1369,1702,0.45
2026-09-14T00:22:59Z,77,76,30,5281,99,1378,1702,0.45
2026-09-14T00:23:01Z,74,76,30,5281,99,1600,1702,0.45
2026-09-14T00:23:03Z,75,76,30,5252,100,1368,1702,0.42
2026-09-14T00:23:05Z,76,76,30,5281,99,1344,2350,0.42
2026-09-14T00:23:07Z,75,76,30,5281,100,1393,1702,0.38
2026-09-14T00:23:09Z,71,76,30,5281,99,1600,1702,0.38
2026-09-14T00:23:11Z,75,76,30,5281,100,1410,1702,0.38
2026-09-14T00:23:13Z,75,76,30,5281,99,1315,2424,0.35
2026-09-14T00:23:16Z,75,75,30,5252,100,1365,1702,0.35
2026-09-14T00:23:18Z,71,76,30,5281,100,1411,1702,0.32
2026-09-14T00:23:20Z,75,76,30,5281,100,1391,1702,0.32
2026-09-14T00:23:22Z,71,76,30,5281,99,1600,2425,0.32
2026-09-14T00:23:24Z,76,75,30,5281,99,1378,1702,0.38
2026-09-14T00:23:26Z,75,75,30,5237,100,1429,1702,0.38
2026-09-14T00:23:28Z,73,75,30,5281,100,1600,2424,0.35
2026-09-14T00:23:30Z,70,75,30,5281,100,1600,2424,0.35
2026-09-14T00:23:32Z,69,75,30,5281,100,1600,2425,0.32
2026-09-14T00:23:34Z,77,75,30,5281,100,1380,1702,0.32
2026-09-14T00:23:36Z,75,75,30,5281,99,1342,1702,0.32
2026-09-14T00:23:38Z,75,75,30,5281,99,1338,2424,0.37
2026-09-14T00:23:40Z,74,75,30,5281,100,1413,1702,0.37
2026-09-14T00:23:42Z,74,75,30,5281,100,1600,1702,0.34
2026-09-14T00:23:44Z,70,75,30,5281,100,1403,1702,0.34
2026-09-14T00:23:47Z,70,75,30,5281,100,1600,1702,0.34
2026-09-14T00:23:49Z,71,75,30,5281,99,1600,1702,0.32
2026-09-14T00:23:51Z,73,75,30,5281,99,1338,1400,0.32
2026-09-14T00:23:53Z,77,75,30,5281,100,1381,1399,0.29
2026-09-14T00:23:55Z,76,75,30,5281,100,1386,1399,0.29
2026-09-14T00:23:57Z,74,75,30,5281,100,1334,1702,0.29
2026-09-14T00:23:59Z,71,75,30,5281,99,1483,1702,0.27
2026-09-14T00:24:01Z,71,75,30,5281,100,1484,1702,0.27
2026-09-14T00:24:03Z,74,75,30,5281,99,1364,1702,0.33
2026-09-14T00:24:05Z,74,75,30,5281,99,1377,1702,0.33
2026-09-14T00:24:07Z,74,75,30,5281,99,1377,1400,0.30
2026-09-14T00:24:09Z,76,75,30,5237,99,1381,1702,0.30
2026-09-14T00:24:11Z,69,75,30,5281,99,1600,2424,0.30
2026-09-14T00:24:13Z,71,75,30,5281,99,1600,2424,0.28
2026-09-14T00:24:15Z,74,75,30,5252,100,1361,1702,0.28
2026-09-14T00:24:18Z,75,75,30,5281,100,1371,1702,0.25
2026-09-14T00:24:20Z,75,75,30,5237,100,1290,2425,0.25
2026-09-14T00:24:22Z,74,74,30,5237,99,1381,1702,0.25
2026-09-14T00:24:24Z,74,75,30,5281,99,1600,1702,0.23
2026-09-14T00:24:26Z,74,75,30,5252,99,1376,1702,0.23
2026-09-14T00:24:28Z,72,75,30,5281,99,1327,1702,0.21
2026-09-14T00:24:30Z,72,74,30,5252,61,1481,1400,0.21
2026-09-14T00:24:32Z,72,74,30,5281,99,1431,1399,0.28
2026-09-14T00:24:34Z,74,73,30,5281,99,1380,1399,0.28
2026-09-14T00:24:36Z,74,74,30,5252,99,1419,1702,0.28
2026-09-14T00:24:38Z,75,75,30,5281,100,1383,1399,0.25
2026-09-14T00:24:40Z,75,75,30,5237,99,1418,1399,0.25
2026-09-14T00:24:42Z,75,75,30,5281,99,1412,1702,0.23
2026-09-14T00:24:45Z,74,75,30,5281,100,1373,1399,0.23
2026-09-14T00:24:47Z,75,75,30,5281,99,1314,2425,0.23
2026-09-14T00:24:49Z,76,75,30,5281,100,1381,1702,0.30
2026-09-14T00:24:51Z,76,75,30,5252,100,1365,1702,0.30
2026-09-14T00:24:53Z,76,75,30,5237,99,1381,1702,0.27
2026-09-14T00:24:55Z,73,75,30,5281,99,1600,1702,0.27
2026-09-14T00:24:57Z,76,75,30,5281,100,1600,1771,0.27
2026-09-14T00:24:59Z,75,76,30,5281,100,1537,1702,0.33
2026-09-14T00:25:01Z,75,76,30,5281,99,1325,2424,0.33
2026-09-14T00:25:03Z,75,75,30,5281,99,1373,1702,0.38
2026-09-14T00:25:05Z,76,76,30,5237,100,1349,1702,0.38
2026-09-14T00:25:07Z,75,76,30,5281,100,1600,1702,0.35
2026-09-14T00:25:09Z,75,76,30,5281,100,1345,2424,0.35
2026-09-14T00:25:11Z,75,76,30,5281,99,1370,1702,0.35
2026-09-14T00:25:13Z,75,76,30,5281,100,1600,1702,0.32
2026-09-14T00:25:16Z,75,76,30,5281,99,1394,1702,0.32
2026-09-14T00:25:18Z,73,76,30,5252,100,1600,1400,0.38
2026-09-14T00:25:20Z,75,75,30,5237,99,1383,1702,0.38
2026-09-14T00:25:22Z,73,76,30,5252,99,1340,1702,0.38
2026-09-14T00:25:24Z,75,75,30,5237,99,1377,1399,0.35
2026-09-14T00:25:26Z,75,75,30,5281,99,1347,1702,0.35
2026-09-14T00:25:28Z,75,75,30,5281,99,1370,1702,0.32
2026-09-14T00:25:30Z,73,75,30,5281,99,1600,2425,0.32
2026-09-14T00:25:32Z,75,75,30,5281,99,1333,2424,0.37
2026-09-14T00:25:34Z,75,75,30,5281,100,1410,1702,0.37
2026-09-14T00:25:36Z,75,75,30,5237,100,1600,1702,0.37
2026-09-14T00:25:38Z,77,75,30,5237,100,1376,1702,0.34
2026-09-14T00:25:40Z,74,75,30,5281,99,1338,2424,0.34
2026-09-14T00:25:42Z,75,75,30,5237,99,1367,1702,0.32
2026-09-14T00:25:45Z,75,75,30,5281,100,1600,1702,0.32
2026-09-14T00:25:47Z,75,75,30,5252,99,1344,1399,0.32
2026-09-14T00:25:49Z,75,75,30,5281,100,1321,2424,0.29
2026-09-14T00:25:51Z,77,75,30,5237,99,1381,1702,0.29
2026-09-14T00:25:53Z,75,75,30,5237,99,1375,1702,0.27
2026-09-14T00:25:55Z,75,75,30,5252,99,1383,1399,0.27
2026-09-14T00:25:57Z,74,75,30,5281,100,1345,2424,0.27
2026-09-14T00:25:59Z,75,75,30,5281,99,1366,1400,0.33
2026-09-14T00:26:01Z,75,75,30,5237,99,1432,1702,0.33
2026-09-14T00:26:03Z,74,75,30,5237,99,1364,1702,0.30
2026-09-14T00:26:05Z,74,75,30,5237,100,1368,2424,0.30
2026-09-14T00:26:07Z,74,75,30,5237,100,1376,1702,0.28
2026-09-14T00:26:09Z,75,75,30,5237,99,1382,1702,0.28
2026-09-14T00:26:11Z,75,75,30,5281,100,1398,1702,0.28
2026-09-14T00:26:13Z,74,75,30,5281,99,1334,2424,0.25
2026-09-14T00:26:16Z,74,75,30,5281,99,1600,1702,0.25
2026-09-14T00:26:18Z,75,75,30,5252,99,1380,1702,0.23
2026-09-14T00:26:20Z,75,75,30,5237,99,1350,1702,0.23
2026-09-14T00:26:22Z,74,75,30,5252,99,1330,2424,0.23
2026-09-14T00:26:24Z,74,75,30,5281,99,1600,1400,0.29
2026-09-14T00:26:26Z,74,75,30,5237,99,1389,1702,0.29
2026-09-14T00:26:28Z,74,75,30,5281,100,1374,1702,0.27
2026-09-14T00:26:30Z,69,75,30,5281,99,1600,2424,0.27
2026-09-14T00:26:32Z,74,75,30,5281,99,1382,1702,0.25
2026-09-14T00:26:34Z,75,74,30,5281,99,1381,1702,0.25
2026-09-14T00:26:36Z,74,75,30,5281,99,1600,1702,0.25
2026-09-14T00:26:38Z,74,75,30,5281,100,1390,1702,0.23
2026-09-14T00:26:40Z,70,74,30,5237,100,1318,2425,0.23
2026-09-14T00:26:42Z,71,74,30,5281,99,1383,1702,0.21
2026-09-14T00:26:44Z,73,73,30,5281,99,1371,1702,0.21
2026-09-14T00:26:47Z,75,74,30,5237,99,1398,1702,0.21
2026-09-14T00:26:49Z,74,74,30,5281,99,1373,1702,0.19
2026-09-14T00:26:51Z,75,75,30,5281,99,1363,1702,0.19
2026-09-14T00:26:53Z,75,75,30,5281,99,1373,1702,0.26
2026-09-14T00:26:55Z,76,75,30,5281,100,1392,1399,0.26
2026-09-14T00:26:57Z,75,75,30,5281,100,1382,1702,0.26
2026-09-14T00:26:59Z,75,75,30,5281,99,1376,1702,0.24
2026-09-14T00:27:01Z,75,75,30,5281,100,1379,1702,0.24
2026-09-14T00:27:03Z,75,75,30,5281,100,1371,1702,0.22
2026-09-14T00:27:05Z,77,75,30,5281,99,1327,2424,0.22
2026-09-14T00:27:07Z,74,75,30,5252,100,1600,1702,0.20
2026-09-14T00:27:09Z,75,75,30,5237,99,1380,1702,0.20
2026-09-14T00:27:11Z,75,75,30,5237,100,1411,1702,0.20
2026-09-14T00:27:13Z,75,75,30,5281,100,1335,2426,0.26
2026-09-14T00:27:16Z,74,75,30,5281,99,1330,1399,0.26
2026-09-14T00:27:18Z,75,76,30,5281,99,1600,1702,0.24
2026-09-14T00:27:20Z,75,76,30,5281,100,1392,1400,0.24
2026-09-14T00:27:22Z,75,76,30,5281,99,1356,1702,0.24
2026-09-14T00:27:24Z,75,76,30,5281,100,1600,2424,0.22
2026-09-14T00:27:26Z,75,76,30,5281,99,1371,1702,0.22
2026-09-14T00:27:28Z,75,76,30,5281,100,1334,2424,0.21
2026-09-14T00:27:30Z,76,75,30,5237,100,1368,1702,0.21
2026-09-14T00:27:32Z,77,76,30,5281,100,1382,1702,0.19
2026-09-14T00:27:34Z,74,76,30,5252,100,1600,1702,0.19
2026-09-14T00:27:36Z,75,75,30,5281,99,1323,2429,0.19
2026-09-14T00:27:38Z,75,75,30,5281,99,1383,1702,0.17
2026-09-14T00:27:40Z,71,75,30,5281,100,1600,2425,0.17
2026-09-14T00:27:42Z,75,75,30,5281,99,1377,1702,0.16
2026-09-14T00:27:44Z,75,75,30,5281,100,1323,2426,0.16
2026-09-14T00:27:47Z,75,75,30,5281,99,1600,1702,0.16
2026-09-14T00:27:49Z,76,75,30,5252,100,1381,1702,0.15
2026-09-14T00:27:51Z,75,75,30,5252,99,1429,1702,0.15
2026-09-14T00:27:53Z,74,75,30,5281,100,1600,1702,0.21
2026-09-14T00:27:55Z,75,75,30,5252,100,1371,1702,0.21
2026-09-14T00:27:57Z,75,75,30,5281,100,1381,1702,0.21
2026-09-14T00:27:59Z,75,75,30,5281,100,1373,1702,0.20
2026-09-14T00:28:01Z,75,75,30,5237,100,1396,1702,0.20
2026-09-14T00:28:03Z,74,75,30,5237,100,1600,1702,0.18
2026-09-14T00:28:05Z,71,75,30,5281,99,1533,1702,0.18
2026-09-14T00:28:07Z,76,75,30,5237,100,1337,2274,0.25
2026-09-14T00:28:09Z,72,75,30,5281,100,1388,1702,0.25
2026-09-14T00:28:11Z,75,75,30,5252,99,1345,1702,0.25
2026-09-14T00:28:13Z,76,75,30,5281,99,1381,1702,0.23
2026-09-14T00:28:16Z,75,75,30,5281,100,1332,2424,0.23
2026-09-14T00:28:18Z,75,75,30,5281,100,1376,1702,0.29
2026-09-14T00:28:20Z,74,75,30,5281,99,1334,1702,0.29
2026-09-14T00:28:22Z,74,75,30,5281,99,1330,1702,0.29
2026-09-14T00:28:24Z,71,75,30,5281,99,1600,2012,0.27
2026-09-14T00:28:26Z,75,75,30,5237,100,1530,1399,0.27
2026-09-14T00:28:28Z,75,75,30,5281,99,1380,1399,0.24
2026-09-14T00:28:30Z,75,75,30,5281,100,1383,1400,0.24
2026-09-14T00:28:32Z,74,75,30,5252,99,1378,1702,0.22
2026-09-14T00:28:34Z,72,75,30,5281,100,1600,1702,0.22
2026-09-14T00:28:36Z,75,75,30,5281,100,1400,1702,0.22
2026-09-14T00:28:38Z,74,75,30,5281,100,1377,1399,0.21
2026-09-14T00:28:40Z,76,75,30,5252,100,1383,1702,0.21
2026-09-14T00:28:42Z,74,75,30,5281,99,1399,2424,0.35
2026-09-14T00:28:45Z,75,74,30,5237,99,1386,1400,0.35
2026-09-14T00:28:47Z,76,75,30,5252,100,1379,1702,0.35
2026-09-14T00:28:49Z,74,75,30,5281,100,1380,1702,0.32
2026-09-14T00:28:51Z,74,75,30,5252,99,1333,2424,0.32
2026-09-14T00:28:53Z,71,74,30,5281,100,1427,1702,0.30
2026-09-14T00:28:55Z,61,74,30,5281,99,1040,2424,0.30
2026-09-14T00:28:57Z,59,72,30,5281,0,200,2425,0.30
2026-09-14T00:28:59Z,57,70,30,5281,0,200,2424,0.27
2026-09-14T00:29:01Z,56,68,30,5281,8,1040,2424,0.27
2026-09-14T00:29:03Z,55,66,30,5237,13,1040,2424,0.33
2026-09-14T00:29:05Z,54,64,30,4870,0,200,2424,0.33
2026-09-14T00:29:07Z,53,62,30,4261,0,200,2425,0.38
2026-09-14T00:29:09Z,51,60,30,4185,0,200,2424,0.38
2026-09-14T00:29:11Z,51,59,30,3409,0,200,2424,0.38
2026-09-14T00:29:13Z,51,58,30,3348,71,1040,2424,0.35
2026-09-14T00:29:15Z,66,63,30,2853,99,1600,1702,0.35
2026-09-14T00:29:17Z,66,66,30,2640,99,1318,1401,0.32
2026-09-14T00:29:20Z,69,68,30,2875,99,1375,1702,0.32
2026-09-14T00:29:22Z,66,69,30,3232,99,1600,1400,0.32
2026-09-14T00:29:24Z,71,70,30,3348,99,1539,1702,0.38
2026-09-14T00:29:26Z,72,71,30,3676,100,1515,1702,0.38
2026-09-14T00:29:28Z,69,72,30,3826,99,1600,1702,0.35
2026-09-14T00:29:30Z,73,73,30,4102,99,1600,1702,0.35
2026-09-14T00:29:32Z,70,73,30,4411,100,1350,1702,0.35
2026-09-14T00:29:34Z,74,74,30,4606,99,1600,1702,0.32
2026-09-14T00:29:36Z,74,74,30,4807,99,1600,2425,0.32
2026-09-14T00:29:38Z,74,75,30,4973,99,1600,1702,0.29
2026-09-14T00:29:40Z,74,75,30,5208,99,1600,2424,0.29
2026-09-14T00:29:42Z,77,75,30,5208,100,1480,1702,0.27
2026-09-14T00:29:44Z,70,75,30,5208,99,1600,1702,0.27
2026-09-14T00:29:46Z,75,75,30,5237,99,1386,1702,0.27
2026-09-14T00:29:48Z,73,75,30,5252,99,1322,1702,0.25
2026-09-14T00:29:51Z,76,75,30,5252,99,1327,2427,0.25
2026-09-14T00:29:53Z,74,75,30,5252,100,1481,1702,0.23
2026-09-14T00:29:55Z,72,75,30,5237,100,1600,1702,0.23
2026-09-14T00:29:57Z,74,75,30,5208,99,1600,1702,0.23
2026-09-14T00:29:59Z,74,75,30,5208,100,1532,1702,0.21
2026-09-14T00:30:01Z,74,75,30,5252,99,1539,1702,0.21
2026-09-14T00:30:03Z,75,75,30,5252,100,1421,1702,0.19
2026-09-14T00:30:05Z,75,75,30,5237,100,1408,1799,0.19
2026-09-14T00:30:07Z,73,75,30,5237,99,1600,2425,0.18
2026-09-14T00:30:09Z,70,75,30,5252,99,1470,1702,0.18
2026-09-14T00:30:11Z,74,75,30,5252,100,1552,1800,0.18
2026-09-14T00:30:13Z,71,75,30,5252,99,1473,1702,0.24
2026-09-14T00:30:15Z,74,75,30,5252,100,1528,1702,0.24
2026-09-14T00:30:17Z,74,75,30,5237,100,1600,1702,0.22
2026-09-14T00:30:19Z,71,75,30,5237,99,1309,1702,0.22
2026-09-14T00:30:22Z,76,75,30,5237,99,1283,2424,0.22
2026-09-14T00:30:24Z,74,75,30,5237,99,1600,1702,0.29
2026-09-14T00:30:26Z,73,75,30,5252,99,1600,1702,0.29
2026-09-14T00:30:28Z,68,74,30,5252,100,1097,2425,0.34
2026-09-14T00:30:30Z,71,74,30,5252,100,1600,2424,0.34
2026-09-14T00:30:32Z,74,74,30,5237,99,1364,1702,0.34
2026-09-14T00:30:34Z,67,74,30,5252,99,1040,2425,0.32
2026-09-14T00:30:36Z,70,73,30,5237,99,1439,1702,0.32
2026-09-14T00:30:38Z,73,73,30,5252,99,1345,1702,0.29
2026-09-14T00:30:40Z,74,74,30,5252,99,1335,1702,0.29
2026-09-14T00:30:42Z,70,75,30,5281,100,1600,1702,0.27
2026-09-14T00:30:44Z,70,75,30,5252,99,1343,1702,0.27
2026-09-14T00:30:46Z,75,75,30,5252,99,1372,1702,0.27
2026-09-14T00:30:48Z,74,75,30,5237,99,1523,1702,0.25
2026-09-14T00:30:50Z,71,75,30,5281,99,1600,1702,0.25
2026-09-14T00:30:53Z,75,75,30,5252,99,1600,1702,0.23
2026-09-14T00:30:55Z,77,75,30,5252,100,1375,1400,0.23
2026-09-14T00:30:57Z,75,76,30,5252,100,1532,1399,0.23
2026-09-14T00:30:59Z,74,76,30,5281,100,1600,2425,0.21
2026-09-14T00:31:01Z,75,76,30,5281,99,1545,1702,0.21
2026-09-14T00:31:03Z,74,76,30,5281,100,1600,2424,0.19
2026-09-14T00:31:05Z,72,76,30,5237,99,1314,1702,0.19
2026-09-14T00:31:07Z,75,76,30,5281,99,1315,1702,0.26
2026-09-14T00:31:09Z,75,76,30,5237,100,1373,1702,0.26
2026-09-14T00:31:11Z,74,76,30,5252,100,1600,1608,0.26
2026-09-14T00:31:13Z,75,76,30,5252,100,1416,2424,0.23
2026-09-14T00:31:15Z,74,76,30,5237,99,1360,1702,0.23
2026-09-14T00:31:17Z,75,76,30,5252,99,1600,1399,0.22
2026-09-14T00:31:19Z,75,75,30,5237,99,1600,1702,0.22
2026-09-14T00:31:22Z,71,75,30,5252,99,1600,1702,0.22
2026-09-14T00:31:24Z,72,75,30,5237,100,1600,2424,0.20
2026-09-14T00:31:26Z,74,75,30,5237,100,1344,1702,0.20
2026-09-14T00:31:28Z,76,75,30,5281,99,1340,1702,0.18
2026-09-14T00:31:30Z,75,75,30,5281,99,1600,1925,0.18
2026-09-14T00:31:32Z,74,75,30,5237,100,1547,1702,0.18
2026-09-14T00:31:34Z,76,75,30,5281,100,1292,2425,0.17
2026-09-14T00:31:36Z,75,75,30,5281,99,1447,1399,0.17
2026-09-14T00:31:38Z,72,75,30,5281,100,1600,2424,0.15
2026-09-14T00:31:40Z,72,75,30,5281,100,1600,2424,0.15
2026-09-14T00:31:42Z,71,75,30,5252,100,1600,2425,0.14
2026-09-14T00:31:44Z,71,75,30,5281,99,1600,2425,0.14
2026-09-14T00:31:46Z,72,75,30,5281,99,1600,2424,0.14
2026-09-14T00:31:48Z,71,75,30,5281,100,1600,2425,0.13
2026-09-14T00:31:50Z,75,75,30,5252,99,1542,2424,0.13
2026-09-14T00:31:52Z,74,75,30,5237,100,1600,1702,0.12
2026-09-14T00:31:55Z,74,75,30,5281,100,1515,1702,0.12
2026-09-14T00:31:57Z,70,75,30,5281,100,1360,2424,0.12
2026-09-14T00:31:59Z,70,74,30,5281,99,1446,1702,0.19
2026-09-14T00:32:01Z,74,73,30,5281,100,1576,1702,0.19
2026-09-14T00:32:03Z,75,74,30,5281,99,1600,1420,0.17
2026-09-14T00:32:05Z,74,75,30,5281,100,1386,1702,0.17
2026-09-14T00:32:07Z,75,75,30,5281,100,1600,1702,0.17
2026-09-14T00:32:09Z,77,75,30,5281,99,1405,1702,0.16
2026-09-14T00:32:11Z,74,75,30,5281,99,1398,1702,0.16
2026-09-14T00:32:13Z,75,75,30,5281,100,1600,1702,0.23
2026-09-14T00:32:15Z,74,76,30,5281,100,1535,1702,0.23
2026-09-14T00:32:17Z,76,76,30,5281,100,1315,2424,0.37
2026-09-14T00:32:19Z,77,76,30,5281,99,1398,1702,0.37
2026-09-14T00:32:21Z,75,76,30,5281,100,1486,2425,0.37
2026-09-14T00:32:23Z,75,76,30,5281,100,1462,1702,0.34
2026-09-14T00:32:26Z,75,76,30,5281,99,1503,1702,0.34
2026-09-14T00:32:28Z,77,76,30,5252,100,1348,1702,0.31
2026-09-14T00:32:30Z,72,76,30,5281,100,1600,2424,0.31
2026-09-14T00:32:32Z,75,76,30,5281,99,1498,1702,0.31
2026-09-14T00:32:34Z,71,76,30,5281,99,1600,1702,0.37
2026-09-14T00:32:36Z,74,76,30,5281,100,1410,2424,0.37
2026-09-14T00:32:38Z,76,76,30,5252,100,1386,1702,0.34
2026-09-14T00:32:40Z,75,76,30,5281,99,1600,1702,0.34
2026-09-14T00:32:42Z,75,76,30,5281,100,1600,2425,0.31
2026-09-14T00:32:44Z,74,76,30,5252,100,1518,1702,0.31
2026-09-14T00:32:46Z,74,76,30,5281,100,1600,2424,0.31
2026-09-14T00:32:48Z,75,75,30,5281,99,1468,1702,0.29
2026-09-14T00:32:50Z,75,75,30,5281,100,1375,1702,0.29
2026-09-14T00:32:52Z,72,75,30,5281,100,1600,2425,0.26
2026-09-14T00:32:54Z,69,75,30,5252,99,1600,1702,0.26
2026-09-14T00:32:57Z,75,75,30,5281,99,1462,2424,0.26
2026-09-14T00:32:59Z,74,75,30,5281,100,1600,1702,0.32
2026-09-14T00:33:01Z,77,75,30,5252,100,1352,1399,0.32
2026-09-14T00:33:03Z,74,75,30,5281,100,1503,1702,0.38
2026-09-14T00:33:05Z,75,75,30,5281,99,1515,1702,0.38
2026-09-14T00:33:07Z,72,75,30,5281,100,1600,1399,0.38
2026-09-14T00:33:09Z,74,75,30,5281,100,1600,1399,0.43
2026-09-14T00:33:11Z,72,75,30,5252,99,1600,1702,0.43
2026-09-14T00:33:13Z,74,75,30,5281,100,1600,2425,0.39
2026-09-14T00:33:15Z,69,75,30,5281,99,1600,2425,0.39
2026-09-14T00:33:17Z,70,75,30,5281,100,1600,2424,0.36
2026-09-14T00:33:19Z,74,75,30,5281,99,1393,2424,0.36
2026-09-14T00:33:21Z,72,74,30,5281,100,1355,1399,0.36
2026-09-14T00:33:23Z,74,73,30,5281,100,1522,1702,0.33
2026-09-14T00:33:25Z,74,74,30,5252,99,1600,1454,0.33
2026-09-14T00:33:28Z,75,75,30,5281,99,1600,1702,0.30
2026-09-14T00:33:30Z,75,75,30,5281,100,1543,1702,0.30
2026-09-14T00:33:32Z,74,75,30,5281,100,1448,1702,0.30
2026-09-14T00:33:34Z,76,75,30,5252,99,1380,1702,0.28
2026-09-14T00:33:36Z,74,76,30,5281,100,1352,2424,0.28
2026-09-14T00:33:38Z,75,76,30,5252,100,1372,1702,0.26
2026-09-14T00:33:40Z,76,76,30,5281,99,1258,2424,0.26
2026-09-14T00:33:42Z,76,76,30,5281,99,1341,1702,0.26
2026-09-14T00:33:44Z,76,76,30,5281,99,1600,1702,0.24
2026-09-14T00:33:46Z,75,76,30,5281,99,1460,1702,0.24
2026-09-14T00:33:48Z,75,76,30,5252,100,1600,2424,0.22
2026-09-14T00:33:50Z,75,76,30,5281,100,1395,1702,0.22
2026-09-14T00:33:52Z,77,76,30,5281,99,1363,1399,0.20
2026-09-14T00:33:54Z,72,76,30,5281,99,1600,2424,0.20
2026-09-14T00:33:56Z,71,76,30,5281,99,1600,1702,0.20
2026-09-14T00:33:59Z,75,76,30,5281,100,1600,1399,0.18
2026-09-14T00:34:01Z,71,76,30,5281,100,1600,1702,0.18
2026-09-14T00:34:03Z,71,76,30,5281,100,1600,2427,0.17
2026-09-14T00:34:05Z,71,76,30,5281,99,1600,1702,0.17
2026-09-14T00:34:07Z,73,76,30,5281,100,1600,1702,0.17
2026-09-14T00:34:09Z,75,76,30,5281,100,1331,1702,0.15
2026-09-14T00:34:11Z,75,76,30,5281,100,1600,2389,0.15
2026-09-14T00:34:13Z,73,76,30,5281,99,1338,1702,0.14
2026-09-14T00:34:15Z,75,75,30,5281,99,1600,1702,0.14
2026-09-14T00:34:17Z,75,75,30,5281,100,1543,1702,0.13
2026-09-14T00:34:19Z,77,75,30,5281,99,1405,1400,0.13
2026-09-14T00:34:21Z,75,75,30,5281,99,1524,1400,0.13
2026-09-14T00:34:23Z,76,75,30,5281,100,1358,1702,0.12
2026-09-14T00:34:25Z,74,75,30,5281,99,1420,2424,0.12
2026-09-14T00:34:27Z,75,75,30,5281,99,1387,1702,0.11
2026-09-14T00:34:30Z,75,75,30,5281,99,1600,2424,0.11
2026-09-14T00:34:32Z,75,75,30,5281,99,1361,1702,0.11
2026-09-14T00:34:34Z,74,75,30,5281,99,1361,1702,0.10
2026-09-14T00:34:36Z,74,75,30,5281,100,1341,1900,0.10
2026-09-14T00:34:38Z,74,75,30,5281,99,1572,1702,0.09
2026-09-14T00:34:40Z,75,75,30,5281,100,1368,1702,0.09
2026-09-14T00:34:42Z,73,75,30,5281,100,1328,1702,0.09
2026-09-14T00:34:44Z,72,74,30,5281,100,1411,1702,0.16
2026-09-14T00:34:46Z,72,73,30,5281,100,1349,1702,0.16
2026-09-14T00:34:48Z,77,74,30,5281,99,1458,1702,0.15
2026-09-14T00:34:50Z,76,75,30,5281,99,1361,1702,0.15
2026-09-14T00:34:52Z,76,75,30,5281,99,1371,1702,0.14
2026-09-14T00:34:54Z,75,75,30,5281,100,1315,2425,0.14
2026-09-14T00:34:56Z,75,75,30,5281,99,1600,1702,0.14
2026-09-14T00:34:59Z,74,76,30,5281,99,1411,2424,0.13
2026-09-14T00:35:01Z,75,76,30,5281,100,1521,1702,0.13
2026-09-14T00:35:03Z,75,76,30,5281,99,1487,1400,0.12
2026-09-14T00:35:05Z,75,76,30,5281,99,1600,1702,0.12
2026-09-14T00:35:07Z,77,76,30,5281,99,1429,1702,0.12
2026-09-14T00:35:09Z,76,76,30,5281,100,1358,1702,0.11
2026-09-14T00:35:11Z,76,76,30,5281,99,1466,1702,0.11
2026-09-14T00:35:13Z,75,76,30,5281,99,1331,1399,0.18
2026-09-14T00:35:15Z,75,76,30,5281,100,1600,1702,0.18
2026-09-14T00:35:17Z,74,76,30,5281,100,1538,1702,0.25
2026-09-14T00:35:19Z,75,76,30,5281,100,1600,1702,0.25
2026-09-14T00:35:21Z,75,76,30,5281,100,1416,1702,0.25
2026-09-14T00:35:23Z,74,76,30,5281,100,1541,1702,0.31
2026-09-14T00:35:25Z,72,76,30,5281,100,1350,1702,0.31
2026-09-14T00:35:28Z,76,76,30,5281,100,1348,2424,0.36
2026-09-14T00:35:30Z,71,76,30,5281,100,1600,2424,0.36
2026-09-14T00:35:32Z,75,76,30,5281,99,1600,1702,0.36
2026-09-14T00:35:34Z,74,76,30,5281,100,1495,1702,0.41
2026-09-14T00:35:36Z,75,76,30,5281,100,1536,1702,0.41
2026-09-14T00:35:38Z,77,76,30,5281,99,1307,2424,0.46
2026-09-14T00:35:40Z,75,75,30,5281,99,1600,1702,0.46
2026-09-14T00:35:42Z,70,75,30,5281,100,1600,2424,0.46
2026-09-14T00:35:44Z,70,75,30,5281,99,1299,1702,0.42
2026-09-14T00:35:46Z,74,75,30,5281,99,1501,1702,0.42
2026-09-14T00:35:48Z,74,75,30,5281,99,1254,2424,0.39
2026-09-14T00:35:50Z,72,75,30,5281,99,1600,1702,0.39
2026-09-14T00:35:52Z,76,75,30,5281,100,1362,1702,0.36
2026-09-14T00:35:54Z,76,75,30,5281,100,1350,1702,0.36
2026-09-14T00:35:56Z,75,75,30,5281,99,1349,1702,0.36
2026-09-14T00:35:59Z,75,75,30,5281,100,1459,1702,0.33
2026-09-14T00:36:01Z,71,75,30,5281,99,1600,2424,0.33
2026-09-14T00:36:03Z,72,75,30,5281,99,1600,2425,0.30
2026-09-14T00:36:05Z,74,75,30,5281,99,1335,1702,0.30
2026-09-14T00:36:07Z,72,75,30,5281,99,1398,1702,0.30
2026-09-14T00:36:09Z,67,74,30,5281,99,1040,2425,0.36
2026-09-14T00:36:11Z,74,74,30,5281,100,1511,1702,0.36
2026-09-14T00:36:13Z,74,75,30,5281,100,1402,1859,0.33
2026-09-14T00:36:15Z,76,75,30,5281,99,1384,1702,0.33
2026-09-14T00:36:17Z,75,75,30,5281,99,1426,2425,0.33
2026-09-14T00:36:19Z,75,76,30,5281,99,1363,1702,0.70
2026-09-14T00:36:21Z,75,76,30,5281,99,1600,2424,0.70
2026-09-14T00:36:23Z,77,76,30,5281,100,1414,1702,0.65
2026-09-14T00:36:25Z,75,76,30,5281,100,1363,1702,0.65
2026-09-14T00:36:27Z,77,76,30,5281,99,1381,1702,0.60
2026-09-14T00:36:29Z,76,76,30,5281,99,1600,1863,0.60
2026-09-14T00:36:32Z,72,76,30,5281,99,1600,1702,0.60
2026-09-14T00:36:34Z,74,76,30,5281,100,1600,1702,0.55
2026-09-14T00:36:36Z,75,76,30,5281,100,1600,2425,0.55
2026-09-14T00:36:38Z,75,76,30,5281,100,1347,1702,0.50
2026-09-14T00:36:40Z,72,76,30,5281,99,1326,1702,0.50
2026-09-14T00:36:42Z,75,76,30,5281,99,1368,1702,0.50
2026-09-14T00:36:44Z,71,76,30,5281,100,1600,1702,0.46
2026-09-14T00:36:46Z,76,76,30,5281,99,1473,1400,0.46
2026-09-14T00:36:48Z,76,76,30,5281,100,1600,1877,0.43
2026-09-14T00:36:50Z,75,76,30,5281,100,1529,2424,0.43
2026-09-14T00:36:52Z,75,76,30,5281,99,1506,1702,0.39
2026-09-14T00:36:54Z,75,76,30,5281,99,1600,1702,0.39
2026-09-14T00:36:56Z,75,76,30,5281,99,1399,1702,0.39
2026-09-14T00:36:58Z,71,76,30,5281,99,1600,2197,0.36
2026-09-14T00:37:01Z,74,76,30,5281,100,1600,2424,0.36
2026-09-14T00:37:03Z,73,76,30,5281,99,1301,1400,0.33
2026-09-14T00:37:05Z,73,76,30,5281,99,1524,1702,0.33
2026-09-14T00:37:07Z,76,75,30,5281,100,1452,1702,0.33
2026-09-14T00:37:09Z,75,75,30,5281,99,1600,1702,0.30
2026-09-14T00:37:11Z,75,75,30,5281,99,1373,1702,0.30
2026-09-14T00:37:13Z,76,75,30,5281,100,1471,1702,0.28
2026-09-14T00:37:15Z,74,75,30,5281,99,1363,1702,0.28
2026-09-14T00:37:17Z,74,75,30,5281,99,1310,2424,0.28
2026-09-14T00:37:19Z,75,75,30,5281,100,1374,1702,0.34
2026-09-14T00:37:21Z,74,75,30,5281,100,1367,1702,0.34
2026-09-14T00:37:23Z,74,75,30,5281,100,1600,1852,0.39
2026-09-14T00:37:25Z,74,75,30,5281,100,1459,1702,0.39
2026-09-14T00:37:27Z,77,75,30,5281,100,1354,1702,0.36
2026-09-14T00:37:29Z,72,75,30,5281,100,1421,1702,0.36
2026-09-14T00:37:32Z,63,74,30,5281,0,200,2424,0.36
2026-09-14T00:37:34Z,76,74,30,5281,100,1345,1400,0.33
2026-09-14T00:37:36Z,75,75,30,5281,100,1454,1702,0.33
2026-09-14T00:37:38Z,75,75,30,5281,100,1345,1702,0.30
2026-09-14T00:37:40Z,73,75,30,5281,99,1325,1702,0.30
2026-09-14T00:37:42Z,75,75,30,5281,100,1600,1399,0.30
2026-09-14T00:37:44Z,75,75,30,5281,100,1600,1702,0.28
2026-09-14T00:37:46Z,71,76,30,5281,100,1358,1702,0.28
2026-09-14T00:37:48Z,76,76,30,5281,99,1600,1702,0.26
2026-09-14T00:37:50Z,74,76,30,5281,99,1347,1400,0.26
2026-09-14T00:37:52Z,75,76,30,5281,99,1600,1702,0.24
2026-09-14T00:37:54Z,75,76,30,5281,100,1600,1791,0.24
2026-09-14T00:37:56Z,75,76,30,5281,100,1600,1702,0.24
2026-09-14T00:37:58Z,75,76,30,5281,99,1600,2425,0.22
2026-09-14T00:38:01Z,76,76,30,5281,99,1467,1702,0.22
2026-09-14T00:38:03Z,72,76,30,5281,100,1600,1702,0.20
2026-09-14T00:38:05Z,75,76,30,5281,99,1377,1702,0.20
2026-09-14T00:38:07Z,75,76,30,5281,100,1331,1702,0.20
2026-09-14T00:38:09Z,77,76,30,5281,100,1326,2416,0.18
2026-09-14T00:38:11Z,75,76,30,5281,99,1453,1702,0.18
2026-09-14T00:38:13Z,74,76,30,5281,99,1600,2423,0.17
2026-09-14T00:38:15Z,75,76,30,5281,100,1600,1702,0.17
2026-09-14T00:38:17Z,75,76,30,5281,99,1370,1702,0.17
2026-09-14T00:38:19Z,75,76,30,5281,99,1465,1702,0.15
2026-09-14T00:38:21Z,76,76,30,5281,100,1362,1401,0.15
2026-09-14T00:38:23Z,76,76,30,5281,100,1363,1702,0.14
2026-09-14T00:38:25Z,75,75,30,5281,100,1600,1702,0.14
2026-09-14T00:38:27Z,71,75,30,5281,99,1600,2279,0.13
2026-09-14T00:38:29Z,74,75,30,5281,100,1426,2424,0.13
2026-09-14T00:38:32Z,75,75,30,5281,100,1600,1399,0.13
2026-09-14T00:38:34Z,75,75,30,5281,100,1353,1702,0.12
2026-09-14T00:38:36Z,76,75,30,5281,100,1346,1702,0.12
2026-09-14T00:38:38Z,75,75,30,5281,100,1451,1702,0.11
2026-09-14T00:38:40Z,74,75,30,5237,99,1457,2424,0.11
2026-09-14T00:38:42Z,76,75,30,5281,99,1364,1702,0.11
2026-09-14T00:38:44Z,75,75,30,5281,99,1369,1702,0.10
2026-09-14T00:38:46Z,73,75,30,5281,100,1372,1702,0.10
2026-09-14T00:38:48Z,70,75,30,5281,100,1600,2425,0.09
2026-09-14T00:38:50Z,72,75,30,5281,99,1600,2424,0.09
2026-09-14T00:38:52Z,72,75,30,5281,99,1433,1702,0.08
2026-09-14T00:38:54Z,73,74,30,5281,99,1572,1399,0.08
2026-09-14T00:38:56Z,74,74,30,5281,100,1341,1702,0.08
2026-09-14T00:38:58Z,74,75,30,5281,99,1315,1702,0.08
2026-09-14T00:39:00Z,75,75,30,5281,100,1600,1702,0.08
2026-09-14T00:39:03Z,71,75,30,5281,100,1600,1702,0.07
2026-09-14T00:39:05Z,74,75,30,5281,100,1535,1400,0.07
2026-09-14T00:39:07Z,75,75,30,5281,100,1445,1702,0.07
2026-09-14T00:39:09Z,73,76,30,5281,100,1600,1399,0.07
2026-09-14T00:39:11Z,75,76,30,5281,99,1577,1702,0.07
2026-09-14T00:39:13Z,76,76,30,5281,100,1354,1702,0.14
2026-09-14T00:39:15Z,74,76,30,5281,99,1496,1702,0.14
2026-09-14T00:39:17Z,75,76,30,5281,99,1600,2424,0.14
2026-09-14T00:39:19Z,76,76,30,5281,100,1427,1399,0.21
2026-09-14T00:39:21Z,76,76,30,5281,100,1503,1702,0.21
2026-09-14T00:39:23Z,72,76,30,5281,100,1600,1702,0.19
2026-09-14T00:39:25Z,74,76,30,5237,99,1600,1702,0.19
2026-09-14T00:39:27Z,75,76,30,5281,99,1479,1702,0.18
2026-09-14T00:39:29Z,75,76,30,5281,99,1600,2426,0.18
2026-09-14T00:39:32Z,76,76,30,5281,99,1319,2424,0.18
2026-09-14T00:39:34Z,76,76,30,5281,99,1388,1702,0.16
2026-09-14T00:39:36Z,74,76,30,5281,100,1527,1702,0.16
2026-09-14T00:39:38Z,75,76,30,5281,100,1428,1702,0.15
2026-09-14T00:39:40Z,74,76,30,5281,100,1600,1702,0.15
2026-09-14T00:39:42Z,75,76,30,5281,100,1600,2424,0.15
2026-09-14T00:39:44Z,70,76,30,5281,99,1600,2426,0.14
2026-09-14T00:39:46Z,74,76,30,5281,99,1600,1702,0.14
2026-09-14T00:39:48Z,77,75,30,5281,100,1380,1399,0.21
2026-09-14T00:39:50Z,72,75,30,5281,100,1293,1702,0.21
2026-09-14T00:39:52Z,74,75,30,5281,99,1480,2424,0.27
2026-09-14T00:39:54Z,75,75,30,5252,100,1600,1702,0.27
2026-09-14T00:39:56Z,75,75,30,5281,100,1371,1702,0.27
2026-09-14T00:39:58Z,76,75,30,5281,99,1379,1702,0.33
2026-09-14T00:40:00Z,75,75,30,5281,100,1600,2424,0.33
2026-09-14T00:40:03Z,70,75,30,5281,99,1600,2424,0.38
2026-09-14T00:40:05Z,75,75,30,5281,99,1600,1847,0.38
2026-09-14T00:40:07Z,75,75,30,5281,99,1600,1702,0.38
2026-09-14T00:40:09Z,75,75,30,5281,100,1302,2424,0.35
2026-09-14T00:40:11Z,74,75,30,5281,100,1516,1399,0.35
2026-09-14T00:40:13Z,76,75,30,5281,100,1372,1702,0.32
2026-09-14T00:40:15Z,68,75,30,5281,99,1276,2424,0.32
2026-09-14T00:40:17Z,72,74,30,5281,100,1396,1399,0.32
2026-09-14T00:40:19Z,75,74,30,5281,100,1351,1399,0.30
2026-09-14T00:40:21Z,75,75,30,5281,99,1380,1702,0.30
2026-09-14T00:40:23Z,74,75,30,5281,99,1312,1449,0.35
2026-09-14T00:40:25Z,75,75,30,5281,99,1349,1702,0.35
2026-09-14T00:40:27Z,75,75,30,5281,100,1600,1813,0.33
2026-09-14T00:40:29Z,75,76,30,5281,99,1578,1702,0.33
2026-09-14T00:40:31Z,77,76,30,5281,99,1465,1702,0.33
2026-09-14T00:40:34Z,71,76,30,5281,99,1526,1702,0.30
2026-09-14T00:40:36Z,74,76,30,5281,99,1410,2425,0.30
2026-09-14T00:40:38Z,75,76,30,5281,99,1600,1702,0.27
2026-09-14T00:40:40Z,73,76,30,5281,100,1408,2415,0.27
2026-09-14T00:40:42Z,75,76,30,5281,100,1600,1399,0.27
2026-09-14T00:40:44Z,75,76,30,5281,100,1600,1526,0.25
2026-09-14T00:40:46Z,75,76,30,5281,99,1379,1702,0.25
2026-09-14T00:40:48Z,77,76,30,5281,100,1484,1702,0.23
2026-09-14T00:40:50Z,74,76,30,5281,99,1600,1998,0.23
2026-09-14T00:40:52Z,77,76,30,5281,100,1361,1702,0.29
2026-09-14T00:40:54Z,75,76,30,5281,99,1600,2426,0.29
2026-09-14T00:40:56Z,75,76,30,5281,99,1517,1400,0.29
2026-09-14T00:40:58Z,75,76,30,5281,99,1321,1702,0.27
2026-09-14T00:41:00Z,76,76,30,5281,99,1350,1702,0.27
2026-09-14T00:41:02Z,70,76,30,5281,99,1600,2425,0.25
2026-09-14T00:41:05Z,75,76,30,5281,100,1600,2424,0.25
2026-09-14T00:41:07Z,75,76,30,5281,100,1369,1702,0.25
2026-09-14T00:41:09Z,75,76,30,5281,99,1454,1702,0.23
2026-09-14T00:41:11Z,72,75,30,5281,100,1375,1702,0.23
2026-09-14T00:41:13Z,76,75,30,5281,99,1600,2230,0.21
2026-09-14T00:41:15Z,70,75,30,5281,100,1600,2425,0.21
2026-09-14T00:41:17Z,69,75,30,5281,99,1600,2426,0.21
2026-09-14T00:41:19Z,75,75,30,5281,99,1348,1702,0.19
2026-09-14T00:41:21Z,73,75,30,5281,100,1445,1745,0.19
2026-09-14T00:41:23Z,74,75,30,5281,99,1600,1702,0.18
2026-09-14T00:41:25Z,71,75,30,5281,100,1375,1702,0.18
2026-09-14T00:41:27Z,74,75,30,5281,99,1600,1702,0.16
2026-09-14T00:41:29Z,74,75,30,5281,99,1600,1399,0.16
2026-09-14T00:41:31Z,74,75,30,5281,100,1600,2424,0.16
2026-09-14T00:41:33Z,75,75,30,5281,99,1600,1702,0.15
2026-09-14T00:41:36Z,74,75,30,5281,99,1432,1702,0.15
2026-09-14T00:41:38Z,76,75,30,5281,100,1317,2425,0.14
2026-09-14T00:41:40Z,72,74,30,5281,99,1386,1702,0.14
2026-09-14T00:41:42Z,74,74,30,5281,100,1340,1702,0.14
2026-09-14T00:41:44Z,75,74,30,5281,99,1370,1702,0.13
2026-09-14T00:41:46Z,74,75,30,5281,99,1439,1702,0.13
2026-09-14T00:41:48Z,76,75,30,5281,100,1421,1702,0.12
2026-09-14T00:41:50Z,71,75,30,5281,99,1600,1702,0.12
2026-09-14T00:41:52Z,75,75,30,5281,100,1600,1702,0.12
2026-09-14T00:41:54Z,74,76,30,5281,99,1414,2424,0.11
2026-09-14T00:41:56Z,71,76,30,5281,100,1600,1702,0.11
2026-09-14T00:41:58Z,75,76,30,5281,99,1480,2424,0.10
2026-09-14T00:42:00Z,74,76,30,5281,99,1600,1972,0.10
2026-09-14T00:42:02Z,77,76,30,5281,99,1436,1702,0.09
2026-09-14T00:42:04Z,77,76,30,5281,99,1368,1702,0.09
2026-09-14T00:42:07Z,77,76,30,5281,99,1398,1702,0.09
2026-09-14T00:42:09Z,75,76,30,5281,100,1342,1509,0.08
2026-09-14T00:42:11Z,75,76,30,5281,99,1600,1702,0.08
2026-09-14T00:42:13Z,74,76,30,5281,99,1412,2425,0.16
2026-09-14T00:42:15Z,76,76,30,5281,100,1600,2425,0.16
2026-09-14T00:42:17Z,78,76,30,5281,99,1470,1702,0.16
2026-09-14T00:42:19Z,75,76,30,5281,100,1536,1702,0.22
2026-09-14T00:42:21Z,74,76,30,5281,100,1600,2424,0.22
2026-09-14T00:42:23Z,75,76,30,5281,99,1600,1816,0.29
2026-09-14T00:42:25Z,75,76,30,5281,100,1600,1413,0.29
2026-09-14T00:42:27Z,71,76,30,5281,100,1600,1702,0.34
2026-09-14T00:42:29Z,75,76,30,5281,99,1450,1702,0.34
2026-09-14T00:42:31Z,70,76,30,5281,99,1600,1702,0.34
2026-09-14T00:42:33Z,74,76,30,5281,100,1599,2425,0.32
2026-09-14T00:42:35Z,75,75,30,5281,99,1330,1702,0.32
2026-09-14T00:42:38Z,74,75,30,5281,99,1600,1400,0.29
2026-09-14T00:42:40Z,77,75,30,5281,100,1396,1399,0.29
2026-09-14T00:42:42Z,74,75,30,5281,100,1600,1702,0.29
2026-09-14T00:42:44Z,74,75,30,5237,99,1337,2424,0.27
2026-09-14T00:42:46Z,71,75,30,5281,99,1530,1702,0.27
2026-09-14T00:42:48Z,77,75,30,5281,100,1385,1702,0.25
2026-09-14T00:42:50Z,77,75,30,5281,99,1486,1702,0.25
2026-09-14T00:42:52Z,77,75,30,5281,99,1438,1400,0.25
2026-09-14T00:42:54Z,74,75,30,5281,100,1370,1702,0.23
2026-09-14T00:42:56Z,76,75,30,5281,100,1363,1702,0.23
2026-09-14T00:42:58Z,71,75,30,5281,99,1600,1702,0.21
2026-09-14T00:43:00Z,74,75,30,5281,99,1600,1702,0.21
2026-09-14T00:43:02Z,72,74,30,5281,99,1519,1702,0.19
2026-09-14T00:43:04Z,73,74,30,5281,99,1369,1702,0.19
2026-09-14T00:43:07Z,74,74,30,5281,99,1312,1702,0.19
2026-09-14T00:43:09Z,70,75,30,5281,99,1523,1400,0.17
2026-09-14T00:43:11Z,71,75,30,5281,100,1600,1702,0.17
2026-09-14T00:43:13Z,74,75,30,5281,99,1441,2425,0.24
2026-09-14T00:43:15Z,77,75,30,5281,100,1386,1400,0.24
2026-09-14T00:43:17Z,77,76,30,5281,100,1300,2425,0.24
2026-09-14T00:43:19Z,75,76,30,5281,100,1404,1702,0.30
2026-09-14T00:43:21Z,76,76,30,5281,99,1371,1399,0.30
2026-09-14T00:43:23Z,75,76,30,5281,99,1600,1702,0.28
2026-09-14T00:43:25Z,74,76,30,5281,99,1326,1702,0.28
2026-09-14T00:43:27Z,72,76,30,5281,100,1412,1702,0.34
2026-09-14T00:43:29Z,78,76,30,5281,100,1478,1702,0.34
2026-09-14T00:43:31Z,73,76,30,5281,99,1425,1702,0.34
2026-09-14T00:43:33Z,75,76,30,5281,99,1600,1702,0.31
2026-09-14T00:43:35Z,74,76,30,5281,99,1341,2424,0.31
2026-09-14T00:43:38Z,75,76,30,5281,100,1600,1702,0.28
2026-09-14T00:43:40Z,76,76,30,5281,99,1387,1702,0.28
2026-09-14T00:43:42Z,76,76,30,5281,100,1464,1702,0.28
2026-09-14T00:43:44Z,74,76,30,5281,100,1600,1702,0.26
2026-09-14T00:43:46Z,75,76,30,5281,99,1351,2424,0.26
2026-09-14T00:43:48Z,73,76,30,5281,99,1600,2426,0.24
2026-09-14T00:43:50Z,76,76,30,5281,99,1600,1702,0.24
2026-09-14T00:43:52Z,75,76,30,5281,100,1377,1702,0.24
2026-09-14T00:43:54Z,75,76,30,5281,100,1511,1702,0.22
2026-09-14T00:43:56Z,78,76,30,5281,100,1326,2424,0.22
2026-09-14T00:43:58Z,75,75,30,5281,100,1600,1702,0.20
2026-09-14T00:44:00Z,70,75,30,5281,99,1600,2424,0.20
2026-09-14T00:44:02Z,70,75,30,5281,99,1600,1702,0.19
2026-09-14T00:44:04Z,74,75,30,5281,99,1503,1702,0.19
2026-09-14T00:44:06Z,73,75,30,5281,99,1348,2425,0.19
2026-09-14T00:44:09Z,74,75,30,5281,99,1600,1702,0.17
2026-09-14T00:44:11Z,76,75,30,5281,100,1346,1702,0.17
2026-09-14T00:44:13Z,73,75,30,5281,100,1306,1702,0.24
2026-09-14T00:44:15Z,71,75,30,5281,99,1341,1702,0.24
2026-09-14T00:44:17Z,74,75,30,5281,99,1301,1702,0.24
2026-09-14T00:44:19Z,70,75,30,5281,99,1600,2425,0.30
2026-09-14T00:44:21Z,74,75,30,5281,100,1600,1702,0.30
2026-09-14T00:44:23Z,75,75,30,5281,100,1411,1702,0.27
2026-09-14T00:44:25Z,72,74,30,5281,100,1397,1702,0.27
2026-09-14T00:44:27Z,67,74,30,5281,99,1040,2424,0.27
2026-09-14T00:44:29Z,74,74,30,5281,99,1465,1702,0.25
2026-09-14T00:44:31Z,75,75,30,5281,99,1457,1702,0.25
2026-09-14T00:44:33Z,77,75,30,5281,100,1427,1702,0.23
2026-09-14T00:44:35Z,76,75,30,5281,99,1319,2424,0.23
2026-09-14T00:44:37Z,75,75,30,5281,100,1598,1702,0.21
2026-09-14T00:44:40Z,75,76,30,5281,100,1600,1399,0.21
2026-09-14T00:44:42Z,75,76,30,5281,100,1331,1702,0.21
2026-09-14T00:44:44Z,75,76,30,5281,99,1334,1702,0.20
2026-09-14T00:44:46Z,76,76,30,5281,100,1353,1702,0.20
2026-09-14T00:44:48Z,75,76,30,5281,99,1600,1702,0.18
2026-09-14T00:44:50Z,75,76,30,5281,99,1600,1795,0.18
2026-09-14T00:44:52Z,75,76,30,5281,100,1600,1702,0.18
2026-09-14T00:44:54Z,76,76,30,5281,99,1449,2424,0.16
2026-09-14T00:44:56Z,71,76,30,5281,99,1600,2087,0.16
2026-09-14T00:44:58Z,74,76,30,5281,100,1600,1400,0.15
2026-09-14T00:45:00Z,77,76,30,5281,100,1423,1702,0.15
2026-09-14T00:45:02Z,75,76,30,5281,100,1600,1702,0.14
2026-09-14T00:45:04Z,71,76,30,5281,99,1373,1702,0.14
2026-09-14T00:45:06Z,75,76,30,5281,99,1382,1702,0.14
2026-09-14T00:45:09Z,74,76,30,5281,99,1403,2424,0.13
2026-09-14T00:45:11Z,76,76,30,5281,99,1337,1702,0.13
2026-09-14T00:45:13Z,75,76,30,5281,100,1447,1702,0.12
2026-09-14T00:45:15Z,77,76,30,5281,99,1433,1702,0.12
2026-09-14T00:45:17Z,70,75,30,5281,99,1600,2426,0.12
2026-09-14T00:45:19Z,74,75,30,5281,100,1412,2425,0.11
2026-09-14T00:45:21Z,74,75,30,5281,100,1600,1702,0.11
2026-09-14T00:45:23Z,75,75,30,5281,99,1600,1702,0.10
2026-09-14T00:45:25Z,75,75,30,5281,99,1335,1702,0.10
2026-09-14T00:45:27Z,75,75,30,5281,100,1520,1702,0.10
2026-09-14T00:45:29Z,74,75,30,5281,99,1315,1702,0.09
2026-09-14T00:45:31Z,77,75,30,5281,99,1458,1702,0.09
2026-09-14T00:45:33Z,75,75,30,5281,99,1358,1702,0.08
2026-09-14T00:45:35Z,75,75,30,5281,99,1319,2426,0.08
2026-09-14T00:45:37Z,75,75,30,5281,99,1367,1702,0.08
2026-09-14T00:45:40Z,75,75,30,5281,100,1383,1702,0.08
2026-09-14T00:45:42Z,73,75,30,5281,100,1561,1702,0.08
2026-09-14T00:45:44Z,74,75,30,5281,100,1341,1702,0.07
2026-09-14T00:45:46Z,74,75,30,5281,99,1600,1702,0.07
2026-09-14T00:45:48Z,72,75,30,5281,100,1400,1702,0.06
2026-09-14T00:45:50Z,63,74,30,5281,0,200,2425,0.06
2026-09-14T00:45:52Z,75,74,30,5281,100,1520,1702,0.06
2026-09-14T00:45:54Z,75,75,30,5252,100,1600,1702,0.06
2026-09-14T00:45:56Z,75,75,30,5281,99,1370,1702,0.06
2026-09-14T00:45:58Z,74,75,30,5281,99,1523,1702,0.05
2026-09-14T00:46:00Z,76,75,30,5281,100,1347,1702,0.05
2026-09-14T00:46:02Z,74,75,30,5281,100,1353,1400,0.05
2026-09-14T00:46:04Z,75,76,30,5281,100,1529,1702,0.05
2026-09-14T00:46:06Z,78,76,30,5281,100,1394,1702,0.05
2026-09-14T00:46:08Z,75,76,30,5281,100,1600,1702,0.13
2026-09-14T00:46:11Z,74,76,30,5281,99,1331,1702,0.13
2026-09-14T00:46:13Z,75,76,30,5281,99,1381,2424,0.20
2026-09-14T00:46:15Z,76,76,30,5281,100,1345,1702,0.20
2026-09-14T00:46:17Z,76,76,30,5281,99,1241,2424,0.20
2026-09-14T00:46:19Z,75,76,30,5281,99,1514,1702,0.26
2026-09-14T00:46:21Z,75,76,30,5281,100,1410,1399,0.26
2026-09-14T00:46:23Z,74,76,30,5281,99,1600,2424,0.32
2026-09-14T00:46:25Z,75,76,30,5281,100,1370,1702,0.32
2026-09-14T00:46:27Z,74,76,30,5281,100,1600,2424,0.32
2026-09-14T00:46:29Z,75,76,30,5281,100,1600,1400,0.37
2026-09-14T00:46:31Z,76,76,30,5281,99,1328,1400,0.37
2026-09-14T00:46:33Z,74,76,30,5281,99,1315,1702,0.43
2026-09-14T00:46:35Z,71,76,30,5281,99,1600,2424,0.43
2026-09-14T00:46:37Z,75,76,30,5281,100,1539,1773,0.47
2026-09-14T00:46:39Z,75,76,30,5281,99,1459,1702,0.47
2026-09-14T00:46:42Z,76,76,30,5237,99,1375,1702,0.47
2026-09-14T00:46:44Z,75,75,30,5281,100,1600,1702,0.51
2026-09-14T00:46:46Z,75,75,30,5281,99,1340,1399,0.51
2026-09-14T00:46:48Z,71,75,30,5281,99,1600,2424,0.55
2026-09-14T00:46:50Z,70,75,30,5281,100,1600,2424,0.55
2026-09-14T00:46:52Z,70,75,30,5281,100,1600,1557,0.55
2026-09-14T00:46:54Z,69,75,30,5281,100,1600,1924,0.59
2026-09-14T00:46:56Z,75,75,30,5281,100,1358,1702,0.59
2026-09-14T00:46:58Z,74,75,30,5281,100,1414,2425,0.54
2026-09-14T00:47:00Z,70,75,30,5281,100,1600,1702,0.54
2026-09-14T00:47:02Z,69,75,30,5281,100,1600,1702,0.54
2026-09-14T00:47:04Z,70,75,30,5281,100,1600,2424,0.50
2026-09-14T00:47:06Z,75,75,30,5281,99,1600,1702,0.50
2026-09-14T00:47:08Z,74,75,30,5281,100,1506,1702,0.46
2026-09-14T00:47:10Z,72,75,30,5281,100,1559,1399,0.46
2026-09-14T00:47:12Z,73,74,30,5281,99,1441,1399,0.42
2026-09-14T00:47:15Z,74,73,30,5281,99,1460,1702,0.42
2026-09-14T00:47:17Z,74,74,30,5281,99,1507,1702,0.42
2026-09-14T00:47:19Z,74,75,30,5281,99,1372,1400,0.39
2026-09-14T00:47:21Z,77,75,30,5252,99,1386,1702,0.39
2026-09-14T00:47:23Z,71,75,30,5281,99,1600,1400,0.36
2026-09-14T00:47:25Z,70,76,30,5281,99,1600,1702,0.36
2026-09-14T00:47:27Z,75,76,30,5281,99,1467,1702,0.36
2026-09-14T00:47:29Z,76,76,30,5281,99,1362,1702,0.33
2026-09-14T00:47:31Z,73,76,30,5281,99,1600,1931,0.33
2026-09-14T00:47:33Z,71,76,30,5281,99,1600,1702,0.30
2026-09-14T00:47:35Z,75,76,30,5281,100,1412,2424,0.30
2026-09-14T00:47:37Z,72,76,30,5281,100,1600,1702,0.28
2026-09-14T00:47:39Z,74,76,30,5311,99,1308,1702,0.28
2026-09-14T00:47:41Z,75,76,30,5281,99,1600,2029,0.28
2026-09-14T00:47:44Z,76,76,30,5281,100,1391,1702,0.25
2026-09-14T00:47:46Z,72,76,30,5281,99,1351,1399,0.25
2026-09-14T00:47:48Z,75,76,30,5281,100,1392,1702,0.23
2026-09-14T00:47:50Z,74,76,30,5281,99,1600,2424,0.23
2026-09-14T00:47:52Z,74,76,30,5281,99,1309,1702,0.23
2026-09-14T00:47:54Z,74,76,30,5281,99,1365,1702,0.21
2026-09-14T00:47:56Z,73,76,30,5281,99,1329,1702,0.21
2026-09-14T00:47:58Z,76,76,30,5281,100,1378,1702,0.20
2026-09-14T00:48:00Z,75,76,30,5281,100,1427,2424,0.20
2026-09-14T00:48:02Z,71,76,30,5281,100,1526,1702,0.20
2026-09-14T00:48:04Z,71,76,30,5281,100,1600,2426,0.18
2026-09-14T00:48:06Z,70,76,30,5281,100,1600,2424,0.18
2026-09-14T00:48:08Z,75,75,30,5281,100,1517,1702,0.17
2026-09-14T00:48:10Z,75,75,30,5281,99,1375,2424,0.17
2026-09-14T00:48:12Z,74,75,30,5281,100,1373,1702,0.15
2026-09-14T00:48:15Z,72,75,30,5281,100,1417,1702,0.15
2026-09-14T00:48:17Z,76,75,30,5281,100,1343,1399,0.15
2026-09-14T00:48:19Z,77,75,30,5281,99,1365,1702,0.14
2026-09-14T00:48:21Z,74,75,30,5281,100,1518,1702,0.14
2026-09-14T00:48:23Z,75,75,30,5281,99,1385,1399,0.13
2026-09-14T00:48:25Z,76,75,30,5281,99,1367,1702,0.13
2026-09-14T00:48:27Z,75,75,30,5281,99,1358,2424,0.13
2026-09-14T00:48:29Z,75,75,30,5281,100,1358,1403,0.20
2026-09-14T00:48:31Z,69,75,30,5281,99,1600,2425,0.20
2026-09-14T00:48:33Z,70,75,30,5281,99,1600,2425,0.18
2026-09-14T00:48:35Z,72,74,30,5281,100,1400,1400,0.18
2026-09-14T00:48:37Z,75,73,30,5281,100,1471,1702,0.33
2026-09-14T00:48:39Z,75,74,30,5281,99,1600,1702,0.33
2026-09-14T00:48:41Z,75,75,30,5281,100,1499,1702,0.33
2026-09-14T00:48:43Z,75,75,30,5281,100,1522,1702,0.30
2026-09-14T00:48:46Z,77,75,30,5281,100,1433,1702,0.30
2026-09-14T00:48:48Z,74,75,30,5281,99,1290,1702,0.28
2026-09-14T00:48:50Z,74,76,30,5281,100,1600,1702,0.28
2026-09-14T00:48:52Z,77,76,30,5281,99,1408,1702,0.28
2026-09-14T00:48:54Z,72,76,30,5281,100,1600,2424,0.26
2026-09-14T00:48:56Z,72,76,30,5281,99,1343,1702,0.26
2026-09-14T00:48:58Z,75,76,30,5281,99,1532,1399,0.23
2026-09-14T00:49:00Z,76,76,30,5281,99,1372,1702,0.23
2026-09-14T00:49:02Z,76,76,30,5281,100,1531,1702,0.23
2026-09-14T00:49:04Z,75,76,30,5281,99,1350,1702,0.22
2026-09-14T00:49:06Z,75,76,30,5281,99,1318,1702,0.22
2026-09-14T00:49:08Z,75,76,30,5281,100,1600,2424,0.20
2026-09-14T00:49:10Z,70,76,30,5281,100,1600,1702,0.20
2026-09-14T00:49:12Z,76,76,30,5281,100,1574,1702,0.18
2026-09-14T00:49:15Z,76,76,30,5281,100,1600,1702,0.18
2026-09-14T00:49:17Z,75,76,30,5281,100,1600,1702,0.18
2026-09-14T00:49:19Z,72,76,30,5311,100,1600,1702,0.17
2026-09-14T00:49:21Z,71,76,30,5281,99,1354,1702,0.17
2026-09-14T00:49:23Z,72,76,30,5281,99,1600,2425,0.15
2026-09-14T00:49:25Z,76,76,30,5281,100,1370,1702,0.15
2026-09-14T00:49:27Z,75,76,30,5281,100,1379,1702,0.15
2026-09-14T00:49:29Z,71,76,30,5281,100,1600,1702,0.14
2026-09-14T00:49:31Z,75,76,30,5281,100,1600,2424,0.14
2026-09-14T00:49:33Z,75,76,30,5281,99,1350,1882,0.13
2026-09-14T00:49:35Z,76,75,30,5281,100,1600,1702,0.13
2026-09-14T00:49:37Z,71,75,30,5281,100,1600,2424,0.20
2026-09-14T00:49:39Z,70,75,30,5281,100,1600,2426,0.20
2026-09-14T00:49:41Z,70,75,30,5281,99,1600,2424,0.20
2026-09-14T00:49:43Z,70,75,30,5281,100,1600,2424,0.18
2026-09-14T00:49:45Z,71,75,30,5281,100,1600,2424,0.18
2026-09-14T00:49:48Z,71,75,30,5281,100,1600,2424,0.17
2026-09-14T00:49:50Z,71,75,30,5281,99,1600,2425,0.17
2026-09-14T00:49:52Z,71,75,30,5281,99,1271,1401,0.17
2026-09-14T00:49:54Z,74,75,30,5281,99,1600,1702,0.23
2026-09-14T00:49:56Z,74,75,30,5281,100,1514,1702,0.23
2026-09-14T00:49:58Z,71,74,30,5281,100,1395,1702,0.30
2026-09-14T00:50:00Z,61,73,30,5281,0,200,2424,0.30
2026-09-14T00:50:02Z,59,71,30,5281,0,200,2424,0.30
2026-09-14T00:50:04Z,58,69,30,5281,11,1040,2424,0.35
2026-09-14T00:50:06Z,56,67,30,5281,5,1040,2424,0.35
2026-09-14T00:50:08Z,55,65,30,4746,13,1040,2425,0.41
2026-09-14T00:50:10Z,57,64,30,4573,99,1040,2425,0.41
2026-09-14T00:50:12Z,54,62,30,3972,0,200,2424,0.41
2026-09-14T00:50:14Z,66,61,30,3826,100,1335,2424,0.45
2026-09-14T00:50:16Z,69,67,30,3491,100,1600,2226,0.45
2026-09-14T00:50:18Z,67,69,30,3472,99,1600,1702,0.42
2026-09-14T00:50:20Z,71,70,30,3517,100,1600,2424,0.42
2026-09-14T00:50:23Z,71,71,30,3772,100,1386,1702,0.38
2026-09-14T00:50:25Z,72,72,30,3947,100,1600,1399,0.38
2026-09-14T00:50:27Z,73,73,30,4213,99,1600,1702,0.38
2026-09-14T00:50:29Z,73,73,30,4391,99,1349,2424,0.43
2026-09-14T00:50:31Z,74,74,30,4432,99,1383,1702,0.43
2026-09-14T00:50:33Z,74,74,30,4722,99,1378,1702,0.40
2026-09-14T00:50:35Z,74,75,30,4746,100,1327,2424,0.40
2026-09-14T00:50:37Z,75,75,30,5000,99,1343,1702,0.40
2026-09-14T00:50:39Z,71,75,30,5040,99,1595,1399,0.37
2026-09-14T00:50:41Z,76,75,30,5208,100,1600,1702,0.37
2026-09-14T00:50:43Z,74,75,30,5165,100,1339,2424,0.42
2026-09-14T00:50:45Z,75,75,30,5208,99,1373,1702,0.42
2026-09-14T00:50:47Z,76,75,30,5208,99,1381,1702,0.38
2026-09-14T00:50:49Z,72,75,30,5208,100,1599,2117,0.38
2026-09-14T00:50:51Z,75,75,30,5208,100,1323,2424,0.38
2026-09-14T00:50:53Z,74,75,30,5208,100,1600,2425,0.35
2026-09-14T00:50:56Z,75,76,30,5237,100,1375,1702,0.35
2026-09-14T00:50:58Z,75,76,30,5237,100,1328,2425,0.40
2026-09-14T00:51:00Z,75,76,30,5237,100,1367,1702,0.40
2026-09-14T00:51:02Z,77,76,30,5237,99,1384,1702,0.40
2026-09-14T00:51:04Z,75,76,30,5252,99,1600,1702,0.37
2026-09-14T00:51:06Z,75,76,30,5237,99,1329,2424,0.37
2026-09-14T00:51:08Z,75,76,30,5237,100,1396,1702,0.34
2026-09-14T00:51:10Z,72,76,30,5237,99,1600,2424,0.34
2026-09-14T00:51:12Z,74,76,30,5252,100,1373,1702,0.34
2026-09-14T00:51:14Z,74,76,30,5252,100,1363,2424,0.31
2026-09-14T00:51:16Z,75,75,30,5237,100,1600,1702,0.31
2026-09-14T00:51:18Z,75,75,30,5237,99,1385,1702,0.29
2026-09-14T00:51:20Z,75,76,30,5252,99,1517,1702,0.29
2026-09-14T00:51:22Z,75,75,30,5252,100,1329,2424,0.35
2026-09-14T00:51:24Z,75,75,30,5281,99,1600,1702,0.35
2026-09-14T00:51:27Z,76,75,30,5252,99,1378,1702,0.35
2026-09-14T00:51:29Z,75,75,30,5237,99,1366,1399,0.32
2026-09-14T00:51:31Z,75,75,30,5252,100,1344,2424,0.32
2026-09-14T00:51:33Z,75,75,30,5281,99,1384,1399,0.29
2026-09-14T00:51:35Z,75,75,30,5252,99,1376,1702,0.29
2026-09-14T00:51:37Z,74,75,30,5252,100,1600,2426,0.29
2026-09-14T00:51:39Z,73,75,30,5281,100,1328,2424,0.35
2026-09-14T00:51:41Z,75,75,30,5252,100,1374,1702,0.35
2026-09-14T00:51:43Z,75,75,30,5237,100,1600,2178,0.32
2026-09-14T00:51:45Z,70,75,30,5281,99,1600,2425,0.32
2026-09-14T00:51:47Z,74,75,30,5281,99,1380,2425,0.32
2026-09-14T00:51:49Z,75,75,30,5237,99,1404,1702,0.38
2026-09-14T00:51:51Z,75,75,30,5252,100,1412,1702,0.38
2026-09-14T00:51:53Z,75,75,30,5281,100,1375,1702,0.35
2026-09-14T00:51:55Z,76,75,30,5237,99,1329,2424,0.35
2026-09-14T00:51:58Z,75,75,30,5237,100,1600,1702,0.32
2026-09-14T00:52:00Z,74,75,30,5281,99,1380,1702,0.32
2026-09-14T00:52:02Z,74,75,30,5281,99,1381,1702,0.32
2026-09-14T00:52:04Z,75,75,30,5281,99,1338,2424,0.37
2026-09-14T00:52:06Z,74,75,30,5281,100,1600,1702,0.37
2026-09-14T00:52:08Z,73,75,30,5252,100,1407,1702,0.34
2026-09-14T00:52:10Z,74,75,30,5281,99,1405,1702,0.34
2026-09-14T00:52:12Z,69,75,30,5281,100,1600,2424,0.34
2026-09-14T00:52:14Z,74,75,30,5281,100,1600,1400,0.31
2026-09-14T00:52:16Z,75,75,30,5281,99,1397,1702,0.31
2026-09-14T00:52:18Z,75,75,30,5281,99,1356,1702,0.29
2026-09-14T00:52:20Z,75,75,30,5281,99,1414,1702,0.29
2026-09-14T00:52:22Z,72,74,30,5237,100,1381,1400,0.35
2026-09-14T00:52:24Z,73,74,30,5281,99,1370,1702,0.35
2026-09-14T00:52:27Z,72,74,30,5281,100,1395,1399,0.35
2026-09-14T00:52:29Z,76,73,30,5252,99,1382,1702,0.32
2026-09-14T00:52:31Z,77,74,30,5237,100,1379,1399,0.32
2026-09-14T00:52:33Z,75,75,30,5237,100,1372,1702,0.29
2026-09-14T00:52:35Z,77,75,30,5281,99,1379,1702,0.29
2026-09-14T00:52:37Z,77,75,30,5281,100,1385,1702,0.29
2026-09-14T00:52:39Z,77,75,30,5252,100,1385,1702,0.27
2026-09-14T00:52:41Z,75,76,30,5281,100,1327,2424,0.27
2026-09-14T00:52:43Z,75,75,30,5237,100,1600,1702,0.25
2026-09-14T00:52:45Z,75,76,30,5281,100,1600,1399,0.25
2026-09-14T00:52:47Z,74,76,30,5252,99,1377,1702,0.25
2026-09-14T00:52:49Z,75,76,30,5281,99,1338,2424,0.23
2026-09-14T00:52:51Z,75,76,30,5281,100,1353,1702,0.23
2026-09-14T00:52:53Z,76,76,30,5237,100,1365,1702,0.21
2026-09-14T00:52:55Z,76,76,30,5281,99,1379,1702,0.21
2026-09-14T00:52:58Z,75,76,30,5281,100,1600,1570,0.19
2026-09-14T00:53:00Z,76,76,30,5281,99,1420,1702,0.19
2026-09-14T00:53:02Z,75,76,30,5281,100,1385,1702,0.19
2026-09-14T00:53:04Z,75,76,30,5281,99,1335,2424,0.18
2026-09-14T00:53:06Z,76,76,30,5281,99,1382,1702,0.18
2026-09-14T00:53:08Z,75,76,30,5281,99,1386,1399,0.16
2026-09-14T00:53:10Z,77,76,30,5281,99,1374,1702,0.16
2026-09-14T00:53:12Z,75,76,30,5281,99,1366,2425,0.16
2026-09-14T00:53:14Z,72,76,30,5237,100,1600,1400,0.23
2026-09-14T00:53:16Z,75,76,30,5237,100,1387,1702,0.23
2026-09-14T00:53:18Z,75,76,30,5281,100,1376,1702,0.21
2026-09-14T00:53:20Z,75,76,30,5281,99,1445,1702,0.21
2026-09-14T00:53:22Z,77,76,30,5281,99,1380,1702,0.19
2026-09-14T00:53:24Z,75,76,30,5252,100,1370,1400,0.19
2026-09-14T00:53:27Z,75,76,30,5281,100,1358,2049,0.19
2026-09-14T00:53:29Z,75,76,30,5281,100,1375,1702,0.26
2026-09-14T00:53:31Z,75,76,30,5237,100,1426,1702,0.26
2026-09-14T00:53:33Z,72,76,30,5281,100,1600,2424,0.32
2026-09-14T00:53:35Z,75,76,30,5281,99,1241,2424,0.32
2026-09-14T00:53:37Z,74,76,30,5252,99,1337,1702,0.32
2026-09-14T00:53:39Z,75,76,30,5281,100,1362,1702,0.29
2026-09-14T00:53:41Z,75,76,30,5237,99,1410,1702,0.29
2026-09-14T00:53:43Z,75,75,30,5281,99,1600,2425,0.35
2026-09-14T00:53:45Z,75,75,30,5237,100,1377,1702,0.35
2026-09-14T00:53:47Z,74,75,30,5252,99,1600,1702,0.35
2026-09-14T00:53:49Z,76,75,30,5281,100,1381,1702,0.32
2026-09-14T00:53:51Z,74,75,30,5281,99,1326,2424,0.32
2026-09-14T00:53:53Z,72,75,30,5281,100,1391,1702,0.29
2026-09-14T00:53:55Z,77,75,30,5252,100,1381,1702,0.29
2026-09-14T00:53:58Z,75,75,30,5281,100,1381,1399,0.27
2026-09-14T00:54:00Z,74,75,30,5281,100,1329,2424,0.27
2026-09-14T00:54:02Z,72,75,30,5237,99,1357,1702,0.27
2026-09-14T00:54:04Z,73,75,30,5281,99,1341,1702,0.25
2026-09-14T00:54:06Z,73,75,30,5281,99,1336,1702,0.25
2026-09-14T00:54:08Z,71,75,30,5281,100,1600,2424,0.31
2026-09-14T00:54:10Z,74,75,30,5281,100,1390,1702,0.31
2026-09-14T00:54:12Z,75,75,30,5281,100,1375,1399,0.31
2026-09-14T00:54:14Z,74,75,30,5281,100,1378,1702,0.28
2026-09-14T00:54:16Z,74,75,30,5281,99,1262,2426,0.28
2026-09-14T00:54:18Z,70,75,30,5237,99,1600,2425,0.34
2026-09-14T00:54:20Z,74,75,30,5281,100,1505,1399,0.34
2026-09-14T00:54:22Z,75,75,30,5281,99,1409,1702,0.31
2026-09-14T00:54:24Z,75,75,30,5281,100,1330,2424,0.31
2026-09-14T00:54:26Z,75,75,30,5281,100,1394,1702,0.31
2026-09-14T00:54:29Z,74,75,30,5252,99,1336,1399,0.29
2026-09-14T00:54:31Z,74,75,30,5281,99,1387,1702,0.29
2026-09-14T00:54:33Z,74,75,30,5281,99,1375,1702,0.27
2026-09-14T00:54:35Z,69,75,30,5281,99,1600,2424,0.27
2026-09-14T00:54:37Z,71,74,30,5237,100,1395,1702,0.27
2026-09-14T00:54:39Z,72,74,30,5281,100,1388,1702,0.32
2026-09-14T00:54:41Z,64,73,30,5281,0,200,2424,0.32
2026-09-14T00:54:43Z,75,74,30,5237,100,1379,1702,0.30
2026-09-14T00:54:45Z,75,75,30,5237,99,1360,1702,0.30
2026-09-14T00:54:47Z,75,75,30,5252,100,1410,1702,0.30
2026-09-14T00:54:49Z,75,75,30,5252,100,1363,1399,0.27
2026-09-14T00:54:51Z,75,75,30,5281,100,1381,1702,0.27
2026-09-14T00:54:53Z,75,75,30,5281,99,1371,1702,0.25
2026-09-14T00:54:55Z,75,75,30,5237,100,1332,2424,0.25
2026-09-14T00:54:57Z,71,75,30,5252,100,1599,1399,0.23
2026-09-14T00:55:00Z,75,75,30,5281,99,1393,1702,0.23
2026-09-14T00:55:02Z,71,76,30,5281,100,1597,1702,0.23
2026-09-14T00:55:04Z,75,76,30,5281,100,1379,1702,0.29
2026-09-14T00:55:06Z,75,76,30,5281,99,1390,1702,0.29
2026-09-14T00:55:08Z,75,76,30,5281,100,1393,1702,0.27
2026-09-14T00:55:10Z,75,76,30,5281,100,1334,2424,0.27
2026-09-14T00:55:12Z,71,76,30,5281,99,1600,1702,0.27
2026-09-14T00:55:14Z,76,76,30,5252,100,1600,1702,0.25
2026-09-14T00:55:16Z,75,76,30,5252,100,1471,1702,0.25
2026-09-14T00:55:18Z,74,76,30,5281,100,1330,2424,0.31
2026-09-14T00:55:20Z,75,76,30,5252,100,1600,1702,0.31
2026-09-14T00:55:22Z,75,76,30,5237,99,1388,1702,0.36
2026-09-14T00:55:24Z,76,76,30,5252,100,1378,1702,0.36
2026-09-14T00:55:26Z,74,76,30,5281,99,1383,1702,0.36
2026-09-14T00:55:29Z,75,76,30,5252,100,1377,1399,0.33
2026-09-14T00:55:31Z,72,76,30,5237,100,1600,1702,0.33
2026-09-14T00:55:33Z,75,76,30,5281,100,1329,2425,0.39
2026-09-14T00:55:35Z,74,76,30,5281,100,1444,1702,0.39
2026-09-14T00:55:37Z,71,76,30,5281,100,1324,1702,0.39
2026-09-14T00:55:39Z,75,76,30,5281,99,1373,1702,0.36
2026-09-14T00:55:41Z,76,76,30,5252,100,1329,2424,0.36
2026-09-14T00:55:43Z,76,76,30,5281,100,1379,1702,0.33
2026-09-14T00:55:45Z,75,76,30,5252,99,1416,1399,0.33
2026-09-14T00:55:47Z,74,76,30,5281,99,1329,1702,0.33
2026-09-14T00:55:49Z,75,76,30,5281,99,1325,2424,0.30
2026-09-14T00:55:51Z,75,75,30,5281,99,1373,1702,0.30
2026-09-14T00:55:53Z,75,75,30,5237,99,1442,1702,0.28
2026-09-14T00:55:55Z,75,75,30,5281,99,1600,1702,0.28
2026-09-14T00:55:57Z,76,75,30,5281,99,1318,2424,0.34
2026-09-14T00:56:00Z,75,75,30,5281,99,1333,1702,0.34
2026-09-14T00:56:02Z,76,75,30,5237,100,1377,1702,0.34
2026-09-14T00:56:04Z,75,75,30,5281,100,1372,1702,0.39
2026-09-14T00:56:06Z,74,75,30,5281,100,1353,2424,0.39
2026-09-14T00:56:08Z,75,75,30,5281,99,1431,1702,0.36
2026-09-14T00:56:10Z,75,75,30,5281,99,1378,1702,0.36
2026-09-14T00:56:12Z,75,75,30,5281,99,1446,1702,0.36
2026-09-14T00:56:14Z,75,75,30,5281,99,1344,2424,0.33
2026-09-14T00:56:16Z,75,75,30,5237,100,1379,1702,0.33
2026-09-14T00:56:18Z,75,75,30,5281,100,1375,1702,0.30
2026-09-14T00:56:20Z,75,75,30,5281,100,1376,1702,0.30
2026-09-14T00:56:22Z,74,75,30,5281,100,1332,2424,0.30
2026-09-14T00:56:24Z,72,75,30,5281,99,1600,1702,0.36
2026-09-14T00:56:26Z,75,75,30,5237,100,1600,1702,0.36
2026-09-14T00:56:29Z,75,75,30,5252,99,1375,1702,0.33
2026-09-14T00:56:31Z,75,75,30,5281,99,1355,2424,0.33
2026-09-14T00:56:33Z,71,75,30,5281,99,1412,1702,0.30
2026-09-14T00:56:35Z,74,75,30,5281,100,1373,1702,0.30
2026-09-14T00:56:37Z,75,75,30,5281,99,1370,1702,0.30
2026-09-14T00:56:39Z,75,75,30,5281,99,1331,2424,0.28
2026-09-14T00:56:41Z,71,75,30,5237,99,1600,2425,0.28
2026-09-14T00:56:43Z,75,75,30,5281,99,1358,1702,0.26
2026-09-14T00:56:45Z,76,75,30,5281,99,1357,1702,0.26
2026-09-14T00:56:47Z,75,75,30,5252,100,1600,1702,0.26
2026-09-14T00:56:49Z,72,75,30,5237,99,1342,1702,0.24
2026-09-14T00:56:51Z,72,74,30,5281,99,1569,1702,0.24
2026-09-14T00:56:53Z,72,74,30,5237,99,1437,1702,0.22
2026-09-14T00:56:55Z,69,73,30,5281,100,1238,2424,0.22
2026-09-14T00:56:57Z,74,74,30,5281,99,1378,1702,0.28
2026-09-14T00:57:00Z,74,75,30,5281,99,1511,1702,0.28
2026-09-14T00:57:02Z,72,75,30,5281,99,1599,1399,0.28
2026-09-14T00:57:04Z,75,75,30,5281,100,1600,1702,0.34
2026-09-14T00:57:06Z,75,75,30,5281,100,1600,1702,0.34
2026-09-14T00:57:08Z,75,75,30,5237,99,1573,1702,0.31
2026-09-14T00:57:10Z,74,75,30,5281,99,1418,1861,0.31
2026-09-14T00:57:12Z,75,75,30,5252,100,1373,1400,0.31
2026-09-14T00:57:14Z,75,76,30,5281,99,1371,1702,0.29
2026-09-14T00:57:16Z,75,76,30,5281,99,1356,2427,0.29
2026-09-14T00:57:18Z,75,76,30,5281,100,1375,1702,0.26
2026-09-14T00:57:20Z,75,76,30,5281,99,1336,1702,0.26
2026-09-14T00:57:22Z,70,76,30,5281,99,1593,1702,0.26
2026-09-14T00:57:24Z,75,76,30,5252,99,1332,2424,0.24
2026-09-14T00:57:26Z,76,76,30,5281,99,1380,1702,0.24
2026-09-14T00:57:28Z,76,76,30,5281,100,1379,1702,0.22
2026-09-14T00:57:31Z,72,76,30,5281,100,1471,1702,0.22
2026-09-14T00:57:33Z,75,76,30,5252,99,1381,1702,0.28
2026-09-14T00:57:35Z,75,76,30,5237,100,1366,1702,0.28
2026-09-14T00:57:37Z,73,76,30,5237,100,1600,1702,0.28
2026-09-14T00:57:39Z,74,76,30,5281,100,1320,2424,0.26
2026-09-14T00:57:41Z,75,76,30,5237,99,1600,2424,0.26
2026-09-14T00:57:43Z,75,76,30,5252,99,1393,1702,0.24
2026-09-14T00:57:45Z,72,76,30,5281,100,1388,1702,0.24
2026-09-14T00:57:47Z,75,76,30,5281,100,1346,2424,0.24
2026-09-14T00:57:49Z,75,76,30,5281,100,1463,1702,0.30
2026-09-14T00:57:51Z,75,76,30,5281,99,1383,1702,0.30
2026-09-14T00:57:53Z,75,76,30,5281,100,1600,1787,0.28
2026-09-14T00:57:55Z,75,76,30,5252,100,1336,2425,0.28
2026-09-14T00:57:57Z,75,76,30,5252,100,1389,1702,0.25
2026-09-14T00:57:59Z,76,76,30,5281,99,1600,1702,0.25
2026-09-14T00:58:02Z,70,76,30,5281,99,1344,1702,0.25
2026-09-14T00:58:04Z,75,75,30,5281,99,1327,2424,0.31
2026-09-14T00:58:06Z,75,76,30,5281,100,1376,1702,0.31
2026-09-14T00:58:08Z,74,75,30,5252,100,1600,1702,0.29
2026-09-14T00:58:10Z,75,75,30,5281,100,1354,1702,0.29
2026-09-14T00:58:12Z,78,75,30,5281,99,1377,1702,0.29
2026-09-14T00:58:14Z,75,75,30,5281,99,1379,1702,0.27
2026-09-14T00:58:16Z,75,75,30,5281,99,1375,1702,0.27
2026-09-14T00:58:18Z,74,75,30,5237,99,1414,1702,0.24
2026-09-14T00:58:20Z,75,75,30,5281,99,1401,1702,0.24
2026-09-14T00:58:22Z,75,75,30,5281,99,1389,1702,0.24
2026-09-14T00:58:24Z,75,75,30,5237,99,1600,1702,0.22
2026-09-14T00:58:26Z,75,75,30,5281,99,1600,1702,0.22
2026-09-14T00:58:29Z,74,75,30,5281,100,1371,1702,0.29
2026-09-14T00:58:31Z,75,75,30,5281,100,1379,1399,0.29
2026-09-14T00:58:33Z,75,75,30,5281,99,1382,1702,0.26
2026-09-14T00:58:35Z,75,75,30,5252,100,1404,1702,0.26
2026-09-14T00:58:37Z,75,75,30,5281,99,1399,1702,0.26
2026-09-14T00:58:39Z,75,75,30,5281,99,1382,1702,0.24
2026-09-14T00:58:41Z,75,75,30,5281,99,1347,1702,0.24
2026-09-14T00:58:43Z,70,75,30,5237,100,1600,1702,0.22
2026-09-14T00:58:45Z,73,75,30,5252,100,1323,2424,0.22
2026-09-14T00:58:47Z,76,75,30,5281,100,1375,1702,0.22
2026-09-14T00:58:49Z,69,75,30,5281,100,1600,2424,0.20
2026-09-14T00:58:51Z,70,75,30,5281,100,1600,2424,0.20
2026-09-14T00:58:53Z,74,75,30,5281,99,1331,2424,0.27
2026-09-14T00:58:55Z,74,75,30,5281,99,1600,1702,0.27
2026-09-14T00:58:57Z,75,75,30,5281,99,1387,1702,0.25
2026-09-14T00:59:00Z,74,75,30,5252,99,1356,1702,0.25
2026-09-14T00:59:02Z,74,75,30,5281,99,1382,1702,0.25
2026-09-14T00:59:04Z,72,74,30,5281,99,1457,1702,0.31
2026-09-14T00:59:06Z,72,74,30,5281,100,1426,1399,0.31
2026-09-14T00:59:08Z,72,74,30,5281,99,1408,1400,0.28
2026-09-14T00:59:10Z,73,73,30,5281,99,1393,1702,0.28
2026-09-14T00:59:12Z,74,74,30,5281,99,1373,1702,0.28
2026-09-14T00:59:14Z,75,75,30,5237,99,1372,1702,0.26
2026-09-14T00:59:16Z,74,75,30,5281,99,1321,2424,0.26
2026-09-14T00:59:18Z,75,75,30,5281,100,1372,1702,0.32
2026-09-14T00:59:20Z,75,75,30,5281,99,1379,1702,0.32
2026-09-14T00:59:22Z,75,75,30,5281,99,1375,1702,0.32
2026-09-14T00:59:24Z,75,75,30,5281,99,1342,1702,0.37
2026-09-14T00:59:26Z,74,75,30,5281,99,1370,1702,0.37
2026-09-14T00:59:29Z,71,76,30,5237,100,1598,1702,0.34
2026-09-14T00:59:31Z,75,76,30,5237,100,1600,2424,0.34
2026-09-14T00:59:33Z,76,76,30,5281,99,1372,1702,0.32
2026-09-14T00:59:35Z,75,76,30,5281,100,1377,1702,0.32
2026-09-14T00:59:37Z,75,76,30,5281,100,1403,1702,0.32
2026-09-14T00:59:39Z,77,76,30,5281,100,1377,1702,0.37
2026-09-14T00:59:41Z,75,76,30,5237,99,1599,1702,0.37
2026-09-14T00:59:43Z,76,76,30,5281,100,1382,1702,0.34
2026-09-14T00:59:45Z,74,76,30,5252,100,1332,2424,0.34
2026-09-14T00:59:47Z,73,76,30,5252,99,1600,2389,0.34
2026-09-14T00:59:49Z,75,76,30,5237,100,1452,1702,0.39
2026-09-14T00:59:51Z,76,76,30,5281,99,1379,1702,0.39
2026-09-14T00:59:53Z,72,76,30,5281,100,1600,2424,0.36
2026-09-14T00:59:55Z,75,76,30,5281,99,1381,1702,0.36
2026-09-14T00:59:57Z,72,76,30,5237,99,1531,1702,0.33
2026-09-14T01:00:00Z,74,76,30,5281,99,1355,1702,0.33
2026-09-14T01:00:02Z,73,76,30,5281,100,1599,2424,0.33
2026-09-14T01:00:04Z,76,76,30,5237,100,1373,1702,0.31
2026-09-14T01:00:06Z,74,76,30,5281,100,1399,1702,0.31
2026-09-14T01:00:08Z,75,76,30,5281,100,1379,1702,0.28
2026-09-14T01:00:10Z,76,76,30,5281,99,1390,1702,0.28
2026-09-14T01:00:12Z,75,76,30,5281,99,1600,1702,0.28
2026-09-14T01:00:14Z,75,76,30,5281,99,1381,1702,0.26
2026-09-14T01:00:16Z,75,76,30,5237,99,1364,1702,0.26
2026-09-14T01:00:18Z,75,75,30,5237,99,1600,1702,0.32
2026-09-14T01:00:20Z,76,75,30,5281,100,1376,1702,0.32
2026-09-14T01:00:22Z,75,75,30,5281,100,1432,1702,0.32
2026-09-14T01:00:24Z,75,75,30,5281,99,1332,2424,0.37
2026-09-14T01:00:26Z,75,75,30,5281,99,1395,1702,0.37
2026-09-14T01:00:29Z,75,75,30,5281,99,1385,1702,0.34
2026-09-14T01:00:31Z,74,75,30,5281,100,1600,2424,0.34
2026-09-14T01:00:33Z,70,75,30,5237,100,1600,2424,0.39
2026-09-14T01:00:35Z,74,75,30,5281,100,1600,2424,0.39
2026-09-14T01:00:37Z,72,75,30,5237,99,1600,2424,0.39
2026-09-14T01:00:39Z,72,75,30,5281,100,1600,2424,0.36
2026-09-14T01:00:41Z,71,75,30,5252,100,1600,2424,0.36
2026-09-14T01:00:43Z,74,75,30,5281,99,1367,1702,0.33
2026-09-14T01:00:45Z,75,75,30,5237,99,1369,1702,0.33
2026-09-14T01:00:47Z,74,75,30,5281,100,1381,1702,0.33
2026-09-14T01:00:49Z,75,75,30,5252,99,1325,2424,0.31
2026-09-14T01:00:51Z,74,75,30,5281,99,1374,1702,0.31
2026-09-14T01:00:53Z,77,75,30,5252,100,1377,1702,0.28
2026-09-14T01:00:55Z,73,75,30,5281,99,1327,1702,0.28
2026-09-14T01:00:57Z,75,75,30,5252,100,1600,2424,0.34
2026-09-14T01:01:00Z,74,75,30,5281,100,1421,1702,0.34
2026-09-14T01:01:02Z,76,75,30,5281,100,1381,1702,0.34
2026-09-14T01:01:04Z,75,75,30,5281,99,1600,1702,0.31
2026-09-14T01:01:06Z,74,75,30,5252,100,1387,1702,0.31
2026-09-14T01:01:08Z,72,75,30,5237,100,1358,1702,0.37
2026-09-14T01:01:10Z,70,75,30,5281,99,1600,2424,0.37
2026-09-14T01:01:12Z,74,75,30,5281,100,1389,1702,0.37
2026-09-14T01:01:14Z,74,75,30,5281,99,1387,1702,0.34
2026-09-14T01:01:16Z,73,75,30,5281,99,1456,2426,0.34
2026-09-14T01:01:18Z,72,74,30,5281,100,1412,1702,0.39
2026-09-14T01:01:20Z,72,74,30,5281,99,1372,1702,0.39
2026-09-14T01:01:22Z,72,73,30,5237,99,1413,1702,0.39
2026-09-14T01:01:24Z,74,73,30,5252,100,1600,1702,0.44
2026-09-14T01:01:26Z,74,74,30,5281,99,1385,1702,0.44
2026-09-14T01:01:29Z,75,75,30,5281,100,1600,1702,0.40
2026-09-14T01:01:31Z,74,75,30,5281,99,1380,1400,0.40
2026-09-14T01:01:33Z,75,75,30,5237,99,1382,1702,0.37
2026-09-14T01:01:35Z,75,75,30,5252,100,1382,1702,0.37
2026-09-14T01:01:37Z,74,75,30,5252,100,1333,2424,0.37
2026-09-14T01:01:39Z,75,75,30,5237,99,1375,1702,0.42
2026-09-14T01:01:41Z,75,76,30,5281,99,1373,1702,0.42
2026-09-14T01:01:43Z,75,76,30,5281,100,1375,1702,0.39
2026-09-14T01:01:45Z,75,76,30,5281,99,1338,2425,0.39
2026-09-14T01:01:47Z,71,76,30,5281,99,1388,1702,0.39
2026-09-14T01:01:49Z,75,76,30,5281,100,1599,1702,0.36
2026-09-14T01:01:51Z,75,76,30,5281,100,1600,2425,0.36
2026-09-14T01:01:53Z,75,76,30,5252,99,1385,1702,0.41
2026-09-14T01:01:55Z,76,76,30,5281,99,1377,1702,0.41
2026-09-14T01:01:57Z,76,76,30,5237,100,1369,1702,0.38
2026-09-14T01:02:00Z,75,76,30,5252,100,1600,2424,0.38
2026-09-14T01:02:02Z,75,76,30,5252,100,1446,1702,0.38
2026-09-14T01:02:04Z,76,76,30,5281,100,1382,1702,0.35
2026-09-14T01:02:06Z,75,76,30,5237,100,1600,1702,0.35
2026-09-14T01:02:08Z,75,76,30,5281,99,1318,2425,0.40
2026-09-14T01:02:10Z,74,76,30,5281,100,1600,1702,0.40
2026-09-14T01:02:12Z,76,76,30,5281,99,1375,1702,0.40
2026-09-14T01:02:14Z,71,76,30,5252,100,1600,1702,0.37
2026-09-14T01:02:16Z,76,76,30,5281,100,1378,1399,0.37
2026-09-14T01:02:18Z,74,76,30,5281,100,1375,1702,0.34
2026-09-14T01:02:20Z,76,76,30,5252,100,1378,1702,0.34
2026-09-14T01:02:22Z,76,76,30,5281,99,1338,2424,0.34
2026-09-14T01:02:24Z,74,76,30,5281,100,1600,2426,0.39
2026-09-14T01:02:26Z,71,76,30,5281,100,1600,1702,0.39
2026-09-14T01:02:29Z,74,76,30,5281,99,1400,1702,0.36
2026-09-14T01:02:31Z,75,76,30,5237,100,1538,2425,0.36
2026-09-14T01:02:33Z,75,75,30,5281,99,1600,2380,0.33
2026-09-14T01:02:35Z,77,75,30,5281,99,1387,1702,0.33
2026-09-14T01:02:37Z,75,75,30,5252,100,1375,1400,0.33
2026-09-14T01:02:39Z,74,75,30,5281,100,1345,2425,0.30
2026-09-14T01:02:41Z,75,75,30,5281,99,1375,1702,0.30
2026-09-14T01:02:43Z,74,75,30,5281,99,1379,1702,0.36
2026-09-14T01:02:45Z,75,75,30,5281,100,1600,1399,0.36
2026-09-14T01:02:47Z,71,75,30,5281,99,1513,2427,0.36
2026-09-14T01:02:49Z,75,75,30,5281,100,1600,1702,0.41
2026-09-14T01:02:51Z,75,75,30,5281,100,1600,1702,0.41
2026-09-14T01:02:53Z,74,75,30,5281,99,1600,1702,0.38
2026-09-14T01:02:55Z,74,75,30,5252,100,1600,2424,0.38
2026-09-14T01:02:57Z,75,75,30,5281,100,1388,1702,0.35
2026-09-14T01:03:00Z,74,75,30,5252,100,1406,1702,0.35
2026-09-14T01:03:02Z,74,75,30,5252,100,1376,1702,0.35
2026-09-14T01:03:04Z,74,75,30,5281,100,1349,2424,0.32
2026-09-14T01:03:06Z,75,75,30,5252,100,1383,1702,0.32
2026-09-14T01:03:08Z,76,75,30,5281,99,1377,1702,0.29
2026-09-14T01:03:10Z,75,75,30,5281,100,1341,1702,0.29
2026-09-14T01:03:12Z,74,75,30,5237,99,1600,2424,0.29
2026-09-14T01:03:14Z,75,75,30,5281,99,1402,1702,0.35
2026-09-14T01:03:16Z,77,75,30,5281,100,1379,1702,0.35
2026-09-14T01:03:18Z,69,75,30,5281,100,1600,2424,0.32
2026-09-14T01:03:20Z,70,75,30,5281,99,1600,2424,0.32
2026-09-14T01:03:22Z,74,75,30,5281,100,1417,1702,0.32
2026-09-14T01:03:24Z,75,75,30,5252,99,1354,1702,0.30
2026-09-14T01:03:26Z,75,75,30,5281,100,1353,1399,0.30
2026-09-14T01:03:28Z,74,75,30,5252,99,1363,1702,0.27
2026-09-14T01:03:31Z,74,74,30,5237,100,1381,2424,0.27
2026-09-14T01:03:33Z,72,74,30,5281,99,1368,1399,0.25
2026-09-14T01:03:35Z,72,74,30,5281,99,1437,1702,0.25
2026-09-14T01:03:37Z,62,73,30,5281,3,200,2424,0.25
2026-09-14T01:03:39Z,76,74,30,5281,99,1377,1702,0.23
2026-09-14T01:03:41Z,75,75,30,5237,100,1387,1702,0.23
2026-09-14T01:03:43Z,75,75,30,5281,99,1376,1702,0.21
2026-09-14T01:03:45Z,75,75,30,5252,99,1380,1702,0.21
2026-09-14T01:03:47Z,76,75,30,5281,100,1380,1702,0.21
2026-09-14T01:03:49Z,75,75,30,5281,99,1389,1702,0.19
2026-09-14T01:03:51Z,77,75,30,5281,99,1326,2424,0.19
2026-09-14T01:03:53Z,75,75,30,5281,100,1524,1702,0.18
2026-09-14T01:03:55Z,75,76,30,5281,99,1600,1400,0.18
2026-09-14T01:03:57Z,75,76,30,5281,99,1598,1702,0.24
2026-09-14T01:04:00Z,74,76,30,5281,99,1495,1702,0.24
2026-09-14T01:04:02Z,76,76,30,5281,100,1367,1702,0.24
2026-09-14T01:04:04Z,76,76,30,5281,99,1399,1702,0.22
2026-09-14T01:04:06Z,75,76,30,5281,100,1323,2424,0.22
2026-09-14T01:04:08Z,75,76,30,5281,100,1600,1702,0.21
2026-09-14T01:04:10Z,75,76,30,5281,99,1372,1702,0.21
2026-09-14T01:04:12Z,75,76,30,5252,99,1367,1702,0.21
2026-09-14T01:04:14Z,76,76,30,5281,100,1334,2424,0.19
2026-09-14T01:04:16Z,75,76,30,5237,99,1385,1702,0.19
2026-09-14T01:04:18Z,75,76,30,5281,100,1377,1702,0.17
2026-09-14T01:04:20Z,76,76,30,5281,100,1383,1702,0.17
2026-09-14T01:04:22Z,75,76,30,5281,100,1396,1702,0.17
2026-09-14T01:04:24Z,76,76,30,5252,100,1378,1702,0.16
2026-09-14T01:04:26Z,75,76,30,5281,100,1418,1702,0.16
2026-09-14T01:04:29Z,76,76,30,5252,100,1330,2424,0.15
2026-09-14T01:04:31Z,75,76,30,5281,99,1392,1702,0.15
2026-09-14T01:04:33Z,72,76,30,5281,100,1600,1702,0.13
2026-09-14T01:04:35Z,75,76,30,5281,99,1375,1702,0.13
2026-09-14T01:04:37Z,75,76,30,5281,99,1600,2425,0.13
2026-09-14T01:04:39Z,73,76,30,5237,100,1343,1702,0.20
2026-09-14T01:04:41Z,75,76,30,5237,100,1416,1702,0.20
2026-09-14T01:04:43Z,75,76,30,5281,99,1600,1702,0.19
2026-09-14T01:04:45Z,77,76,30,5281,100,1314,2424,0.19
2026-09-14T01:04:47Z,75,75,30,5281,99,1360,1702,0.19
2026-09-14T01:04:49Z,75,75,30,5252,100,1371,1400,0.17
2026-09-14T01:04:51Z,74,75,30,5281,99,1438,1702,0.17
2026-09-14T01:04:53Z,75,75,30,5281,100,1599,2427,0.24
2026-09-14T01:04:55Z,73,75,30,5281,99,1600,2424,0.24
2026-09-14T01:04:57Z,71,75,30,5281,99,1600,2424,0.30
2026-09-14T01:04:59Z,70,75,30,5281,100,1600,2426,0.30
2026-09-14T01:05:02Z,71,75,30,5281,100,1600,2424,0.30
2026-09-14T01:05:04Z,70,75,30,5281,99,1600,2425,0.28
2026-09-14T01:05:06Z,71,75,30,5281,99,1600,2425,0.28
2026-09-14T01:05:08Z,71,75,30,5281,99,1600,2424,0.25
2026-09-14T01:05:10Z,75,75,30,5281,100,1570,2424,0.25
2026-09-14T01:05:12Z,75,75,30,5237,99,1382,1399,0.25
2026-09-14T01:05:14Z,75,75,30,5281,99,1381,1399,0.23
2026-09-14T01:05:16Z,75,75,30,5281,100,1401,1702,0.23
2026-09-14T01:05:18Z,74,75,30,5237,100,1339,2424,0.29
2026-09-14T01:05:20Z,76,75,30,5237,99,1392,1702,0.29
2026-09-14T01:05:22Z,75,75,30,5237,100,1382,1702,0.29
2026-09-14T01:05:24Z,71,75,30,5281,99,1600,1702,0.27
2026-09-14T01:05:26Z,74,75,30,5281,99,1323,2424,0.27
2026-09-14T01:05:28Z,75,75,30,5252,99,1382,1702,0.25
2026-09-14T01:05:30Z,75,75,30,5281,99,1361,1702,0.25
2026-09-14T01:05:32Z,75,75,30,5281,100,1600,1702,0.23
2026-09-14T01:05:35Z,74,75,30,5237,100,1384,1702,0.23
2026-09-14T01:05:37Z,69,75,30,5237,100,1600,2424,0.23
2026-09-14T01:05:39Z,73,75,30,5252,100,1600,2424,0.21
2026-09-14T01:05:41Z,75,75,30,5252,100,1381,1702,0.21
2026-09-14T01:05:43Z,77,75,30,5281,100,1379,1702,0.19
2026-09-14T01:05:45Z,72,75,30,5252,100,1357,1399,0.19
2026-09-14T01:05:47Z,72,74,30,5281,3,1454,1702,0.19
2026-09-14T01:05:49Z,72,74,30,5281,99,1426,1702,0.18
2026-09-14T01:05:51Z,73,73,30,5237,99,1330,1400,0.18
2026-09-14T01:05:53Z,74,74,30,5237,99,1379,1702,0.16
2026-09-14T01:05:55Z,74,75,30,5252,99,1399,1702,0.16
2026-09-14T01:05:57Z,74,75,30,5281,100,1408,1702,0.16
2026-09-14T01:05:59Z,75,75,30,5281,100,1382,1702,0.15
2026-09-14T01:06:01Z,75,75,30,5281,99,1366,1702,0.15
2026-09-14T01:06:04Z,75,75,30,5281,99,1361,1702,0.14
2026-09-14T01:06:06Z,76,75,30,5281,99,1374,1702,0.14
2026-09-14T01:06:08Z,76,75,30,5281,99,1388,1702,0.13
2026-09-14T01:06:10Z,76,75,30,5281,99,1374,1702,0.13
2026-09-14T01:06:12Z,75,76,30,5237,100,1325,2424,0.13
2026-09-14T01:06:14Z,75,75,30,5237,99,1383,1702,0.20
2026-09-14T01:06:16Z,75,76,30,5281,100,1442,1702,0.20
2026-09-14T01:06:18Z,75,76,30,5237,99,1399,1702,0.18
2026-09-14T01:06:20Z,75,76,30,5281,99,1333,2424,0.18
2026-09-14T01:06:22Z,73,76,30,5281,99,1600,1702,0.18
2026-09-14T01:06:24Z,74,76,30,5281,100,1600,1702,0.17
2026-09-14T01:06:26Z,75,76,30,5252,99,1439,1702,0.17
2026-09-14T01:06:28Z,76,76,30,5281,100,1384,1702,0.23
2026-09-14T01:06:30Z,75,76,30,5281,99,1600,1702,0.23
2026-09-14T01:06:33Z,75,76,30,5281,99,1468,1702,0.21
2026-09-14T01:06:35Z,75,76,30,5252,99,1334,2424,0.21
2026-09-14T01:06:37Z,75,76,30,5281,100,1405,1400,0.21
2026-09-14T01:06:39Z,75,76,30,5281,99,1381,1702,0.20
2026-09-14T01:06:41Z,75,76,30,5252,99,1600,1702,0.20
2026-09-14T01:06:43Z,75,76,30,5237,100,1327,2425,0.26
2026-09-14T01:06:45Z,75,76,30,5281,100,1418,1702,0.26
2026-09-14T01:06:47Z,77,76,30,5281,99,1383,1702,0.26
2026-09-14T01:06:49Z,75,76,30,5281,99,1397,1702,0.24
2026-09-14T01:06:51Z,72,76,30,5281,100,1600,2424,0.24
2026-09-14T01:06:53Z,71,76,30,5281,99,1600,1702,0.22
2026-09-14T01:06:55Z,75,76,30,5281,100,1375,1702,0.22
2026-09-14T01:06:57Z,75,76,30,5281,100,1600,1702,0.22
2026-09-14T01:06:59Z,76,75,30,5281,99,1340,1702,0.20
2026-09-14T01:07:01Z,75,75,30,5281,99,1379,1702,0.20
2026-09-14T01:07:04Z,75,75,30,5281,100,1368,1702,0.19
2026-09-14T01:07:06Z,74,75,30,5252,100,1600,1400,0.19
2026-09-14T01:07:08Z,75,75,30,5281,100,1600,1702,0.17
2026-09-14T01:07:10Z,75,75,30,5281,99,1344,1702,0.17
2026-09-14T01:07:12Z,75,75,30,5281,99,1393,1702,0.17
2026-09-14T01:07:14Z,75,75,30,5281,100,1378,1702,0.32
2026-09-14T01:07:16Z,75,75,30,5281,99,1363,1400,0.32
2026-09-14T01:07:18Z,74,75,30,5237,99,1363,1702,0.29
2026-09-14T01:07:20Z,75,75,30,5281,99,1414,1399,0.29
2026-09-14T01:07:22Z,75,75,30,5281,99,1361,1399,0.29
2026-09-14T01:07:24Z,75,75,30,5252,100,1399,1702,0.35
2026-09-14T01:07:26Z,75,75,30,5281,100,1381,1400,0.35
2026-09-14T01:07:28Z,75,75,30,5281,100,1381,1400,0.32
2026-09-14T01:07:31Z,75,75,30,5281,99,1377,1702,0.32
2026-09-14T01:07:33Z,70,75,30,5252,100,1600,1702,0.29
2026-09-14T01:07:35Z,74,75,30,5281,99,1600,1702,0.29
2026-09-14T01:07:37Z,74,75,30,5252,99,1416,1702,0.29
2026-09-14T01:07:39Z,74,75,30,5281,99,1396,1702,0.27
2026-09-14T01:07:41Z,74,75,30,5281,100,1377,1702,0.27
2026-09-14T01:07:43Z,75,75,30,5281,100,1600,1702,0.25
2026-09-14T01:07:45Z,74,75,30,5281,100,1406,1702,0.25
2026-09-14T01:07:47Z,74,75,30,5281,100,1367,1702,0.25
2026-09-14T01:07:49Z,69,75,30,5252,100,1599,2424,0.23
2026-09-14T01:07:51Z,75,75,30,5281,100,1600,1702,0.23
2026-09-14T01:07:53Z,75,75,30,5237,100,1390,1702,0.21
2026-09-14T01:07:55Z,75,75,30,5281,100,1367,1702,0.21
2026-09-14T01:07:57Z,74,75,30,5281,99,1370,1702,0.43
2026-09-14T01:08:00Z,72,74,30,5281,100,1417,1702,0.43
2026-09-14T01:08:02Z,72,74,30,5281,99,1365,1399,0.43
2026-09-14T01:08:04Z,71,73,30,5281,99,1397,1702,0.48
2026-09-14T01:08:06Z,74,73,30,5281,99,1370,1702,0.48
2026-09-14T01:08:08Z,75,74,30,5281,100,1371,1702,0.44
2026-09-14T01:08:10Z,75,75,30,5281,99,1371,1702,0.44
2026-09-14T01:08:12Z,75,75,30,5281,99,1337,2424,0.44
2026-09-14T01:08:14Z,75,75,30,5281,100,1410,1702,0.40
2026-09-14T01:08:16Z,75,75,30,5281,99,1383,1702,0.40
2026-09-14T01:08:18Z,75,75,30,5281,100,1327,2426,0.37
2026-09-14T01:08:20Z,75,75,30,5281,100,1377,1702,0.37
2026-09-14T01:08:22Z,77,76,30,5237,99,1387,1702,0.37
2026-09-14T01:08:24Z,76,76,30,5281,100,1386,1702,0.34
2026-09-14T01:08:26Z,71,76,30,5281,99,1600,2427,0.34
2026-09-14T01:08:28Z,75,76,30,5281,100,1402,1702,0.31
2026-09-14T01:08:31Z,75,76,30,5237,99,1369,1702,0.31
2026-09-14T01:08:33Z,76,76,30,5237,100,1379,1419,0.29
2026-09-14T01:08:35Z,75,76,30,5281,100,1375,1702,0.29
2026-09-14T01:08:37Z,71,76,30,5281,99,1600,1702,0.29
2026-09-14T01:08:39Z,75,76,30,5281,100,1600,1702,0.27
2026-09-14T01:08:41Z,75,76,30,5237,100,1347,2424,0.27
2026-09-14T01:08:43Z,74,76,30,5281,99,1348,1702,0.24
2026-09-14T01:08:45Z,75,76,30,5281,100,1600,1702,0.24
2026-09-14T01:08:47Z,75,76,30,5237,99,1386,1702,0.24
2026-09-14T01:08:49Z,77,76,30,5281,100,1330,2424,0.22
2026-09-14T01:08:51Z,75,76,30,5252,99,1397,1702,0.22
2026-09-14T01:08:53Z,70,76,30,5252,99,1474,1403,0.21
2026-09-14T01:08:55Z,75,76,30,5237,100,1401,1702,0.21
2026-09-14T01:08:57Z,73,76,30,5252,99,1341,1702,0.27
2026-09-14T01:09:00Z,75,76,30,5281,99,1366,1702,0.27
2026-09-14T01:09:02Z,71,76,30,5252,100,1600,1702,0.27
2026-09-14T01:09:04Z,75,76,30,5252,100,1364,1702,0.25
2026-09-14T01:09:06Z,75,76,30,5281,99,1600,1702,0.25
2026-09-14T01:09:08Z,76,76,30,5237,99,1355,1399,0.23
2026-09-14T01:09:10Z,75,75,30,5252,100,1390,1702,0.23
2026-09-14T01:09:12Z,75,75,30,5252,99,1336,2424,0.23
2026-09-14T01:09:14Z,75,75,30,5281,100,1600,1749,0.29
2026-09-14T01:09:16Z,71,75,30,5281,100,1600,2424,0.29
2026-09-14T01:09:18Z,70,75,30,5281,100,1600,2398,0.27
2026-09-14T01:09:20Z,75,75,30,5281,99,1289,2425,0.27
2026-09-14T01:09:22Z,70,75,30,5281,100,1332,1702,0.27
2026-09-14T01:09:24Z,75,75,30,5252,99,1381,1702,0.25
2026-09-14T01:09:26Z,74,75,30,5237,100,1382,1702,0.25
2026-09-14T01:09:28Z,74,75,30,5237,99,1343,2425,0.22
2026-09-14T01:09:31Z,75,75,30,5281,100,1402,1702,0.22
2026-09-14T01:09:33Z,75,75,30,5281,100,1370,1702,0.21
2026-09-14T01:09:35Z,74,75,30,5281,100,1375,1702,0.21
2026-09-14T01:09:37Z,74,75,30,5281,100,1337,2424,0.21
2026-09-14T01:09:39Z,74,75,30,5252,100,1380,1702,0.27
2026-09-14T01:09:41Z,75,75,30,5281,99,1380,1702,0.27
2026-09-14T01:09:43Z,74,75,30,5281,99,1360,1702,0.25
2026-09-14T01:09:45Z,74,75,30,5281,99,1329,2424,0.25
2026-09-14T01:09:47Z,69,75,30,5281,99,1600,2425,0.25
2026-09-14T01:09:49Z,70,75,30,5281,100,1600,2424,0.23
2026-09-14T01:09:51Z,75,75,30,5252,100,1600,2425,0.23
2026-09-14T01:09:53Z,75,75,30,5281,99,1331,2424,0.21
2026-09-14T01:09:55Z,74,75,30,5237,99,1376,1702,0.21
2026-09-14T01:09:57Z,76,75,30,5252,99,1352,1702,0.21
2026-09-14T01:09:59Z,74,75,30,5281,99,1600,1702,0.27
2026-09-14T01:10:02Z,74,75,30,5237,99,1358,1702,0.27
2026-09-14T01:10:04Z,68,75,30,5281,99,1284,2424,0.33
2026-09-14T01:10:06Z,74,75,30,5281,99,1379,1702,0.33
2026-09-14T01:10:08Z,69,75,30,5281,100,1600,1702,0.39
2026-09-14T01:10:10Z,70,75,30,5281,100,1600,2424,0.39
2026-09-14T01:10:12Z,74,75,30,5281,100,1342,2424,0.39
2026-09-14T01:10:14Z,73,74,30,5281,99,1337,1702,0.44
2026-09-14T01:10:16Z,72,74,30,5281,100,1426,1399,0.44
2026-09-14T01:10:18Z,72,74,30,5237,99,1355,1702,0.40
2026-09-14T01:10:20Z,74,73,30,5252,99,1393,1702,0.40
2026-09-14T01:10:22Z,74,74,30,5237,100,1386,1702,0.40
2026-09-14T01:10:24Z,74,75,30,5281,99,1425,1702,0.37
2026-09-14T01:10:26Z,74,75,30,5281,99,1389,1702,0.37
2026-09-14T01:10:28Z,75,75,30,5252,99,1362,1399,0.34
2026-09-14T01:10:30Z,75,75,30,5237,100,1376,1702,0.34
2026-09-14T01:10:33Z,75,75,30,5281,100,1341,2424,0.39
2026-09-14T01:10:35Z,75,75,30,5281,99,1383,1702,0.39
2026-09-14T01:10:37Z,77,76,30,5237,99,1378,1702,0.39
2026-09-14T01:10:39Z,75,76,30,5281,99,1372,1702,0.36
2026-09-14T01:10:41Z,74,76,30,5281,99,1489,1702,0.36
2026-09-14T01:10:43Z,75,76,30,5281,99,1600,1702,0.33
2026-09-14T01:10:45Z,75,76,30,5281,99,1600,1702,0.33
2026-09-14T01:10:47Z,74,76,30,5237,100,1400,2424,0.33
2026-09-14T01:10:49Z,77,76,30,5281,100,1382,1702,0.38
2026-09-14T01:10:51Z,76,76,30,5237,100,1373,1702,0.38
2026-09-14T01:10:53Z,71,76,30,5252,99,1598,1702,0.35
2026-09-14T01:10:55Z,75,76,30,5281,100,1335,2424,0.35
2026-09-14T01:10:57Z,76,76,30,5281,100,1375,1702,0.35
2026-09-14T01:10:59Z,75,76,30,5237,100,1600,1702,0.32
2026-09-14T01:11:02Z,75,76,30,5281,99,1381,1702,0.32
2026-09-14T01:11:04Z,71,76,30,5281,100,1600,1702,0.38
2026-09-14T01:11:06Z,75,76,30,5281,100,1376,1702,0.38
2026-09-14T01:11:08Z,71,76,30,5252,99,1361,1702,0.43
2026-09-14T01:11:10Z,75,76,30,5281,99,1450,1702,0.43
2026-09-14T01:11:12Z,71,76,30,5237,99,1581,1702,0.43
2026-09-14T01:11:14Z,75,76,30,5281,100,1375,1702,0.39
2026-09-14T01:11:16Z,73,76,30,5252,100,1600,2424,0.39
2026-09-14T01:11:18Z,77,76,30,5281,100,1330,2424,0.44
2026-09-14T01:11:20Z,75,76,30,5281,99,1382,1702,0.44
2026-09-14T01:11:22Z,75,76,30,5281,100,1421,1702,0.44
2026-09-14T01:11:24Z,76,76,30,5281,100,1376,1702,0.41
2026-09-14T01:11:26Z,74,75,30,5281,99,1352,2425,0.41
2026-09-14T01:11:28Z,75,75,30,5281,99,1356,1702,0.37
2026-09-14T01:11:30Z,74,75,30,5252,100,1600,1702,0.37
2026-09-14T01:11:33Z,76,75,30,5252,99,1355,1702,0.34
2026-09-14T01:11:35Z,75,75,30,5281,99,1335,2425,0.34
2026-09-14T01:11:37Z,75,75,30,5237,100,1387,1702,0.34
2026-09-14T01:11:39Z,75,75,30,5281,100,1381,1702,0.32
2026-09-14T01:11:41Z,75,75,30,5281,100,1408,1702,0.32
2026-09-14T01:11:43Z,74,75,30,5281,100,1324,2424,0.37
2026-09-14T01:11:45Z,75,75,30,5281,99,1450,1702,0.37
2026-09-14T01:11:47Z,75,75,30,5281,100,1391,1702,0.37
2026-09-14T01:11:49Z,74,75,30,5281,100,1380,1702,0.34
2026-09-14T01:11:51Z,74,75,30,5281,100,1329,2424,0.34
2026-09-14T01:11:53Z,75,75,30,5281,100,1375,1399,0.31
2026-09-14T01:11:55Z,75,75,30,5281,99,1370,1702,0.31
2026-09-14T01:11:57Z,75,75,30,5281,99,1388,1702,0.31
2026-09-14T01:11:59Z,74,75,30,5237,100,1331,2424,0.29
2026-09-14T01:12:01Z,76,75,30,5252,100,1384,1702,0.29
2026-09-14T01:12:04Z,72,75,30,5237,100,1600,1702,0.27
2026-09-14T01:12:06Z,74,75,30,5281,100,1600,1702,0.27
2026-09-14T01:12:08Z,74,75,30,5281,99,1351,2424,0.32
2026-09-14T01:12:10Z,76,75,30,5281,99,1375,1702,0.32
2026-09-14T01:12:12Z,74,75,30,5281,99,1600,1749,0.32
2026-09-14T01:12:14Z,74,75,30,5281,100,1373,1400,0.30
2026-09-14T01:12:16Z,74,75,30,5281,99,1331,2425,0.30
2026-09-14T01:12:18Z,75,75,30,5281,99,1381,1702,0.27
2026-09-14T01:12:20Z,73,75,30,5281,100,1379,1702,0.27
2026-09-14T01:12:22Z,75,75,30,5281,99,1388,1702,0.27
2026-09-14T01:12:24Z,70,75,30,5281,99,1600,1424,0.25
2026-09-14T01:12:26Z,73,75,30,5252,100,1333,1412,0.25
2026-09-14T01:12:28Z,72,74,30,5237,21,1457,1702,0.23
2026-09-14T01:12:30Z,72,74,30,5281,99,1403,1702,0.23
2026-09-14T01:12:33Z,68,73,30,5281,99,1040,2424,0.21
2026-09-14T01:12:35Z,73,74,30,5252,99,1345,1702,0.21
2026-09-14T01:12:37Z,75,75,30,5281,99,1345,1702,0.21
2026-09-14T01:12:39Z,75,75,30,5281,99,1362,1702,0.20
2026-09-14T01:12:41Z,75,75,30,5237,99,1600,1702,0.20
2026-09-14T01:12:43Z,74,75,30,5281,100,1600,1702,0.18
2026-09-14T01:12:45Z,74,75,30,5252,99,1600,1702,0.18
2026-09-14T01:12:47Z,75,75,30,5281,99,1329,2424,0.18
2026-09-14T01:12:49Z,75,75,30,5237,99,1429,1702,0.16
2026-09-14T01:12:51Z,75,76,30,5281,100,1382,1702,0.16
2026-09-14T01:12:53Z,75,76,30,5252,100,1364,1702,0.15
2026-09-14T01:12:55Z,75,76,30,5252,99,1378,1702,0.15
2026-09-14T01:12:57Z,75,76,30,5281,99,1384,1702,0.15
2026-09-14T01:12:59Z,77,76,30,5237,99,1378,1702,0.14
2026-09-14T01:13:02Z,71,76,30,5281,99,1600,2425,0.14
2026-09-14T01:13:04Z,75,76,30,5281,100,1402,1702,0.13
2026-09-14T01:13:06Z,75,76,30,5252,100,1377,1702,0.13
2026-09-14T01:13:08Z,75,76,30,5281,100,1380,1702,0.12
2026-09-14T01:13:10Z,74,76,30,5281,99,1413,1399,0.12
2026-09-14T01:13:12Z,76,76,30,5281,100,1410,1702,0.12
2026-09-14T01:13:14Z,75,76,30,5281,100,1361,1702,0.11
2026-09-14T01:13:16Z,72,76,30,5281,100,1524,1999,0.11
2026-09-14T01:13:18Z,75,76,30,5281,99,1392,1399,0.10
2026-09-14T01:13:20Z,73,76,30,5281,99,1600,2425,0.10
2026-09-14T01:13:22Z,75,76,30,5281,100,1390,1702,0.10
2026-09-14T01:13:24Z,71,76,30,5252,100,1600,2425,0.09
2026-09-14T01:13:26Z,75,76,30,5252,99,1378,1702,0.09
2026-09-14T01:13:28Z,74,76,30,5252,100,1372,1702,0.08
2026-09-14T01:13:30Z,76,76,30,5281,100,1383,1702,0.08
2026-09-14T01:13:33Z,75,76,30,5281,100,1364,2424,0.24
2026-09-14T01:13:35Z,75,76,30,5281,100,1600,1702,0.24
2026-09-14T01:13:37Z,76,76,30,5281,99,1379,1702,0.24
2026-09-14T01:13:39Z,75,76,30,5252,99,1418,1399,0.22
2026-09-14T01:13:41Z,75,76,30,5281,99,1496,2424,0.22
2026-09-14T01:13:43Z,73,75,30,5281,99,1600,2424,0.20
2026-09-14T01:13:45Z,70,75,30,5281,100,1600,2425,0.20
2026-09-14T01:13:47Z,73,75,30,5281,99,1337,1702,0.20
2026-09-14T01:13:49Z,76,75,30,5281,100,1328,2424,0.27
2026-09-14T01:13:51Z,74,75,30,5281,100,1359,1702,0.27
2026-09-14T01:13:53Z,75,75,30,5281,99,1380,1702,0.24
2026-09-14T01:13:55Z,75,75,30,5281,100,1370,1399,0.24
2026-09-14T01:13:57Z,74,75,30,5281,99,1339,2424,0.24
2026-09-14T01:13:59Z,75,75,30,5281,99,1377,1702,0.22
2026-09-14T01:14:01Z,74,75,30,5281,99,1389,1702,0.22
2026-09-14T01:14:04Z,74,75,30,5281,99,1444,1702,0.21
2026-09-14T01:14:06Z,74,75,30,5252,100,1342,2424,0.21
2026-09-14T01:14:08Z,75,75,30,5252,99,1376,1702,0.19
2026-09-14T01:14:10Z,73,75,30,5281,99,1375,1702,0.19
2026-09-14T01:14:12Z,74,75,30,5281,100,1374,1702,0.19
2026-09-14T01:14:14Z,73,75,30,5237,100,1360,2424,0.25
2026-09-14T01:14:16Z,69,75,30,5281,100,1600,2424,0.25
2026-09-14T01:14:18Z,73,75,30,5252,99,1600,2424,0.23
2026-09-14T01:14:20Z,74,75,30,5281,100,1367,1702,0.23
2026-09-14T01:14:22Z,74,75,30,5237,99,1352,2424,0.23
2026-09-14T01:14:24Z,75,75,30,5281,100,1355,1702,0.21
2026-09-14T01:14:26Z,75,75,30,5237,100,1600,1702,0.21
2026-09-14T01:14:28Z,74,75,30,5237,99,1380,1702,0.20
2026-09-14T01:14:30Z,75,75,30,5281,100,1331,2424,0.20
2026-09-14T01:14:32Z,69,74,30,5281,99,1600,2425,0.20
2026-09-14T01:14:34Z,70,75,30,5281,99,1600,2424,0.18
2026-09-14T01:14:37Z,74,75,30,5281,100,1450,1702,0.18
2026-09-14T01:14:39Z,76,75,30,5252,100,1377,1702,0.17
2026-09-14T01:14:41Z,72,74,30,5281,99,1480,1399,0.17
2026-09-14T01:14:43Z,73,74,30,5252,100,1389,1702,0.23
2026-09-14T01:14:45Z,71,74,30,5237,99,1365,1399,0.23
2026-09-14T01:14:47Z,75,73,30,5281,100,1372,1702,0.23
2026-09-14T01:14:49Z,75,74,30,5252,100,1380,1702,0.21
2026-09-14T01:14:51Z,74,75,30,5281,100,1372,1702,0.21
2026-09-14T01:14:53Z,74,75,30,5281,99,1392,1702,0.20
2026-09-14T01:14:55Z,74,75,30,5281,99,1380,1400,0.20
2026-09-14T01:14:57Z,75,75,30,5281,99,1350,1702,0.20
2026-09-14T01:14:59Z,75,75,30,5281,99,1367,1702,0.18
2026-09-14T01:15:01Z,75,75,30,5281,100,1376,1702,0.18
2026-09-14T01:15:04Z,75,75,30,5281,99,1380,1702,0.17
2026-09-14T01:15:06Z,75,76,30,5252,100,1363,1702,0.17
2026-09-14T01:15:08Z,75,76,30,5281,100,1326,2424,0.23
2026-09-14T01:15:10Z,75,76,30,5281,100,1600,1702,0.23
2026-09-14T01:15:12Z,75,76,30,5281,100,1375,1702,0.23
2026-09-14T01:15:14Z,75,76,30,5237,99,1380,1702,0.21
2026-09-14T01:15:16Z,75,76,30,5281,100,1349,2424,0.21
2026-09-14T01:15:18Z,76,76,30,5281,100,1383,1702,0.20
2026-09-14T01:15:20Z,71,76,30,5281,99,1599,1702,0.20
2026-09-14T01:15:22Z,74,76,30,5237,99,1600,1702,0.20
2026-09-14T01:15:24Z,75,76,30,5281,100,1393,1702,0.26
2026-09-14T01:15:26Z,76,76,30,5281,100,1380,1702,0.26
2026-09-14T01:15:28Z,75,76,30,5281,99,1600,1702,0.24
2026-09-14T01:15:30Z,75,76,30,5281,100,1339,2424,0.24
2026-09-14T01:15:32Z,73,76,30,5281,100,1600,1702,0.24
2026-09-14T01:15:35Z,75,76,30,5281,100,1433,1702,0.22
2026-09-14T01:15:37Z,71,76,30,5281,100,1490,1702,0.22
2026-09-14T01:15:39Z,75,76,30,5281,99,1362,2424,0.28
2026-09-14T01:15:41Z,76,76,30,5252,100,1600,1702,0.28
2026-09-14T01:15:43Z,75,76,30,5281,100,1380,1400,0.26
2026-09-14T01:15:45Z,76,76,30,5281,99,1600,1702,0.26
2026-09-14T01:15:47Z,71,76,30,5281,100,1600,2425,0.26
2026-09-14T01:15:49Z,77,76,30,5281,99,1380,1702,0.24
2026-09-14T01:15:51Z,74,76,30,5281,99,1451,1702,0.24
2026-09-14T01:15:53Z,76,76,30,5252,99,1353,1702,0.22
2026-09-14T01:15:55Z,75,75,30,5281,99,1375,1702,0.22
2026-09-14T01:15:57Z,75,75,30,5281,99,1373,1702,0.22
2026-09-14T01:15:59Z,74,75,30,5281,100,1370,1702,0.20
2026-09-14T01:16:01Z,71,75,30,5281,100,1347,1702,0.20
2026-09-14T01:16:04Z,74,75,30,5281,100,1361,1702,0.35
2026-09-14T01:16:06Z,75,75,30,5252,99,1365,1702,0.35
2026-09-14T01:16:08Z,75,75,30,5252,99,1379,1702,0.32
2026-09-14T01:16:10Z,75,75,30,5252,99,1366,1702,0.32
2026-09-14T01:16:12Z,75,75,30,5281,99,1390,1702,0.32
2026-09-14T01:16:14Z,75,75,30,5281,99,1438,1702,0.29
2026-09-14T01:16:16Z,75,75,30,5237,99,1391,1702,0.29
2026-09-14T01:16:18Z,74,75,30,5281,100,1600,2306,0.27
2026-09-14T01:16:20Z,75,75,30,5281,99,1377,1702,0.27
2026-09-14T01:16:22Z,76,75,30,5281,99,1377,1702,0.27
2026-09-14T01:16:24Z,75,75,30,5281,99,1375,1702,0.25
2026-09-14T01:16:26Z,74,75,30,5281,99,1420,1702,0.25
2026-09-14T01:16:28Z,75,75,30,5281,99,1410,1702,0.31
2026-09-14T01:16:30Z,75,75,30,5281,100,1374,1400,0.31
2026-09-14T01:16:33Z,75,75,30,5281,99,1350,1702,0.31
2026-09-14T01:16:35Z,74,75,30,5281,100,1600,1702,0.28
2026-09-14T01:16:37Z,75,75,30,5281,100,1391,1702,0.28
2026-09-14T01:16:39Z,75,75,30,5281,99,1365,1702,0.26
2026-09-14T01:16:41Z,73,75,30,5281,99,1327,1702,0.26
2026-09-14T01:16:43Z,74,75,30,5237,100,1600,1702,0.24
2026-09-14T01:16:45Z,74,75,30,5281,99,1329,2426,0.24
2026-09-14T01:16:47Z,75,75,30,5281,100,1375,1400,0.24
2026-09-14T01:16:49Z,71,75,30,5281,100,1600,1702,0.22
2026-09-14T01:16:51Z,75,75,30,5281,99,1387,1702,0.22
2026-09-14T01:16:53Z,76,75,30,5281,100,1333,2400,0.20
2026-09-14T01:16:55Z,72,74,30,5281,99,1378,1702,0.20
2026-09-14T01:16:57Z,72,74,30,5237,99,1397,1399,0.20
2026-09-14T01:16:59Z,72,74,30,5281,100,1407,1702,0.18
2026-09-14T01:17:02Z,74,73,30,5281,100,1600,1702,0.18
2026-09-14T01:17:04Z,72,74,30,5281,99,1600,1702,0.17
2026-09-14T01:17:06Z,75,75,30,5281,99,1378,1702,0.17
2026-09-14T01:17:08Z,75,75,30,5281,99,1338,1702,0.24
2026-09-14T01:17:10Z,71,75,30,5281,100,1592,1702,0.24
2026-09-14T01:17:12Z,71,75,30,5281,100,1599,1702,0.24
2026-09-14T01:17:14Z,74,75,30,5281,99,1356,2425,0.22
2026-09-14T01:17:16Z,75,75,30,5281,99,1385,1400,0.22
2026-09-14T01:17:18Z,75,75,30,5281,100,1417,1702,0.20
2026-09-14T01:17:20Z,74,76,30,5281,99,1429,1702,0.20
2026-09-14T01:17:22Z,75,76,30,5252,100,1369,2424,0.20
2026-09-14T01:17:24Z,75,76,30,5281,99,1381,1702,0.18
2026-09-14T01:17:26Z,76,76,30,5281,100,1382,1702,0.18
2026-09-14T01:17:28Z,75,76,30,5281,99,1325,1702,0.17
2026-09-14T01:17:31Z,74,76,30,5252,100,1383,1702,0.17
2026-09-14T01:17:33Z,75,76,30,5252,99,1374,1702,0.16
2026-09-14T01:17:35Z,75,76,30,5281,99,1376,1702,0.16
2026-09-14T01:17:37Z,76,76,30,5281,99,1300,2424,0.16
2026-09-14T01:17:39Z,75,76,30,5237,99,1366,1702,0.22
2026-09-14T01:17:41Z,77,76,30,5281,99,1383,1702,0.22
2026-09-14T01:17:43Z,75,76,30,5237,99,1600,1702,0.20
2026-09-14T01:17:45Z,75,76,30,5252,100,1342,2424,0.20
2026-09-14T01:17:47Z,73,76,30,5281,100,1600,2424,0.20
2026-09-14T01:17:49Z,75,76,30,5281,99,1408,1702,0.19
2026-09-14T01:17:51Z,71,76,30,5281,99,1470,1399,0.19
2026-09-14T01:17:53Z,75,76,30,5252,100,1424,1702,0.25
2026-09-14T01:17:55Z,75,76,30,5281,99,1600,1702,0.25
2026-09-14T01:17:57Z,75,76,30,5281,99,1379,1702,0.25
2026-09-14T01:17:59Z,75,76,30,5252,100,1600,2424,0.23
2026-09-14T01:18:02Z,74,75,30,5281,99,1359,1702,0.23
2026-09-14T01:18:04Z,75,76,30,5237,100,1375,1702,0.21
2026-09-14T01:18:06Z,75,76,30,5281,100,1600,2003,0.21
2026-09-14T01:18:08Z,70,76,30,5281,99,1600,2424,0.28
2026-09-14T01:18:10Z,71,75,30,5281,100,1600,1702,0.28
2026-09-14T01:18:12Z,75,75,30,5281,99,1382,1702,0.28
2026-09-14T01:18:14Z,74,75,30,5281,100,1374,1702,0.25
2026-09-14T01:18:16Z,75,75,30,5252,99,1331,2424,0.25
2026-09-14T01:18:18Z,74,75,30,5252,99,1396,1702,0.23
2026-09-14T01:18:20Z,75,75,30,5281,100,1600,1702,0.23
2026-09-14T01:18:22Z,71,75,30,5252,99,1430,1399,0.23
2026-09-14T01:18:24Z,76,75,30,5281,100,1325,2424,0.22
2026-09-14T01:18:26Z,74,75,30,5281,100,1600,1702,0.22
2026-09-14T01:18:28Z,71,75,30,5252,100,1600,1702,0.20
2026-09-14T01:18:30Z,76,75,30,5281,99,1332,1702,0.20
2026-09-14T01:18:33Z,74,75,30,5281,100,1407,2424,0.20
2026-09-14T01:18:35Z,74,75,30,5281,99,1600,1702,0.26
2026-09-14T01:18:37Z,75,75,30,5281,99,1600,1702,0.26
2026-09-14T01:18:39Z,74,75,30,5281,99,1600,1702,0.24
2026-09-14T01:18:41Z,74,75,30,5237,99,1329,2424,0.24
2026-09-14T01:18:43Z,74,75,30,5281,100,1373,1702,0.22
2026-09-14T01:18:45Z,76,75,30,5281,100,1382,1702,0.22
2026-09-14T01:18:47Z,69,75,30,5237,99,1600,1702,0.22
2026-09-14T01:18:49Z,69,75,30,5252,99,1600,2424,0.28
2026-09-14T01:18:51Z,75,75,30,5252,100,1600,2424,0.28
2026-09-14T01:18:53Z,75,75,30,5252,100,1382,1702,0.26
2026-09-14T01:18:55Z,74,75,30,5252,99,1347,1702,0.26
2026-09-14T01:18:57Z,74,75,30,5281,100,1321,2424,0.26
2026-09-14T01:18:59Z,76,75,30,5281,99,1388,1702,0.32
2026-09-14T01:19:01Z,75,75,30,5281,99,1368,1702,0.32
2026-09-14T01:19:04Z,73,75,30,5237,99,1379,1702,0.29
2026-09-14T01:19:06Z,74,75,30,5281,99,1378,1409,0.29
2026-09-14T01:19:08Z,69,75,30,5252,100,1600,2424,0.35
2026-09-14T01:19:10Z,72,74,30,5281,100,1431,1702,0.35
2026-09-14T01:19:12Z,72,74,30,5281,99,1432,1702,0.35
2026-09-14T01:19:14Z,64,73,30,5281,0,200,2424,0.32
2026-09-14T01:19:16Z,74,73,30,5281,99,1379,1702,0.32
2026-09-14T01:19:18Z,75,74,30,5252,100,1386,1702,0.30
2026-09-14T01:19:20Z,75,75,30,5252,99,1378,1702,0.30
2026-09-14T01:19:22Z,77,75,30,5281,99,1376,1702,0.30
2026-09-14T01:19:24Z,74,75,30,5281,99,1377,1702,0.27
2026-09-14T01:19:26Z,75,75,30,5281,99,1375,1702,0.27
2026-09-14T01:19:28Z,75,75,30,5281,99,1319,2424,0.33
2026-09-14T01:19:30Z,75,75,30,5281,100,1600,1702,0.33
2026-09-14T01:19:33Z,75,75,30,5237,100,1600,1702,0.33
2026-09-14T01:19:35Z,75,76,30,5252,100,1600,1702,0.30
2026-09-14T01:19:37Z,75,76,30,5281,100,1461,1702,0.30
2026-09-14T01:19:39Z,76,76,30,5281,99,1388,1702,0.28
2026-09-14T01:19:41Z,75,76,30,5281,99,1400,1702,0.28
2026-09-14T01:19:43Z,75,76,30,5281,100,1329,2424,0.34
2026-09-14T01:19:45Z,74,76,30,5237,99,1600,1702,0.34
2026-09-14T01:19:47Z,75,76,30,5281,99,1378,1702,0.34
2026-09-14T01:19:49Z,75,76,30,5281,100,1381,1702,0.31
2026-09-14T01:19:51Z,75,76,30,5281,99,1333,2424,0.31
2026-09-14T01:19:53Z,75,76,30,5281,100,1397,1702,0.29
2026-09-14T01:19:55Z,75,76,30,5237,100,1391,1702,0.29
2026-09-14T01:19:57Z,78,76,30,5281,99,1380,1702,0.29
2026-09-14T01:19:59Z,75,76,30,5281,99,1378,1702,0.34
2026-09-14T01:20:01Z,75,76,30,5281,99,1369,1702,0.34
2026-09-14T01:20:04Z,75,76,30,5281,100,1600,1399,0.32
2026-09-14T01:20:06Z,75,76,30,5237,100,1324,2424,0.32
2026-09-14T01:20:08Z,75,76,30,5281,99,1379,1702,0.29
2026-09-14T01:20:10Z,71,76,30,5281,99,1600,1702,0.29
2026-09-14T01:20:12Z,75,76,30,5281,99,1368,1702,0.29
2026-09-14T01:20:14Z,70,76,30,5252,100,1600,2424,0.27
2026-09-14T01:20:16Z,77,76,30,5281,99,1378,1702,0.27
2026-09-14T01:20:18Z,75,76,30,5281,100,1396,1400,0.25
2026-09-14T01:20:20Z,71,76,30,5281,99,1600,1702,0.25
2026-09-14T01:20:22Z,75,75,30,5281,100,1332,2424,0.25
2026-09-14T01:20:24Z,75,75,30,5281,99,1379,1702,0.31
2026-09-14T01:20:26Z,75,75,30,5281,99,1462,1702,0.31
2026-09-14T01:20:28Z,73,75,30,5252,99,1600,1702,0.28
2026-09-14T01:20:30Z,76,75,30,5281,99,1325,2424,0.28
2026-09-14T01:20:32Z,76,75,30,5237,100,1382,1702,0.28
2026-09-14T01:20:35Z,74,75,30,5281,99,1373,1702,0.26
2026-09-14T01:20:37Z,75,75,30,5237,100,1364,1702,0.26
2026-09-14T01:20:39Z,74,75,30,5281,99,1375,2424,0.32
2026-09-14T01:20:41Z,75,75,30,5237,100,1381,1702,0.32
2026-09-14T01:20:43Z,75,75,30,5281,99,1369,1702,0.29
2026-09-14T01:20:45Z,75,75,30,5281,99,1373,1702,0.29
2026-09-14T01:20:47Z,74,75,30,5281,100,1356,2425,0.29
2026-09-14T01:20:49Z,75,75,30,5281,100,1375,1702,0.27
2026-09-14T01:20:51Z,75,75,30,5281,100,1370,1702,0.27
2026-09-14T01:20:53Z,77,75,30,5281,99,1372,1702,0.25
2026-09-14T01:20:55Z,75,75,30,5281,99,1312,2424,0.25
2026-09-14T01:20:57Z,74,75,30,5281,99,1600,1702,0.25
2026-09-14T01:20:59Z,74,75,30,5281,100,1398,1702,0.23
2026-09-14T01:21:01Z,75,75,30,5237,100,1377,1399,0.23
2026-09-14T01:21:04Z,75,75,30,5281,99,1335,2424,0.29
2026-09-14T01:21:06Z,74,75,30,5281,99,1600,1702,0.29
2026-09-14T01:21:08Z,74,75,30,5281,99,1410,1702,0.27
2026-09-14T01:21:10Z,75,75,30,5281,99,1359,1702,0.27
2026-09-14T01:21:12Z,75,75,30,5281,99,1292,2425,0.27
2026-09-14T01:21:14Z,75,75,30,5281,99,1600,2424,0.32
2026-09-14T01:21:16Z,74,75,30,5281,99,1375,1702,0.32
2026-09-14T01:21:18Z,76,75,30,5281,99,1377,1702,0.30
2026-09-14T01:21:20Z,75,75,30,5252,100,1600,2331,0.30
2026-09-14T01:21:22Z,72,74,30,5237,3,1482,1702,0.30
2026-09-14T01:21:24Z,72,74,30,5281,99,1413,1702,0.27
2026-09-14T01:21:26Z,72,74,30,5281,100,1357,1702,0.27
2026-09-14T01:21:28Z,69,73,30,5281,99,1318,2424,0.33
2026-09-14T01:21:30Z,74,74,30,5237,100,1600,1702,0.33
2026-09-14T01:21:32Z,75,75,30,5237,99,1393,1702,0.33
2026-09-14T01:21:35Z,75,75,30,5281,99,1345,1702,0.31
2026-09-14T01:21:37Z,75,75,30,5281,99,1600,1702,0.31
2026-09-14T01:21:39Z,75,75,30,5281,99,1597,1702,0.28
2026-09-14T01:21:41Z,75,75,30,5281,100,1393,1702,0.28
2026-09-14T01:21:43Z,75,75,30,5281,100,1600,1702,0.34
2026-09-14T01:21:45Z,75,75,30,5252,100,1369,1702,0.34
2026-09-14T01:21:47Z,75,75,30,5281,99,1384,1702,0.34
2026-09-14T01:21:49Z,75,76,30,5281,100,1325,2424,0.31
2026-09-14T01:21:51Z,74,76,30,5281,99,1376,1702,0.31
2026-09-14T01:21:53Z,76,76,30,5281,100,1383,1702,0.37
2026-09-14T01:21:55Z,77,76,30,5281,99,1383,1702,0.37
2026-09-14T01:21:57Z,75,76,30,5237,100,1600,2424,0.37
2026-09-14T01:21:59Z,75,76,30,5237,99,1383,1702,0.42
2026-09-14T01:22:01Z,75,76,30,5237,99,1406,1702,0.42
2026-09-14T01:22:04Z,75,76,30,5252,99,1380,1702,0.38
2026-09-14T01:22:06Z,75,76,30,5252,99,1600,1702,0.38
2026-09-14T01:22:08Z,75,76,30,5252,99,1397,1702,0.51
2026-09-14T01:22:10Z,75,76,30,5281,99,1381,1702,0.51
2026-09-14T01:22:12Z,72,76,30,5237,99,1600,2424,0.51
2026-09-14T01:22:14Z,75,76,30,5281,99,1381,1702,0.55
2026-09-14T01:22:16Z,75,76,30,5281,100,1600,1702,0.55
2026-09-14T01:22:18Z,75,76,30,5252,100,1356,1702,0.51
2026-09-14T01:22:20Z,71,76,30,5281,100,1600,2424,0.51
2026-09-14T01:22:22Z,76,76,30,5281,99,1384,1702,0.51
2026-09-14T01:22:24Z,75,76,30,5281,99,1600,1702,0.47
2026-09-14T01:22:26Z,75,76,30,5281,100,1377,1702,0.47
2026-09-14T01:22:28Z,75,76,30,5281,99,1337,2424,0.51
2026-09-14T01:22:30Z,75,75,30,5237,99,1600,1702,0.51
2026-09-14T01:22:32Z,70,76,30,5281,99,1600,1702,0.51
2026-09-14T01:22:35Z,75,75,30,5281,100,1384,1702,0.47
2026-09-14T01:22:37Z,75,75,30,5281,100,1338,2424,0.47
2026-09-14T01:22:39Z,74,75,30,5281,100,1436,1702,0.43
2026-09-14T01:22:41Z,75,75,30,5237,99,1600,1702,0.43
2026-09-14T01:22:43Z,75,75,30,5281,99,1377,1702,0.40
2026-09-14T01:22:45Z,75,75,30,5281,100,1378,1702,0.40
2026-09-14T01:22:47Z,74,75,30,5281,100,1374,1702,0.40
2026-09-14T01:22:49Z,75,75,30,5237,99,1375,1702,0.36
2026-09-14T01:22:51Z,74,75,30,5281,100,1600,1401,0.36
2026-09-14T01:22:53Z,74,75,30,5281,100,1600,1702,0.42
2026-09-14T01:22:55Z,73,75,30,5252,100,1600,1702,0.42
2026-09-14T01:22:57Z,71,75,30,5281,100,1600,1702,0.42
2026-09-14T01:22:59Z,77,75,30,5281,100,1379,1400,0.38
2026-09-14T01:23:01Z,71,75,30,5281,100,1480,1400,0.38
2026-09-14T01:23:04Z,72,75,30,5252,100,1600,1702,0.35
2026-09-14T01:23:06Z,72,75,30,5237,100,1600,1702,0.35
2026-09-14T01:23:08Z,71,75,30,5281,100,1600,1399,0.32
2026-09-14T01:23:10Z,74,75,30,5237,99,1394,1702,0.32
2026-09-14T01:23:12Z,75,75,30,5281,100,1368,1702,0.32
2026-09-14T01:23:14Z,75,75,30,5237,99,1388,1702,0.30
2026-09-14T01:23:16Z,74,75,30,5237,99,1379,1399,0.30
2026-09-14T01:23:18Z,74,75,30,5252,99,1352,1702,0.35
2026-09-14T01:23:20Z,74,75,30,5281,99,1390,1702,0.35
2026-09-14T01:23:22Z,74,75,30,5281,100,1377,1702,0.35
2026-09-14T01:23:24Z,74,75,30,5237,100,1356,1702,0.33
2026-09-14T01:23:26Z,70,75,30,5252,99,1600,2424,0.33
2026-09-14T01:23:28Z,75,75,30,5281,100,1403,1702,0.30
2026-09-14T01:23:30Z,75,75,30,5281,99,1391,1702,0.30
2026-09-14T01:23:33Z,75,75,30,5252,99,1600,1840,0.30
2026-09-14T01:23:35Z,75,75,30,5281,99,1409,1702,0.27
2026-09-14T01:23:37Z,72,74,30,5281,100,1380,1702,0.27
2026-09-14T01:23:39Z,72,74,30,5252,100,1370,1702,0.33
2026-09-14T01:23:41Z,72,74,30,5237,100,1412,1399,0.33
2026-09-14T01:23:43Z,60,73,30,5281,0,200,2424,0.31
2026-09-14T01:23:45Z,58,70,30,5237,0,200,2424,0.31
2026-09-14T01:23:47Z,57,68,30,5095,15,1040,2425,0.31
2026-09-14T01:23:49Z,56,66,30,5108,9,1040,2424,0.36
2026-09-14T01:23:51Z,55,64,30,5108,14,1040,2424,0.36
2026-09-14T01:23:53Z,57,63,30,4330,99,1040,2424,0.41
2026-09-14T01:23:55Z,53,61,30,4242,0,200,2424,0.41
2026-09-14T01:23:57Z,66,62,30,3842,99,1600,1702,0.41
2026-09-14T01:23:59Z,67,67,30,3260,99,1359,1702,0.38
2026-09-14T01:24:01Z,69,68,30,3260,100,1600,1841,0.38
2026-09-14T01:24:04Z,67,70,30,3472,99,1600,1400,0.35
2026-09-14T01:24:06Z,72,71,30,3640,99,1546,1702,0.35
2026-09-14T01:24:08Z,72,72,30,3865,100,1394,1702,0.32
2026-09-14T01:24:10Z,75,72,30,4058,99,1363,1702,0.32
2026-09-14T01:24:12Z,70,73,30,4261,99,1600,1702,0.32
2026-09-14T01:24:14Z,74,74,30,4464,99,1416,2426,0.29
2026-09-14T01:24:16Z,74,74,30,4664,99,1529,1702,0.29
2026-09-14T01:24:18Z,73,75,30,4807,100,1296,2424,0.35
2026-09-14T01:24:20Z,74,75,30,5013,99,1600,1702,0.35
2026-09-14T01:24:22Z,71,75,30,5208,99,1600,2424,0.35
2026-09-14T01:24:24Z,76,75,30,5252,100,1389,1702,0.40
2026-09-14T01:24:26Z,76,75,30,5237,99,1484,1702,0.40
2026-09-14T01:24:28Z,72,75,30,5208,100,1600,1930,0.45
2026-09-14T01:24:30Z,76,75,30,5208,99,1343,1400,0.45
2026-09-14T01:24:32Z,73,75,30,5208,100,1600,2424,0.45
2026-09-14T01:24:35Z,75,75,30,5252,99,1522,1702,0.50
2026-09-14T01:24:37Z,74,75,30,5252,99,1316,1702,0.50
2026-09-14T01:24:39Z,76,75,30,5237,99,1341,1702,0.54
2026-09-14T01:24:41Z,71,75,30,5252,99,1600,2424,0.54
2026-09-14T01:24:43Z,74,75,30,5237,99,1600,2425,0.57
2026-09-14T01:24:45Z,74,75,30,5237,99,1521,1702,0.57
2026-09-14T01:24:47Z,74,75,30,5252,100,1547,1702,0.57
2026-09-14T01:24:49Z,76,75,30,5237,100,1367,1400,0.61
2026-09-14T01:24:51Z,71,75,30,5237,100,1600,2424,0.61
2026-09-14T01:24:53Z,69,75,30,5237,99,1600,2424,0.56
2026-09-14T01:24:55Z,69,75,30,5237,100,1600,1702,0.56
2026-09-14T01:24:57Z,74,75,30,5237,100,1540,1702,0.56
2026-09-14T01:24:59Z,75,75,30,5252,99,1600,1702,0.51
2026-09-14T01:25:01Z,73,75,30,5252,99,1330,1702,0.51
2026-09-14T01:25:03Z,75,75,30,5252,99,1436,1702,0.47
2026-09-14T01:25:06Z,75,75,30,5237,99,1349,1702,0.47
2026-09-14T01:25:08Z,76,75,30,5237,100,1362,1702,0.47
2026-09-14T01:25:10Z,74,75,30,5237,100,1321,2424,0.43
2026-09-14T01:25:12Z,71,74,30,5237,100,1600,2424,0.43
2026-09-14T01:25:14Z,74,74,30,5252,100,1600,1702,0.40
2026-09-14T01:25:16Z,74,75,30,5237,100,1410,2424,0.40
2026-09-14T01:25:18Z,71,74,30,5252,13,1554,1399,0.37
2026-09-14T01:25:20Z,71,73,30,5237,99,1352,1399,0.37
2026-09-14T01:25:22Z,74,73,30,5281,99,1600,1702,0.37
2026-09-14T01:25:24Z,75,74,30,5252,100,1361,1702,0.34
2026-09-14T01:25:26Z,72,75,30,5237,100,1600,1702,0.34
2026-09-14T01:25:28Z,71,75,30,5252,100,1600,1702,0.31
2026-09-14T01:25:30Z,75,75,30,5281,100,1600,1961,0.31
2026-09-14T01:25:32Z,75,75,30,5237,100,1390,1702,0.31
2026-09-14T01:25:34Z,77,76,30,5252,100,1315,2424,0.29
2026-09-14T01:25:36Z,75,76,30,5281,100,1600,1702,0.29
2026-09-14T01:25:39Z,75,76,30,5237,100,1371,1702,0.26
2026-09-14T01:25:41Z,76,76,30,5252,99,1600,1702,0.26
2026-09-14T01:25:43Z,71,76,30,5237,99,1314,1702,0.32
2026-09-14T01:25:45Z,73,76,30,5281,99,1317,1702,0.32
2026-09-14T01:25:47Z,72,76,30,5252,100,1600,1702,0.32
2026-09-14T01:25:49Z,74,76,30,5281,100,1600,1702,0.30
2026-09-14T01:25:51Z,75,76,30,5281,100,1600,1702,0.30
2026-09-14T01:25:53Z,77,76,30,5281,100,1322,2424,0.35
2026-09-14T01:25:55Z,76,76,30,5281,99,1525,1702,0.35
2026-09-14T01:25:57Z,71,76,30,5237,99,1600,1702,0.35
2026-09-14T01:25:59Z,71,76,30,5237,100,1600,1702,0.40
2026-09-14T01:26:01Z,75,76,30,5237,99,1543,1702,0.40
2026-09-14T01:26:03Z,75,76,30,5281,100,1600,2424,0.45
2026-09-14T01:26:05Z,73,76,30,5237,100,1333,1702,0.45
2026-09-14T01:26:08Z,74,76,30,5281,99,1472,1702,0.45
2026-09-14T01:26:10Z,75,75,30,5281,99,1297,1702,0.50
2026-09-14T01:26:12Z,74,75,30,5281,99,1317,1702,0.50
2026-09-14T01:26:14Z,74,75,30,5281,99,1600,2426,0.46
2026-09-14T01:26:16Z,71,75,30,5252,100,1600,2426,0.46
2026-09-14T01:26:18Z,77,75,30,5252,100,1384,1702,0.42
2026-09-14T01:26:20Z,74,75,30,5281,100,1516,1702,0.42
2026-09-14T01:26:22Z,75,75,30,5281,100,1338,1702,0.42
2026-09-14T01:26:24Z,74,75,30,5281,99,1452,2424,0.39
2026-09-14T01:26:26Z,75,75,30,5237,100,1600,1702,0.39
2026-09-14T01:26:28Z,72,75,30,5252,99,1600,1702,0.35
2026-09-14T01:26:30Z,72,75,30,5252,100,1600,1702,0.35
2026-09-14T01:26:32Z,74,75,30,5281,99,1600,1702,0.35
2026-09-14T01:26:34Z,71,75,30,5281,99,1376,1400,0.33
2026-09-14T01:26:36Z,74,75,30,5281,100,1348,1702,0.33
2026-09-14T01:26:39Z,69,75,30,5281,99,1600,2425,0.30
2026-09-14T01:26:41Z,69,75,30,5281,99,1600,2424,0.30
2026-09-14T01:26:43Z,71,75,30,5281,99,1589,1702,0.30
2026-09-14T01:26:45Z,72,74,30,5281,99,1420,1702,0.27
2026-09-14T01:26:47Z,63,74,30,5281,15,1040,2424,0.27
2026-09-14T01:26:49Z,75,73,30,5252,99,1600,2369,0.25
2026-09-14T01:26:51Z,75,75,30,5281,99,1600,1702,0.25
2026-09-14T01:26:53Z,75,75,30,5281,100,1600,1702,0.23
2026-09-14T01:26:55Z,75,75,30,5281,99,1400,2007,0.23
2026-09-14T01:26:57Z,77,75,30,5281,100,1349,1702,0.23
2026-09-14T01:26:59Z,75,76,30,5281,100,1351,1702,0.21
2026-09-14T01:27:01Z,75,76,30,5237,99,1365,1702,0.21
2026-09-14T01:27:03Z,75,76,30,5281,99,1476,1702,0.20
2026-09-14T01:27:05Z,75,76,30,5281,99,1600,1702,0.20
2026-09-14T01:27:07Z,75,76,30,5281,99,1346,1702,0.20
2026-09-14T01:27:10Z,78,76,30,5281,100,1468,1954,0.18
2026-09-14T01:27:12Z,76,76,30,5281,100,1369,1702,0.18
2026-09-14T01:27:14Z,75,76,30,5281,99,1393,2425,0.16
2026-09-14T01:27:16Z,75,76,30,5281,99,1600,1702,0.16
2026-09-14T01:27:18Z,75,76,30,5281,99,1528,1702,0.15
2026-09-14T01:27:20Z,75,76,30,5281,100,1600,1702,0.15
2026-09-14T01:27:22Z,75,76,30,5237,100,1379,1702,0.15
2026-09-14T01:27:24Z,74,76,30,5281,99,1600,2149,0.14
2026-09-14T01:27:26Z,75,76,30,5281,99,1600,2125,0.14
2026-09-14T01:27:28Z,77,76,30,5281,100,1358,1399,0.13
2026-09-14T01:27:30Z,71,76,30,5281,99,1600,2424,0.13
2026-09-14T01:27:32Z,73,76,30,5281,99,1600,1702,0.13
2026-09-14T01:27:34Z,75,76,30,5281,100,1600,1702,0.12
2026-09-14T01:27:36Z,75,76,30,5281,99,1456,1702,0.12
2026-09-14T01:27:39Z,75,76,30,5281,100,1355,1736,0.11
2026-09-14T01:27:41Z,75,75,30,5281,99,1600,2424,0.11
2026-09-14T01:27:43Z,70,75,30,5281,100,1600,1702,0.11
2026-09-14T01:27:45Z,74,75,30,5281,100,1409,2424,0.10
2026-09-14T01:27:47Z,74,75,30,5281,100,1600,1702,0.10
2026-09-14T01:27:49Z,75,75,30,5281,100,1447,1702,0.09
2026-09-14T01:27:51Z,76,75,30,5281,100,1380,1702,0.09
2026-09-14T01:27:53Z,74,75,30,5281,99,1600,1702,0.08
2026-09-14T01:27:55Z,75,75,30,5281,99,1600,2424,0.08
2026-09-14T01:27:57Z,75,75,30,5281,100,1480,1702,0.08
2026-09-14T01:27:59Z,75,75,30,5281,100,1513,1702,0.08
2026-09-14T01:28:01Z,73,75,30,5281,99,1354,1399,0.08
2026-09-14T01:28:03Z,71,75,30,5281,99,1600,2425,0.07
2026-09-14T01:28:05Z,71,75,30,5281,99,1600,2424,0.07
2026-09-14T01:28:07Z,72,75,30,5281,99,1548,1702,0.07
2026-09-14T01:28:09Z,72,74,30,5281,99,1575,1702,0.14
2026-09-14T01:28:12Z,72,74,30,5281,99,1368,1400,0.14
2026-09-14T01:28:14Z,74,73,30,5281,100,1600,1702,0.13
2026-09-14T01:28:16Z,74,74,30,5281,99,1358,1702,0.13
2026-09-14T01:28:18Z,74,75,30,5281,99,1600,1702,0.12
2026-09-14T01:28:20Z,74,75,30,5281,100,1600,1702,0.12
2026-09-14T01:28:22Z,75,75,30,5252,99,1460,1702,0.12
2026-09-14T01:28:24Z,76,76,30,5281,99,1474,1702,0.11
2026-09-14T01:28:26Z,72,76,30,5252,99,1600,1702,0.11
2026-09-14T01:28:28Z,75,76,30,5281,99,1600,1702,0.10
2026-09-14T01:28:30Z,77,76,30,5281,100,1306,2424,0.10
2026-09-14T01:28:32Z,76,76,30,5237,99,1472,1702,0.10
2026-09-14T01:28:34Z,74,76,30,5281,99,1600,2424,0.09
2026-09-14T01:28:36Z,75,76,30,5252,100,1600,1702,0.09
2026-09-14T01:28:38Z,75,76,30,5281,99,1600,1702,0.09
2026-09-14T01:28:41Z,77,76,30,5281,99,1401,1702,0.09
2026-09-14T01:28:43Z,77,76,30,5281,99,1426,1702,0.09
2026-09-14T01:28:45Z,75,76,30,5281,99,1534,1399,0.08
2026-09-14T01:28:47Z,75,76,30,5281,100,1342,1702,0.08
2026-09-14T01:28:49Z,74,76,30,5281,100,1600,2424,0.07
2026-09-14T01:28:51Z,75,76,30,5281,99,1600,1702,0.07
2026-09-14T01:28:53Z,75,76,30,5281,99,1329,1702,0.07
2026-09-14T01:28:55Z,76,76,30,5281,99,1354,1702,0.07
2026-09-14T01:28:57Z,71,76,30,5281,100,1600,2424,0.07
2026-09-14T01:28:59Z,73,76,30,5281,100,1600,2424,0.06
2026-09-14T01:29:01Z,75,76,30,5281,99,1332,1702,0.06
2026-09-14T01:29:03Z,75,76,30,5281,100,1473,1702,0.06
2026-09-14T01:29:05Z,74,76,30,5281,99,1330,1702,0.06
2026-09-14T01:29:07Z,75,76,30,5252,100,1600,2425,0.06
2026-09-14T01:29:09Z,70,76,30,5281,99,1600,2424,0.05
2026-09-14T01:29:12Z,71,75,30,5281,100,1600,1702,0.05
2026-09-14T01:29:14Z,74,75,30,5281,99,1484,1702,0.05
2026-09-14T01:29:16Z,73,75,30,5281,100,1600,1400,0.05
2026-09-14T01:29:18Z,74,75,30,5281,100,1600,1702,0.36
2026-09-14T01:29:20Z,75,75,30,5281,100,1343,1702,0.36
2026-09-14T01:29:22Z,74,75,30,5237,99,1600,1702,0.36
2026-09-14T01:29:24Z,75,75,30,5281,99,1600,1702,0.33
2026-09-14T01:29:26Z,71,75,30,5281,100,1600,2424,0.33
2026-09-14T01:29:28Z,75,75,30,5281,99,1600,2253,0.31
2026-09-14T01:29:30Z,74,75,30,5281,99,1383,1702,0.31
2026-09-14T01:29:32Z,76,75,30,5252,99,1315,2424,0.31
2026-09-14T01:29:34Z,72,74,30,5281,99,1390,1400,0.28
2026-09-14T01:29:36Z,72,74,30,5281,100,1371,1702,0.28
2026-09-14T01:29:38Z,75,73,30,5281,100,1459,1702,0.34
2026-09-14T01:29:40Z,75,74,30,5281,100,1600,2346,0.34
2026-09-14T01:29:43Z,75,75,30,5281,100,1600,1451,0.34
2026-09-14T01:29:45Z,75,75,30,5281,99,1509,1702,0.31
2026-09-14T01:29:47Z,75,75,30,5281,100,1431,2425,0.31
2026-09-14T01:29:49Z,71,76,30,5281,99,1600,1702,0.29
2026-09-14T01:29:51Z,74,76,30,5281,99,1600,2424,0.29
2026-09-14T01:29:53Z,76,76,30,5281,100,1355,1702,0.26
2026-09-14T01:29:55Z,73,76,30,5237,100,1600,1702,0.26
2026-09-14T01:29:57Z,75,76,30,5281,99,1349,1702,0.26
2026-09-14T01:29:59Z,76,76,30,5281,100,1600,1702,0.24
2026-09-14T01:30:01Z,75,76,30,5281,99,1522,1702,0.24
2026-09-14T01:30:03Z,75,76,30,5281,99,1600,1702,0.22
2026-09-14T01:30:05Z,75,76,30,5252,100,1386,2424,0.22
2026-09-14T01:30:07Z,74,76,30,5281,99,1338,1702,0.22
2026-09-14T01:30:09Z,72,76,30,5281,99,1600,2425,0.20
2026-09-14T01:30:11Z,72,76,30,5281,99,1600,1702,0.20
2026-09-14T01:30:14Z,76,76,30,5281,100,1600,2424,0.19
2026-09-14T01:30:16Z,71,76,30,5281,99,1600,2424,0.19
2026-09-14T01:30:18Z,71,76,30,5281,99,1600,1702,0.19
2026-09-14T01:30:20Z,76,76,30,5281,99,1323,2425,0.17
2026-09-14T01:30:22Z,75,76,30,5281,99,1343,1400,0.17
2026-09-14T01:30:24Z,71,76,30,5281,100,1600,2424,0.16
2026-09-14T01:30:26Z,74,76,30,5252,100,1456,1702,0.16
2026-09-14T01:30:28Z,75,76,30,5281,100,1348,1702,0.15
2026-09-14T01:30:30Z,75,76,30,5281,99,1363,2425,0.15
2026-09-14T01:30:32Z,75,76,30,5281,100,1600,1702,0.15
2026-09-14T01:30:34Z,74,76,30,5281,99,1394,1702,0.13
2026-09-14T01:30:36Z,74,75,30,5281,99,1600,2425,0.13
2026-09-14T01:30:38Z,71,75,30,5281,99,1600,2424,0.12
2026-09-14T01:30:40Z,71,75,30,5281,100,1437,2424,0.12
2026-09-14T01:30:42Z,69,75,30,5281,99,1600,2425,0.12
2026-09-14T01:30:44Z,70,75,30,5281,100,1600,1702,0.11
2026-09-14T01:30:47Z,70,75,30,5281,100,1600,2424,0.11
2026-09-14T01:30:49Z,70,75,30,5281,99,1600,2425,0.10
2026-09-14T01:30:51Z,70,75,30,5281,100,1600,2424,0.10
2026-09-14T01:30:53Z,74,75,30,5281,99,1494,1702,0.10
2026-09-14T01:30:55Z,75,75,30,5281,99,1353,1702,0.18
2026-09-14T01:30:57Z,73,75,30,5281,100,1600,1702,0.18
2026-09-14T01:30:59Z,72,75,30,5281,99,1466,1702,0.24
2026-09-14T01:31:01Z,72,74,30,5281,100,1385,1400,0.24
2026-09-14T01:31:03Z,73,74,30,5281,99,200,1399,0.22
2026-09-14T01:31:05Z,74,74,30,5281,99,1361,1702,0.22
2026-09-14T01:31:07Z,75,75,30,5281,100,1376,1702,0.22
2026-09-14T01:31:09Z,77,75,30,5281,100,1420,1702,0.29
2026-09-14T01:31:11Z,76,75,30,5281,99,1465,1702,0.29
2026-09-14T01:31:13Z,75,76,30,5281,100,1357,1702,0.26
2026-09-14T01:31:15Z,75,76,30,5281,100,1600,1702,0.26
2026-09-14T01:31:18Z,77,76,30,5281,100,1392,1702,0.26
2026-09-14T01:31:20Z,75,76,30,5281,100,1365,1399,0.24
2026-09-14T01:31:22Z,75,76,30,5281,100,1538,1399,0.24
2026-09-14T01:31:24Z,73,76,30,5281,100,1600,1702,0.22
2026-09-14T01:31:26Z,78,76,30,5281,100,1324,2424,0.22
2026-09-14T01:31:28Z,72,76,30,5281,100,1530,1702,0.20
2026-09-14T01:31:30Z,75,76,30,5281,99,1329,1702,0.20
2026-09-14T01:31:32Z,75,76,30,5281,99,1600,1702,0.20
2026-09-14T01:31:34Z,75,76,30,5281,100,1532,1702,0.19
2026-09-14T01:31:36Z,72,76,30,5281,100,1600,2424,0.19
2026-09-14T01:31:38Z,77,76,30,5281,100,1404,1702,0.17
2026-09-14T01:31:40Z,75,76,30,5281,100,1600,2424,0.17
2026-09-14T01:31:42Z,73,76,30,5281,100,1600,2424,0.17
2026-09-14T01:31:44Z,72,76,30,5281,99,1355,1702,0.16
2026-09-14T01:31:46Z,75,76,30,5281,100,1600,1702,0.16
2026-09-14T01:31:49Z,75,76,30,5281,99,1306,1702,0.14
2026-09-14T01:31:51Z,72,76,30,5281,100,1600,2424,0.14
2026-09-14T01:31:53Z,76,76,30,5281,99,1410,1702,0.14
2026-09-14T01:31:55Z,76,76,30,5281,100,1455,1399,0.13
2026-09-14T01:31:57Z,75,76,30,5281,100,1600,1702,0.13
2026-09-14T01:31:59Z,75,76,30,5281,100,1483,1702,0.12
2026-09-14T01:32:01Z,75,75,30,5281,99,1267,2424,0.12
2026-09-14T01:32:03Z,76,75,30,5281,99,1376,1399,0.11
2026-09-14T01:32:05Z,72,75,30,5281,99,1600,2424,0.11
2026-09-14T01:32:07Z,72,75,30,5281,100,1600,2425,0.11
2026-09-14T01:32:09Z,71,75,30,5281,100,1600,2424,0.10
2026-09-14T01:32:11Z,69,75,30,5281,100,1600,2424,0.10
2026-09-14T01:32:13Z,75,75,30,5281,100,1600,2424,0.09
2026-09-14T01:32:15Z,73,75,30,5281,100,1600,2424,0.09
2026-09-14T01:32:17Z,74,75,30,5281,99,1475,2424,0.09
2026-09-14T01:32:19Z,74,75,30,5281,99,1600,1702,0.09
2026-09-14T01:32:22Z,75,75,30,5281,99,1518,1702,0.09
2026-09-14T01:32:24Z,70,75,30,5281,99,1389,2424,0.08
2026-09-14T01:32:26Z,73,74,30,5281,100,1421,1702,0.08
2026-09-14T01:32:28Z,72,74,30,5281,100,1373,1702,0.08
2026-09-14T01:32:30Z,74,73,30,5281,100,1529,1702,0.15
2026-09-14T01:32:32Z,75,75,30,5281,100,1600,1702,0.15
2026-09-14T01:32:34Z,75,75,30,5281,99,1520,1399,0.14
2026-09-14T01:32:36Z,75,75,30,5281,100,1365,1702,0.14
2026-09-14T01:32:38Z,76,75,30,5281,100,1460,1702,0.21
2026-09-14T01:32:40Z,76,76,30,5281,100,1362,1702,0.21
2026-09-14T01:32:42Z,75,76,30,5281,100,1474,2424,0.21
2026-09-14T01:32:44Z,78,76,30,5281,100,1391,1702,0.19
2026-09-14T01:32:46Z,72,76,30,5281,99,1600,2426,0.19
2026-09-14T01:32:48Z,75,76,30,5281,99,1315,1702,0.18
2026-09-14T01:32:50Z,76,76,30,5281,99,1528,1702,0.18
2026-09-14T01:32:53Z,76,76,30,5281,99,1409,1702,0.18
2026-09-14T01:32:55Z,75,76,30,5281,99,1539,1702,0.16
2026-09-14T01:32:57Z,75,76,30,5252,99,1469,1702,0.16
2026-09-14T01:32:59Z,72,76,30,5281,99,1361,1702,0.15
2026-09-14T01:33:01Z,75,76,30,5281,99,1600,2425,0.15
2026-09-14T01:33:03Z,72,76,30,5281,100,1600,2425,0.14
2026-09-14T01:33:05Z,75,76,30,5281,100,1474,1702,0.14
2026-09-14T01:33:07Z,75,76,30,5281,100,1519,1702,0.14
2026-09-14T01:33:09Z,71,76,30,5311,100,1600,2424,0.13
2026-09-14T01:33:11Z,75,76,30,5281,100,1600,1840,0.13
2026-09-14T01:33:13Z,75,76,30,5281,100,1600,2066,0.12
2026-09-14T01:33:15Z,71,76,30,5281,100,1600,1702,0.12
2026-09-14T01:33:17Z,76,76,30,5281,100,1517,1702,0.12
2026-09-14T01:33:19Z,69,76,30,5281,99,1467,1702,0.11
2026-09-14T01:33:21Z,74,76,30,5281,99,1600,2051,0.11
2026-09-14T01:33:24Z,75,76,30,5281,100,1463,1702,0.10
2026-09-14T01:33:26Z,75,76,30,5281,99,1334,1399,0.10
2026-09-14T01:33:28Z,75,75,30,5281,100,1552,1702,0.10
2026-09-14T01:33:30Z,74,75,30,5281,99,1313,1702,0.09
2026-09-14T01:33:32Z,75,75,30,5281,100,1427,2424,0.09
2026-09-14T01:33:34Z,75,75,30,5281,99,1348,1702,0.08
2026-09-14T01:33:36Z,75,75,30,5237,100,1581,1702,0.08
2026-09-14T01:33:38Z,75,75,30,5281,100,1395,1400,0.08
2026-09-14T01:33:40Z,75,75,30,5281,100,1600,1702,0.08
2026-09-14T01:33:42Z,75,75,30,5281,100,1600,1399,0.08
2026-09-14T01:33:44Z,75,75,30,5281,99,1519,1400,0.15
2026-09-14T01:33:46Z,75,75,30,5281,99,1379,1702,0.15
2026-09-14T01:33:48Z,76,75,30,5281,100,1352,1399,0.14
2026-09-14T01:33:50Z,72,75,30,5281,100,1481,1702,0.14
2026-09-14T01:33:53Z,71,74,30,5281,99,1374,1399,0.14
2026-09-14T01:33:55Z,67,74,30,5281,99,1040,2424,0.13
2026-09-14T01:33:57Z,75,74,30,5281,100,1508,1400,0.13
2026-09-14T01:33:59Z,74,75,30,5281,100,1509,1820,0.12
2026-09-14T01:34:01Z,76,75,30,5281,100,1384,1702,0.12
2026-09-14T01:34:03Z,75,76,30,5281,100,1412,2424,0.19
2026-09-14T01:34:05Z,75,76,30,5281,100,1431,1702,0.19
2026-09-14T01:34:07Z,75,76,30,5252,99,1600,2425,0.19
2026-09-14T01:34:09Z,75,76,30,5281,100,1344,1702,0.25
2026-09-14T01:34:11Z,76,76,30,5281,99,1358,1702,0.25
2026-09-14T01:34:13Z,76,76,30,5281,99,1346,1400,0.23
2026-09-14T01:34:15Z,75,76,30,5281,100,1515,1702,0.23
2026-09-14T01:34:17Z,76,76,30,5281,100,1600,1702,0.23
2026-09-14T01:34:19Z,75,76,30,5281,99,1521,1702,0.21
2026-09-14T01:34:22Z,75,76,30,5281,100,1432,2425,0.21
2026-09-14T01:34:24Z,71,76,30,5281,99,1600,1702,0.20
2026-09-14T01:34:26Z,75,76,30,5281,100,1600,1702,0.20
2026-09-14T01:34:28Z,77,76,30,5281,99,1362,1702,0.20
2026-09-14T01:34:30Z,75,76,30,5281,99,1530,1702,0.18
2026-09-14T01:34:32Z,71,76,30,5281,100,1533,1702,0.18
2026-09-14T01:34:34Z,76,76,30,5281,99,1384,1702,0.25
2026-09-14T01:34:36Z,75,76,30,5281,100,1413,2424,0.25
2026-09-14T01:34:38Z,75,76,30,5281,99,1338,1400,0.23
2026-09-14T01:34:40Z,76,76,30,5281,99,1456,1702,0.23
2026-09-14T01:34:42Z,78,76,30,5281,100,1477,1400,0.23
2026-09-14T01:34:44Z,71,76,30,5281,99,1600,2424,0.21
2026-09-14T01:34:46Z,74,76,30,5281,100,1394,2424,0.21
2026-09-14T01:34:48Z,75,76,30,5281,99,1600,1702,0.19
2026-09-14T01:34:50Z,74,76,30,5281,100,1501,1702,0.19
2026-09-14T01:34:53Z,71,76,30,5281,99,1468,1702,0.19
2026-09-14T01:34:55Z,75,76,30,5281,99,1364,1702,0.17
2026-09-14T01:34:57Z,71,75,30,5281,100,1600,1491,0.17
2026-09-14T01:34:59Z,71,75,30,5281,99,1600,1702,0.24
2026-09-14T01:35:01Z,77,75,30,5281,100,1431,1400,0.24
2026-09-14T01:35:03Z,75,75,30,5281,100,1418,2424,0.30
2026-09-14T01:35:05Z,71,75,30,5281,100,1463,1702,0.30
2026-09-14T01:35:07Z,75,75,30,5281,99,1300,1702,0.30
2026-09-14T01:35:09Z,73,75,30,5326,100,1495,1702,0.36
2026-09-14T01:35:11Z,72,75,30,5281,99,1600,1702,0.36
2026-09-14T01:35:13Z,74,75,30,5281,100,1600,1702,0.33
2026-09-14T01:35:15Z,73,75,30,5281,99,1409,1702,0.33
2026-09-14T01:35:17Z,72,74,30,5281,100,1394,1702,0.33
2026-09-14T01:35:19Z,72,74,30,5281,99,1454,1399,0.30
2026-09-14T01:35:21Z,72,73,30,5281,100,1311,1399,0.30
2026-09-14T01:35:24Z,77,75,30,5281,99,1405,1702,0.28
2026-09-14T01:35:26Z,74,75,30,5281,99,1332,1702,0.28
2026-09-14T01:35:28Z,76,75,30,5281,99,1365,1702,0.28
2026-09-14T01:35:30Z,75,76,30,5281,99,1600,1702,0.26
2026-09-14T01:35:32Z,75,76,30,5281,100,1600,1489,0.26
2026-09-14T01:35:34Z,76,76,30,5281,100,1361,1702,0.32
2026-09-14T01:35:36Z,71,76,30,5281,99,1528,1702,0.32
2026-09-14T01:35:38Z,76,76,30,5281,100,1449,1702,0.37
2026-09-14T01:35:40Z,75,76,30,5281,99,1600,1702,0.37
2026-09-14T01:35:42Z,75,76,30,5281,99,1280,2425,0.37
2026-09-14T01:35:44Z,74,76,30,5281,99,1600,2412,0.34
2026-09-14T01:35:46Z,72,76,30,5281,99,1600,1400,0.34
2026-09-14T01:35:48Z,76,76,30,5237,100,1600,1399,0.31
2026-09-14T01:35:50Z,76,76,30,5281,99,1384,1702,0.31
2026-09-14T01:35:53Z,71,76,30,5252,99,1600,1702,0.31
2026-09-14T01:35:55Z,77,76,30,5281,100,1467,1400,0.29
2026-09-14T01:35:57Z,75,76,30,5281,100,1600,2425,0.29
2026-09-14T01:35:59Z,72,76,30,5281,99,1600,1441,0.27
2026-09-14T01:36:01Z,71,76,30,5281,100,1600,1702,0.27
2026-09-14T01:36:03Z,75,76,30,5281,100,1600,1702,0.24
2026-09-14T01:36:05Z,72,76,30,5281,100,1387,1400,0.24
2026-09-14T01:36:07Z,76,76,30,5281,99,1250,2424,0.24
2026-09-14T01:36:09Z,75,76,30,5281,100,1600,2428,0.22
2026-09-14T01:36:11Z,77,76,30,5252,99,1407,1702,0.22
2026-09-14T01:36:13Z,75,76,30,5281,100,1600,1702,0.29
2026-09-14T01:36:15Z,75,76,30,5281,100,1522,1702,0.29
2026-09-14T01:36:17Z,78,76,30,5281,100,1323,2424,0.29
2026-09-14T01:36:19Z,75,76,30,5281,100,1477,1702,0.26
2026-09-14T01:36:21Z,71,76,30,5281,99,1600,1702,0.26
2026-09-14T01:36:24Z,74,75,30,5281,99,1324,1401,0.32
2026-09-14T01:36:26Z,76,75,30,5281,100,1368,1702,0.32
2026-09-14T01:36:28Z,75,75,30,5281,100,1600,2399,0.32
2026-09-14T01:36:30Z,75,75,30,5281,99,1452,1702,0.38
2026-09-14T01:36:32Z,75,75,30,5281,100,1472,1702,0.38
2026-09-14T01:36:34Z,75,75,30,5281,100,1406,2424,0.35
2026-09-14T01:36:36Z,74,75,30,5281,99,1369,1702,0.35
2026-09-14T01:36:38Z,74,75,30,5281,100,1344,1702,0.32
2026-09-14T01:36:40Z,73,75,30,5281,99,1416,2424,0.32
2026-09-14T01:36:42Z,72,74,30,5281,100,1444,1702,0.32
2026-09-14T01:36:44Z,72,74,30,5281,99,1355,1400,0.29
2026-09-14T01:36:46Z,71,73,30,5281,99,1381,1400,0.29
2026-09-14T01:36:48Z,77,74,30,5281,100,1381,1702,0.27
2026-09-14T01:36:50Z,75,75,30,5281,99,1370,1702,0.27
2026-09-14T01:36:53Z,73,75,30,5281,99,1324,1702,0.27
2026-09-14T01:36:55Z,75,76,30,5281,99,1600,1702,0.25
2026-09-14T01:36:57Z,76,76,30,5281,100,1600,1702,0.25
2026-09-14T01:36:59Z,75,76,30,5281,100,1428,2425,0.23
2026-09-14T01:37:01Z,75,76,30,5281,99,1600,1702,0.23
2026-09-14T01:37:03Z,75,76,30,5281,100,1464,2424,0.37
2026-09-14T01:37:05Z,75,76,30,5281,99,1537,1702,0.37
2026-09-14T01:37:07Z,76,76,30,5281,100,1352,1702,0.37
2026-09-14T01:37:09Z,74,76,30,5281,99,1330,1702,0.42
2026-09-14T01:37:11Z,74,76,30,5281,99,1312,1702,0.42
2026-09-14T01:37:13Z,72,76,30,5281,100,1600,1702,0.47
2026-09-14T01:37:15Z,75,76,30,5281,99,1540,1702,0.47
2026-09-14T01:37:17Z,75,76,30,5281,100,1407,2424,0.47
2026-09-14T01:37:19Z,76,76,30,5281,100,1600,1702,0.43
2026-09-14T01:37:21Z,75,76,30,5281,99,1338,1400,0.43
2026-09-14T01:37:24Z,77,76,30,5281,99,1385,1702,0.39
2026-09-14T01:37:26Z,75,76,30,5281,100,1600,1702,0.39
2026-09-14T01:37:28Z,75,76,30,5281,99,1582,2422,0.39
2026-09-14T01:37:30Z,74,76,30,5281,100,1539,1702,0.36
2026-09-14T01:37:32Z,76,76,30,5281,99,1600,2424,0.36
2026-09-14T01:37:34Z,75,76,30,5281,100,1479,1702,0.33
2026-09-14T01:37:36Z,71,76,30,5281,99,1600,2425,0.33
2026-09-14T01:37:38Z,75,76,30,5281,100,1416,2424,0.39
2026-09-14T01:37:40Z,75,76,30,5281,99,1600,1702,0.39
2026-09-14T01:37:42Z,75,76,30,5281,99,1521,1399,0.39
2026-09-14T01:37:44Z,75,76,30,5281,99,1600,1702,0.44
2026-09-14T01:37:46Z,75,76,30,5281,100,1520,1702,0.44
2026-09-14T01:37:48Z,73,75,30,5281,100,1600,2424,0.48
2026-09-14T01:37:50Z,75,75,30,5281,100,1600,1702,0.48
2026-09-14T01:37:52Z,75,75,30,5281,100,1357,1702,0.48
2026-09-14T01:37:55Z,75,75,30,5281,100,1347,1702,0.44
2026-09-14T01:37:57Z,76,75,30,5281,99,1355,1702,0.44
2026-09-14T01:37:59Z,76,75,30,5281,100,1344,1702,0.41
2026-09-14T01:38:01Z,77,75,30,5281,99,1408,1702,0.41
2026-09-14T01:38:03Z,71,75,30,5281,100,1469,1702,0.70
2026-09-14T01:38:05Z,74,75,30,5281,99,1600,1399,0.70
2026-09-14T01:38:07Z,72,75,30,5281,0,1543,1400,0.70
2026-09-14T01:38:09Z,72,74,30,5281,100,1465,1702,0.64
2026-09-14T01:38:11Z,68,74,30,5281,99,1040,2424,0.64
2026-09-14T01:38:13Z,74,74,30,5281,99,1339,1702,0.59
2026-09-14T01:38:15Z,75,75,30,5281,99,1299,1957,0.59
2026-09-14T01:38:17Z,73,75,30,5281,99,1600,1702,0.59
2026-09-14T01:38:19Z,72,76,30,5281,99,1600,2424,0.54
2026-09-14T01:38:21Z,77,76,30,5281,100,1376,1702,0.54
2026-09-14T01:38:23Z,77,76,30,5281,99,1383,1399,0.50
2026-09-14T01:38:26Z,75,76,30,5281,100,1600,1702,0.50
2026-09-14T01:38:28Z,75,76,30,5281,99,1367,1702,0.50
2026-09-14T01:38:30Z,75,76,30,5281,99,1600,1702,0.46
2026-09-14T01:38:32Z,78,76,30,5281,99,1392,1702,0.46
2026-09-14T01:38:34Z,75,76,30,5281,99,1473,1702,0.50
2026-09-14T01:38:36Z,77,76,30,5281,100,1482,1702,0.50
2026-09-14T01:38:38Z,75,76,30,5281,100,1413,2424,0.54
2026-09-14T01:38:40Z,73,76,30,5281,100,1600,2425,0.54
2026-09-14T01:38:42Z,76,76,30,5281,100,1600,1702,0.54
2026-09-14T01:38:44Z,75,76,30,5281,100,1331,1702,0.58
2026-09-14T01:38:46Z,74,76,30,5281,100,1536,1702,0.58
2026-09-14T01:38:48Z,73,76,30,5281,99,1600,1702,0.61
2026-09-14T01:38:50Z,78,76,30,5281,100,1438,1400,0.61
2026-09-14T01:38:52Z,77,76,30,5281,100,1318,2424,0.61
2026-09-14T01:38:55Z,75,76,30,5281,99,1311,1702,0.64
2026-09-14T01:38:57Z,76,76,30,5281,100,1475,1702,0.64
2026-09-14T01:38:59Z,75,76,30,5281,99,1471,1702,0.67
2026-09-14T01:39:01Z,71,76,30,5281,99,1600,2424,0.67
2026-09-14T01:39:03Z,74,76,30,5281,99,1445,2424,0.67
2026-09-14T01:39:05Z,74,76,30,5281,99,1600,1702,0.70
2026-09-14T01:39:07Z,75,76,30,5281,100,1600,1702,0.70
2026-09-14T01:39:09Z,75,76,30,5281,99,1331,1702,0.72
2026-09-14T01:39:11Z,75,75,30,5281,99,1528,1399,0.72
2026-09-14T01:39:13Z,73,75,30,5281,99,1463,1702,0.66
2026-09-14T01:39:15Z,74,75,30,5281,99,1320,1702,0.66
2026-09-14T01:39:17Z,75,75,30,5281,99,1473,1702,0.66
2026-09-14T01:39:19Z,75,75,30,5281,100,1413,2424,0.61
2026-09-14T01:39:21Z,76,75,30,5281,100,1364,1702,0.61
2026-09-14T01:39:23Z,76,75,30,5281,100,1350,1702,0.56
2026-09-14T01:39:26Z,73,75,30,5281,100,1499,2424,0.56
2026-09-14T01:39:28Z,72,75,30,5281,99,1308,1702,0.56
2026-09-14T01:39:30Z,73,75,30,5281,99,1600,1702,0.52
2026-09-14T01:39:32Z,73,75,30,5281,100,1381,1399,0.52
2026-09-14T01:39:34Z,73,74,30,5281,99,1575,1399,0.56
2026-09-14T01:39:36Z,73,74,30,5281,100,1586,1702,0.56
2026-09-14T01:39:38Z,73,74,30,5281,100,1336,1702,0.51
2026-09-14T01:39:40Z,76,75,30,5281,99,1372,1702,0.51
2026-09-14T01:39:42Z,75,75,30,5281,100,1353,1702,0.51
2026-09-14T01:39:44Z,75,75,30,5281,100,1403,1702,0.47
2026-09-14T01:39:46Z,75,76,30,5281,99,1600,1702,0.47
2026-09-14T01:39:48Z,74,76,30,5281,99,1600,1702,0.43
2026-09-14T01:39:50Z,76,76,30,5281,99,1468,1702,0.43
2026-09-14T01:39:52Z,73,76,30,5281,100,1390,1702,0.43
2026-09-14T01:39:55Z,75,76,30,5281,100,1518,1702,0.40
2026-09-14T01:39:57Z,74,76,30,5281,99,1600,1702,0.40
2026-09-14T01:39:59Z,78,76,30,5281,100,1325,2424,0.36
2026-09-14T01:40:01Z,72,76,30,5281,100,1600,1702,0.36
2026-09-14T01:40:03Z,74,76,30,5281,99,1331,1702,0.36
2026-09-14T01:40:05Z,75,76,30,5281,99,1600,2424,0.50
2026-09-14T01:40:07Z,75,76,30,5281,99,1543,1702,0.50
2026-09-14T01:40:09Z,76,76,30,5281,99,1336,1702,0.54
2026-09-14T01:40:11Z,75,76,30,5281,99,1476,1702,0.54
2026-09-14T01:40:13Z,74,76,30,5281,99,1290,2424,0.57
2026-09-14T01:40:15Z,74,76,30,5281,99,1330,1702,0.57
2026-09-14T01:40:17Z,76,76,30,5281,100,1356,1702,0.57
2026-09-14T01:40:19Z,75,76,30,5281,100,1343,1702,0.61
2026-09-14T01:40:21Z,75,76,30,5281,100,1416,1702,0.61
2026-09-14T01:40:24Z,75,76,30,5281,99,1415,2424,0.64
2026-09-14T01:40:26Z,72,76,30,5281,99,1600,2424,0.64
2026-09-14T01:40:28Z,75,76,30,5281,99,1473,1702,0.64
2026-09-14T01:40:30Z,72,76,30,5281,99,1600,1702,0.67
2026-09-14T01:40:32Z,75,76,30,5281,100,1600,1702,0.67
2026-09-14T01:40:34Z,75,76,30,5281,99,1425,2424,0.62
2026-09-14T01:40:36Z,75,76,30,5281,100,1523,1702,0.62
2026-09-14T01:40:38Z,75,75,30,5281,100,1350,1702,0.57
2026-09-14T01:40:40Z,75,75,30,5281,100,1475,1702,0.57
2026-09-14T01:40:42Z,75,75,30,5252,100,1600,1702,0.57
2026-09-14T01:40:44Z,72,75,30,5237,100,1600,2424,0.52
2026-09-14T01:40:46Z,75,75,30,5281,100,1600,1702,0.52
2026-09-14T01:40:48Z,75,75,30,5281,100,1600,2425,0.48
2026-09-14T01:40:50Z,75,75,30,5281,99,1416,2424,0.48
2026-09-14T01:40:52Z,75,75,30,5281,100,1600,1702,0.48
2026-09-14T01:40:54Z,74,75,30,5281,100,1365,1702,0.44
2026-09-14T01:40:57Z,70,75,30,5281,99,1330,2424,0.44
2026-09-14T01:40:59Z,71,75,30,5281,100,1503,1702,0.40
2026-09-14T01:41:01Z,72,74,30,5281,99,1520,1702,0.40
2026-09-14T01:41:03Z,77,73,30,5281,99,1395,1702,0.40
2026-09-14T01:41:05Z,75,75,30,5281,100,1549,1702,0.37
2026-09-14T01:41:07Z,75,75,30,5281,100,1482,1702,0.37
2026-09-14T01:41:09Z,75,75,30,5281,99,1481,1702,0.34
2026-09-14T01:41:11Z,77,76,30,5281,99,1367,1702,0.34
2026-09-14T01:41:13Z,72,76,30,5281,99,1320,1702,0.31
2026-09-14T01:41:15Z,75,76,30,5281,100,1310,2424,0.31
2026-09-14T01:41:17Z,75,76,30,5281,100,1331,1702,0.31
2026-09-14T01:41:19Z,74,76,30,5281,99,1600,2424,0.29
2026-09-14T01:41:21Z,72,76,30,5281,100,1600,1702,0.29
2026-09-14T01:41:23Z,75,76,30,5281,100,1438,1702,0.35
2026-09-14T01:41:26Z,75,76,30,5281,100,1463,1702,0.35
2026-09-14T01:41:28Z,75,76,30,5281,99,1465,1702,0.35
2026-09-14T01:41:30Z,77,76,30,5281,99,1484,1702,0.32
2026-09-14T01:41:32Z,72,76,30,5281,100,1600,1702,0.32
2026-09-14T01:41:34Z,75,76,30,5281,99,1468,2425,0.29
2026-09-14T01:41:36Z,72,76,30,5281,99,1600,2425,0.29
2026-09-14T01:41:38Z,76,76,30,5281,99,1426,1399,0.27
2026-09-14T01:41:40Z,76,76,30,5281,99,1528,1702,0.27
2026-09-14T01:41:42Z,72,76,30,5281,100,1600,2424,0.27
2026-09-14T01:41:44Z,74,76,30,5281,99,1600,1702,0.25
2026-09-14T01:41:46Z,74,76,30,5281,99,1600,1702,0.25
2026-09-14T01:41:48Z,74,76,30,5281,100,1340,1400,0.23
2026-09-14T01:41:50Z,75,76,30,5281,100,1600,1702,0.23
2026-09-14T01:41:52Z,71,76,30,5281,99,1274,1702,0.23
2026-09-14T01:41:54Z,75,76,30,5281,99,1600,1702,0.21
2026-09-14T01:41:57Z,75,76,30,5281,99,1444,1702,0.21
2026-09-14T01:41:59Z,77,76,30,5281,100,1372,1702,0.19
2026-09-14T01:42:01Z,74,75,30,5281,100,1541,1702,0.19
2026-09-14T01:42:03Z,74,75,30,5281,99,1334,1702,0.19
2026-09-14T01:42:05Z,75,75,30,5281,100,1417,2424,0.18
2026-09-14T01:42:07Z,75,75,30,5281,100,1377,1702,0.18
2026-09-14T01:42:09Z,75,75,30,5281,100,1600,1702,0.16
2026-09-14T01:42:11Z,75,75,30,5281,100,1600,1702,0.16
2026-09-14T01:42:13Z,76,75,30,5281,100,1600,1702,0.15
2026-09-14T01:42:15Z,75,75,30,5281,99,1600,2425,0.15
2026-09-14T01:42:17Z,74,75,30,5281,100,1600,1702,0.15
2026-09-14T01:42:19Z,74,75,30,5281,100,1480,1702,0.14
2026-09-14T01:42:21Z,76,75,30,5281,100,1340,1702,0.14
2026-09-14T01:42:23Z,73,75,30,5281,100,1429,1702,0.12
2026-09-14T01:42:26Z,72,74,30,5281,100,1421,1702,0.12
2026-09-14T01:42:28Z,67,74,30,5281,100,1040,2425,0.12
2026-09-14T01:42:30Z,75,74,30,5281,99,1549,1400,0.11
2026-09-14T01:42:32Z,74,75,30,5281,99,1458,1859,0.11
2026-09-14T01:42:34Z,76,75,30,5281,99,1367,1702,0.10
2026-09-14T01:42:36Z,76,76,30,5281,100,1399,2425,0.10
2026-09-14T01:42:38Z,75,76,30,5281,100,1510,1702,0.10
2026-09-14T01:42:40Z,75,76,30,5281,100,1600,1702,0.10
2026-09-14T01:42:42Z,75,76,30,5281,100,1324,1399,0.10
2026-09-14T01:42:44Z,75,76,30,5281,99,1401,1702,0.09
2026-09-14T01:42:46Z,74,76,30,5281,99,1327,1702,0.09
2026-09-14T01:42:48Z,75,76,30,5281,100,1518,1702,0.08
2026-09-14T01:42:50Z,75,76,30,5281,100,1600,1702,0.08
2026-09-14T01:42:52Z,76,76,30,5281,100,1600,1702,0.08
2026-09-14T01:42:54Z,75,76,30,5281,100,1524,2425,0.07
2026-09-14T01:42:57Z,71,76,30,5281,100,1600,1702,0.07
2026-09-14T01:42:59Z,74,76,30,5281,99,1600,1702,0.07
2026-09-14T01:43:01Z,75,76,30,5281,100,1469,1702,0.07
2026-09-14T01:43:03Z,75,76,30,5281,99,1600,1702,0.07
2026-09-14T01:43:05Z,77,76,30,5281,100,1366,1702,0.06
2026-09-14T01:43:07Z,75,76,30,5281,99,1406,1702,0.06
2026-09-14T01:43:09Z,75,76,30,5281,100,1464,2425,0.06
2026-09-14T01:43:11Z,75,76,30,5281,99,1364,1702,0.06
2026-09-14T01:43:13Z,75,76,30,5281,100,1600,1702,0.05
2026-09-14T01:43:15Z,76,76,30,5281,99,1467,1702,0.05
2026-09-14T01:43:17Z,70,76,30,5281,100,1600,2424,0.05
2026-09-14T01:43:19Z,75,76,30,5281,99,1439,2424,0.05
2026-09-14T01:43:21Z,73,76,30,5281,99,1600,1702,0.05
2026-09-14T01:43:23Z,75,76,30,5281,100,1600,1702,0.04
2026-09-14T01:43:25Z,77,75,30,5281,99,1358,1702,0.04
2026-09-14T01:43:28Z,74,75,30,5281,99,1600,1865,0.04
2026-09-14T01:43:30Z,78,75,30,5281,99,1406,1702,0.04
2026-09-14T01:43:32Z,76,75,30,5252,99,1467,1702,0.04
2026-09-14T01:43:34Z,75,75,30,5281,99,1600,1702,0.04
2026-09-14T01:43:36Z,74,75,30,5281,99,1600,2424,0.04
2026-09-14T01:43:38Z,75,75,30,5281,99,1411,1702,0.27
2026-09-14T01:43:40Z,75,75,30,5281,100,1600,1702,0.27
2026-09-14T01:43:42Z,70,75,30,5281,100,1265,1399,0.27
2026-09-14T01:43:44Z,74,75,30,5281,99,1494,1702,0.25
2026-09-14T01:43:46Z,75,75,30,5281,100,1474,1702,0.25
2026-09-14T01:43:48Z,72,75,30,5281,100,1398,1399,0.31
2026-09-14T01:43:50Z,72,74,30,5281,100,1429,1702,0.31
2026-09-14T01:43:52Z,72,74,30,5281,99,1334,1400,0.31
2026-09-14T01:43:54Z,75,73,30,5281,99,1431,1702,0.29
2026-09-14T01:43:57Z,75,75,30,5281,100,1600,1702,0.29
2026-09-14T01:43:59Z,75,75,30,5281,99,1600,1702,0.26
2026-09-14T01:44:01Z,74,76,30,5281,100,1600,1702,0.26
2026-09-14T01:44:03Z,76,76,30,5281,100,1471,1702,0.26
2026-09-14T01:44:05Z,78,76,30,5281,100,1485,1702,0.24
2026-09-14T01:44:07Z,75,76,30,5281,99,1600,1702,0.24
2026-09-14T01:44:09Z,75,76,30,5281,100,1476,1702,0.22
2026-09-14T01:44:11Z,72,76,30,5281,100,1523,1400,0.22
2026-09-14T01:44:13Z,75,76,30,5281,100,1454,1702,0.20
2026-09-14T01:44:15Z,75,76,30,5281,99,1499,2424,0.20
2026-09-14T01:44:17Z,76,76,30,5281,100,1375,1702,0.20
2026-09-14T01:44:19Z,75,76,30,5281,100,1519,1702,0.19
2026-09-14T01:44:21Z,72,76,30,5281,99,1600,1399,0.19
2026-09-14T01:44:23Z,71,76,30,5281,99,1600,1399,0.17
2026-09-14T01:44:26Z,75,76,30,5281,100,1466,1702,0.17
2026-09-14T01:44:28Z,75,76,30,5281,99,1600,1702,0.17
2026-09-14T01:44:30Z,75,76,30,5281,100,1426,2424,0.16
2026-09-14T01:44:32Z,75,76,30,5281,100,1406,1702,0.16
2026-09-14T01:44:34Z,75,76,30,5281,99,1600,1702,0.15
2026-09-14T01:44:36Z,75,76,30,5281,99,1533,1702,0.15
2026-09-14T01:44:38Z,75,76,30,5281,100,1600,1767,0.13
2026-09-14T01:44:40Z,75,76,30,5281,100,1600,2424,0.13
2026-09-14T01:44:42Z,71,76,30,5281,99,1600,2403,0.13
2026-09-14T01:44:44Z,75,76,30,5281,100,1600,1399,0.12
2026-09-14T01:44:46Z,75,76,30,5281,99,1364,1702,0.12
2026-09-14T01:44:48Z,75,75,30,5281,100,1350,1702,0.11
2026-09-14T01:44:50Z,75,75,30,5281,100,1600,2425,0.11
2026-09-14T01:44:52Z,71,75,30,5281,99,1600,1702,0.11
2026-09-14T01:44:54Z,75,75,30,5281,100,1381,1702,0.10
2026-09-14T01:44:57Z,75,75,30,5281,100,1600,1702,0.10
2026-09-14T01:44:59Z,72,75,30,5281,100,1600,2424,0.10
2026-09-14T01:45:01Z,71,75,30,5281,100,1600,2424,0.10
2026-09-14T01:45:03Z,72,75,30,5281,100,1600,2425,0.10
2026-09-14T01:45:05Z,72,75,30,5281,99,1600,2424,0.09
2026-09-14T01:45:07Z,75,75,30,5281,100,1308,2424,0.09
2026-09-14T01:45:09Z,74,75,30,5281,100,1600,1702,0.08
2026-09-14T01:45:11Z,74,75,30,5281,100,1368,1702,0.08
2026-09-14T01:45:13Z,70,75,30,5281,100,1283,2424,0.15
2026-09-14T01:45:15Z,70,74,30,5281,99,1533,1702,0.15
2026-09-14T01:45:17Z,72,74,30,5281,99,1403,1399,0.15
2026-09-14T01:45:19Z,61,73,30,5281,0,200,2425,0.14
2026-09-14T01:45:21Z,58,71,30,5281,0,200,2425,0.14
2026-09-14T01:45:23Z,57,69,30,5281,0,200,2424,0.13
2026-09-14T01:45:25Z,55,67,30,5040,0,200,2425,0.13
2026-09-14T01:45:27Z,54,65,30,4746,0,200,2424,0.13
2026-09-14T01:45:29Z,53,63,30,4783,0,200,2424,0.12
2026-09-14T01:45:32Z,52,61,30,4032,0,200,2424,0.12
2026-09-14T01:45:34Z,51,58,30,3735,0,200,2424,0.11
2026-09-14T01:45:36Z,50,57,30,3390,0,200,2425,0.11
2026-09-14T01:45:38Z,50,56,30,2862,0,200,2424,0.11
2026-09-14T01:45:40Z,49,55,30,2836,0,200,2424,0.10
2026-09-14T01:45:42Z,49,54,30,2294,0,200,2424,0.10
2026-09-14T01:45:44Z,48,53,30,2278,0,200,2425,0.09
2026-09-14T01:45:46Z,48,52,30,554,0,200,2424,0.09
2026-09-14T01:45:48Z,47,51,30,0,0,200,2424,0.16
2026-09-14T01:45:50Z,48,51,30,0,0,200,2425,0.16
2026-09-14T01:45:52Z,48,50,30,0,0,200,2424,0.16
2026-09-14T01:45:54Z,48,50,30,0,0,200,2424,0.15
2026-09-14T01:45:56Z,48,50,30,0,0,200,2424,0.15
2026-09-14T01:45:58Z,48,49,30,0,0,200,2425,0.14
2026-09-14T01:46:00Z,47,49,30,0,0,200,2424,0.14
2026-09-14T01:46:02Z,48,49,30,0,0,200,2425,0.14
2026-09-14T01:46:04Z,48,49,30,0,0,200,2424,0.13
2026-09-14T01:46:06Z,47,49,30,0,0,200,2424,0.13
2026-09-14T01:46:08Z,47,48,30,0,0,200,2425,0.12
2026-09-14T01:46:10Z,47,48,30,0,0,200,2424,0.12
2026-09-14T01:46:13Z,48,48,30,0,0,200,2424,0.12
2026-09-14T01:46:15Z,47,48,30,0,0,200,2424,0.11
2026-09-14T01:46:17Z,47,48,30,0,0,200,2427,0.11
2026-09-14T01:46:19Z,47,48,30,0,0,200,2426,0.10
2026-09-14T01:46:21Z,47,48,30,0,0,200,2424,0.10
2026-09-14T01:46:23Z,47,48,30,0,0,200,2424,0.10
2026-09-14T01:46:25Z,47,48,30,0,0,200,2424,0.09
2026-09-14T01:46:27Z,47,48,30,0,0,200,2425,0.09
2026-09-14T01:46:29Z,47,48,30,0,0,200,2424,0.08
2026-09-14T01:46:31Z,47,48,30,0,0,200,2425,0.08
2026-09-14T01:46:33Z,47,47,30,0,0,200,2424,0.08
2026-09-14T01:46:35Z,47,47,30,0,0,200,2425,0.08
2026-09-14T01:46:37Z,47,47,30,0,0,200,2424,0.08
2026-09-14T01:46:39Z,47,47,30,0,0,200,2425,0.07
2026-09-14T01:46:41Z,47,47,30,0,0,200,2424,0.07
2026-09-14T01:46:43Z,47,47,30,0,0,200,2425,0.06
2026-09-14T01:46:45Z,46,47,30,0,0,200,2424,0.06
2026-09-14T01:46:47Z,47,47,30,0,0,200,2424,0.06
2026-09-14T01:46:49Z,46,47,30,0,0,200,2421,0.06
2026-09-14T01:46:51Z,46,47,30,0,0,200,2424,0.06
2026-09-14T01:46:54Z,46,47,30,0,0,200,2424,0.05
2026-09-14T01:46:56Z,46,47,30,0,0,200,2424,0.05
2026-09-14T01:46:58Z,46,47,30,0,0,200,2424,0.05
2026-09-14T01:47:00Z,46,47,30,0,0,200,2424,0.05
2026-09-14T01:47:02Z,46,47,30,0,0,200,2424,0.05
2026-09-14T01:47:04Z,46,47,30,0,0,200,2424,0.05
2026-09-14T01:47:06Z,46,47,30,0,0,200,2425,0.05
2026-09-14T01:47:08Z,46,47,30,0,0,200,2425,0.05
2026-09-14T01:47:10Z,46,47,30,0,0,200,2424,0.04
2026-09-14T01:47:12Z,46,47,30,0,0,200,2424,0.04
2026-09-14T01:47:14Z,46,47,30,0,0,200,2424,0.04
2026-09-14T01:47:16Z,45,47,30,0,0,200,2422,0.04
2026-09-14T01:47:18Z,46,46,30,0,0,200,2424,0.03
2026-09-14T01:47:20Z,45,46,30,0,0,200,2424,0.03
2026-09-14T01:47:22Z,46,46,30,0,0,200,2424,0.03
2026-09-14T01:47:24Z,46,46,30,0,0,200,2424,0.03
2026-09-14T01:47:26Z,45,46,30,0,0,200,2424,0.03
2026-09-14T01:47:28Z,45,46,30,0,0,200,2425,0.03
2026-09-14T01:47:30Z,45,46,30,0,0,200,2424,0.03
2026-09-14T01:47:32Z,45,46,30,0,0,200,2424,0.03
2026-09-14T01:47:35Z,45,46,30,0,0,200,2425,0.03
2026-09-14T01:47:37Z,45,46,30,0,0,200,2425,0.03
2026-09-14T01:47:39Z,45,46,30,0,0,200,2424,0.02
2026-09-14T01:47:41Z,45,46,30,0,0,200,2424,0.02
2026-09-14T01:47:43Z,45,46,30,0,0,200,2424,0.02
2026-09-14T01:47:45Z,45,46,30,0,0,200,2424,0.02
2026-09-14T01:47:47Z,45,46,30,0,0,200,2426,0.02
2026-09-14T01:47:49Z,45,46,30,0,0,200,2424,0.10
2026-09-14T01:47:51Z,45,46,30,0,0,200,2425,0.10
2026-09-14T01:47:53Z,45,46,30,0,0,200,2425,0.17
2026-09-14T01:47:55Z,45,46,30,0,0,200,2424,0.17
2026-09-14T01:47:57Z,45,46,30,0,0,200,2424,0.17
2026-09-14T01:47:59Z,45,46,30,0,0,200,2424,0.16
2026-09-14T01:48:01Z,45,46,30,0,0,200,2424,0.16
2026-09-14T01:48:03Z,45,46,30,0,0,200,2424,0.15
2026-09-14T01:48:05Z,45,46,30,0,0,200,2424,0.15
2026-09-14T01:48:07Z,45,46,30,0,0,200,2424,0.15
2026-09-14T01:48:09Z,44,46,30,0,0,200,2424,0.13
2026-09-14T01:48:11Z,45,46,30,0,0,200,2424,0.13
2026-09-14T01:48:13Z,45,46,30,0,0,200,2424,0.12
2026-09-14T01:48:16Z,44,46,30,0,0,200,2424,0.12
2026-09-14T01:48:18Z,45,46,30,0,0,200,2424,0.12
2026-09-14T01:48:20Z,44,45,30,0,0,200,2424,0.11
2026-09-14T01:48:22Z,45,45,30,0,0,200,2424,0.11
2026-09-14T01:48:24Z,45,45,30,0,0,200,2424,0.10
2026-09-14T01:48:26Z,45,45,30,0,0,200,2424,0.10
2026-09-14T01:48:28Z,44,45,30,0,0,200,2424,0.10
2026-09-14T01:48:30Z,44,45,30,0,0,200,2426,0.10
2026-09-14T01:48:32Z,44,45,30,0,0,200,2424,0.10
2026-09-14T01:48:34Z,44,45,30,0,0,200,2424,0.09
2026-09-14T01:48:36Z,44,45,30,0,0,200,2424,0.09
2026-09-14T01:48:38Z,44,45,30,0,0,200,2424,0.08
2026-09-14T01:48:40Z,44,45,30,0,0,200,2424,0.08
2026-09-14T01:48:42Z,44,45,30,0,0,200,2425,0.08
2026-09-14T01:48:44Z,45,45,30,0,0,200,2424,0.07
2026-09-14T01:48:46Z,45,45,30,0,0,200,2424,0.07
2026-09-14T01:48:48Z,45,45,30,0,0,200,2424,0.07
2026-09-14T01:48:50Z,45,45,30,0,0,200,2424,0.07
2026-09-14T01:48:52Z,44,45,30,0,0,200,2426,0.07
2026-09-14T01:48:54Z,44,45,30,0,0,200,2424,0.06
2026-09-14T01:48:56Z,44,45,30,0,0,200,2427,0.06
2026-09-14T01:48:59Z,44,45,30,0,0,200,2424,0.06
2026-09-14T01:49:01Z,44,45,30,0,0,200,2424,0.06
2026-09-14T01:49:03Z,44,45,30,0,0,200,2424,0.06
2026-09-14T01:49:05Z,44,45,30,0,0,200,2424,0.05
2026-09-14T01:49:07Z,44,45,30,0,0,200,2424,0.05
2026-09-14T01:49:09Z,44,45,30,0,0,200,2424,0.05
2026-09-14T01:49:11Z,45,45,30,0,0,200,2424,0.05
2026-09-14T01:49:13Z,44,45,30,0,0,200,2424,0.05
2026-09-14T01:49:15Z,44,45,30,0,0,200,2424,0.04
2026-09-14T01:49:17Z,44,45,30,0,0,200,2424,0.04
2026-09-14T01:49:19Z,44,45,30,0,0,200,2424,0.04
2026-09-14T01:49:21Z,44,45,30,0,0,200,2424,0.04
2026-09-14T01:49:23Z,44,45,30,0,0,200,2424,0.04
2026-09-14T01:49:25Z,44,45,30,0,0,200,2424,0.04
2026-09-14T01:49:27Z,44,45,30,0,0,200,2424,0.04
2026-09-14T01:49:29Z,44,45,30,0,0,200,2424,0.03
2026-09-14T01:49:31Z,44,45,30,0,0,200,2424,0.03
2026-09-14T01:49:33Z,44,45,30,0,0,200,2424,0.03
2026-09-14T01:49:35Z,44,45,30,0,0,200,2424,0.03
2026-09-14T01:49:37Z,44,45,30,0,0,200,2424,0.03
2026-09-14T01:49:40Z,44,45,30,0,0,200,2424,0.03
2026-09-14T01:49:42Z,44,45,30,0,0,200,2424,0.03
2026-09-14T01:49:44Z,44,45,30,0,0,200,2424,0.02
2026-09-14T01:49:46Z,44,44,30,0,0,200,2424,0.02
2026-09-14T01:49:48Z,43,44,30,0,0,200,2424,0.02
2026-09-14T01:49:50Z,43,44,30,0,0,200,2426,0.02
2026-09-14T01:49:52Z,44,44,30,0,0,200,2425,0.02
2026-09-14T01:49:54Z,44,44,30,0,0,200,2424,0.02
2026-09-14T01:49:56Z,44,44,30,0,0,200,2424,0.02
2026-09-14T01:49:58Z,43,44,30,0,0,200,2424,0.10
2026-09-14T01:50:00Z,44,44,30,0,0,200,2424,0.10
2026-09-14T01:50:02Z,43,44,30,0,0,200,2423,0.10
2026-09-14T01:50:04Z,43,44,30,0,0,200,2425,0.09
2026-09-14T01:50:06Z,44,44,30,0,0,200,2424,0.09
2026-09-14T01:50:08Z,43,44,30,0,0,200,2424,0.08
2026-09-14T01:50:10Z,43,44,30,0,0,200,2425,0.08
2026-09-14T01:50:12Z,43,44,30,0,0,200,2425,0.08
2026-09-14T01:50:14Z,43,44,30,0,0,200,2424,0.08
2026-09-14T01:50:16Z,44,44,30,0,0,200,2424,0.08
2026-09-14T01:50:18Z,43,44,30,0,0,200,2425,0.07
2026-09-14T01:50:21Z,43,44,30,0,0,200,2424,0.07
2026-09-14T01:50:23Z,43,44,30,0,0,200,2424,0.07
2026-09-14T01:50:25Z,43,44,30,0,0,200,2424,0.06
2026-09-14T01:50:27Z,43,44,30,0,0,200,2424,0.06
2026-09-14T01:50:29Z,44,44,30,0,0,200,2425,0.06
2026-09-14T01:50:31Z,43,44,30,0,0,200,2424,0.06
2026-09-14T01:50:33Z,43,44,30,0,0,200,2424,0.06
2026-09-14T01:50:35Z,44,44,30,0,0,200,2425,0.05
2026-09-14T01:50:37Z,43,44,30,0,0,200,2424,0.05
2026-09-14T01:50:39Z,43,44,30,0,0,200,2423,0.05
2026-09-14T01:50:41Z,43,44,30,0,0,200,2424,0.05
2026-09-14T01:50:43Z,43,44,30,0,0,200,2424,0.05
2026-09-14T01:50:45Z,43,44,30,0,0,200,2424,0.05
2026-09-14T01:50:47Z,43,44,30,0,0,200,2424,0.05
2026-09-14T01:50:49Z,43,44,30,0,0,200,2423,0.04
2026-09-14T01:50:51Z,43,44,30,0,0,200,2424,0.04
2026-09-14T01:50:53Z,43,44,30,0,0,200,2424,0.04
2026-09-14T01:50:55Z,43,44,30,0,0,200,2424,0.04
2026-09-14T01:50:57Z,44,44,30,0,0,200,2425,0.04
2026-09-14T01:50:59Z,43,44,30,0,0,200,2424,0.03
2026-09-14T01:51:02Z,43,44,30,0,0,200,2425,0.03
2026-09-14T01:51:04Z,43,44,30,0,0,200,2424,0.03
2026-09-14T01:51:06Z,43,44,30,0,0,200,2424,0.03
2026-09-14T01:51:08Z,43,44,30,0,0,200,2424,0.03
2026-09-14T01:51:10Z,43,44,30,0,0,200,2422,0.03
2026-09-14T01:51:12Z,43,44,30,0,0,200,2424,0.03
2026-09-14T01:51:14Z,43,44,30,0,0,200,2422,0.03
2026-09-14T01:51:16Z,43,44,30,0,0,200,2425,0.03
2026-09-14T01:51:18Z,43,44,30,0,0,200,2425,0.03
2026-09-14T01:51:20Z,43,44,30,0,0,200,2424,0.02
2026-09-14T01:51:22Z,43,44,30,0,0,200,2425,0.02
2026-09-14T01:51:24Z,43,44,30,0,0,200,2425,0.02
2026-09-14T01:51:26Z,43,44,30,0,0,200,2426,0.02
2026-09-14T01:51:28Z,43,44,30,0,0,200,2424,0.02
2026-09-14T01:51:30Z,43,44,30,0,0,200,2425,0.02
2026-09-14T01:51:32Z,43,44,30,0,0,200,2424,0.02
2026-09-14T01:51:34Z,43,44,30,0,0,200,2424,0.02
2026-09-14T01:51:36Z,43,44,30,0,0,200,2424,0.02
2026-09-14T01:51:38Z,43,44,30,0,0,200,2424,0.02
2026-09-14T01:51:40Z,43,44,30,0,0,200,2424,0.02
2026-09-14T01:51:43Z,43,44,30,0,0,200,2424,0.02
2026-09-14T01:51:45Z,43,44,30,0,0,200,2424,0.02
2026-09-14T01:51:47Z,43,44,30,0,0,200,2426,0.02
2026-09-14T01:51:49Z,43,44,30,0,0,200,2424,0.01
2026-09-14T01:51:51Z,43,44,30,0,0,200,2424,0.01
2026-09-14T01:51:53Z,43,44,30,0,0,200,2424,0.01
2026-09-14T01:51:55Z,43,44,30,0,0,200,2425,0.01
2026-09-14T01:51:57Z,43,44,30,0,0,200,2425,0.01
2026-09-14T01:51:59Z,43,44,30,0,0,200,2424,0.09
2026-09-14T01:52:01Z,43,44,30,0,0,200,2425,0.09
2026-09-14T01:52:03Z,43,44,30,0,0,200,2424,0.16
2026-09-14T01:52:05Z,43,44,30,0,0,200,2424,0.16
2026-09-14T01:52:07Z,43,44,30,0,0,200,2424,0.16
2026-09-14T01:52:09Z,43,44,30,0,0,200,2424,0.15
2026-09-14T01:52:11Z,43,44,30,0,0,200,2424,0.15
2026-09-14T01:52:13Z,43,44,30,0,0,200,2424,0.14
2026-09-14T01:52:15Z,43,44,30,0,0,200,2424,0.14
2026-09-14T01:52:17Z,43,44,30,0,0,200,2425,0.14
2026-09-14T01:52:19Z,42,43,30,0,0,200,2424,0.13
2026-09-14T01:52:21Z,43,43,30,0,0,200,2426,0.13
2026-09-14T01:52:24Z,43,43,30,0,0,200,2424,0.12
2026-09-14T01:52:26Z,43,43,30,0,0,200,2424,0.12
2026-09-14T01:52:28Z,43,43,30,0,0,200,2424,0.12
2026-09-14T01:52:30Z,43,43,30,0,0,200,2424,0.11
2026-09-14T01:52:32Z,43,43,30,0,0,200,2424,0.11
2026-09-14T01:52:34Z,43,43,30,0,0,200,2424,0.10
2026-09-14T01:52:36Z,43,43,30,0,0,200,2425,0.10
2026-09-14T01:52:38Z,43,43,30,0,0,200,2425,0.10
2026-09-14T01:52:40Z,43,43,30,0,0,200,2424,0.09
2026-09-14T01:52:42Z,42,43,30,0,0,200,2427,0.09
2026-09-14T01:52:44Z,43,43,30,0,0,200,2424,0.08
2026-09-14T01:52:46Z,43,43,30,0,0,200,2424,0.08
2026-09-14T01:52:48Z,42,43,30,0,0,200,2425,0.08
2026-09-14T01:52:50Z,43,43,30,0,0,200,2424,0.08
2026-09-14T01:52:52Z,43,43,30,0,0,200,2425,0.08
2026-09-14T01:52:54Z,42,43,30,0,0,200,2424,0.07
2026-09-14T01:52:56Z,42,43,30,0,0,200,2424,0.07
2026-09-14T01:52:58Z,43,43,30,0,0,200,2424,0.06
2026-09-14T01:53:00Z,43,43,30,0,0,200,2424,0.06
2026-09-14T01:53:02Z,42,43,30,0,0,200,2424,0.06
2026-09-14T01:53:04Z,43,43,30,0,0,200,2424,0.06
2026-09-14T01:53:07Z,42,43,30,0,0,200,2425,0.06
2026-09-14T01:53:09Z,43,43,30,0,0,200,2425,0.05
2026-09-14T01:53:11Z,43,43,30,0,0,200,2424,0.05
2026-09-14T01:53:13Z,43,43,30,0,0,200,2424,0.05
2026-09-14T01:53:15Z,42,43,30,0,0,200,2424,0.05
2026-09-14T01:53:17Z,43,43,30,0,0,200,2424,0.05
2026-09-14T01:53:19Z,42,43,30,0,0,200,2424,0.05
2026-09-14T01:53:21Z,43,43,30,0,0,200,2424,0.05
2026-09-14T01:53:23Z,42,43,30,0,0,200,2424,0.05
2026-09-14T01:53:25Z,43,43,30,0,0,200,2424,0.04
2026-09-14T01:53:27Z,42,43,30,0,0,200,2424,0.04
2026-09-14T01:53:29Z,42,43,30,0,0,200,2425,0.04
2026-09-14T01:53:31Z,42,43,30,0,0,200,2425,0.04
2026-09-14T01:53:33Z,42,43,30,0,0,200,2424,0.03
2026-09-14T01:53:35Z,42,43,30,0,0,200,2425,0.03
2026-09-14T01:53:37Z,42,43,30,0,0,200,2424,0.03
2026-09-14T01:53:39Z,42,43,30,0,0,200,2424,0.03
2026-09-14T01:53:41Z,42,43,30,0,0,200,2424,0.03
2026-09-14T01:53:43Z,42,43,30,0,0,200,2425,0.03
2026-09-14T01:53:46Z,42,43,30,0,0,200,2424,0.03
2026-09-14T01:53:48Z,42,43,30,0,0,200,2425,0.03
2026-09-14T01:53:50Z,43,43,30,0,0,200,2424,0.03
2026-09-14T01:53:52Z,43,43,30,0,0,200,2425,0.03
2026-09-14T01:53:54Z,43,43,30,0,0,200,2424,0.02
2026-09-14T01:53:56Z,42,43,30,0,0,200,2424,0.02
2026-09-14T01:53:58Z,42,43,30,0,0,200,2424,0.02
2026-09-14T01:54:00Z,42,43,30,0,0,200,2424,0.02
2026-09-14T01:54:02Z,42,43,30,0,0,200,2425,0.02
2026-09-14T01:54:04Z,42,43,30,0,0,200,2424,0.02
2026-09-14T01:54:06Z,42,43,30,0,0,200,2425,0.02
2026-09-14T01:54:08Z,43,43,30,0,0,200,2424,0.10
2026-09-14T01:54:10Z,42,43,30,0,0,200,2424,0.10
2026-09-14T01:54:12Z,42,43,30,0,0,200,2426,0.10
2026-09-14T01:54:14Z,42,43,30,0,0,200,2426,0.09
2026-09-14T01:54:16Z,43,43,30,0,0,200,2423,0.09
2026-09-14T01:54:18Z,42,43,30,0,0,200,2424,0.08
2026-09-14T01:54:20Z,43,43,30,0,0,200,2424,0.08
2026-09-14T01:54:22Z,43,43,30,0,0,200,2424,0.08
2026-09-14T01:54:24Z,43,43,30,0,0,200,2425,0.16
2026-09-14T01:54:27Z,42,43,30,0,0,200,2424,0.16
2026-09-14T01:54:29Z,43,43,30,0,0,200,2425,0.14
2026-09-14T01:54:31Z,42,43,30,0,0,200,2424,0.14
2026-09-14T01:54:33Z,42,43,30,0,0,200,2424,0.14
2026-09-14T01:54:35Z,42,43,30,0,0,200,2424,0.13
2026-09-14T01:54:37Z,42,43,30,0,0,200,2424,0.13
2026-09-14T01:54:39Z,42,43,30,0,0,200,2421,0.12
2026-09-14T01:54:41Z,42,43,30,0,0,200,2424,0.12
2026-09-14T01:54:43Z,42,43,30,0,0,200,2423,0.12
2026-09-14T01:54:45Z,42,43,30,0,0,200,2425,0.11
2026-09-14T01:54:47Z,42,43,30,0,0,200,2426,0.11
2026-09-14T01:54:49Z,42,43,30,0,0,200,2424,0.10
2026-09-14T01:54:51Z,43,43,30,0,0,200,2424,0.10
2026-09-14T01:54:53Z,42,43,30,0,0,200,2423,0.09
2026-09-14T01:54:55Z,42,43,30,0,0,200,2424,0.09
2026-09-14T01:54:57Z,42,43,30,0,0,200,2424,0.09
2026-09-14T01:54:59Z,42,43,30,0,0,200,2424,0.09
2026-09-14T01:55:01Z,42,43,30,0,0,200,2427,0.09
2026-09-14T01:55:03Z,42,43,30,0,0,200,2424,0.08
2026-09-14T01:55:05Z,42,43,30,0,0,200,2424,0.08
2026-09-14T01:55:07Z,42,43,30,0,0,200,2424,0.08
2026-09-14T01:55:10Z,42,43,30,0,0,200,2424,0.07
2026-09-14T01:55:12Z,42,43,30,0,0,200,2424,0.07
2026-09-14T01:55:14Z,42,43,30,0,0,200,2424,0.07
2026-09-14T01:55:16Z,42,43,30,0,0,200,2426,0.07
2026-09-14T01:55:18Z,42,43,30,0,0,200,2424,0.07
2026-09-14T01:55:20Z,42,43,30,0,0,200,2425,0.06
2026-09-14T01:55:22Z,42,43,30,0,0,200,2424,0.06
2026-09-14T01:55:24Z,42,43,30,0,0,200,2425,0.06
2026-09-14T01:55:26Z,42,43,30,0,0,200,2426,0.06
2026-09-14T01:55:28Z,42,43,30,0,0,200,2424,0.06
2026-09-14T01:55:30Z,42,43,30,0,0,200,2425,0.05
2026-09-14T01:55:32Z,41,43,30,0,0,200,2424,0.05
2026-09-14T01:55:34Z,42,43,30,0,0,200,2425,0.05
2026-09-14T01:55:36Z,42,43,30,0,0,200,2426,0.05
2026-09-14T01:55:38Z,42,43,30,0,0,200,2425,0.04
2026-09-14T01:55:40Z,42,43,30,0,0,200,2426,0.04
2026-09-14T01:55:42Z,43,43,30,0,0,200,2425,0.04
2026-09-14T01:55:44Z,42,43,30,0,0,200,2426,0.04
2026-09-14T01:55:46Z,42,43,30,0,0,200,2425,0.04
2026-09-14T01:55:48Z,42,43,30,0,0,200,2426,0.04
2026-09-14T01:55:51Z,42,43,30,0,0,200,2424,0.04
2026-09-14T01:55:53Z,42,43,30,0,0,200,2425,0.04
2026-09-14T01:55:55Z,42,43,30,0,0,200,2424,0.03
2026-09-14T01:55:57Z,42,43,30,0,0,200,2424,0.03
2026-09-14T01:55:59Z,42,43,30,0,0,200,2424,0.03
2026-09-14T01:56:01Z,42,43,30,0,0,200,2425,0.03
2026-09-14T01:56:03Z,42,43,30,0,0,200,2424,0.03
2026-09-14T01:56:05Z,42,43,30,0,0,200,2425,0.03
2026-09-14T01:56:07Z,42,43,30,0,0,200,2425,0.03
2026-09-14T01:56:09Z,42,43,30,0,0,200,2424,0.02
2026-09-14T01:56:11Z,42,43,30,0,0,200,2424,0.02
2026-09-14T01:56:13Z,42,43,30,0,0,200,2424,0.02
2026-09-14T01:56:15Z,42,43,30,0,0,200,2424,0.02
2026-09-14T01:56:17Z,42,43,30,0,0,200,2424,0.02
2026-09-14T01:56:19Z,42,43,30,0,0,200,2424,0.02
2026-09-14T01:56:21Z,42,43,30,0,0,200,2425,0.02
2026-09-14T01:56:23Z,41,43,30,0,0,200,2424,0.10
2026-09-14T01:56:25Z,42,43,30,0,0,200,2425,0.10
2026-09-14T01:56:27Z,42,43,30,0,0,200,2424,0.10
2026-09-14T01:56:29Z,42,43,30,0,0,200,2424,0.09
2026-09-14T01:56:32Z,42,43,30,0,0,200,2426,0.09
2026-09-14T01:56:34Z,42,43,30,0,0,200,2425,0.08
2026-09-14T01:56:36Z,42,43,30,0,0,200,2425,0.08
2026-09-14T01:56:38Z,42,43,30,0,0,200,2424,0.08
2026-09-14T01:56:40Z,41,43,30,0,0,200,2424,0.08
2026-09-14T01:56:42Z,42,43,30,0,0,200,2426,0.08
2026-09-14T01:56:44Z,41,43,30,0,0,200,2425,0.07
2026-09-14T01:56:46Z,42,43,30,0,0,200,2424,0.07
2026-09-14T01:56:48Z,42,43,30,0,0,200,2425,0.07
2026-09-14T01:56:50Z,42,43,30,0,0,200,2424,0.06
2026-09-14T01:56:52Z,42,43,30,0,0,200,2424,0.06
2026-09-14T01:56:54Z,42,43,30,0,0,200,2424,0.06
2026-09-14T01:56:56Z,42,43,30,0,0,200,2424,0.06
2026-09-14T01:56:58Z,42,43,30,0,0,200,2425,0.05
2026-09-14T01:57:00Z,42,43,30,0,0,200,2424,0.05
2026-09-14T01:57:02Z,42,43,30,0,0,200,2424,0.05
2026-09-14T01:57:04Z,42,42,30,0,0,200,2424,0.05
2026-09-14T01:57:06Z,42,42,30,0,0,200,2425,0.05
2026-09-14T01:57:08Z,42,42,30,0,0,200,2424,0.05
2026-09-14T01:57:10Z,42,42,30,0,0,200,2424,0.05
2026-09-14T01:57:13Z,42,42,30,0,0,200,2424,0.05
2026-09-14T01:57:15Z,42,42,30,0,0,200,2426,0.04
2026-09-14T01:57:17Z,41,42,30,0,0,200,2424,0.04
2026-09-14T01:57:19Z,42,42,30,0,0,200,2424,0.04
2026-09-14T01:57:21Z,42,42,30,0,0,200,2424,0.04
2026-09-14T01:57:23Z,42,42,30,0,0,200,2424,0.04
2026-09-14T01:57:25Z,42,42,30,0,0,200,2425,0.03
2026-09-14T01:57:27Z,42,42,30,0,0,200,2425,0.03
2026-09-14T01:57:29Z,42,42,30,0,0,200,2424,0.03
2026-09-14T01:57:31Z,42,42,30,0,0,200,2424,0.03
2026-09-14T01:57:33Z,42,42,30,0,0,200,2425,0.03
2026-09-14T01:57:35Z,42,42,30,0,0,200,2427,0.03
2026-09-14T01:57:37Z,42,42,30,0,0,200,2427,0.03
2026-09-14T01:57:39Z,42,42,30,0,0,200,2427,0.03
2026-09-14T01:57:41Z,42,42,30,0,0,200,2424,0.03
2026-09-14T01:57:43Z,41,42,30,0,0,200,2424,0.02
2026-09-14T01:57:45Z,41,42,30,0,0,200,2425,0.02
2026-09-14T01:57:47Z,41,42,30,0,0,200,2424,0.02
2026-09-14T01:57:49Z,42,42,30,0,0,200,2424,0.02
2026-09-14T01:57:51Z,42,42,30,0,0,200,2427,0.02
2026-09-14T01:57:54Z,42,42,30,0,0,200,2425,0.02
2026-09-14T01:57:56Z,42,42,30,0,0,200,2424,0.02
2026-09-14T01:57:58Z,42,42,30,0,0,200,2424,0.02
2026-09-14T01:58:00Z,42,42,30,0,0,200,2425,0.02
2026-09-14T01:58:02Z,42,42,30,0,0,200,2424,0.02
2026-09-14T01:58:04Z,42,42,30,0,0,200,2424,0.02
2026-09-14T01:58:06Z,42,42,30,0,0,200,2425,0.02
2026-09-14T01:58:08Z,42,42,30,0,0,200,2424,0.02
2026-09-14T01:58:10Z,41,42,30,0,0,200,2425,0.02
2026-09-14T01:58:12Z,42,42,30,0,0,200,2424,0.02
2026-09-14T01:58:14Z,42,42,30,0,0,200,2424,0.01
2026-09-14T01:58:16Z,42,42,30,0,0,200,2425,0.01
2026-09-14T01:58:18Z,42,42,30,0,0,200,2424,0.01
2026-09-14T01:58:20Z,41,42,30,0,0,200,2425,0.01
2026-09-14T01:58:22Z,41,42,30,0,0,200,2424,0.01
2026-09-14T01:58:24Z,41,42,30,0,0,200,2426,0.01
2026-09-14T01:58:26Z,41,42,30,0,0,200,2425,0.01
2026-09-14T01:58:28Z,42,42,30,0,0,200,2424,0.01
2026-09-14T01:58:30Z,42,42,30,0,0,200,2425,0.01
2026-09-14T01:58:32Z,42,42,30,0,0,200,2426,0.01
2026-09-14T01:58:35Z,42,42,30,0,0,200,2426,0.01
2026-09-14T01:58:37Z,41,42,30,0,0,200,2425,0.01
2026-09-14T01:58:39Z,42,42,30,0,0,200,2425,0.01
2026-09-14T01:58:41Z,42,42,30,0,0,200,2424,0.01
2026-09-14T01:58:43Z,41,42,30,0,0,200,2425,0.01
2026-09-14T01:58:45Z,42,42,30,0,0,200,2425,0.01
2026-09-14T01:58:47Z,41,42,30,0,0,200,2426,0.01
2026-09-14T01:58:49Z,41,42,30,0,0,200,2424,0.01
2026-09-14T01:58:51Z,42,42,30,0,0,200,2424,0.01
2026-09-14T01:58:53Z,41,42,30,0,0,200,2424,0.01
2026-09-14T01:58:55Z,42,42,30,0,0,200,2425,0.01
2026-09-14T01:58:57Z,42,42,30,0,0,200,2424,0.01
2026-09-14T01:58:59Z,42,42,30,0,0,200,2424,0.00
2026-09-14T01:59:01Z,42,42,30,0,0,200,2426,0.00
2026-09-14T01:59:03Z,42,42,30,0,0,200,2424,0.00
2026-09-14T01:59:05Z,42,42,30,0,0,200,2424,0.00
2026-09-14T01:59:07Z,41,42,30,0,0,200,2424,0.00
2026-09-14T01:59:09Z,42,42,30,0,0,200,2426,0.00
2026-09-14T01:59:11Z,42,42,30,0,0,200,2425,0.00
2026-09-14T01:59:13Z,42,42,30,0,0,200,2424,0.00
2026-09-14T01:59:16Z,42,42,30,0,0,200,2425,0.00
2026-09-14T01:59:18Z,42,42,30,0,0,200,2425,0.00
2026-09-14T01:59:20Z,41,42,30,0,0,200,2424,0.00
2026-09-14T01:59:22Z,42,42,30,0,0,200,2424,0.00
2026-09-14T01:59:24Z,42,42,30,0,0,200,2424,0.00
2026-09-14T01:59:26Z,42,42,30,0,0,200,2424,0.00
2026-09-14T01:59:28Z,42,42,30,0,0,200,2424,0.00
2026-09-14T01:59:30Z,42,42,30,0,0,200,2425,0.00
2026-09-14T01:59:32Z,41,42,30,0,0,200,2425,0.00
2026-09-14T01:59:34Z,41,42,30,0,0,200,2424,0.00
2026-09-14T01:59:36Z,42,42,30,0,0,200,2424,0.00
2026-09-14T01:59:38Z,42,42,30,0,0,200,2424,0.00
2026-09-14T01:59:40Z,41,42,30,0,0,200,2425,0.00
2026-09-14T01:59:42Z,41,42,30,0,0,200,2424,0.00
2026-09-14T01:59:44Z,42,42,30,0,0,200,2425,0.00
2026-09-14T01:59:46Z,42,42,30,0,0,200,2424,0.00
2026-09-14T01:59:48Z,41,42,30,0,0,200,2425,0.00
2026-09-14T01:59:50Z,42,42,30,0,0,200,2424,0.00
2026-09-14T01:59:52Z,41,42,30,0,0,200,2424,0.00
2026-09-14T01:59:54Z,42,42,30,0,0,200,2425,0.00
2026-09-14T01:59:56Z,41,42,30,0,0,200,2425,0.00
2026-09-14T01:59:59Z,41,42,30,0,0,200,2424,0.00
2026-09-14T02:00:01Z,41,42,30,0,0,200,2424,0.00
2026-09-14T02:00:03Z,42,42,30,0,0,200,2424,0.00
2026-09-14T02:00:05Z,42,42,30,0,0,200,2424,0.00
2026-09-14T02:00:07Z,41,42,30,0,0,200,2424,0.00
2026-09-14T02:00:09Z,41,42,30,0,0,200,2424,0.00
2026-09-14T02:00:11Z,41,42,30,0,0,200,2424,0.00
2026-09-14T02:00:13Z,41,42,30,0,0,200,2425,0.00
2026-09-14T02:00:15Z,41,42,30,0,0,200,2424,0.00
2026-09-14T02:00:17Z,42,42,30,0,0,200,2425,0.00
2026-09-14T02:00:19Z,41,42,30,0,0,200,2424,0.00
2026-09-14T02:00:21Z,42,42,30,0,0,200,2424,0.00
2026-09-14T02:00:23Z,42,42,30,0,0,200,2424,0.00
2026-09-14T02:00:25Z,42,42,30,0,0,200,2424,0.00
2026-09-14T02:00:27Z,41,42,30,0,0,200,2424,0.00
2026-09-14T02:00:29Z,41,42,30,0,0,200,2424,0.00
2026-09-14T02:00:31Z,42,42,30,0,0,200,2424,0.00
2026-09-14T02:00:33Z,41,42,30,0,0,200,2424,0.00
2026-09-14T02:00:35Z,41,42,30,0,0,200,2424,0.00
2026-09-14T02:00:37Z,41,42,30,0,0,200,2424,0.00
2026-09-14T02:00:40Z,41,42,30,0,0,200,2424,0.00
2026-09-14T02:00:42Z,41,42,30,0,0,200,2425,0.00
2026-09-14T02:00:44Z,41,42,30,0,0,200,2419,0.00
2026-09-14T02:00:46Z,42,42,30,0,0,200,2426,0.00
2026-09-14T02:00:48Z,41,42,30,0,0,200,2424,0.00
2026-09-14T02:00:50Z,41,42,30,0,0,200,2424,0.00
2026-09-14T02:00:52Z,41,42,30,0,0,200,2424,0.00
2026-09-14T02:00:54Z,42,42,30,0,0,200,2424,0.00
2026-09-14T02:00:56Z,41,42,30,0,0,200,2424,0.00
2026-09-14T02:00:58Z,41,42,30,0,0,200,2425,0.00
2026-09-14T02:01:00Z,42,42,30,0,0,200,2425,0.00
2026-09-14T02:01:02Z,41,42,30,0,0,200,2425,0.00
2026-09-14T02:01:04Z,41,42,30,0,0,200,2424,0.00
2026-09-14T02:01:06Z,42,42,30,0,0,200,2424,0.00
2026-09-14T02:01:08Z,42,42,30,0,0,200,2424,0.00
2026-09-14T02:01:10Z,42,42,30,0,0,200,2425,0.00
2026-09-14T02:01:12Z,41,42,30,0,0,200,2424,0.00
2026-09-14T02:01:14Z,41,42,30,0,0,200,2425,0.00
2026-09-14T02:01:16Z,41,42,30,0,0,200,2424,0.00
2026-09-14T02:01:18Z,41,42,30,0,0,200,2424,0.00
2026-09-14T02:01:21Z,41,42,30,0,0,200,2424,0.00
2026-09-14T02:01:23Z,42,42,30,0,0,200,2424,0.00
2026-09-14T02:01:25Z,42,42,30,0,0,200,2424,0.00
2026-09-14T02:01:27Z,42,42,30,0,0,200,2424,0.00
2026-09-14T02:01:29Z,41,42,30,0,0,200,2424,0.00
2026-09-14T02:01:31Z,42,42,30,0,0,200,2424,0.00
2026-09-14T02:01:33Z,41,42,30,0,0,200,2424,0.00
2026-09-14T02:01:35Z,41,42,30,0,0,200,2426,0.00
2026-09-14T02:01:37Z,41,42,30,0,0,200,2424,0.00
2026-09-14T02:01:39Z,42,42,30,0,0,200,2424,0.00
2026-09-14T02:01:41Z,41,42,30,0,0,200,2424,0.00
2026-09-14T02:01:43Z,41,42,30,0,0,200,2424,0.00
2026-09-14T02:01:45Z,41,42,30,0,0,200,2424,0.00
2026-09-14T02:01:47Z,41,42,30,0,0,200,2424,0.00
2026-09-14T02:01:49Z,41,42,30,0,0,200,2425,0.00
2026-09-14T02:01:51Z,42,42,30,0,0,200,2426,0.00
2026-09-14T02:01:53Z,41,42,30,0,0,200,2424,0.00
2026-09-14T02:01:55Z,42,42,30,0,0,200,2425,0.00
2026-09-14T02:01:57Z,41,42,30,0,0,200,2424,0.00
2026-09-14T02:01:59Z,41,42,30,0,0,200,2426,0.00
2026-09-14T02:02:02Z,42,42,30,0,0,200,2424,0.00
2026-09-14T02:02:04Z,41,42,30,0,0,200,2425,0.00
2026-09-14T02:02:06Z,41,42,30,0,0,200,2425,0.00
2026-09-14T02:02:08Z,41,42,30,0,0,200,2425,0.00
2026-09-14T02:02:10Z,42,42,30,0,0,200,2424,0.00
2026-09-14T02:02:12Z,41,42,30,0,0,200,2424,0.00
2026-09-14T02:02:14Z,41,42,30,0,0,200,2425,0.00
2026-09-14T02:02:16Z,41,42,30,0,0,200,2424,0.00
2026-09-14T02:02:18Z,41,42,30,0,0,200,2424,0.00
2026-09-14T02:02:20Z,41,42,30,0,0,200,2424,0.00
2026-09-14T02:02:22Z,41,42,30,0,0,200,2424,0.00
2026-09-14T02:02:24Z,41,42,30,0,0,200,2425,0.00
2026-09-14T02:02:26Z,41,42,30,0,0,200,2425,0.00
2026-09-14T02:02:28Z,41,42,30,0,0,200,2424,0.08
2026-09-14T02:02:30Z,41,42,30,0,0,200,2425,0.08
2026-09-14T02:02:32Z,41,42,30,0,0,200,2424,0.08
2026-09-14T02:02:34Z,42,42,30,0,0,200,2424,0.07
2026-09-14T02:02:36Z,41,42,30,0,0,200,2424,0.07
2026-09-14T02:02:38Z,41,42,30,0,0,200,2430,0.07
2026-09-14T02:02:40Z,41,42,30,0,0,200,2425,0.07
2026-09-14T02:02:43Z,41,42,30,0,0,200,2424,0.07
2026-09-14T02:02:45Z,41,42,30,0,0,200,2424,0.06
2026-09-14T02:02:47Z,41,42,30,0,0,200,2425,0.06
2026-09-14T02:02:49Z,41,42,30,0,0,200,2424,0.06
2026-09-14T02:02:51Z,42,42,30,0,0,200,2425,0.06
2026-09-14T02:02:53Z,41,42,30,0,0,200,2425,0.06
2026-09-14T02:02:55Z,41,42,30,0,0,200,2424,0.05
2026-09-14T02:02:57Z,41,42,30,0,0,200,2424,0.05
2026-09-14T02:02:59Z,41,42,30,0,0,200,2424,0.05
2026-09-14T02:03:01Z,42,42,30,0,0,200,2425,0.05
2026-09-14T02:03:03Z,41,42,30,0,0,200,2424,0.05
2026-09-14T02:03:05Z,41,42,30,0,0,200,2424,0.04
2026-09-14T02:03:07Z,41,42,30,0,0,200,2425,0.04
2026-09-14T02:03:09Z,41,42,30,0,0,200,2424,0.04
2026-09-14T02:03:11Z,42,42,30,0,0,200,2425,0.04
2026-09-14T02:03:13Z,41,42,30,0,0,200,2424,0.04
2026-09-14T02:03:15Z,41,42,30,0,0,200,2424,0.04
2026-09-14T02:03:17Z,41,42,30,0,0,200,2425,0.04
2026-09-14T02:03:19Z,41,42,30,0,0,200,2424,0.03
2026-09-14T02:03:21Z,41,42,30,0,0,200,2425,0.03
2026-09-14T02:03:24Z,41,42,30,0,0,200,2424,0.03
2026-09-14T02:03:26Z,42,42,30,0,0,200,2425,0.03
2026-09-14T02:03:28Z,42,42,30,0,0,200,2424,0.03
2026-09-14T02:03:30Z,41,42,30,0,0,200,2424,0.03
2026-09-14T02:03:32Z,41,42,30,0,0,200,2426,0.03
2026-09-14T02:03:34Z,41,42,30,0,0,200,2425,0.02
2026-09-14T02:03:36Z,41,42,30,0,0,200,2425,0.02
2026-09-14T02:03:38Z,42,42,30,0,0,200,2424,0.02
2026-09-14T02:03:40Z,41,42,30,0,0,200,2424,0.02
2026-09-14T02:03:42Z,41,42,30,0,0,200,2425,0.02
2026-09-14T02:03:44Z,41,42,30,0,0,200,2424,0.02
2026-09-14T02:03:46Z,41,42,30,0,0,200,2424,0.02
2026-09-14T02:03:48Z,41,42,30,0,0,200,2424,0.02
2026-09-14T02:03:50Z,42,42,30,0,0,200,2424,0.02
2026-09-14T02:03:52Z,41,42,30,0,0,200,2424,0.02
2026-09-14T02:03:54Z,42,42,30,0,0,200,2419,0.10
2026-09-14T02:03:56Z,41,42,30,0,0,200,2424,0.10
2026-09-14T02:03:58Z,41,42,30,0,0,200,2425,0.09
2026-09-14T02:04:00Z,41,42,30,0,0,200,2424,0.09
2026-09-14T02:04:02Z,41,42,30,0,0,200,2424,0.09
2026-09-14T02:04:05Z,41,42,30,0,0,200,2425,0.08
2026-09-14T02:04:07Z,41,42,30,0,0,200,2424,0.08
2026-09-14T02:04:09Z,41,42,30,0,0,200,2424,0.08
2026-09-14T02:04:11Z,41,42,30,0,0,200,2424,0.08
2026-09-14T02:04:13Z,41,42,30,0,0,200,2427,0.08
2026-09-14T02:04:15Z,41,42,30,0,0,200,2424,0.07
2026-09-14T02:04:17Z,41,42,30,0,0,200,2424,0.07
2026-09-14T02:04:19Z,41,42,30,0,0,200,2424,0.06
2026-09-14T02:04:21Z,41,42,30,0,0,200,2425,0.06
2026-09-14T02:04:23Z,41,42,30,0,0,200,2424,0.06
2026-09-14T02:04:25Z,41,42,30,0,0,200,2424,0.06
2026-09-14T02:04:27Z,41,42,30,0,0,200,2424,0.06
2026-09-14T02:04:29Z,41,42,30,0,0,200,2424,0.13
2026-09-14T02:04:31Z,41,42,30,0,0,200,2424,0.13
2026-09-14T02:04:33Z,41,42,30,0,0,200,2424,0.12
2026-09-14T02:04:35Z,41,42,30,0,0,200,2425,0.12
2026-09-14T02:04:37Z,42,42,30,0,0,200,2425,0.12
2026-09-14T02:04:39Z,41,42,30,0,0,200,2424,0.11
2026-09-14T02:04:41Z,41,42,30,0,0,200,2425,0.11
2026-09-14T02:04:43Z,41,42,30,0,0,200,2424,0.10
2026-09-14T02:04:46Z,41,42,30,0,0,200,2424,0.10
2026-09-14T02:04:48Z,41,42,30,0,0,200,2424,0.10
2026-09-14T02:04:50Z,41,42,30,0,0,200,2425,0.09
2026-09-14T02:04:52Z,41,42,30,0,0,200,2425,0.09
2026-09-14T02:04:54Z,41,42,30,0,0,200,2425,0.09
2026-09-14T02:04:56Z,41,42,30,0,0,200,2424,0.09
2026-09-14T02:04:58Z,41,42,30,0,0,200,2424,0.09
2026-09-14T02:05:00Z,41,42,30,0,0,200,2425,0.16
2026-09-14T02:05:02Z,41,42,30,0,0,200,2424,0.16
2026-09-14T02:05:04Z,41,42,30,0,0,200,2424,0.15
2026-09-14T02:05:06Z,41,42,30,0,0,200,2424,0.15
2026-09-14T02:05:08Z,41,42,30,0,0,200,2424,0.15
2026-09-14T02:05:10Z,41,42,30,0,0,200,2424,0.13
2026-09-14T02:05:12Z,41,42,30,0,0,200,2425,0.13
2026-09-14T02:05:14Z,41,42,30,0,0,200,2425,0.12
2026-09-14T02:05:16Z,41,42,30,0,0,200,2424,0.12
2026-09-14T02:05:18Z,41,42,30,0,0,200,2424,0.11
2026-09-14T02:05:20Z,41,42,30,0,0,200,2424,0.11
2026-09-14T02:05:22Z,41,42,30,0,0,200,2425,0.11
2026-09-14T02:05:24Z,41,42,30,0,0,200,2424,0.10
2026-09-14T02:05:26Z,41,42,30,0,0,200,2425,0.10
2026-09-14T02:05:29Z,41,42,30,0,0,200,2425,0.10
2026-09-14T02:05:31Z,41,42,30,0,0,200,2424,0.10
2026-09-14T02:05:33Z,41,42,30,0,0,200,2424,0.10
2026-09-14T02:05:35Z,41,42,30,0,0,200,2424,0.09
2026-09-14T02:05:37Z,41,42,30,0,0,200,2425,0.09
2026-09-14T02:05:39Z,41,42,30,0,0,200,2426,0.08
2026-09-14T02:05:41Z,41,42,30,0,0,200,2424,0.08
2026-09-14T02:05:43Z,41,42,30,0,0,200,2424,0.08
2026-09-14T02:05:45Z,41,42,30,0,0,200,2424,0.07
2026-09-14T02:05:47Z,42,42,30,0,0,200,2424,0.07
2026-09-14T02:05:49Z,41,42,30,0,0,200,2424,0.07
2026-09-14T02:05:51Z,41,42,30,0,0,200,2424,0.07
2026-09-14T02:05:53Z,41,42,30,0,0,200,2424,0.07
2026-09-14T02:05:55Z,41,42,30,0,0,200,2424,0.06
2026-09-14T02:05:57Z,42,42,30,0,0,200,2424,0.06
2026-09-14T02:05:59Z,41,42,30,0,0,200,2425,0.06
2026-09-14T02:06:01Z,41,42,30,0,0,200,2426,0.06
2026-09-14T02:06:03Z,41,42,30,0,0,200,2424,0.05
2026-09-14T02:06:05Z,41,42,30,0,0,200,2424,0.05
2026-09-14T02:06:07Z,41,42,30,0,0,200,2423,0.05
2026-09-14T02:06:10Z,41,42,30,0,0,200,2424,0.05
2026-09-14T02:06:12Z,41,42,30,0,0,200,2424,0.05
2026-09-14T02:06:14Z,41,42,30,0,0,200,2425,0.04
2026-09-14T02:06:16Z,41,42,30,0,0,200,2424,0.04
2026-09-14T02:06:18Z,41,42,30,0,0,200,2425,0.04
2026-09-14T02:06:20Z,41,42,30,0,0,200,2424,0.04
2026-09-14T02:06:22Z,41,42,30,0,0,200,2424,0.04
2026-09-14T02:06:24Z,41,42,30,0,0,200,2425,0.04
2026-09-14T02:06:26Z,41,42,30,0,0,200,2425,0.04
2026-09-14T02:06:28Z,41,42,30,0,0,200,2424,0.04
2026-09-14T02:06:30Z,41,42,30,0,0,200,2424,0.03
2026-09-14T02:06:32Z,41,42,30,0,0,200,2424,0.03
2026-09-14T02:06:34Z,41,42,30,0,0,200,2424,0.03
2026-09-14T02:06:36Z,41,42,30,0,0,200,2424,0.03
2026-09-14T02:06:38Z,41,42,30,0,0,200,2425,0.03
2026-09-14T02:06:40Z,41,42,30,0,0,200,2424,0.03
2026-09-14T02:06:42Z,41,42,30,0,0,200,2426,0.03
2026-09-14T02:06:44Z,41,42,30,0,0,200,2424,0.02
2026-09-14T02:06:46Z,41,42,30,0,0,200,2424,0.02
2026-09-14T02:06:48Z,41,42,30,0,0,200,2424,0.02
2026-09-14T02:06:51Z,41,42,30,0,0,200,2425,0.02
2026-09-14T02:06:53Z,41,42,30,0,0,200,2424,0.02
2026-09-14T02:06:55Z,41,42,30,0,0,200,2424,0.02
2026-09-14T02:06:57Z,41,42,30,0,0,200,2424,0.02
2026-09-14T02:06:59Z,41,42,30,0,0,200,2424,0.02
2026-09-14T02:07:01Z,41,42,30,0,0,200,2424,0.02
2026-09-14T02:07:03Z,41,42,30,0,0,200,2424,0.02
2026-09-14T02:07:05Z,42,42,30,0,0,200,2424,0.02
2026-09-14T02:07:07Z,41,42,30,0,0,200,2426,0.02
2026-09-14T02:07:09Z,41,42,30,0,0,200,2425,0.02
2026-09-14T02:07:11Z,41,42,30,0,0,200,2425,0.02
2026-09-14T02:07:13Z,41,42,30,0,0,200,2424,0.02
2026-09-14T02:07:15Z,41,42,30,0,0,200,2424,0.01
2026-09-14T02:07:17Z,41,42,30,0,0,200,2425,0.01
2026-09-14T02:07:19Z,41,42,30,0,0,200,2424,0.01
2026-09-14T02:07:21Z,41,42,30,0,0,200,2425,0.01
2026-09-14T02:07:23Z,41,42,30,0,0,200,2425,0.01
2026-09-14T02:07:25Z,41,42,30,0,0,200,2424,0.01
2026-09-14T02:07:27Z,41,42,30,0,0,200,2424,0.01
2026-09-14T02:07:29Z,41,42,30,0,0,200,2424,0.01
2026-09-14T02:07:32Z,41,42,30,0,0,200,2425,0.01
2026-09-14T02:07:34Z,41,42,30,0,0,200,2424,0.01
2026-09-14T02:07:36Z,41,42,30,0,0,200,2424,0.01
2026-09-14T02:07:38Z,41,42,30,0,0,200,2424,0.01
2026-09-14T02:07:40Z,41,42,30,0,0,200,2425,0.01
2026-09-14T02:07:42Z,41,42,30,0,0,200,2424,0.01
2026-09-14T02:07:44Z,41,42,30,0,0,200,2425,0.01
2026-09-14T02:07:46Z,41,42,30,0,0,200,2424,0.01
2026-09-14T02:07:48Z,41,42,30,0,0,200,2424,0.01
2026-09-14T02:07:50Z,41,42,30,0,0,200,2424,0.01
2026-09-14T02:07:52Z,41,42,30,0,0,200,2424,0.01
2026-09-14T02:07:54Z,41,42,30,0,0,200,2424,0.01
2026-09-14T02:07:56Z,41,42,30,0,0,200,2424,0.01
2026-09-14T02:07:58Z,41,42,30,0,0,200,2424,0.01
2026-09-14T02:08:00Z,41,42,30,0,0,200,2425,0.00
2026-09-14T02:08:02Z,41,42,30,0,0,200,2424,0.00
2026-09-14T02:08:04Z,41,42,30,0,0,200,2424,0.00
2026-09-14T02:08:06Z,41,42,30,0,0,200,2424,0.00
2026-09-14T02:08:08Z,41,42,30,0,0,200,2425,0.00
2026-09-14T02:08:10Z,41,42,30,0,0,200,2425,0.00
2026-09-14T02:08:13Z,41,42,30,0,0,200,2424,0.00
2026-09-14T02:08:15Z,41,42,30,0,0,200,2424,0.00
2026-09-14T02:08:17Z,41,42,30,0,0,200,2424,0.00
2026-09-14T02:08:19Z,41,42,30,0,0,200,2424,0.00
2026-09-14T02:08:21Z,42,42,30,0,0,200,2425,0.00
2026-09-14T02:08:23Z,41,42,30,0,0,200,2424,0.00
2026-09-14T02:08:25Z,41,42,30,0,0,200,2424,0.00
2026-09-14T02:08:27Z,41,42,30,0,0,200,2424,0.00
2026-09-14T02:08:29Z,42,42,30,0,0,200,2424,0.00
2026-09-14T02:08:31Z,41,42,30,0,0,200,2425,0.00
2026-09-14T02:08:33Z,41,42,30,0,0,200,2424,0.00
2026-09-14T02:08:35Z,41,42,30,0,0,200,2424,0.00
2026-09-14T02:08:37Z,41,42,30,0,0,200,2424,0.00
2026-09-14T02:08:39Z,41,42,30,0,0,200,2424,0.00
2026-09-14T02:08:41Z,41,42,30,0,0,200,2425,0.00
2026-09-14T02:08:43Z,41,42,30,0,0,200,2424,0.00
2026-09-14T02:08:45Z,41,42,30,0,0,200,2425,0.00
2026-09-14T02:08:47Z,41,42,30,0,0,200,2425,0.00
2026-09-14T02:08:49Z,41,42,30,0,0,200,2424,0.00
2026-09-14T02:08:51Z,41,42,30,0,0,200,2424,0.00
2026-09-14T02:08:54Z,41,42,30,0,0,200,2424,0.00
2026-09-14T02:08:56Z,42,42,30,0,0,200,2424,0.00
2026-09-14T02:08:58Z,41,42,30,0,0,200,2424,0.00
2026-09-14T02:09:00Z,41,42,30,0,0,200,2424,0.00
2026-09-14T02:09:02Z,41,42,30,0,0,200,2424,0.00
2026-09-14T02:09:04Z,41,42,30,0,0,200,2424,0.00
2026-09-14T02:09:06Z,41,42,30,0,0,200,2425,0.00
2026-09-14T02:09:08Z,41,42,30,0,0,200,2424,0.00
2026-09-14T02:09:10Z,42,42,30,0,0,200,2424,0.00
2026-09-14T02:09:12Z,41,42,30,0,0,200,2424,0.00
2026-09-14T02:09:14Z,42,42,30,0,0,200,2424,0.00
2026-09-14T02:09:16Z,41,42,30,0,0,200,2424,0.00
2026-09-14T02:09:18Z,41,42,30,0,0,200,2424,0.00
2026-09-14T02:09:20Z,41,42,30,0,0,200,2425,0.00
2026-09-14T02:09:22Z,41,42,30,0,0,200,2424,0.00
2026-09-14T02:09:24Z,41,42,30,0,0,200,2424,0.00
2026-09-14T02:09:26Z,41,42,30,0,0,200,2424,0.00
2026-09-14T02:09:28Z,41,42,30,0,0,200,2424,0.00
2026-09-14T02:09:30Z,41,42,30,0,0,200,2424,0.00
2026-09-14T02:09:32Z,42,42,30,0,0,200,2424,0.00
2026-09-14T02:09:34Z,41,42,30,0,0,200,2425,0.00
2026-09-14T02:09:37Z,41,42,30,0,0,200,2424,0.00
2026-09-14T02:09:39Z,41,42,30,0,0,200,2425,0.00
2026-09-14T02:09:41Z,42,42,30,0,0,200,2425,0.00
2026-09-14T02:09:43Z,41,42,30,0,0,200,2425,0.00
2026-09-14T02:09:45Z,41,42,30,0,0,200,2424,0.00
2026-09-14T02:09:47Z,41,42,30,0,0,200,2424,0.00
2026-09-14T02:09:49Z,41,42,30,0,0,200,2424,0.00
2026-09-14T02:09:51Z,41,42,30,0,0,200,2424,0.00
2026-09-14T02:09:53Z,41,42,30,0,0,200,2426,0.00
2026-09-14T02:09:55Z,41,42,30,0,0,200,2428,0.00
2026-09-14T02:09:57Z,41,42,30,0,0,200,2424,0.00
2026-09-14T02:09:59Z,41,42,30,0,0,200,2424,0.00
2026-09-14T02:10:01Z,41,42,30,0,0,200,2424,0.00
2026-09-14T02:10:03Z,41,42,30,0,0,200,2424,0.00
2026-09-14T02:10:05Z,41,42,30,0,0,200,2425,0.00
2026-09-14T02:10:07Z,41,42,30,0,0,200,2425,0.00
2026-09-14T02:10:09Z,41,42,30,0,0,200,2424,0.00
2026-09-14T02:10:11Z,41,42,30,0,0,200,2424,0.00
2026-09-14T02:10:13Z,41,42,30,0,0,200,2425,0.00
2026-09-14T02:10:15Z,41,42,30,0,0,200,2424,0.00
2026-09-14T02:10:18Z,41,42,30,0,0,200,2424,0.00
2026-09-14T02:10:20Z,41,42,30,0,0,200,2424,0.00
2026-09-14T02:10:22Z,41,42,30,0,0,200,2424,0.00
2026-09-14T02:10:24Z,41,42,30,0,0,200,2424,0.00
2026-09-14T02:10:26Z,41,42,30,0,0,200,2425,0.00
2026-09-14T02:10:28Z,41,42,30,0,0,200,2422,0.00
2026-09-14T02:10:30Z,41,42,30,0,0,200,2424,0.00
2026-09-14T02:10:32Z,41,42,30,0,0,200,2424,0.00
2026-09-14T02:10:34Z,41,42,30,0,0,200,2424,0.00
2026-09-14T02:10:36Z,41,42,30,0,0,200,2424,0.00
2026-09-14T02:10:38Z,41,42,30,0,0,200,2424,0.00
2026-09-14T02:10:40Z,41,42,30,0,0,200,2424,0.00
2026-09-14T02:10:42Z,41,42,30,0,0,200,2424,0.00
2026-09-14T02:10:44Z,41,42,30,0,0,200,2426,0.00
2026-09-14T02:10:46Z,41,42,30,0,0,200,2425,0.00
2026-09-14T02:10:48Z,41,42,30,0,0,200,2426,0.00
2026-09-14T02:10:50Z,41,42,30,0,0,200,2424,0.00
2026-09-14T02:10:52Z,41,42,30,0,0,200,2424,0.00
2026-09-14T02:10:54Z,41,42,30,0,0,200,2425,0.00
2026-09-14T02:10:56Z,41,42,30,0,0,200,2425,0.00
2026-09-14T02:10:59Z,41,42,30,0,0,200,2424,0.00
2026-09-14T02:11:01Z,41,42,30,0,0,200,2424,0.00
2026-09-14T02:11:03Z,41,42,30,0,0,200,2424,0.00
2026-09-14T02:11:05Z,41,42,30,0,0,200,2424,0.00
2026-09-14T02:11:07Z,41,42,30,0,0,200,2424,0.00
2026-09-14T02:11:09Z,41,42,30,0,0,200,2424,0.00
2026-09-14T02:11:11Z,41,42,30,0,0,200,2425,0.00
2026-09-14T02:11:13Z,41,42,30,0,0,200,2424,0.00
2026-09-14T02:11:15Z,41,42,30,0,0,200,2427,0.00
2026-09-14T02:11:17Z,41,42,30,0,0,200,2425,0.00
2026-09-14T02:11:19Z,41,42,30,0,0,200,2424,0.00
2026-09-14T02:11:21Z,41,42,30,0,0,200,2424,0.00
2026-09-14T02:11:23Z,40,42,30,0,0,200,2426,0.00
2026-09-14T02:11:25Z,41,42,30,0,0,200,2424,0.00
2026-09-14T02:11:27Z,41,42,30,0,0,200,2424,0.00
2026-09-14T02:11:29Z,41,42,30,0,0,200,2422,0.00
2026-09-14T02:11:31Z,41,42,30,0,0,200,2424,0.00
2026-09-14T02:11:33Z,41,42,30,0,0,200,2424,0.00
2026-09-14T02:11:35Z,41,42,30,0,0,200,2424,0.00
2026-09-14T02:11:37Z,41,42,30,0,0,200,2424,0.00
2026-09-14T02:11:40Z,41,42,30,0,0,200,2424,0.00
2026-09-14T02:11:42Z,41,42,30,0,0,200,2425,0.00
2026-09-14T02:11:44Z,41,42,30,0,0,200,2424,0.00
2026-09-14T02:11:46Z,41,42,30,0,0,200,2425,0.00
2026-09-14T02:11:48Z,41,42,30,0,0,200,2424,0.00
2026-09-14T02:11:50Z,41,42,30,0,0,200,2424,0.00
2026-09-14T02:11:52Z,41,42,30,0,0,200,2425,0.00
2026-09-14T02:11:54Z,41,42,30,0,0,200,2424,0.00
2026-09-14T02:11:56Z,40,42,30,0,0,200,2424,0.00
2026-09-14T02:11:58Z,41,42,30,0,0,200,2424,0.00
2026-09-14T02:12:00Z,41,42,30,0,0,200,2425,0.00
2026-09-14T02:12:02Z,41,42,30,0,0,200,2424,0.00
2026-09-14T02:12:04Z,41,42,30,0,0,200,2424,0.00
2026-09-14T02:12:06Z,41,42,30,0,0,200,2424,0.00
2026-09-14T02:12:08Z,41,42,30,0,0,200,2424,0.00
2026-09-14T02:12:10Z,41,42,30,0,0,200,2426,0.00
2026-09-14T02:12:12Z,41,42,30,0,0,200,2424,0.00
2026-09-14T02:12:14Z,41,42,30,0,0,200,2424,0.00
2026-09-14T02:12:16Z,41,42,30,0,0,200,2424,0.00
2026-09-14T02:12:18Z,41,42,30,0,0,200,2424,0.00
2026-09-14T02:12:21Z,41,42,30,0,0,200,2424,0.00
2026-09-14T02:12:23Z,41,42,30,0,0,200,2425,0.00
2026-09-14T02:12:25Z,41,42,30,0,0,200,2424,0.00
2026-09-14T02:12:27Z,41,42,30,0,0,200,2424,0.00
2026-09-14T02:12:29Z,41,42,30,0,0,200,2427,0.00
2026-09-14T02:12:31Z,41,42,30,0,0,200,2424,0.00
2026-09-14T02:12:33Z,41,42,30,0,0,200,2424,0.00
2026-09-14T02:12:35Z,41,42,30,0,0,200,2425,0.00
2026-09-14T02:12:37Z,41,42,30,0,0,200,2424,0.00
2026-09-14T02:12:39Z,41,42,30,0,0,200,2424,0.00
2026-09-14T02:12:41Z,41,42,30,0,0,200,2424,0.00
2026-09-14T02:12:43Z,41,42,30,0,0,200,2425,0.00
2026-09-14T02:12:45Z,41,42,30,0,0,200,2427,0.00
2026-09-14T02:12:47Z,41,42,30,0,0,200,2424,0.00
2026-09-14T02:12:49Z,41,42,30,0,0,200,2424,0.00
2026-09-14T02:12:51Z,42,42,30,0,0,200,2424,0.00
2026-09-14T02:12:53Z,41,42,30,0,0,200,2425,0.00
2026-09-14T02:12:55Z,41,42,30,0,0,200,2424,0.00
2026-09-14T02:12:57Z,41,42,30,0,0,200,2424,0.00
2026-09-14T02:12:59Z,41,42,30,0,0,200,2424,0.00
2026-09-14T02:13:02Z,41,42,30,0,0,200,2424,0.00
2026-09-14T02:13:04Z,41,42,30,0,0,200,2424,0.00
2026-09-14T02:13:06Z,41,42,30,0,0,200,2424,0.00
2026-09-14T02:13:08Z,41,42,30,0,0,200,2424,0.00
2026-09-14T02:13:10Z,41,42,30,0,0,200,2425,0.00
2026-09-14T02:13:12Z,41,42,30,0,0,200,2424,0.00
2026-09-14T02:13:14Z,41,42,30,0,0,200,2424,0.00
2026-09-14T02:13:16Z,41,42,30,0,0,200,2424,0.00
2026-09-14T02:13:18Z,41,42,30,0,0,200,2425,0.00
2026-09-14T02:13:20Z,41,42,30,0,0,200,2425,0.00
2026-09-14T02:13:22Z,41,42,30,0,0,200,2424,0.00
2026-09-14T02:13:24Z,41,42,30,0,0,200,2425,0.00
2026-09-14T02:13:26Z,41,42,30,0,0,200,2424,0.00
2026-09-14T02:13:28Z,41,42,30,0,0,200,2424,0.00
2026-09-14T02:13:30Z,41,42,30,0,0,200,2424,0.00
2026-09-14T02:13:32Z,41,42,30,0,0,200,2425,0.00
2026-09-14T02:13:34Z,41,42,30,0,0,200,2424,0.08
2026-09-14T02:13:36Z,41,42,30,0,0,200,2425,0.08
2026-09-14T02:13:38Z,40,42,30,0,0,200,2424,0.07
2026-09-14T02:13:40Z,41,42,30,0,0,200,2425,0.07
2026-09-14T02:13:43Z,41,42,30,0,0,200,2424,0.07
2026-09-14T02:13:45Z,41,42,30,0,0,200,2424,0.07
2026-09-14T02:13:47Z,41,42,30,0,0,200,2425,0.07
2026-09-14T02:13:49Z,41,42,30,0,0,200,2424,0.06
2026-09-14T02:13:51Z,40,42,30,0,0,200,2424,0.06
2026-09-14T02:13:53Z,41,42,30,0,0,200,2425,0.06
2026-09-14T02:13:55Z,41,42,30,0,0,200,2424,0.06
2026-09-14T02:13:57Z,41,42,30,0,0,200,2425,0.06
2026-09-14T02:13:59Z,41,42,30,0,0,200,2424,0.05
2026-09-14T02:14:01Z,41,42,30,0,0,200,2424,0.05
2026-09-14T02:14:03Z,41,42,30,0,0,200,2424,0.05
2026-09-14T02:14:05Z,41,42,30,0,0,200,2424,0.05
2026-09-14T02:14:07Z,41,42,30,0,0,200,2424,0.05
2026-09-14T02:14:09Z,41,42,30,0,0,200,2424,0.04
2026-09-14T02:14:11Z,41,42,30,0,0,200,2424,0.04
2026-09-14T02:14:13Z,41,42,30,0,0,200,2426,0.12
2026-09-14T02:14:15Z,41,42,30,0,0,200,2424,0.12
2026-09-14T02:14:17Z,41,42,30,0,0,200,2424,0.12
2026-09-14T02:14:19Z,41,42,30,0,0,200,2424,0.11
2026-09-14T02:14:21Z,41,42,30,0,0,200,2425,0.11
2026-09-14T02:14:24Z,41,42,30,0,0,200,2424,0.10
2026-09-14T02:14:26Z,41,42,30,0,0,200,2424,0.10
2026-09-14T02:14:28Z,41,42,30,0,0,200,2424,0.10
2026-09-14T02:14:30Z,41,42,30,0,0,200,2424,0.09
2026-09-14T02:14:32Z,40,42,30,0,0,200,2425,0.09
2026-09-14T02:14:34Z,41,42,30,0,0,200,2427,0.08
2026-09-14T02:14:36Z,41,42,30,0,0,200,2425,0.08
2026-09-14T02:14:38Z,41,42,30,0,0,200,2426,0.08
2026-09-14T02:14:40Z,41,42,30,0,0,200,2424,0.08
2026-09-14T02:14:42Z,41,42,30,0,0,200,2424,0.08
2026-09-14T02:14:44Z,41,42,30,0,0,200,2424,0.07
2026-09-14T02:14:46Z,41,42,30,0,0,200,2426,0.07
2026-09-14T02:14:48Z,41,42,30,0,0,200,2426,0.07
2026-09-14T02:14:50Z,40,42,30,0,0,200,2425,0.07
2026-09-14T02:14:52Z,41,42,30,0,0,200,2426,0.07
2026-09-14T02:14:54Z,41,42,30,0,0,200,2424,0.06
2026-09-14T02:14:56Z,41,42,30,0,0,200,2424,0.06
2026-09-14T02:14:58Z,41,42,30,0,0,200,2424,0.06
2026-09-14T02:15:00Z,41,42,30,0,0,200,2424,0.06
2026-09-14T02:15:02Z,41,42,30,0,0,200,2424,0.06
2026-09-14T02:15:05Z,41,42,30,0,0,200,2424,0.05
2026-09-14T02:15:07Z,41,42,30,0,0,200,2424,0.05
2026-09-14T02:15:09Z,41,42,30,0,0,200,2425,0.05
2026-09-14T02:15:11Z,41,42,30,0,0,200,2425,0.05
2026-09-14T02:15:13Z,41,42,30,0,0,200,2424,0.05
2026-09-14T02:15:15Z,41,42,30,0,0,200,2425,0.04
2026-09-14T02:15:17Z,41,42,30,0,0,200,2426,0.04
2026-09-14T02:15:19Z,41,42,30,0,0,200,2425,0.04
2026-09-14T02:15:21Z,41,42,30,0,0,200,2424,0.04
2026-09-14T02:15:23Z,41,42,30,0,0,200,2426,0.04
2026-09-14T02:15:25Z,41,42,30,0,0,200,2426,0.04
2026-09-14T02:15:27Z,41,42,30,0,0,200,2424,0.04
2026-09-14T02:15:29Z,41,42,30,0,0,200,2425,0.03
2026-09-14T02:15:31Z,41,42,30,0,0,200,2424,0.03
2026-09-14T02:15:33Z,41,42,30,0,0,200,2426,0.03
2026-09-14T02:15:35Z,41,42,30,0,0,200,2424,0.03
2026-09-14T02:15:37Z,41,42,30,0,0,200,2424,0.03
2026-09-14T02:15:39Z,41,42,30,0,0,200,2424,0.03
2026-09-14T02:15:41Z,41,42,30,0,0,200,2424,0.03
2026-09-14T02:15:43Z,41,42,30,0,0,200,2424,0.02
2026-09-14T02:15:45Z,41,42,30,0,0,200,2424,0.02
2026-09-14T02:15:48Z,41,42,30,0,0,200,2424,0.02
2026-09-14T02:15:50Z,41,42,30,0,0,200,2424,0.02
2026-09-14T02:15:52Z,41,42,30,0,0,200,2425,0.02
2026-09-14T02:15:54Z,41,42,30,0,0,200,2426,0.02
2026-09-14T02:15:56Z,41,42,30,0,0,200,2425,0.02
2026-09-14T02:15:58Z,41,42,30,0,0,200,2424,0.02
2026-09-14T02:16:00Z,41,42,30,0,0,200,2424,0.02
2026-09-14T02:16:02Z,41,42,30,0,0,200,2425,0.02
2026-09-14T02:16:04Z,41,42,30,0,0,200,2425,0.02
2026-09-14T02:16:06Z,41,42,30,0,0,200,2425,0.02
2026-09-14T02:16:08Z,40,42,30,0,0,200,2425,0.02
2026-09-14T02:16:10Z,41,42,30,0,0,200,2425,0.02
2026-09-14T02:16:12Z,41,42,30,0,0,200,2424,0.02
2026-09-14T02:16:14Z,41,42,30,0,0,200,2425,0.01
2026-09-14T02:16:16Z,41,42,30,0,0,200,2424,0.01
2026-09-14T02:16:18Z,41,42,30,0,0,200,2424,0.17
2026-09-14T02:16:20Z,41,42,30,0,0,200,2425,0.17
2026-09-14T02:16:22Z,41,42,30,0,0,200,2424,0.17
2026-09-14T02:16:24Z,41,42,30,0,0,200,2425,0.16
2026-09-14T02:16:26Z,41,42,30,0,0,200,2424,0.16
2026-09-14T02:16:29Z,41,42,30,0,0,200,2424,0.15
2026-09-14T02:16:31Z,41,42,30,0,0,200,2424,0.15
2026-09-14T02:16:33Z,41,42,30,0,0,200,2424,0.15
2026-09-14T02:16:35Z,41,42,30,0,0,200,2425,0.13
2026-09-14T02:16:37Z,41,42,30,0,0,200,2424,0.13
2026-09-14T02:16:39Z,41,42,30,0,0,200,2425,0.12
2026-09-14T02:16:41Z,41,42,30,0,0,200,2424,0.12
2026-09-14T02:16:43Z,41,42,30,0,0,200,2425,0.12
2026-09-14T02:16:45Z,41,42,30,0,0,200,2425,0.11
2026-09-14T02:16:47Z,41,42,30,0,0,200,2424,0.11
2026-09-14T02:16:49Z,41,42,30,0,0,200,2424,0.10
2026-09-14T02:16:51Z,41,42,30,0,0,200,2424,0.10
2026-09-14T02:16:53Z,41,42,30,0,0,200,2424,0.10
2026-09-14T02:16:55Z,41,42,30,0,0,200,2425,0.10
2026-09-14T02:16:57Z,41,42,30,0,0,200,2425,0.10
2026-09-14T02:16:59Z,41,42,30,0,0,200,2425,0.09
2026-09-14T02:17:01Z,41,42,30,0,0,200,2424,0.09
2026-09-14T02:17:03Z,42,42,30,0,0,200,2424,0.08
2026-09-14T02:17:05Z,41,42,30,0,0,200,2425,0.08
2026-09-14T02:17:07Z,41,42,30,0,0,200,2425,0.08
2026-09-14T02:17:10Z,41,42,30,0,0,200,2424,0.07
2026-09-14T02:17:12Z,41,42,30,0,0,200,2424,0.07
2026-09-14T02:17:14Z,41,42,30,0,0,200,2427,0.07
2026-09-14T02:17:16Z,41,42,30,0,0,200,2424,0.07
2026-09-14T02:17:18Z,41,42,30,0,0,200,2424,0.07
2026-09-14T02:17:20Z,41,42,30,0,0,200,2424,0.06
2026-09-14T02:17:22Z,41,42,30,0,0,200,2424,0.06
2026-09-14T02:17:24Z,40,42,30,0,0,200,2425,0.06
2026-09-14T02:17:26Z,41,42,30,0,0,200,2426,0.06
2026-09-14T02:17:28Z,41,42,30,0,0,200,2425,0.06
2026-09-14T02:17:30Z,41,42,30,0,0,200,2424,0.05
2026-09-14T02:17:32Z,40,42,30,0,0,200,2424,0.05
2026-09-14T02:17:34Z,41,42,30,0,0,200,2424,0.05
2026-09-14T02:17:36Z,41,42,30,0,0,200,2424,0.05
2026-09-14T02:17:38Z,41,42,30,0,0,200,2424,0.05
2026-09-14T02:17:40Z,41,42,30,0,0,200,2424,0.04
2026-09-14T02:17:42Z,41,42,30,0,0,200,2424,0.04
2026-09-14T02:17:44Z,41,42,30,0,0,200,2424,0.04
2026-09-14T02:17:46Z,41,42,30,0,0,200,2424,0.04
2026-09-14T02:17:48Z,42,42,30,0,0,200,2424,0.04
2026-09-14T02:17:51Z,41,42,30,0,0,200,2424,0.04
2026-09-14T02:17:53Z,41,42,30,0,0,200,2424,0.04
2026-09-14T02:17:55Z,41,42,30,0,0,200,2424,0.03
2026-09-14T02:17:57Z,41,42,30,0,0,200,2424,0.03
2026-09-14T02:17:59Z,41,42,30,0,0,200,2426,0.03
2026-09-14T02:18:01Z,41,42,30,0,0,200,2424,0.03
2026-09-14T02:18:03Z,41,42,30,0,0,200,2425,0.03
2026-09-14T02:18:05Z,40,42,30,0,0,200,2425,0.03
2026-09-14T02:18:07Z,41,42,30,0,0,200,2425,0.03
2026-09-14T02:18:09Z,41,42,30,0,0,200,2425,0.02
2026-09-14T02:18:11Z,41,42,30,0,0,200,2424,0.02
2026-09-14T02:18:13Z,41,42,30,0,0,200,2425,0.02
2026-09-14T02:18:15Z,41,42,30,0,0,200,2425,0.02
2026-09-14T02:18:17Z,41,42,30,0,0,200,2424,0.02
2026-09-14T02:18:19Z,41,42,30,0,0,200,2424,0.02
2026-09-14T02:18:21Z,41,42,30,0,0,200,2424,0.02
2026-09-14T02:18:23Z,41,42,30,0,0,200,2424,0.10
2026-09-14T02:18:25Z,41,42,30,0,0,200,2424,0.10
2026-09-14T02:18:27Z,41,41,30,0,0,200,2425,0.10
2026-09-14T02:18:29Z,41,42,30,0,0,200,2424,0.09
2026-09-14T02:18:32Z,40,42,30,0,0,200,2424,0.09
2026-09-14T02:18:34Z,41,42,30,0,0,200,2424,0.08
2026-09-14T02:18:36Z,41,42,30,0,0,200,2424,0.08
2026-09-14T02:18:38Z,41,42,30,0,0,200,2424,0.08
2026-09-14T02:18:40Z,41,42,30,0,0,200,2425,0.08
2026-09-14T02:18:42Z,41,42,30,0,0,200,2424,0.08
2026-09-14T02:18:44Z,41,42,30,0,0,200,2424,0.07
2026-09-14T02:18:46Z,41,42,30,0,0,200,2424,0.07
2026-09-14T02:18:48Z,41,42,30,0,0,200,2424,0.07
2026-09-14T02:18:50Z,41,42,30,0,0,200,2424,0.06
2026-09-14T02:18:52Z,41,42,30,0,0,200,2425,0.06
2026-09-14T02:18:54Z,41,42,30,0,0,200,2424,0.06
2026-09-14T02:18:56Z,41,42,30,0,0,200,2424,0.06
2026-09-14T02:18:58Z,41,42,30,0,0,200,2426,0.06
2026-09-14T02:19:00Z,41,42,30,0,0,200,2425,0.05
2026-09-14T02:19:02Z,41,42,30,0,0,200,2425,0.05
2026-09-14T02:19:04Z,41,42,30,0,0,200,2424,0.05
2026-09-14T02:19:06Z,41,42,30,0,0,200,2424,0.05
2026-09-14T02:19:08Z,41,42,30,0,0,200,2425,0.05
2026-09-14T02:19:10Z,41,42,30,0,0,200,2424,0.05
2026-09-14T02:19:13Z,41,42,30,0,0,200,2425,0.05
2026-09-14T02:19:15Z,40,42,30,0,0,200,2424,0.04
2026-09-14T02:19:17Z,41,42,30,0,0,200,2425,0.04
2026-09-14T02:19:19Z,41,42,30,0,0,200,2420,0.04
2026-09-14T02:19:21Z,41,42,30,0,0,200,2424,0.04
2026-09-14T02:19:23Z,41,42,30,0,0,200,2424,0.04
2026-09-14T02:19:25Z,41,42,30,0,0,200,2424,0.03
2026-09-14T02:19:27Z,41,42,30,0,0,200,2425,0.03
2026-09-14T02:19:29Z,41,42,30,0,0,200,2424,0.03
2026-09-14T02:19:31Z,41,42,30,0,0,200,2425,0.03
2026-09-14T02:19:33Z,41,42,30,0,0,200,2425,0.03
2026-09-14T02:19:35Z,41,42,30,0,0,200,2426,0.03
2026-09-14T02:19:37Z,41,42,30,0,0,200,2424,0.03
2026-09-14T02:19:39Z,41,42,30,0,0,200,2424,0.03
2026-09-14T02:19:41Z,41,42,30,0,0,200,2424,0.03
2026-09-14T02:19:43Z,41,42,30,0,0,200,2425,0.03
2026-09-14T02:19:45Z,40,42,30,0,0,200,2425,0.02
2026-09-14T02:19:47Z,41,42,30,0,0,200,2424,0.02
2026-09-14T02:19:49Z,41,42,30,0,0,200,2424,0.02
2026-09-14T02:19:51Z,41,42,30,0,0,200,2424,0.02
2026-09-14T02:19:54Z,42,42,30,0,0,200,2424,0.02
2026-09-14T02:19:56Z,41,42,30,0,0,200,2424,0.02
2026-09-14T02:19:58Z,41,42,30,0,0,200,2424,0.02
2026-09-14T02:20:00Z,41,42,30,0,0,200,2425,0.02
2026-09-14T02:20:02Z,41,42,30,0,0,200,2424,0.02
2026-09-14T02:20:04Z,41,42,30,0,0,200,2424,0.02
2026-09-14T02:20:06Z,41,42,30,0,0,200,2426,0.02
2026-09-14T02:20:08Z,41,42,30,0,0,200,2425,0.02
2026-09-14T02:20:10Z,41,42,30,0,0,200,2424,0.02
2026-09-14T02:20:12Z,41,42,30,0,0,200,2424,0.02
2026-09-14T02:20:14Z,41,42,30,0,0,200,2425,0.01
2026-09-14T02:20:16Z,41,42,30,0,0,200,2424,0.01
2026-09-14T02:20:18Z,41,42,30,0,0,200,2425,0.01
2026-09-14T02:20:20Z,41,42,30,0,0,200,2424,0.01
2026-09-14T02:20:22Z,40,42,30,0,0,200,2424,0.01
2026-09-14T02:20:24Z,41,42,30,0,0,200,2424,0.01
2026-09-14T02:20:26Z,41,41,30,0,0,200,2424,0.01
2026-09-14T02:20:28Z,41,41,30,0,0,200,2424,0.09
2026-09-14T02:20:30Z,41,41,30,0,0,200,2424,0.09
2026-09-14T02:20:32Z,41,42,30,0,0,200,2425,0.09
2026-09-14T02:20:35Z,41,41,30,0,0,200,2425,0.08
2026-09-14T02:20:37Z,41,41,30,0,0,200,2424,0.08
2026-09-14T02:20:39Z,41,41,30,0,0,200,2424,0.08
2026-09-14T02:20:41Z,40,41,30,0,0,200,2424,0.08
2026-09-14T02:20:43Z,41,41,30,0,0,200,2424,0.08
2026-09-14T02:20:45Z,41,41,30,0,0,200,2424,0.07
2026-09-14T02:20:47Z,41,41,30,0,0,200,2425,0.07
2026-09-14T02:20:49Z,41,42,30,0,0,200,2425,0.06
2026-09-14T02:20:51Z,41,41,30,0,0,200,2426,0.06
2026-09-14T02:20:53Z,41,41,30,0,0,200,2424,0.06
2026-09-14T02:20:55Z,41,41,30,0,0,200,2425,0.06
2026-09-14T02:20:57Z,41,41,30,0,0,200,2425,0.06
2026-09-14T02:20:59Z,41,41,30,0,0,200,2424,0.05
2026-09-14T02:21:01Z,40,41,30,0,0,200,2424,0.05
2026-09-14T02:21:03Z,41,41,30,0,0,200,2424,0.05
2026-09-14T02:21:05Z,41,41,30,0,0,200,2424,0.05
2026-09-14T02:21:07Z,41,41,30,0,0,200,2424,0.05
2026-09-14T02:21:09Z,40,41,30,0,0,200,2424,0.04
2026-09-14T02:21:11Z,41,41,30,0,0,200,2425,0.04
2026-09-14T02:21:13Z,41,42,30,0,0,200,2424,0.04
2026-09-14T02:21:16Z,40,42,30,0,0,200,2424,0.04
2026-09-14T02:21:18Z,41,42,30,0,0,200,2425,0.04
2026-09-14T02:21:20Z,41,42,30,0,0,200,2425,0.04
2026-09-14T02:21:22Z,41,42,30,0,0,200,2424,0.04
2026-09-14T02:21:24Z,41,42,30,0,0,200,2424,0.03
2026-09-14T02:21:26Z,41,42,30,0,0,200,2424,0.03
2026-09-14T02:21:28Z,41,42,30,0,0,200,2424,0.03
2026-09-14T02:21:30Z,41,42,30,0,0,200,2424,0.03
2026-09-14T02:21:32Z,41,42,30,0,0,200,2424,0.03
2026-09-14T02:21:34Z,41,42,30,0,0,200,2424,0.03
2026-09-14T02:21:36Z,41,42,30,0,0,200,2424,0.03
2026-09-14T02:21:38Z,41,42,30,0,0,200,2424,0.03
2026-09-14T02:21:40Z,41,42,30,0,0,200,2424,0.03
2026-09-14T02:21:42Z,41,42,30,0,0,200,2424,0.03
2026-09-14T02:21:44Z,41,41,30,0,0,200,2424,0.02
2026-09-14T02:21:46Z,41,41,30,0,0,200,2424,0.02
2026-09-14T02:21:48Z,41,42,30,0,0,200,2424,0.02
2026-09-14T02:21:50Z,40,42,30,0,0,200,2424,0.02
2026-09-14T02:21:52Z,41,42,30,0,0,200,2427,0.02
2026-09-14T02:21:54Z,41,42,30,0,0,200,2425,0.02
2026-09-14T02:21:56Z,41,41,30,0,0,200,2424,0.02
2026-09-14T02:21:59Z,41,41,30,0,0,200,2424,0.02
2026-09-14T02:22:01Z,41,41,30,0,0,200,2424,0.02
2026-09-14T02:22:03Z,41,42,30,0,0,200,2425,0.02
2026-09-14T02:22:05Z,41,41,30,0,0,200,2424,0.02
2026-09-14T02:22:07Z,41,41,30,0,0,200,2425,0.02
2026-09-14T02:22:09Z,41,41,30,0,0,200,2425,0.10
2026-09-14T02:22:11Z,41,41,30,0,0,200,2424,0.10
2026-09-14T02:22:13Z,41,42,30,0,0,200,2424,0.10
2026-09-14T02:22:15Z,41,42,30,0,0,200,2424,0.09
2026-09-14T02:22:17Z,41,41,30,0,0,200,2425,0.09
2026-09-14T02:22:19Z,41,42,30,0,0,200,2424,0.08
2026-09-14T02:22:21Z,41,42,30,0,0,200,2427,0.08
2026-09-14T02:22:23Z,41,42,30,0,0,200,2425,0.08
2026-09-14T02:22:25Z,40,42,30,0,0,200,2425,0.07
2026-09-14T02:22:27Z,41,42,30,0,0,200,2424,0.07
2026-09-14T02:22:29Z,41,42,30,0,0,200,2423,0.07
2026-09-14T02:22:31Z,41,42,30,0,0,200,2425,0.07
2026-09-14T02:22:33Z,41,42,30,0,0,200,2424,0.06
2026-09-14T02:22:35Z,41,42,30,0,0,200,2424,0.06
2026-09-14T02:22:37Z,41,42,30,0,0,200,2425,0.06
2026-09-14T02:22:40Z,41,42,30,0,0,200,2426,0.06
2026-09-14T02:22:42Z,41,42,30,0,0,200,2425,0.06
2026-09-14T02:22:44Z,41,41,30,0,0,200,2424,0.05
2026-09-14T02:22:46Z,41,41,30,0,0,200,2424,0.05
2026-09-14T02:22:48Z,41,42,30,0,0,200,2425,0.05
2026-09-14T02:22:50Z,41,42,30,0,0,200,2424,0.05
2026-09-14T02:22:52Z,41,42,30,0,0,200,2424,0.05
2026-09-14T02:22:54Z,41,42,30,0,0,200,2425,0.04
2026-09-14T02:22:56Z,41,42,30,0,0,200,2424,0.04
2026-09-14T02:22:58Z,41,41,30,0,0,200,2425,0.04
2026-09-14T02:23:00Z,41,41,30,0,0,200,2424,0.04
2026-09-14T02:23:02Z,41,41,30,0,0,200,2425,0.04
2026-09-14T02:23:04Z,41,42,30,0,0,200,2424,0.04
2026-09-14T02:23:06Z,41,42,30,0,0,200,2426,0.04
2026-09-14T02:23:08Z,41,42,30,0,0,200,2426,0.04
2026-09-14T02:23:10Z,41,42,30,0,0,200,2424,0.03
2026-09-14T02:23:12Z,41,41,30,0,0,200,2425,0.03
2026-09-14T02:23:14Z,41,41,30,0,0,200,2424,0.03
2026-09-14T02:23:16Z,41,41,30,0,0,200,2424,0.03
2026-09-14T02:23:18Z,41,42,30,0,0,200,2424,0.03
2026-09-14T02:23:21Z,41,42,30,0,0,200,2425,0.03
2026-09-14T02:23:23Z,41,41,30,0,0,200,2425,0.03
2026-09-14T02:23:25Z,41,41,30,0,0,200,2425,0.02
2026-09-14T02:23:27Z,41,41,30,0,0,200,2424,0.02
2026-09-14T02:23:29Z,41,41,30,0,0,200,2426,0.02
2026-09-14T02:23:31Z,41,41,30,0,0,200,2425,0.02
2026-09-14T02:23:33Z,40,42,30,0,0,200,2424,0.02
2026-09-14T02:23:35Z,40,42,30,0,0,200,2425,0.02
2026-09-14T02:23:37Z,41,42,30,0,0,200,2425,0.02
2026-09-14T02:23:39Z,41,42,30,0,0,200,2425,0.02
2026-09-14T02:23:41Z,41,42,30,0,0,200,2424,0.02
2026-09-14T02:23:43Z,41,42,30,0,0,200,2424,0.02
2026-09-14T02:23:45Z,41,41,30,0,0,200,2424,0.02
2026-09-14T02:23:47Z,40,42,30,0,0,200,2424,0.02
2026-09-14T02:23:49Z,41,42,30,0,0,200,2424,0.02
2026-09-14T02:23:51Z,41,41,30,0,0,200,2424,0.02
2026-09-14T02:23:53Z,41,41,30,0,0,200,2424,0.02
2026-09-14T02:23:55Z,41,41,30,0,0,200,2424,0.01
2026-09-14T02:23:57Z,41,41,30,0,0,200,2424,0.01
2026-09-14T02:23:59Z,41,41,30,0,0,200,2425,0.01
2026-09-14T02:24:02Z,41,41,30,0,0,200,2424,0.01
2026-09-14T02:24:04Z,41,41,30,0,0,200,2424,0.01
2026-09-14T02:24:06Z,41,41,30,0,0,200,2424,0.01
2026-09-14T02:24:08Z,40,41,30,0,0,200,2424,0.01
2026-09-14T02:24:10Z,41,41,30,0,0,200,2424,0.01
2026-09-14T02:24:12Z,41,41,30,0,0,200,2424,0.01
2026-09-14T02:24:14Z,41,41,30,0,0,200,2424,0.01
2026-09-14T02:24:16Z,41,41,30,0,0,200,2424,0.01
2026-09-14T02:24:18Z,41,41,30,0,0,200,2424,0.01
2026-09-14T02:24:20Z,41,41,30,0,0,200,2424,0.01
2026-09-14T02:24:22Z,41,41,30,0,0,200,2425,0.01
2026-09-14T02:24:24Z,41,41,30,0,0,200,2424,0.01
2026-09-14T02:24:26Z,41,41,30,0,0,200,2425,0.01
2026-09-14T02:24:28Z,41,41,30,0,0,200,2424,0.01
2026-09-14T02:24:30Z,41,41,30,0,0,200,2425,0.01
2026-09-14T02:24:32Z,41,41,30,0,0,200,2424,0.01
2026-09-14T02:24:34Z,41,42,30,0,0,200,2424,0.01
2026-09-14T02:24:36Z,41,42,30,0,0,200,2425,0.01
2026-09-14T02:24:38Z,41,41,30,0,0,200,2424,0.00
2026-09-14T02:24:40Z,41,41,30,0,0,200,2424,0.00
2026-09-14T02:24:43Z,41,41,30,0,0,200,2424,0.00
2026-09-14T02:24:45Z,41,41,30,0,0,200,2425,0.00
2026-09-14T02:24:47Z,41,41,30,0,0,200,2425,0.00
2026-09-14T02:24:49Z,41,42,30,0,0,200,2424,0.00
2026-09-14T02:24:51Z,41,42,30,0,0,200,2424,0.00
2026-09-14T02:24:53Z,41,42,30,0,0,200,2425,0.00
2026-09-14T02:24:55Z,41,41,30,0,0,200,2425,0.00
2026-09-14T02:24:57Z,41,41,30,0,0,200,2425,0.00
2026-09-14T02:24:59Z,41,41,30,0,0,200,2424,0.00
2026-09-14T02:25:01Z,40,41,30,0,0,200,2426,0.00
2026-09-14T02:25:03Z,41,41,30,0,0,200,2426,0.00
2026-09-14T02:25:05Z,41,42,30,0,0,200,2425,0.00
2026-09-14T02:25:07Z,41,41,30,0,0,200,2426,0.00
2026-09-14T02:25:09Z,41,41,30,0,0,200,2424,0.00
2026-09-14T02:25:11Z,40,41,30,0,0,200,2424,0.00
2026-09-14T02:25:13Z,41,41,30,0,0,200,2424,0.00
2026-09-14T02:25:15Z,41,41,30,0,0,200,2424,0.00
2026-09-14T02:25:17Z,41,41,30,0,0,200,2424,0.00
2026-09-14T02:25:19Z,41,42,30,0,0,200,2425,0.00
2026-09-14T02:25:21Z,41,42,30,0,0,200,2426,0.00
2026-09-14T02:25:24Z,41,41,30,0,0,200,2424,0.00
2026-09-14T02:25:26Z,41,41,30,0,0,200,2424,0.00
2026-09-14T02:25:28Z,41,41,30,0,0,200,2425,0.00
2026-09-14T02:25:30Z,40,41,30,0,0,200,2425,0.00
2026-09-14T02:25:32Z,41,41,30,0,0,200,2427,0.00
2026-09-14T02:25:34Z,41,42,30,0,0,200,2426,0.00
2026-09-14T02:25:36Z,40,42,30,0,0,200,2424,0.00
2026-09-14T02:25:38Z,41,42,30,0,0,200,2426,0.00
2026-09-14T02:25:40Z,41,41,30,0,0,200,2424,0.00
2026-09-14T02:25:42Z,41,41,30,0,0,200,2425,0.00
2026-09-14T02:25:44Z,41,41,30,0,0,200,2424,0.00
2026-09-14T02:25:46Z,41,41,30,0,0,200,2424,0.00
2026-09-14T02:25:48Z,41,41,30,0,0,200,2424,0.00
2026-09-14T02:25:50Z,40,41,30,0,0,200,2424,0.00
2026-09-14T02:25:52Z,41,41,30,0,0,200,2427,0.00
2026-09-14T02:25:54Z,41,41,30,0,0,200,2424,0.08
2026-09-14T02:25:56Z,41,41,30,0,0,200,2424,0.08
2026-09-14T02:25:58Z,41,41,30,0,0,200,2424,0.08
2026-09-14T02:26:00Z,41,41,30,0,0,200,2424,0.07
2026-09-14T02:26:02Z,41,41,30,0,0,200,2416,0.07
2026-09-14T02:26:05Z,41,42,30,0,0,200,2424,0.07
2026-09-14T02:26:07Z,41,42,30,0,0,200,2424,0.07
2026-09-14T02:26:09Z,40,41,30,0,0,200,2424,0.06
2026-09-14T02:26:11Z,41,41,30,0,0,200,2425,0.06
2026-09-14T02:26:13Z,41,41,30,0,0,200,2424,0.06
2026-09-14T02:26:15Z,41,41,30,0,0,200,2425,0.06
2026-09-14T02:26:17Z,41,41,30,0,0,200,2424,0.06
2026-09-14T02:26:19Z,41,41,30,0,0,200,2425,0.05
2026-09-14T02:26:21Z,41,41,30,0,0,200,2424,0.05
2026-09-14T02:26:23Z,41,41,30,0,0,200,2424,0.05
2026-09-14T02:26:25Z,41,41,30,0,0,200,2424,0.05
2026-09-14T02:26:27Z,40,41,30,0,0,200,2424,0.05
2026-09-14T02:26:29Z,41,41,30,0,0,200,2424,0.04
2026-09-14T02:26:31Z,40,41,30,0,0,200,2425,0.04
2026-09-14T02:26:33Z,41,42,30,0,0,200,2424,0.04
2026-09-14T02:26:35Z,40,41,30,0,0,200,2424,0.04
2026-09-14T02:26:37Z,41,41,30,0,0,200,2424,0.04
2026-09-14T02:26:39Z,40,41,30,0,0,200,2422,0.04
2026-09-14T02:26:41Z,41,41,30,0,0,200,2424,0.04
2026-09-14T02:26:43Z,41,41,30,0,0,200,2424,0.03
2026-09-14T02:26:46Z,41,41,30,0,0,200,2426,0.03
2026-09-14T02:26:48Z,41,41,30,0,0,200,2425,0.03
2026-09-14T02:26:50Z,41,41,30,0,0,200,2425,0.03
2026-09-14T02:26:52Z,41,41,30,0,0,200,2424,0.03
2026-09-14T02:26:54Z,41,41,30,0,0,200,2425,0.03
2026-09-14T02:26:56Z,41,41,30,0,0,200,2424,0.03
2026-09-14T02:26:58Z,41,41,30,0,0,200,2426,0.03
2026-09-14T02:27:00Z,41,41,30,0,0,200,2425,0.02
2026-09-14T02:27:02Z,41,41,30,0,0,200,2426,0.02
2026-09-14T02:27:04Z,41,42,30,0,0,200,2424,0.02
2026-09-14T02:27:06Z,41,42,30,0,0,200,2424,0.02
2026-09-14T02:27:08Z,41,42,30,0,0,200,2424,0.02
2026-09-14T02:27:10Z,41,41,30,0,0,200,2424,0.02
2026-09-14T02:27:12Z,41,41,30,0,0,200,2424,0.02
2026-09-14T02:27:14Z,40,41,30,0,0,200,2424,0.02
2026-09-14T02:27:16Z,41,41,30,0,0,200,2424,0.02
2026-09-14T02:27:18Z,41,42,30,0,0,200,2424,0.02
2026-09-14T02:27:20Z,41,42,30,0,0,200,2424,0.02
2026-09-14T02:27:22Z,41,42,30,0,0,200,2424,0.02
2026-09-14T02:27:24Z,41,42,30,0,0,200,2424,0.02
2026-09-14T02:27:27Z,41,42,30,0,0,200,2424,0.02
2026-09-14T02:27:29Z,41,41,30,0,0,200,2425,0.01
2026-09-14T02:27:31Z,41,41,30,0,0,200,2425,0.01
2026-09-14T02:27:33Z,41,42,30,0,0,200,2424,0.01
2026-09-14T02:27:35Z,41,42,30,0,0,200,2425,0.01
2026-09-14T02:27:37Z,41,42,30,0,0,200,2424,0.01
2026-09-14T02:27:39Z,41,42,30,0,0,200,2424,0.01
2026-09-14T02:27:41Z,41,42,30,0,0,200,2424,0.01
2026-09-14T02:27:43Z,41,42,30,0,0,200,2424,0.01
2026-09-14T02:27:45Z,41,42,30,0,0,200,2425,0.01
2026-09-14T02:27:47Z,41,41,30,0,0,200,2424,0.01
2026-09-14T02:27:49Z,41,41,30,0,0,200,2424,0.01
2026-09-14T02:27:51Z,41,42,30,0,0,200,2424,0.01
2026-09-14T02:27:53Z,40,41,30,0,0,200,2424,0.01
2026-09-14T02:27:55Z,41,41,30,0,0,200,2424,0.01
2026-09-14T02:27:57Z,40,41,30,0,0,200,2424,0.01
2026-09-14T02:27:59Z,41,41,30,0,0,200,2424,0.01
2026-09-14T02:28:01Z,41,41,30,0,0,200,2427,0.01
2026-09-14T02:28:03Z,40,41,30,0,0,200,2424,0.01
2026-09-14T02:28:05Z,41,42,30,0,0,200,2425,0.01
2026-09-14T02:28:07Z,41,42,30,0,0,200,2424,0.01
2026-09-14T02:28:10Z,41,42,30,0,0,200,2424,0.01
2026-09-14T02:28:12Z,41,41,30,0,0,200,2424,0.01
2026-09-14T02:28:14Z,41,41,30,0,0,200,2425,0.00
2026-09-14T02:28:16Z,41,41,30,0,0,200,2424,0.00
2026-09-14T02:28:18Z,41,41,30,0,0,200,2424,0.00
2026-09-14T02:28:20Z,41,41,30,0,0,200,2424,0.00
2026-09-14T02:28:22Z,41,41,30,0,0,200,2424,0.00
2026-09-14T02:28:24Z,41,41,30,0,0,200,2424,0.00
2026-09-14T02:28:26Z,41,41,30,0,0,200,2426,0.00
2026-09-14T02:28:28Z,41,41,30,0,0,200,2424,0.00
2026-09-14T02:28:30Z,41,41,30,0,0,200,2425,0.00
2026-09-14T02:28:32Z,41,41,30,0,0,200,2424,0.00
2026-09-14T02:28:34Z,41,41,30,0,0,200,2424,0.00
2026-09-14T02:28:36Z,41,41,30,0,0,200,2424,0.00
2026-09-14T02:28:38Z,40,41,30,0,0,200,2424,0.00
2026-09-14T02:28:40Z,40,41,30,0,0,200,2426,0.00
2026-09-14T02:28:42Z,41,41,30,0,0,200,2424,0.00
2026-09-14T02:28:44Z,41,41,30,0,0,200,2424,0.00
2026-09-14T02:28:46Z,41,41,30,0,0,200,2425,0.00
2026-09-14T02:28:48Z,41,41,30,0,0,200,2424,0.00
2026-09-14T02:28:51Z,41,41,30,0,0,200,2425,0.00
2026-09-14T02:28:53Z,41,41,30,0,0,200,2425,0.00
2026-09-14T02:28:55Z,41,41,30,0,0,200,2424,0.00
2026-09-14T02:28:57Z,41,41,30,0,0,200,2424,0.00
2026-09-14T02:28:59Z,41,41,30,0,0,200,2424,0.00
2026-09-14T02:29:01Z,41,41,30,0,0,200,2424,0.00
2026-09-14T02:29:03Z,41,41,30,0,0,200,2425,0.00
2026-09-14T02:29:05Z,41,42,30,0,0,200,2424,0.00
2026-09-14T02:29:07Z,41,42,30,0,0,200,2424,0.00
2026-09-14T02:29:09Z,41,42,30,0,0,200,2425,0.00
2026-09-14T02:29:11Z,40,41,30,0,0,200,2425,0.00
2026-09-14T02:29:13Z,41,41,30,0,0,200,2424,0.00
2026-09-14T02:29:15Z,41,41,30,0,0,200,2424,0.00
2026-09-14T02:29:17Z,41,41,30,0,0,200,2424,0.00
2026-09-14T02:29:19Z,40,41,30,0,0,200,2425,0.00
2026-09-14T02:29:21Z,41,41,30,0,0,200,2425,0.00
2026-09-14T02:29:23Z,41,41,30,0,0,200,2424,0.00
2026-09-14T02:29:25Z,41,41,30,0,0,200,2424,0.00
2026-09-14T02:29:27Z,40,41,30,0,0,200,2424,0.00
2026-09-14T02:29:29Z,40,41,30,0,0,200,2424,0.00
2026-09-14T02:29:32Z,40,41,30,0,0,200,2424,0.00
2026-09-14T02:29:34Z,40,41,30,0,0,200,2425,0.00
2026-09-14T02:29:36Z,41,42,30,0,0,200,2427,0.00
2026-09-14T02:29:38Z,40,41,30,0,0,200,2424,0.00
2026-09-14T02:29:40Z,41,41,30,0,0,200,2425,0.00
2026-09-14T02:29:42Z,41,41,30,0,0,200,2424,0.00
2026-09-14T02:29:44Z,40,41,30,0,0,200,2424,0.00
2026-09-14T02:29:46Z,41,41,30,0,0,200,2424,0.00
2026-09-14T02:29:48Z,40,41,30,0,0,200,2425,0.00
2026-09-14T02:29:50Z,41,42,30,0,0,200,2425,0.00
2026-09-14T02:29:52Z,41,41,30,0,0,200,2424,0.00
2026-09-14T02:29:54Z,41,41,30,0,0,200,2425,0.00
2026-09-14T02:29:56Z,41,41,30,0,0,200,2424,0.00
2026-09-14T02:29:58Z,40,41,30,0,0,200,2424,0.00
2026-09-14T02:30:00Z,41,41,30,0,0,200,2424,0.00
2026-09-14T02:30:02Z,41,41,30,0,0,200,2424,0.00
2026-09-14T02:30:04Z,41,41,30,0,0,200,2424,0.00
2026-09-14T02:30:06Z,41,41,30,0,0,200,2424,0.00
2026-09-14T02:30:08Z,41,41,30,0,0,200,2425,0.00
2026-09-14T02:30:10Z,41,41,30,0,0,200,2424,0.00
2026-09-14T02:30:13Z,41,41,30,0,0,200,2425,0.00
2026-09-14T02:30:15Z,41,41,30,0,0,200,2424,0.00
2026-09-14T02:30:17Z,41,41,30,0,0,200,2424,0.00
2026-09-14T02:30:19Z,40,41,30,0,0,200,2424,0.00
2026-09-14T02:30:21Z,40,41,30,0,0,200,2424,0.00
2026-09-14T02:30:23Z,41,41,30,0,0,200,2424,0.00
2026-09-14T02:30:25Z,41,41,30,0,0,200,2424,0.00
2026-09-14T02:30:27Z,41,41,30,0,0,200,2424,0.00
2026-09-14T02:30:29Z,41,41,30,0,0,200,2425,0.00
2026-09-14T02:30:31Z,41,41,30,0,0,200,2424,0.00
2026-09-14T02:30:33Z,41,41,30,0,0,200,2424,0.00
2026-09-14T02:30:35Z,41,41,30,0,0,200,2426,0.00
2026-09-14T02:30:37Z,41,41,30,0,0,200,2425,0.00
2026-09-14T02:30:39Z,41,41,30,0,0,200,2424,0.00
2026-09-14T02:30:41Z,40,41,30,0,0,200,2425,0.00
2026-09-14T02:30:43Z,40,41,30,0,0,200,2425,0.00
2026-09-14T02:30:45Z,40,41,30,0,0,200,2425,0.00
2026-09-14T02:30:47Z,41,41,30,0,0,200,2424,0.00
2026-09-14T02:30:49Z,41,41,30,0,0,200,2424,0.00
2026-09-14T02:30:51Z,41,41,30,0,0,200,2424,0.00
2026-09-14T02:30:54Z,41,41,30,0,0,200,2425,0.00
2026-09-14T02:30:56Z,41,41,30,0,0,200,2424,0.00
2026-09-14T02:30:58Z,41,41,30,0,0,200,2425,0.00
2026-09-14T02:31:00Z,41,41,30,0,0,200,2424,0.00
2026-09-14T02:31:02Z,41,41,30,0,0,200,2424,0.00
2026-09-14T02:31:04Z,41,41,30,0,0,200,2424,0.00
2026-09-14T02:31:06Z,40,41,30,0,0,200,2424,0.00
2026-09-14T02:31:08Z,41,41,30,0,0,200,2424,0.00
2026-09-14T02:31:10Z,41,41,30,0,0,200,2425,0.00
2026-09-14T02:31:12Z,41,41,30,0,0,200,2425,0.00
2026-09-14T02:31:14Z,41,41,30,0,0,200,2427,0.00
2026-09-14T02:31:16Z,41,41,30,0,0,200,2424,0.00
2026-09-14T02:31:18Z,41,41,30,0,0,200,2425,0.00
2026-09-14T02:31:20Z,41,41,30,0,0,200,2424,0.00
2026-09-14T02:31:22Z,41,41,30,0,0,200,2424,0.00
2026-09-14T02:31:24Z,41,41,30,0,0,200,2424,0.00
2026-09-14T02:31:26Z,40,41,30,0,0,200,2425,0.00
2026-09-14T02:31:28Z,40,41,30,0,0,200,2424,0.00
2026-09-14T02:31:30Z,41,41,30,0,0,200,2424,0.00
2026-09-14T02:31:32Z,41,41,30,0,0,200,2426,0.00
2026-09-14T02:31:35Z,41,41,30,0,0,200,2425,0.00
2026-09-14T02:31:37Z,41,41,30,0,0,200,2425,0.00
2026-09-14T02:31:39Z,41,41,30,0,0,200,2425,0.00
2026-09-14T02:31:41Z,40,41,30,0,0,200,2425,0.00
2026-09-14T02:31:43Z,41,41,30,0,0,200,2424,0.00
2026-09-14T02:31:45Z,41,41,30,0,0,200,2424,0.00
2026-09-14T02:31:47Z,40,41,30,0,0,200,2424,0.00
2026-09-14T02:31:49Z,41,41,30,0,0,200,2424,0.00
2026-09-14T02:31:51Z,41,41,30,0,0,200,2425,0.00
2026-09-14T02:31:53Z,40,41,30,0,0,200,2424,0.00
2026-09-14T02:31:55Z,41,41,30,0,0,200,2424,0.00
2026-09-14T02:31:57Z,41,41,30,0,0,200,2424,0.00
2026-09-14T02:31:59Z,40,41,30,0,0,200,2424,0.00
2026-09-14T02:32:01Z,41,41,30,0,0,200,2424,0.00
2026-09-14T02:32:03Z,41,41,30,0,0,200,2424,0.00
2026-09-14T02:32:05Z,41,41,30,0,0,200,2424,0.00
2026-09-14T02:32:07Z,41,41,30,0,0,200,2425,0.00
2026-09-14T02:32:09Z,40,41,30,0,0,200,2424,0.00
2026-09-14T02:32:11Z,41,41,30,0,0,200,2424,0.00
2026-09-14T02:32:13Z,41,41,30,0,0,200,2424,0.00
2026-09-14T02:32:16Z,41,41,30,0,0,200,2424,0.00
2026-09-14T02:32:18Z,41,41,30,0,0,200,2426,0.00
2026-09-14T02:32:20Z,41,41,30,0,0,200,2424,0.08
2026-09-14T02:32:22Z,40,41,30,0,0,200,2424,0.08
2026-09-14T02:32:24Z,41,41,30,0,0,200,2424,0.07
2026-09-14T02:32:26Z,41,41,30,0,0,200,2426,0.07
2026-09-14T02:32:28Z,41,41,30,0,0,200,2425,0.07
2026-09-14T02:32:30Z,40,41,30,0,0,200,2425,0.07
2026-09-14T02:32:32Z,41,41,30,0,0,200,2425,0.07
2026-09-14T02:32:34Z,40,41,30,0,0,200,2424,0.06
2026-09-14T02:32:36Z,41,41,30,0,0,200,2425,0.06
2026-09-14T02:32:38Z,40,41,30,0,0,200,2424,0.06
2026-09-14T02:32:40Z,41,41,30,0,0,200,2424,0.06
2026-09-14T02:32:42Z,41,41,30,0,0,200,2425,0.06
2026-09-14T02:32:44Z,41,41,30,0,0,200,2424,0.05
2026-09-14T02:32:46Z,40,41,30,0,0,200,2425,0.05
2026-09-14T02:32:48Z,41,41,30,0,0,200,2424,0.05
2026-09-14T02:32:50Z,41,41,30,0,0,200,2425,0.05
2026-09-14T02:32:52Z,41,41,30,0,0,200,2425,0.05
2026-09-14T02:32:54Z,41,41,30,0,0,200,2425,0.04
2026-09-14T02:32:56Z,41,41,30,0,0,200,2424,0.04
2026-09-14T02:32:59Z,41,41,30,0,0,200,2424,0.04
2026-09-14T02:33:01Z,41,41,30,0,0,200,2425,0.04
2026-09-14T02:33:03Z,41,41,30,0,0,200,2424,0.04
2026-09-14T02:33:05Z,41,41,30,0,0,200,2424,0.04
2026-09-14T02:33:07Z,41,41,30,0,0,200,2424,0.04
2026-09-14T02:33:09Z,41,41,30,0,0,200,2426,0.03
2026-09-14T02:33:11Z,41,41,30,0,0,200,2424,0.03
2026-09-14T02:33:13Z,41,41,30,0,0,200,2425,0.03
2026-09-14T02:33:15Z,41,41,30,0,0,200,2424,0.03
2026-09-14T02:33:17Z,40,41,30,0,0,200,2424,0.03
2026-09-14T02:33:19Z,41,41,30,0,0,200,2424,0.03
2026-09-14T02:33:21Z,41,41,30,0,0,200,2426,0.03
2026-09-14T02:33:23Z,41,41,30,0,0,200,2424,0.03
2026-09-14T02:33:25Z,41,41,30,0,0,200,2425,0.02
2026-09-14T02:33:27Z,41,41,30,0,0,200,2424,0.02
2026-09-14T02:33:29Z,41,41,30,0,0,200,2427,0.02
2026-09-14T02:33:31Z,40,41,30,0,0,200,2426,0.02
2026-09-14T02:33:33Z,41,41,30,0,0,200,2424,0.02
2026-09-14T02:33:35Z,41,41,30,0,0,200,2424,0.02
2026-09-14T02:33:37Z,41,41,30,0,0,200,2424,0.02
2026-09-14T02:33:40Z,40,41,30,0,0,200,2424,0.02
2026-09-14T02:33:42Z,41,41,30,0,0,200,2424,0.02
2026-09-14T02:33:44Z,41,41,30,0,0,200,2424,0.02
2026-09-14T02:33:46Z,41,41,30,0,0,200,2424,0.02
2026-09-14T02:33:48Z,41,41,30,0,0,200,2424,0.02
2026-09-14T02:33:50Z,41,41,30,0,0,200,2422,0.02
2026-09-14T02:33:52Z,41,41,30,0,0,200,2425,0.02
2026-09-14T02:33:54Z,41,41,30,0,0,200,2425,0.01
2026-09-14T02:33:56Z,41,41,30,0,0,200,2425,0.01
2026-09-14T02:33:58Z,41,41,30,0,0,200,2424,0.01
2026-09-14T02:34:00Z,40,41,30,0,0,200,2424,0.01
2026-09-14T02:34:02Z,41,41,30,0,0,200,2425,0.01
2026-09-14T02:34:04Z,41,41,30,0,0,200,2424,0.01
2026-09-14T02:34:06Z,41,41,30,0,0,200,2424,0.01
2026-09-14T02:34:08Z,40,41,30,0,0,200,2424,0.01
2026-09-14T02:34:10Z,41,41,30,0,0,200,2424,0.01
2026-09-14T02:34:12Z,41,41,30,0,0,200,2424,0.01
2026-09-14T02:34:14Z,41,41,30,0,0,200,2424,0.01
2026-09-14T02:34:16Z,41,41,30,0,0,200,2424,0.01
2026-09-14T02:34:18Z,41,41,30,0,0,200,2424,0.01
2026-09-14T02:34:21Z,41,41,30,0,0,200,2424,0.17
2026-09-14T02:34:23Z,41,41,30,0,0,200,2425,0.17
2026-09-14T02:34:25Z,41,41,30,0,0,200,2424,0.15
2026-09-14T02:34:27Z,41,41,30,0,0,200,2424,0.15
2026-09-14T02:34:29Z,41,41,30,0,0,200,2424,0.14
2026-09-14T02:34:31Z,40,41,30,0,0,200,2424,0.14
2026-09-14T02:34:33Z,41,41,30,0,0,200,2425,0.14
2026-09-14T02:34:35Z,40,41,30,0,0,200,2424,0.13
2026-09-14T02:34:37Z,41,41,30,0,0,200,2424,0.13
2026-09-14T02:34:39Z,41,41,30,0,0,200,2424,0.12
2026-09-14T02:34:41Z,41,41,30,0,0,200,2424,0.12
2026-09-14T02:34:43Z,41,41,30,0,0,200,2425,0.12
2026-09-14T02:34:45Z,41,41,30,0,0,200,2424,0.11
2026-09-14T02:34:47Z,41,41,30,0,0,200,2425,0.11
2026-09-14T02:34:49Z,41,41,30,0,0,200,2424,0.10
2026-09-14T02:34:51Z,41,41,30,0,0,200,2424,0.10
2026-09-14T02:34:53Z,41,41,30,0,0,200,2424,0.10
2026-09-14T02:34:55Z,40,41,30,0,0,200,2424,0.09
2026-09-14T02:34:57Z,41,41,30,0,0,200,2424,0.09
2026-09-14T02:34:59Z,40,41,30,0,0,200,2425,0.08
2026-09-14T02:35:02Z,40,41,30,0,0,200,2424,0.08
2026-09-14T02:35:04Z,41,41,30,0,0,200,2424,0.08
2026-09-14T02:35:06Z,41,41,30,0,0,200,2424,0.08
2026-09-14T02:35:08Z,41,41,30,0,0,200,2426,0.08
2026-09-14T02:35:10Z,41,41,30,0,0,200,2424,0.07
2026-09-14T02:35:12Z,41,41,30,0,0,200,2424,0.07
2026-09-14T02:35:14Z,41,41,30,0,0,200,2424,0.07
2026-09-14T02:35:16Z,41,41,30,0,0,200,2424,0.07
2026-09-14T02:35:18Z,41,41,30,0,0,200,2424,0.07
2026-09-14T02:35:20Z,41,41,30,0,0,200,2425,0.06
2026-09-14T02:35:22Z,41,41,30,0,0,200,2426,0.06
2026-09-14T02:35:24Z,41,41,30,0,0,200,2424,0.06
2026-09-14T02:35:26Z,41,41,30,0,0,200,2424,0.06
2026-09-14T02:35:28Z,41,41,30,0,0,200,2426,0.06
2026-09-14T02:35:30Z,41,41,30,0,0,200,2424,0.05
2026-09-14T02:35:32Z,41,41,30,0,0,200,2425,0.05
2026-09-14T02:35:34Z,41,41,30,0,0,200,2425,0.05
2026-09-14T02:35:36Z,41,42,30,0,0,200,2425,0.05
2026-09-14T02:35:38Z,41,42,30,0,0,200,2424,0.05
2026-09-14T02:35:40Z,41,41,30,0,0,200,2424,0.04
2026-09-14T02:35:43Z,41,41,30,0,0,200,2425,0.04
2026-09-14T02:35:45Z,41,41,30,0,0,200,2425,0.04
2026-09-14T02:35:47Z,41,41,30,0,0,200,2424,0.04
2026-09-14T02:35:49Z,40,42,30,0,0,200,2424,0.04
2026-09-14T02:35:51Z,41,41,30,0,0,200,2425,0.04
2026-09-14T02:35:53Z,41,41,30,0,0,200,2424,0.04
2026-09-14T02:35:55Z,41,41,30,0,0,200,2425,0.03
2026-09-14T02:35:57Z,41,41,30,0,0,200,2424,0.03
2026-09-14T02:35:59Z,41,41,30,0,0,200,2425,0.03
2026-09-14T02:36:01Z,41,41,30,0,0,200,2424,0.03
2026-09-14T02:36:03Z,41,41,30,0,0,200,2426,0.03
2026-09-14T02:36:05Z,41,41,30,0,0,200,2424,0.03
2026-09-14T02:36:07Z,40,41,30,0,0,200,2424,0.03
2026-09-14T02:36:09Z,41,41,30,0,0,200,2424,0.02
2026-09-14T02:36:11Z,41,41,30,0,0,200,2424,0.02
2026-09-14T02:36:13Z,41,41,30,0,0,200,2424,0.02
2026-09-14T02:36:15Z,41,41,30,0,0,200,2425,0.02
2026-09-14T02:36:17Z,41,42,30,0,0,200,2425,0.02
2026-09-14T02:36:19Z,41,41,30,0,0,200,2425,0.02
2026-09-14T02:36:21Z,41,42,30,0,0,200,2424,0.02
2026-09-14T02:36:24Z,41,42,30,0,0,200,2424,0.02
2026-09-14T02:36:26Z,40,42,30,0,0,200,2424,0.18
2026-09-14T02:36:28Z,41,42,30,0,0,200,2425,0.18
2026-09-14T02:36:30Z,41,42,30,0,0,200,2425,0.16
2026-09-14T02:36:32Z,41,42,30,0,0,200,2424,0.16
2026-09-14T02:36:34Z,41,41,30,0,0,200,2425,0.15
2026-09-14T02:36:36Z,41,41,30,0,0,200,2424,0.15
2026-09-14T02:36:38Z,41,41,30,0,0,200,2426,0.15
2026-09-14T02:36:40Z,41,41,30,0,0,200,2425,0.14
2026-09-14T02:36:42Z,41,41,30,0,0,200,2424,0.14
2026-09-14T02:36:44Z,41,41,30,0,0,200,2424,0.13
2026-09-14T02:36:46Z,41,41,30,0,0,200,2424,0.13
2026-09-14T02:36:48Z,41,41,30,0,0,200,2425,0.13
2026-09-14T02:36:50Z,41,41,30,0,0,200,2424,0.12
2026-09-14T02:36:52Z,41,41,30,0,0,200,2424,0.12
2026-09-14T02:36:54Z,41,41,30,0,0,200,2425,0.11
2026-09-14T02:36:56Z,41,41,30,0,0,200,2424,0.11
2026-09-14T02:36:58Z,41,41,30,0,0,200,2424,0.11
2026-09-14T02:37:00Z,41,41,30,0,0,200,2424,0.10
2026-09-14T02:37:02Z,41,41,30,0,0,200,2424,0.10
2026-09-14T02:37:05Z,40,41,30,0,0,200,2424,0.09
2026-09-14T02:37:07Z,41,42,30,0,0,200,2425,0.09
2026-09-14T02:37:09Z,40,42,30,0,0,200,2424,0.08
2026-09-14T02:37:11Z,41,41,30,0,0,200,2424,0.08
2026-09-14T02:37:13Z,41,41,30,0,0,200,2424,0.08
2026-09-14T02:37:15Z,41,41,30,0,0,200,2424,0.08
2026-09-14T02:37:17Z,41,41,30,0,0,200,2425,0.08
2026-09-14T02:37:19Z,41,41,30,0,0,200,2424,0.07
2026-09-14T02:37:21Z,40,41,30,0,0,200,2424,0.07
2026-09-14T02:37:23Z,41,41,30,0,0,200,2424,0.07
2026-09-14T02:37:25Z,41,41,30,0,0,200,2424,0.06
2026-09-14T02:37:27Z,41,41,30,0,0,200,2424,0.06
2026-09-14T02:37:29Z,40,41,30,0,0,200,2424,0.06
2026-09-14T02:37:31Z,41,41,30,0,0,200,2424,0.06
2026-09-14T02:37:33Z,41,41,30,0,0,200,2424,0.06
2026-09-14T02:37:35Z,41,41,30,0,0,200,2425,0.05
2026-09-14T02:37:37Z,41,41,30,0,0,200,2425,0.05
2026-09-14T02:37:39Z,41,41,30,0,0,200,2424,0.05
2026-09-14T02:37:41Z,41,41,30,0,0,200,2424,0.05
2026-09-14T02:37:43Z,41,41,30,0,0,200,2424,0.05
2026-09-14T02:37:46Z,41,41,30,0,0,200,2425,0.04
2026-09-14T02:37:48Z,41,41,30,0,0,200,2425,0.04
2026-09-14T02:37:50Z,41,41,30,0,0,200,2424,0.04
2026-09-14T02:37:52Z,41,41,30,0,0,200,2425,0.04
2026-09-14T02:37:54Z,41,41,30,0,0,200,2425,0.04
2026-09-14T02:37:56Z,41,41,30,0,0,200,2425,0.04
2026-09-14T02:37:58Z,41,41,30,0,0,200,2424,0.04
2026-09-14T02:38:00Z,41,41,30,0,0,200,2424,0.03
2026-09-14T02:38:02Z,41,41,30,0,0,200,2424,0.03
2026-09-14T02:38:04Z,41,41,30,0,0,200,2424,0.03
2026-09-14T02:38:06Z,41,41,30,0,0,200,2424,0.03
2026-09-14T02:38:08Z,41,41,30,0,0,200,2425,0.03
2026-09-14T02:38:10Z,40,41,30,0,0,200,2424,0.03
2026-09-14T02:38:12Z,41,41,30,0,0,200,2425,0.03
2026-09-14T02:38:14Z,41,41,30,0,0,200,2424,0.03
2026-09-14T02:38:16Z,41,41,30,0,0,200,2424,0.03
2026-09-14T02:38:18Z,41,41,30,0,0,200,2424,0.03
2026-09-14T02:38:20Z,41,41,30,0,0,200,2424,0.02
2026-09-14T02:38:22Z,41,41,30,0,0,200,2425,0.02
2026-09-14T02:38:24Z,41,41,30,0,0,200,2424,0.02
2026-09-14T02:38:27Z,41,41,30,0,0,200,2424,0.02
2026-09-14T02:38:29Z,41,41,30,0,0,200,2426,0.02
2026-09-14T02:38:31Z,41,41,30,0,0,200,2425,0.34
2026-09-14T02:38:33Z,41,41,30,0,0,200,2425,0.34
2026-09-14T02:38:35Z,41,41,30,0,0,200,2424,0.31
2026-09-14T02:38:37Z,41,41,30,0,0,200,2425,0.31
2026-09-14T02:38:39Z,41,41,30,0,0,200,2426,0.29
2026-09-14T02:38:41Z,41,41,30,0,0,200,2425,0.29
2026-09-14T02:38:43Z,41,41,30,0,0,200,2424,0.29
2026-09-14T02:38:45Z,41,41,30,0,0,200,2424,0.26
2026-09-14T02:38:47Z,40,41,30,0,0,200,2424,0.26
2026-09-14T02:38:49Z,40,41,30,0,0,200,2425,0.24
2026-09-14T02:38:51Z,41,41,30,0,0,200,2425,0.24
2026-09-14T02:38:53Z,40,41,30,0,0,200,2424,0.24
2026-09-14T02:38:55Z,41,41,30,0,0,200,2424,0.22
2026-09-14T02:38:57Z,40,41,30,0,0,200,2424,0.22
2026-09-14T02:38:59Z,41,41,30,0,0,200,2424,0.29
2026-09-14T02:39:01Z,41,41,30,0,0,200,2424,0.29
2026-09-14T02:39:03Z,41,41,30,0,0,200,2424,0.29
2026-09-14T02:39:05Z,41,41,30,0,0,200,2424,0.34
2026-09-14T02:39:07Z,41,41,30,0,0,200,2424,0.34
2026-09-14T02:39:10Z,41,41,30,0,0,200,2424,0.32
2026-09-14T02:39:12Z,41,41,30,0,0,200,2424,0.32
2026-09-14T02:39:14Z,40,41,30,0,0,200,2424,0.29
2026-09-14T02:39:16Z,41,41,30,0,0,200,2424,0.29
2026-09-14T02:39:18Z,41,41,30,0,0,200,2425,0.29
2026-09-14T02:39:20Z,41,41,30,0,0,200,2424,0.27
2026-09-14T02:39:22Z,41,41,30,0,0,200,2424,0.27
2026-09-14T02:39:24Z,41,41,30,0,0,200,2424,0.25
2026-09-14T02:39:26Z,41,41,30,0,0,200,2424,0.25
2026-09-14T02:39:28Z,41,41,30,0,0,200,2424,0.25
2026-09-14T02:39:30Z,41,41,30,0,0,200,2425,0.22
2026-09-14T02:39:32Z,41,41,30,0,0,200,2425,0.22
2026-09-14T02:39:34Z,41,41,30,0,0,200,2425,0.21
2026-09-14T02:39:36Z,41,41,30,0,0,200,2427,0.21
2026-09-14T02:39:38Z,41,41,30,0,0,200,2424,0.21
2026-09-14T02:39:40Z,41,41,30,0,0,200,2424,0.19
2026-09-14T02:39:42Z,41,41,30,0,0,200,2424,0.19
2026-09-14T02:39:44Z,41,41,30,0,0,200,2424,0.17
2026-09-14T02:39:46Z,41,41,30,0,0,200,2424,0.17
2026-09-14T02:39:48Z,41,41,30,0,0,200,2424,0.17
2026-09-14T02:39:51Z,40,41,30,0,0,200,2424,0.16
2026-09-14T02:39:53Z,41,41,30,0,0,200,2424,0.16
2026-09-14T02:39:55Z,41,41,30,0,0,200,2425,0.15
2026-09-14T02:39:57Z,40,41,30,0,0,200,2425,0.15
2026-09-14T02:39:59Z,41,41,30,0,0,200,2425,0.14
2026-09-14T02:40:01Z,41,41,30,0,0,200,2424,0.14
2026-09-14T02:40:03Z,41,41,30,0,0,200,2424,0.14
2026-09-14T02:40:05Z,40,41,30,0,0,200,2424,0.12
2026-09-14T02:40:07Z,41,41,30,0,0,200,2424,0.12
2026-09-14T02:40:09Z,41,41,30,0,0,200,2424,0.11
2026-09-14T02:40:11Z,41,41,30,0,0,200,2424,0.11
2026-09-14T02:40:13Z,41,41,30,0,0,200,2424,0.11
2026-09-14T02:40:15Z,41,41,30,0,0,200,2425,0.10
2026-09-14T02:40:17Z,41,41,30,0,0,200,2424,0.10
2026-09-14T02:40:19Z,41,41,30,0,0,200,2424,0.10
2026-09-14T02:40:21Z,40,41,30,0,0,200,2424,0.10
2026-09-14T02:40:23Z,41,41,30,0,0,200,2424,0.10
2026-09-14T02:40:25Z,40,41,30,0,0,200,2425,0.09
2026-09-14T02:40:27Z,41,41,30,0,0,200,2425,0.09
2026-09-14T02:40:29Z,40,41,30,0,0,200,2424,0.08
2026-09-14T02:40:32Z,40,41,30,0,0,200,2425,0.08
2026-09-14T02:40:34Z,41,41,30,0,0,200,2425,0.15
2026-09-14T02:40:36Z,40,41,30,0,0,200,2424,0.15
2026-09-14T02:40:38Z,41,41,30,0,0,200,2424,0.15
2026-09-14T02:40:40Z,41,41,30,0,0,200,2424,0.14
2026-09-14T02:40:42Z,41,41,30,0,0,200,2424,0.14
2026-09-14T02:40:44Z,41,41,30,0,0,200,2425,0.13
2026-09-14T02:40:46Z,41,41,30,0,0,200,2425,0.13
2026-09-14T02:40:48Z,41,41,30,0,0,200,2424,0.13
2026-09-14T02:40:50Z,40,41,30,0,0,200,2424,0.12
2026-09-14T02:40:52Z,40,41,30,0,0,200,2424,0.12
2026-09-14T02:40:54Z,41,41,30,0,0,200,2424,0.11
2026-09-14T02:40:56Z,40,41,30,0,0,200,2424,0.11
2026-09-14T02:40:58Z,41,41,30,0,0,200,2424,0.11
2026-09-14T02:41:00Z,41,41,30,0,0,200,2424,0.10
2026-09-14T02:41:02Z,41,41,30,0,0,200,2425,0.10
2026-09-14T02:41:04Z,41,41,30,0,0,200,2424,0.09
2026-09-14T02:41:06Z,40,41,30,0,0,200,2427,0.09
2026-09-14T02:41:08Z,41,41,30,0,0,200,2424,0.09
2026-09-14T02:41:10Z,41,41,30,0,0,200,2425,0.08
2026-09-14T02:41:13Z,41,41,30,0,0,200,2424,0.08
2026-09-14T02:41:15Z,41,41,30,0,0,200,2425,0.08
2026-09-14T02:41:17Z,40,41,30,0,0,200,2424,0.08
2026-09-14T02:41:19Z,40,41,30,0,0,200,2424,0.07
2026-09-14T02:41:21Z,41,41,30,0,0,200,2424,0.07
2026-09-14T02:41:23Z,41,41,30,0,0,200,2425,0.07
2026-09-14T02:41:25Z,41,41,30,0,0,200,2427,0.07
2026-09-14T02:41:27Z,40,41,30,0,0,200,2424,0.07
2026-09-14T02:41:29Z,41,41,30,0,0,200,2424,0.06
2026-09-14T02:41:31Z,41,41,30,0,0,200,2424,0.06
2026-09-14T02:41:33Z,41,41,30,0,0,200,2424,0.06
2026-09-14T02:41:35Z,41,41,30,0,0,200,2424,0.06
2026-09-14T02:41:37Z,40,41,30,0,0,200,2424,0.06
2026-09-14T02:41:39Z,41,41,30,0,0,200,2424,0.05
2026-09-14T02:41:41Z,41,41,30,0,0,200,2425,0.05
2026-09-14T02:41:43Z,40,41,30,0,0,200,2424,0.05
2026-09-14T02:41:45Z,41,41,30,0,0,200,2424,0.05
2026-09-14T02:41:47Z,41,41,30,0,0,200,2424,0.05
2026-09-14T02:41:49Z,41,41,30,0,0,200,2424,0.04
2026-09-14T02:41:51Z,41,41,30,0,0,200,2424,0.04
2026-09-14T02:41:54Z,41,41,30,0,0,200,2424,0.04
2026-09-14T02:41:56Z,40,41,30,0,0,200,2424,0.04
2026-09-14T02:41:58Z,41,41,30,0,0,200,2426,0.04
2026-09-14T02:42:00Z,41,41,30,0,0,200,2424,0.04
2026-09-14T02:42:02Z,41,41,30,0,0,200,2424,0.04
2026-09-14T02:42:04Z,41,41,30,0,0,200,2424,0.11
2026-09-14T02:42:06Z,41,41,30,0,0,200,2425,0.11
2026-09-14T02:42:08Z,41,41,30,0,0,200,2424,0.11
2026-09-14T02:42:10Z,41,41,30,0,0,200,2424,0.10
2026-09-14T02:42:12Z,41,41,30,0,0,200,2424,0.10
2026-09-14T02:42:14Z,40,41,30,0,0,200,2424,0.10
2026-09-14T02:42:16Z,41,41,30,0,0,200,2425,0.10
2026-09-14T02:42:18Z,41,41,30,0,0,200,2424,0.10
2026-09-14T02:42:20Z,41,41,30,0,0,200,2426,0.09
2026-09-14T02:42:22Z,40,41,30,0,0,200,2424,0.09
2026-09-14T02:42:24Z,41,41,30,0,0,200,2424,0.08
2026-09-14T02:42:26Z,41,41,30,0,0,200,2425,0.08
2026-09-14T02:42:28Z,41,41,30,0,0,200,2425,0.08
2026-09-14T02:42:30Z,41,41,30,0,0,200,2425,0.07
2026-09-14T02:42:32Z,41,41,30,0,0,200,2424,0.07
2026-09-14T02:42:35Z,41,41,30,0,0,200,2424,0.07
2026-09-14T02:42:37Z,40,41,30,0,0,200,2424,0.07
2026-09-14T02:42:39Z,41,41,30,0,0,200,2424,0.14
2026-09-14T02:42:41Z,41,41,30,0,0,200,2424,0.14
2026-09-14T02:42:43Z,41,41,30,0,0,200,2424,0.14
2026-09-14T02:42:45Z,40,41,30,0,0,200,2425,0.13
2026-09-14T02:42:47Z,40,41,30,0,0,200,2424,0.13
2026-09-14T02:42:49Z,41,41,30,0,0,200,2425,0.12
2026-09-14T02:42:51Z,40,41,30,0,0,200,2424,0.12
2026-09-14T02:42:53Z,40,41,30,0,0,200,2424,0.12
2026-09-14T02:42:55Z,40,41,30,0,0,200,2424,0.11
2026-09-14T02:42:57Z,41,41,30,0,0,200,2424,0.11
2026-09-14T02:42:59Z,40,41,30,0,0,200,2424,0.10
2026-09-14T02:43:01Z,40,41,30,0,0,200,2424,0.10
2026-09-14T02:43:03Z,41,41,30,0,0,200,2424,0.10
2026-09-14T02:43:05Z,41,41,30,0,0,200,2424,0.09
2026-09-14T02:43:07Z,41,41,30,0,0,200,2424,0.09
2026-09-14T02:43:09Z,41,41,30,0,0,200,2425,0.08
2026-09-14T02:43:11Z,41,41,30,0,0,200,2424,0.08
2026-09-14T02:43:13Z,41,41,30,0,0,200,2424,0.08
2026-09-14T02:43:16Z,41,41,30,0,0,200,2424,0.08
2026-09-14T02:43:18Z,40,41,30,0,0,200,2424,0.08
2026-09-14T02:43:20Z,40,41,30,0,0,200,2425,0.07
2026-09-14T02:43:22Z,41,41,30,0,0,200,2424,0.07
2026-09-14T02:43:24Z,41,41,30,0,0,200,2424,0.07
2026-09-14T02:43:26Z,41,41,30,0,0,200,2425,0.07
2026-09-14T02:43:28Z,40,41,30,0,0,200,2425,0.07
2026-09-14T02:43:30Z,41,41,30,0,0,200,2426,0.06
2026-09-14T02:43:32Z,41,41,30,0,0,200,2425,0.06
2026-09-14T02:43:34Z,40,41,30,0,0,200,2424,0.06
2026-09-14T02:43:36Z,41,41,30,0,0,200,2424,0.06
2026-09-14T02:43:38Z,41,41,30,0,0,200,2426,0.06
2026-09-14T02:43:40Z,41,41,30,0,0,200,2424,0.05
2026-09-14T02:43:42Z,40,41,30,0,0,200,2424,0.05
2026-09-14T02:43:44Z,41,41,30,0,0,200,2424,0.05
2026-09-14T02:43:46Z,41,41,30,0,0,200,2425,0.05
2026-09-14T02:43:48Z,41,41,30,0,0,200,2424,0.05
2026-09-14T02:43:50Z,41,41,30,0,0,200,2424,0.04
2026-09-14T02:43:52Z,41,41,30,0,0,200,2424,0.04
2026-09-14T02:43:54Z,41,41,30,0,0,200,2424,0.04
2026-09-14T02:43:56Z,40,41,30,0,0,200,2425,0.04
2026-09-14T02:43:59Z,41,41,30,0,0,200,2424,0.04
2026-09-14T02:44:01Z,41,41,30,0,0,200,2424,0.04
2026-09-14T02:44:03Z,41,41,30,0,0,200,2424,0.04
2026-09-14T02:44:05Z,41,41,30,0,0,200,2424,0.03
2026-09-14T02:44:07Z,41,41,30,0,0,200,2425,0.03
2026-09-14T02:44:09Z,41,41,30,0,0,200,2425,0.03
2026-09-14T02:44:11Z,40,41,30,0,0,200,2424,0.03
2026-09-14T02:44:13Z,41,41,30,0,0,200,2425,0.03
2026-09-14T02:44:15Z,41,41,30,0,0,200,2424,0.03
2026-09-14T02:44:17Z,41,41,30,0,0,200,2425,0.03
2026-09-14T02:44:19Z,41,41,30,0,0,200,2424,0.02
2026-09-14T02:44:21Z,40,41,30,0,0,200,2425,0.02
2026-09-14T02:44:23Z,40,41,30,0,0,200,2424,0.02
2026-09-14T02:44:25Z,41,41,30,0,0,200,2424,0.02
2026-09-14T02:44:27Z,41,41,30,0,0,200,2424,0.02
2026-09-14T02:44:29Z,41,41,30,0,0,200,2424,0.02
2026-09-14T02:44:31Z,40,41,30,0,0,200,2424,0.02
2026-09-14T02:44:33Z,41,41,30,0,0,200,2425,0.02
2026-09-14T02:44:35Z,40,41,30,0,0,200,2424,0.02
2026-09-14T02:44:37Z,41,41,30,0,0,200,2424,0.02
2026-09-14T02:44:40Z,41,41,30,0,0,200,2425,0.02
2026-09-14T02:44:42Z,41,41,30,0,0,200,2425,0.02
2026-09-14T02:44:44Z,41,41,30,0,0,200,2424,0.10
2026-09-14T02:44:46Z,40,41,30,0,0,200,2424,0.10
2026-09-14T02:44:48Z,41,41,30,0,0,200,2424,0.10
2026-09-14T02:44:50Z,41,41,30,0,0,200,2424,0.09
2026-09-14T02:44:52Z,41,41,30,0,0,200,2424,0.09
2026-09-14T02:44:54Z,40,41,30,0,0,200,2424,0.08
2026-09-14T02:44:56Z,41,41,30,0,0,200,2424,0.08
2026-09-14T02:44:58Z,41,41,30,0,0,200,2424,0.08
2026-09-14T02:45:00Z,40,41,30,0,0,200,2424,0.07
2026-09-14T02:45:02Z,41,41,30,0,0,200,2425,0.07
2026-09-14T02:45:04Z,41,41,30,0,0,200,2424,0.07
2026-09-14T02:45:06Z,41,41,30,0,0,200,2425,0.07
2026-09-14T02:45:08Z,41,41,30,0,0,200,2424,0.07
2026-09-14T02:45:10Z,40,41,30,0,0,200,2424,0.14
2026-09-14T02:45:12Z,41,41,30,0,0,200,2424,0.14
2026-09-14T02:45:14Z,41,41,30,0,0,200,2425,0.13
2026-09-14T02:45:16Z,41,41,30,0,0,200,2424,0.13
2026-09-14T02:45:18Z,41,41,30,0,0,200,2426,0.13
2026-09-14T02:45:21Z,40,41,30,0,0,200,2424,0.12
2026-09-14T02:45:23Z,40,41,30,0,0,200,2424,0.12
2026-09-14T02:45:25Z,41,41,30,0,0,200,2424,0.11
2026-09-14T02:45:27Z,40,41,30,0,0,200,2424,0.11
2026-09-14T02:45:29Z,41,41,30,0,0,200,2425,0.10
2026-09-14T02:45:31Z,41,41,30,0,0,200,2425,0.10
2026-09-14T02:45:33Z,41,41,30,0,0,200,2424,0.10
2026-09-14T02:45:35Z,41,41,30,0,0,200,2424,0.09
2026-09-14T02:45:37Z,41,41,30,0,0,200,2424,0.09
2026-09-14T02:45:39Z,41,41,30,0,0,200,2424,0.08
2026-09-14T02:45:41Z,41,41,30,0,0,200,2424,0.08
2026-09-14T02:45:43Z,40,41,30,0,0,200,2424,0.08
2026-09-14T02:45:45Z,41,41,30,0,0,200,2424,0.08
2026-09-14T02:45:47Z,41,41,30,0,0,200,2424,0.08
2026-09-14T02:45:49Z,41,41,30,0,0,200,2424,0.07
2026-09-14T02:45:51Z,41,41,30,0,0,200,2424,0.07
2026-09-14T02:45:53Z,41,41,30,0,0,200,2425,0.07
2026-09-14T02:45:55Z,41,41,30,0,0,200,2424,0.07
2026-09-14T02:45:57Z,40,41,30,0,0,200,2425,0.07
2026-09-14T02:45:59Z,40,41,30,0,0,200,2424,0.06
2026-09-14T02:46:02Z,40,41,30,0,0,200,2424,0.06
2026-09-14T02:46:04Z,41,41,30,0,0,200,2427,0.06
2026-09-14T02:46:06Z,41,41,30,0,0,200,2424,0.06
2026-09-14T02:46:08Z,40,41,30,0,0,200,2424,0.06
2026-09-14T02:46:10Z,41,41,30,0,0,200,2424,0.05
2026-09-14T02:46:12Z,41,41,30,0,0,200,2424,0.05
2026-09-14T02:46:14Z,41,41,30,0,0,200,2425,0.05
2026-09-14T02:46:16Z,41,41,30,0,0,200,2423,0.05
2026-09-14T02:46:18Z,41,41,30,0,0,200,2425,0.05
2026-09-14T02:46:20Z,40,41,30,0,0,200,2424,0.04
2026-09-14T02:46:22Z,41,41,30,0,0,200,2424,0.04
2026-09-14T02:46:24Z,41,41,30,0,0,200,2424,0.04
2026-09-14T02:46:26Z,41,41,30,0,0,200,2425,0.04
2026-09-14T02:46:28Z,41,41,30,0,0,200,2425,0.04
2026-09-14T02:46:30Z,40,41,30,0,0,200,2425,0.04
2026-09-14T02:46:32Z,41,41,30,0,0,200,2424,0.04
2026-09-14T02:46:34Z,41,41,30,0,0,200,2424,0.03
2026-09-14T02:46:36Z,41,41,30,0,0,200,2424,0.03
2026-09-14T02:46:38Z,41,41,30,0,0,200,2424,0.03
2026-09-14T02:46:40Z,40,41,30,0,0,200,2424,0.03
2026-09-14T02:46:43Z,41,41,30,0,0,200,2424,0.03
2026-09-14T02:46:45Z,41,41,30,0,0,200,2425,0.03
2026-09-14T02:46:47Z,40,41,30,0,0,200,2425,0.03
2026-09-14T02:46:49Z,41,41,30,0,0,200,2425,0.10
2026-09-14T02:46:51Z,41,41,30,0,0,200,2424,0.10
2026-09-14T02:46:53Z,41,41,30,0,0,200,2424,0.10
2026-09-14T02:46:55Z,41,41,30,0,0,200,2424,0.10
2026-09-14T02:46:57Z,41,41,30,0,0,200,2424,0.10
2026-09-14T02:46:59Z,40,41,30,0,0,200,2424,0.17
2026-09-14T02:47:01Z,41,41,30,0,0,200,2424,0.17
2026-09-14T02:47:03Z,40,41,30,0,0,200,2425,0.17
2026-09-14T02:47:05Z,41,41,30,0,0,200,2424,0.16
2026-09-14T02:47:07Z,41,41,30,0,0,200,2424,0.16
2026-09-14T02:47:09Z,41,41,30,0,0,200,2425,0.14
2026-09-14T02:47:11Z,41,41,30,0,0,200,2424,0.14
2026-09-14T02:47:13Z,40,41,30,0,0,200,2425,0.14
2026-09-14T02:47:15Z,41,41,30,0,0,200,2425,0.13
2026-09-14T02:47:17Z,40,41,30,0,0,200,2424,0.13
2026-09-14T02:47:19Z,41,41,30,0,0,200,2424,0.12
2026-09-14T02:47:21Z,41,41,30,0,0,200,2427,0.12
2026-09-14T02:47:24Z,41,41,30,0,0,200,2424,0.12
2026-09-14T02:47:26Z,40,41,30,0,0,200,2424,0.11
2026-09-14T02:47:28Z,41,41,30,0,0,200,2427,0.11
2026-09-14T02:47:30Z,41,41,30,0,0,200,2424,0.10
2026-09-14T02:47:32Z,41,41,30,0,0,200,2424,0.10
2026-09-14T02:47:34Z,41,41,30,0,0,200,2424,0.09
2026-09-14T02:47:36Z,40,41,30,0,0,200,2424,0.09
2026-09-14T02:47:38Z,40,41,30,0,0,200,2424,0.09
2026-09-14T02:47:40Z,41,41,30,0,0,200,2424,0.08
2026-09-14T02:47:42Z,41,41,30,0,0,200,2428,0.08
2026-09-14T02:47:44Z,40,41,30,0,0,200,2424,0.08
2026-09-14T02:47:46Z,41,41,30,0,0,200,2424,0.08
2026-09-14T02:47:48Z,40,41,30,0,0,200,2425,0.08
2026-09-14T02:47:50Z,40,41,30,0,0,200,2424,0.07
2026-09-14T02:47:52Z,41,41,30,0,0,200,2425,0.07
2026-09-14T02:47:54Z,41,41,30,0,0,200,2424,0.07
2026-09-14T02:47:56Z,41,41,30,0,0,200,2424,0.07
2026-09-14T02:47:58Z,41,41,30,0,0,200,2424,0.07
2026-09-14T02:48:00Z,40,41,30,0,0,200,2425,0.06
2026-09-14T02:48:02Z,41,41,30,0,0,200,2424,0.06
2026-09-14T02:48:05Z,41,41,30,0,0,200,2425,0.06
2026-09-14T02:48:07Z,41,41,30,0,0,200,2426,0.06
2026-09-14T02:48:09Z,41,41,30,0,0,200,2425,0.06
2026-09-14T02:48:11Z,41,41,30,0,0,200,2425,0.05
2026-09-14T02:48:13Z,41,41,30,0,0,200,2424,0.05
2026-09-14T02:48:15Z,41,41,30,0,0,200,2425,0.05
2026-09-14T02:48:17Z,40,41,30,0,0,200,2424,0.05
2026-09-14T02:48:19Z,41,41,30,0,0,200,2424,0.04
2026-09-14T02:48:21Z,41,41,30,0,0,200,2424,0.04
2026-09-14T02:48:23Z,41,41,30,0,0,200,2424,0.04
2026-09-14T02:48:25Z,40,41,30,0,0,200,2424,0.04
2026-09-14T02:48:27Z,41,41,30,0,0,200,2424,0.04
2026-09-14T02:48:29Z,41,41,30,0,0,200,2424,0.04
2026-09-14T02:48:31Z,41,41,30,0,0,200,2424,0.04
2026-09-14T02:48:33Z,40,41,30,0,0,200,2425,0.04
2026-09-14T02:48:35Z,41,41,30,0,0,200,2424,0.03
2026-09-14T02:48:37Z,41,41,30,0,0,200,2425,0.03
2026-09-14T02:48:39Z,41,41,30,0,0,200,2424,0.03
2026-09-14T02:48:41Z,41,41,30,0,0,200,2424,0.03
2026-09-14T02:48:43Z,41,41,30,0,0,200,2424,0.03
2026-09-14T02:48:45Z,41,41,30,0,0,200,2424,0.03
2026-09-14T02:48:48Z,41,41,30,0,0,200,2424,0.03
2026-09-14T02:48:50Z,41,41,30,0,0,200,2427,0.02
2026-09-14T02:48:52Z,40,41,30,0,0,200,2424,0.02
2026-09-14T02:48:54Z,41,41,30,0,0,200,2425,0.10
2026-09-14T02:48:56Z,41,41,30,0,0,200,2424,0.10
2026-09-14T02:48:58Z,41,41,30,0,0,200,2424,0.10
2026-09-14T02:49:00Z,41,41,30,0,0,200,2424,0.09
2026-09-14T02:49:02Z,41,41,30,0,0,200,2424,0.09
2026-09-14T02:49:04Z,41,41,30,0,0,200,2424,0.09
2026-09-14T02:49:06Z,41,41,30,0,0,200,2424,0.09
2026-09-14T02:49:08Z,41,41,30,0,0,200,2424,0.09
2026-09-14T02:49:10Z,41,41,30,0,0,200,2424,0.08
2026-09-14T02:49:12Z,41,41,30,0,0,200,2424,0.08
2026-09-14T02:49:14Z,41,41,30,0,0,200,2424,0.07
2026-09-14T02:49:16Z,41,41,30,0,0,200,2424,0.07
2026-09-14T02:49:18Z,41,41,30,0,0,200,2424,0.07
2026-09-14T02:49:20Z,40,41,30,0,0,200,2424,0.07
2026-09-14T02:49:22Z,40,41,30,0,0,200,2424,0.07
2026-09-14T02:49:24Z,41,41,30,0,0,200,2424,0.06
2026-09-14T02:49:26Z,41,41,30,0,0,200,2424,0.06
2026-09-14T02:49:29Z,41,41,30,0,0,200,2424,0.06
2026-09-14T02:49:31Z,41,41,30,0,0,200,2424,0.06
2026-09-14T02:49:33Z,41,41,30,0,0,200,2424,0.06
2026-09-14T02:49:35Z,41,41,30,0,0,200,2424,0.05
2026-09-14T02:49:37Z,41,41,30,0,0,200,2424,0.05
2026-09-14T02:49:39Z,40,41,30,0,0,200,2424,0.05
2026-09-14T02:49:41Z,41,41,30,0,0,200,2425,0.05
2026-09-14T02:49:43Z,41,41,30,0,0,200,2424,0.05
2026-09-14T02:49:45Z,40,41,30,0,0,200,2424,0.04
2026-09-14T02:49:47Z,40,41,30,0,0,200,2424,0.04
2026-09-14T02:49:49Z,41,41,30,0,0,200,2424,0.04
2026-09-14T02:49:51Z,40,41,30,0,0,200,2425,0.04
2026-09-14T02:49:53Z,41,41,30,0,0,200,2424,0.04
2026-09-14T02:49:55Z,40,41,30,0,0,200,2424,0.04
2026-09-14T02:49:57Z,41,41,30,0,0,200,2426,0.04
2026-09-14T02:49:59Z,41,41,30,0,0,200,2424,0.03
2026-09-14T02:50:01Z,41,41,30,0,0,200,2424,0.03
2026-09-14T02:50:03Z,40,41,30,0,0,200,2424,0.03
2026-09-14T02:50:05Z,41,41,30,0,0,200,2424,0.03
2026-09-14T02:50:07Z,41,41,30,0,0,200,2425,0.03
2026-09-14T02:50:10Z,41,41,30,0,0,200,2424,0.03
2026-09-14T02:50:12Z,41,41,30,0,0,200,2424,0.03
2026-09-14T02:50:14Z,40,41,30,0,0,200,2425,0.03
2026-09-14T02:50:16Z,40,41,30,0,0,200,2426,0.02
2026-09-14T02:50:18Z,41,41,30,0,0,200,2425,0.02
2026-09-14T02:50:20Z,41,41,30,0,0,200,2425,0.02
2026-09-14T02:50:22Z,41,41,30,0,0,200,2426,0.02
2026-09-14T02:50:24Z,41,41,30,0,0,200,2426,0.02
2026-09-14T02:50:26Z,41,41,30,0,0,200,2424,0.02
2026-09-14T02:50:28Z,41,41,30,0,0,200,2424,0.02
2026-09-14T02:50:30Z,41,41,30,0,0,200,2424,0.02
2026-09-14T02:50:32Z,41,41,30,0,0,200,2424,0.02
2026-09-14T02:50:34Z,41,41,30,0,0,200,2425,0.02
2026-09-14T02:50:36Z,40,41,30,0,0,200,2424,0.02
2026-09-14T02:50:38Z,41,41,30,0,0,200,2424,0.02
2026-09-14T02:50:40Z,41,41,30,0,0,200,2424,0.02
2026-09-14T02:50:42Z,41,41,30,0,0,200,2424,0.02
2026-09-14T02:50:44Z,41,41,30,0,0,200,2424,0.01
2026-09-14T02:50:46Z,41,41,30,0,0,200,2424,0.01
2026-09-14T02:50:48Z,41,41,30,0,0,200,2424,0.01
2026-09-14T02:50:51Z,41,41,30,0,0,200,2425,0.01
2026-09-14T02:50:53Z,41,41,30,0,0,200,2424,0.01
2026-09-14T02:50:55Z,41,41,30,0,0,200,2424,0.01
2026-09-14T02:50:57Z,41,41,30,0,0,200,2425,0.01
2026-09-14T02:50:59Z,41,41,30,0,0,200,2425,0.09
2026-09-14T02:51:01Z,41,41,30,0,0,200,2424,0.09
2026-09-14T02:51:03Z,41,41,30,0,0,200,2424,0.09
2026-09-14T02:51:05Z,40,41,30,0,0,200,2424,0.08
2026-09-14T02:51:07Z,41,41,30,0,0,200,2424,0.08
2026-09-14T02:51:09Z,41,41,30,0,0,200,2424,0.08
2026-09-14T02:51:11Z,40,41,30,0,0,200,2424,0.08
2026-09-14T02:51:13Z,40,41,30,0,0,200,2424,0.08
2026-09-14T02:51:15Z,41,41,30,0,0,200,2424,0.07
2026-09-14T02:51:17Z,41,41,30,0,0,200,2424,0.07
2026-09-14T02:51:19Z,41,41,30,0,0,200,2424,0.06
2026-09-14T02:51:21Z,41,41,30,0,0,200,2425,0.06
2026-09-14T02:51:23Z,41,41,30,0,0,200,2424,0.06
2026-09-14T02:51:25Z,41,41,30,0,0,200,2424,0.06
2026-09-14T02:51:27Z,41,41,30,0,0,200,2424,0.06
2026-09-14T02:51:29Z,40,41,30,0,0,200,2424,0.05
2026-09-14T02:51:32Z,41,41,30,0,0,200,2424,0.05
2026-09-14T02:51:34Z,41,41,30,0,0,200,2424,0.05
2026-09-14T02:51:36Z,41,41,30,0,0,200,2424,0.13
2026-09-14T02:51:38Z,40,41,30,0,0,200,2424,0.13
2026-09-14T02:51:40Z,40,41,30,0,0,200,2425,0.12
2026-09-14T02:51:42Z,41,41,30,0,0,200,2424,0.12
2026-09-14T02:51:44Z,41,41,30,0,0,200,2425,0.11
2026-09-14T02:51:46Z,41,41,30,0,0,200,2424,0.11
2026-09-14T02:51:48Z,41,41,30,0,0,200,2425,0.11
2026-09-14T02:51:50Z,41,41,30,0,0,200,2424,0.10
2026-09-14T02:51:52Z,40,41,30,0,0,200,2425,0.10
2026-09-14T02:51:54Z,41,41,30,0,0,200,2424,0.09
2026-09-14T02:51:56Z,41,41,30,0,0,200,2424,0.09
2026-09-14T02:51:58Z,40,41,30,0,0,200,2424,0.09
2026-09-14T02:52:00Z,40,41,30,0,0,200,2424,0.08
2026-09-14T02:52:02Z,41,41,30,0,0,200,2424,0.08
2026-09-14T02:52:04Z,41,41,30,0,0,200,2426,0.08
2026-09-14T02:52:06Z,41,41,30,0,0,200,2424,0.08
2026-09-14T02:52:08Z,41,41,30,0,0,200,2424,0.08
2026-09-14T02:52:10Z,41,41,30,0,0,200,2424,0.07
2026-09-14T02:52:13Z,41,41,30,0,0,200,2424,0.07
2026-09-14T02:52:15Z,40,41,30,0,0,200,2426,0.07
2026-09-14T02:52:17Z,41,41,30,0,0,200,2424,0.07
2026-09-14T02:52:19Z,40,41,30,0,0,200,2424,0.07
2026-09-14T02:52:21Z,40,41,30,0,0,200,2424,0.06
2026-09-14T02:52:23Z,41,41,30,0,0,200,2424,0.06
2026-09-14T02:52:25Z,41,41,30,0,0,200,2424,0.06
2026-09-14T02:52:27Z,41,41,30,0,0,200,2425,0.06
2026-09-14T02:52:29Z,41,41,30,0,0,200,2424,0.05
2026-09-14T02:52:31Z,41,41,30,0,0,200,2427,0.05
2026-09-14T02:52:33Z,41,41,30,0,0,200,2424,0.05
2026-09-14T02:52:35Z,41,41,30,0,0,200,2424,0.05
2026-09-14T02:52:37Z,41,41,30,0,0,200,2425,0.05
2026-09-14T02:52:39Z,41,41,30,0,0,200,2424,0.04
2026-09-14T02:52:41Z,41,41,30,0,0,200,2424,0.04
2026-09-14T02:52:43Z,40,41,30,0,0,200,2424,0.04
2026-09-14T02:52:45Z,41,41,30,0,0,200,2425,0.04
2026-09-14T02:52:47Z,40,41,30,0,0,200,2425,0.04
2026-09-14T02:52:49Z,40,41,30,0,0,200,2425,0.04
2026-09-14T02:52:51Z,41,41,30,0,0,200,2424,0.04
2026-09-14T02:52:54Z,40,41,30,0,0,200,2424,0.04
2026-09-14T02:52:56Z,41,41,30,0,0,200,2424,0.03
2026-09-14T02:52:58Z,41,41,30,0,0,200,2425,0.03
2026-09-14T02:53:00Z,41,41,30,0,0,200,2425,0.03
2026-09-14T02:53:02Z,41,41,30,0,0,200,2424,0.03
2026-09-14T02:53:04Z,41,41,30,0,0,200,2425,0.11
2026-09-14T02:53:06Z,41,41,30,0,0,200,2424,0.11
2026-09-14T02:53:08Z,40,41,30,0,0,200,2425,0.11
2026-09-14T02:53:10Z,41,41,30,0,0,200,2424,0.10
2026-09-14T02:53:12Z,41,41,30,0,0,200,2425,0.10
2026-09-14T02:53:14Z,41,41,30,0,0,200,2424,0.09
2026-09-14T02:53:16Z,40,41,30,0,0,200,2424,0.09
2026-09-14T02:53:18Z,41,41,30,0,0,200,2425,0.09
2026-09-14T02:53:20Z,41,41,30,0,0,200,2424,0.08
2026-09-14T02:53:22Z,41,41,30,0,0,200,2424,0.08
2026-09-14T02:53:24Z,41,41,30,0,0,200,2429,0.08
2026-09-14T02:53:26Z,40,41,30,0,0,200,2424,0.08
2026-09-14T02:53:28Z,41,41,30,0,0,200,2425,0.08
2026-09-14T02:53:30Z,41,41,30,0,0,200,2424,0.07
2026-09-14T02:53:32Z,41,41,30,0,0,200,2424,0.07
2026-09-14T02:53:34Z,41,41,30,0,0,200,2424,0.06
2026-09-14T02:53:37Z,40,41,30,0,0,200,2425,0.06
2026-09-14T02:53:39Z,41,41,30,0,0,200,2424,0.06
2026-09-14T02:53:41Z,40,41,30,0,0,200,2424,0.06
2026-09-14T02:53:43Z,41,41,30,0,0,200,2424,0.06
2026-09-14T02:53:45Z,41,41,30,0,0,200,2425,0.05
2026-09-14T02:53:47Z,40,41,30,0,0,200,2424,0.05
2026-09-14T02:53:49Z,41,41,30,0,0,200,2424,0.05
2026-09-14T02:53:51Z,41,41,30,0,0,200,2424,0.05
2026-09-14T02:53:53Z,41,41,30,0,0,200,2424,0.05
2026-09-14T02:53:55Z,41,41,30,0,0,200,2425,0.04
2026-09-14T02:53:57Z,40,41,30,0,0,200,2424,0.04
2026-09-14T02:53:59Z,41,41,30,0,0,200,2424,0.04
2026-09-14T02:54:01Z,41,41,30,0,0,200,2424,0.04
2026-09-14T02:54:03Z,41,41,30,0,0,200,2425,0.04
2026-09-14T02:54:05Z,41,41,30,0,0,200,2425,0.04
2026-09-14T02:54:07Z,40,41,30,0,0,200,2424,0.04
2026-09-14T02:54:09Z,41,41,30,0,0,200,2424,0.03
2026-09-14T02:54:11Z,41,41,30,0,0,200,2425,0.03
2026-09-14T02:54:13Z,41,41,30,0,0,200,2424,0.03
2026-09-14T02:54:15Z,41,41,30,0,0,200,2424,0.03
2026-09-14T02:54:18Z,41,41,30,0,0,200,2426,0.03
2026-09-14T02:54:20Z,41,41,30,0,0,200,2424,0.03
2026-09-14T02:54:22Z,41,41,30,0,0,200,2424,0.03
2026-09-14T02:54:24Z,41,41,30,0,0,200,2425,0.03
2026-09-14T02:54:26Z,41,41,30,0,0,200,2424,0.03
2026-09-14T02:54:28Z,41,41,30,0,0,200,2424,0.03
2026-09-14T02:54:30Z,41,41,30,0,0,200,2425,0.02
2026-09-14T02:54:32Z,40,41,30,0,0,200,2424,0.02
2026-09-14T02:54:34Z,40,41,30,0,0,200,2424,0.02
2026-09-14T02:54:36Z,41,41,30,0,0,200,2424,0.02
2026-09-14T02:54:38Z,41,41,30,0,0,200,2426,0.02
2026-09-14T02:54:40Z,41,41,30,0,0,200,2424,0.02
2026-09-14T02:54:42Z,40,41,30,0,0,200,2424,0.02
2026-09-14T02:54:44Z,40,41,30,0,0,200,2424,0.02
2026-09-14T02:54:46Z,41,41,30,0,0,200,2424,0.02
2026-09-14T02:54:48Z,40,41,30,0,0,200,2424,0.02
2026-09-14T02:54:50Z,41,41,30,0,0,200,2425,0.02
2026-09-14T02:54:52Z,41,41,30,0,0,200,2424,0.02
2026-09-14T02:54:54Z,41,41,30,0,0,200,2424,0.10
2026-09-14T02:54:56Z,41,41,30,0,0,200,2424,0.10
2026-09-14T02:54:59Z,40,41,30,0,0,200,2424,0.10
2026-09-14T02:55:01Z,41,41,30,0,0,200,2425,0.09
2026-09-14T02:55:03Z,41,41,30,0,0,200,2424,0.09
2026-09-14T02:55:05Z,41,41,30,0,0,200,2425,0.08
2026-09-14T02:55:07Z,40,41,30,0,0,200,2424,0.08
2026-09-14T02:55:09Z,41,41,30,0,0,200,2424,0.07
2026-09-14T02:55:11Z,41,41,30,0,0,200,2425,0.07
2026-09-14T02:55:13Z,41,41,30,0,0,200,2426,0.07
2026-09-14T02:55:15Z,40,41,30,0,0,200,2426,0.07
2026-09-14T02:55:17Z,40,41,30,0,0,200,2425,0.07
2026-09-14T02:55:19Z,40,41,30,0,0,200,2424,0.06
2026-09-14T02:55:21Z,40,41,30,0,0,200,2425,0.06
2026-09-14T02:55:23Z,41,41,30,0,0,200,2425,0.06
2026-09-14T02:55:25Z,41,41,30,0,0,200,2427,0.06
2026-09-14T02:55:27Z,41,41,30,0,0,200,2424,0.06
2026-09-14T02:55:29Z,41,41,30,0,0,200,2425,0.05
2026-09-14T02:55:31Z,41,41,30,0,0,200,2425,0.05
2026-09-14T02:55:33Z,41,41,30,0,0,200,2424,0.05
2026-09-14T02:55:35Z,41,41,30,0,0,200,2427,0.05
2026-09-14T02:55:38Z,40,41,30,0,0,200,2425,0.05
2026-09-14T02:55:40Z,41,41,30,0,0,200,2424,0.04
2026-09-14T02:55:42Z,40,41,30,0,0,200,2424,0.04
2026-09-14T02:55:44Z,41,41,30,0,0,200,2424,0.04
2026-09-14T02:55:46Z,41,41,30,0,0,200,2424,0.04
2026-09-14T02:55:48Z,41,41,30,0,0,200,2424,0.04
2026-09-14T02:55:50Z,40,41,30,0,0,200,2424,0.04
2026-09-14T02:55:52Z,40,41,30,0,0,200,2424,0.04
2026-09-14T02:55:54Z,40,41,30,0,0,200,2424,0.03
2026-09-14T02:55:56Z,41,41,30,0,0,200,2424,0.03
2026-09-14T02:55:58Z,41,41,30,0,0,200,2425,0.03
2026-09-14T02:56:00Z,41,41,30,0,0,200,2425,0.03
2026-09-14T02:56:02Z,41,41,30,0,0,200,2424,0.03
2026-09-14T02:56:04Z,41,41,30,0,0,200,2424,0.03
2026-09-14T02:56:06Z,41,41,30,0,0,200,2424,0.03
2026-09-14T02:56:08Z,41,41,30,0,0,200,2424,0.03
2026-09-14T02:56:10Z,41,41,30,0,0,200,2425,0.02
2026-09-14T02:56:12Z,40,41,30,0,0,200,2424,0.02
2026-09-14T02:56:14Z,41,41,30,0,0,200,2424,0.02
2026-09-14T02:56:16Z,40,41,30,0,0,200,2426,0.02
2026-09-14T02:56:18Z,41,41,30,0,0,200,2424,0.02
2026-09-14T02:56:21Z,40,41,30,0,0,200,2424,0.02
2026-09-14T02:56:23Z,41,41,30,0,0,200,2425,0.02
2026-09-14T02:56:25Z,41,41,30,0,0,200,2424,0.02
2026-09-14T02:56:27Z,40,41,30,0,0,200,2425,0.02
2026-09-14T02:56:29Z,41,41,30,0,0,200,2424,0.02
2026-09-14T02:56:31Z,41,41,30,0,0,200,2425,0.02
2026-09-14T02:56:33Z,41,41,30,0,0,200,2425,0.02
2026-09-14T02:56:35Z,41,41,30,0,0,200,2424,0.02
2026-09-14T02:56:37Z,41,41,30,0,0,200,2425,0.02
2026-09-14T02:56:39Z,41,41,30,0,0,200,2425,0.01
2026-09-14T02:56:41Z,41,41,30,0,0,200,2424,0.01
2026-09-14T02:56:43Z,41,41,30,0,0,200,2425,0.01
2026-09-14T02:56:45Z,41,41,30,0,0,200,2424,0.01
2026-09-14T02:56:47Z,41,41,30,0,0,200,2424,0.01
2026-09-14T02:56:49Z,40,41,30,0,0,200,2424,0.01
2026-09-14T02:56:51Z,41,41,30,0,0,200,2424,0.01
2026-09-14T02:56:53Z,41,41,30,0,0,200,2425,0.01
2026-09-14T02:56:55Z,41,41,30,0,0,200,2424,0.01
2026-09-14T02:56:57Z,40,41,30,0,0,200,2424,0.01
2026-09-14T02:56:59Z,40,41,30,0,0,200,2424,0.01
2026-09-14T02:57:02Z,40,41,30,0,0,200,2424,0.01
2026-09-14T02:57:04Z,41,41,30,0,0,200,2425,0.01
2026-09-14T02:57:06Z,41,41,30,0,0,200,2424,0.09
2026-09-14T02:57:08Z,41,41,30,0,0,200,2427,0.09
2026-09-14T02:57:10Z,41,41,30,0,0,200,2424,0.08
2026-09-14T02:57:12Z,40,41,30,0,0,200,2424,0.08
2026-09-14T02:57:14Z,40,41,30,0,0,200,2424,0.07
2026-09-14T02:57:16Z,41,41,30,0,0,200,2426,0.07
2026-09-14T02:57:18Z,41,41,30,0,0,200,2425,0.07
2026-09-14T02:57:20Z,41,41,30,0,0,200,2427,0.07
2026-09-14T02:57:22Z,40,41,30,0,0,200,2426,0.07
2026-09-14T02:57:24Z,41,41,30,0,0,200,2425,0.06
2026-09-14T02:57:26Z,41,41,30,0,0,200,2424,0.06
2026-09-14T02:57:28Z,41,41,30,0,0,200,2425,0.06
2026-09-14T02:57:30Z,40,41,30,0,0,200,2425,0.06
2026-09-14T02:57:32Z,41,41,30,0,0,200,2424,0.06
2026-09-14T02:57:34Z,41,41,30,0,0,200,2425,0.05
2026-09-14T02:57:36Z,41,41,30,0,0,200,2424,0.05
2026-09-14T02:57:38Z,40,41,30,0,0,200,2425,0.05
2026-09-14T02:57:40Z,41,41,30,0,0,200,2425,0.05
2026-09-14T02:57:43Z,41,41,30,0,0,200,2424,0.05
2026-09-14T02:57:45Z,40,41,30,0,0,200,2424,0.04
2026-09-14T02:57:47Z,40,41,30,0,0,200,2425,0.04
2026-09-14T02:57:49Z,41,41,30,0,0,200,2425,0.04
2026-09-14T02:57:51Z,41,41,30,0,0,200,2424,0.04
2026-09-14T02:57:53Z,41,41,30,0,0,200,2425,0.04
2026-09-14T02:57:55Z,40,41,30,0,0,200,2424,0.04
2026-09-14T02:57:57Z,41,41,30,0,0,200,2424,0.04
2026-09-14T02:57:59Z,41,41,30,0,0,200,2424,0.11
2026-09-14T02:58:01Z,41,41,30,0,0,200,2424,0.11
2026-09-14T02:58:03Z,40,41,30,0,0,200,2424,0.11
2026-09-14T02:58:05Z,41,41,30,0,0,200,2425,0.10
2026-09-14T02:58:07Z,40,41,30,0,0,200,2424,0.10
2026-09-14T02:58:09Z,41,41,30,0,0,200,2424,0.10
2026-09-14T02:58:11Z,41,41,30,0,0,200,2424,0.10
2026-09-14T02:58:13Z,41,41,30,0,0,200,2424,0.10
2026-09-14T02:58:15Z,40,41,30,0,0,200,2424,0.09
2026-09-14T02:58:17Z,41,41,30,0,0,200,2424,0.09
2026-09-14T02:58:19Z,41,41,30,0,0,200,2424,0.08
2026-09-14T02:58:21Z,40,41,30,0,0,200,2425,0.08
2026-09-14T02:58:24Z,40,41,30,0,0,200,2425,0.08
2026-09-14T02:58:26Z,41,41,30,0,0,200,2425,0.07
2026-09-14T02:58:28Z,41,41,30,0,0,200,2424,0.07
2026-09-14T02:58:30Z,41,41,30,0,0,200,2424,0.07
2026-09-14T02:58:32Z,41,41,30,0,0,200,2424,0.07
2026-09-14T02:58:34Z,41,41,30,0,0,200,2424,0.07
2026-09-14T02:58:36Z,41,41,30,0,0,200,2424,0.06
2026-09-14T02:58:38Z,40,41,30,0,0,200,2424,0.06
2026-09-14T02:58:40Z,40,41,30,0,0,200,2424,0.06
2026-09-14T02:58:42Z,41,41,30,0,0,200,2424,0.06
2026-09-14T02:58:44Z,41,41,30,0,0,200,2425,0.05
2026-09-14T02:58:46Z,40,41,30,0,0,200,2425,0.05
2026-09-14T02:58:48Z,40,41,30,0,0,200,2425,0.05
2026-09-14T02:58:50Z,41,41,30,0,0,200,2424,0.05
2026-09-14T02:58:52Z,41,41,30,0,0,200,2424,0.05
2026-09-14T02:58:54Z,40,41,30,0,0,200,2424,0.04
2026-09-14T02:58:56Z,40,41,30,0,0,200,2424,0.04
2026-09-14T02:58:58Z,40,41,30,0,0,200,2424,0.04
2026-09-14T02:59:00Z,40,41,30,0,0,200,2424,0.04
2026-09-14T02:59:02Z,41,41,30,0,0,200,2424,0.04
2026-09-14T02:59:05Z,41,41,30,0,0,200,2425,0.04
2026-09-14T02:59:07Z,41,41,30,0,0,200,2424,0.04
2026-09-14T02:59:09Z,41,41,30,0,0,200,2424,0.04
2026-09-14T02:59:11Z,40,41,30,0,0,200,2425,0.03
2026-09-14T02:59:13Z,41,41,30,0,0,200,2424,0.03
2026-09-14T02:59:15Z,40,41,30,0,0,200,2424,0.03
2026-09-14T02:59:17Z,41,41,30,0,0,200,2425,0.03
2026-09-14T02:59:19Z,40,41,30,0,0,200,2424,0.03
2026-09-14T02:59:21Z,40,41,30,0,0,200,2424,0.03
2026-09-14T02:59:23Z,41,41,30,0,0,200,2425,0.03
2026-09-14T02:59:25Z,41,41,30,0,0,200,2426,0.02
2026-09-14T02:59:27Z,41,41,30,0,0,200,2424,0.02
2026-09-14T02:59:29Z,41,41,30,0,0,200,2426,0.02
2026-09-14T02:59:31Z,40,41,30,0,0,200,2425,0.02
2026-09-14T02:59:33Z,41,41,30,0,0,200,2424,0.02
2026-09-14T02:59:35Z,40,41,30,0,0,200,2424,0.02
2026-09-14T02:59:37Z,41,41,30,0,0,200,2424,0.02
2026-09-14T02:59:39Z,40,41,30,0,0,200,2424,0.02
2026-09-14T02:59:41Z,41,41,30,0,0,200,2426,0.02
2026-09-14T02:59:43Z,40,41,30,0,0,200,2449,0.02
2026-09-14T02:59:46Z,41,41,30,0,0,200,2424,0.02
2026-09-14T02:59:48Z,41,41,30,0,0,200,2424,0.02
2026-09-14T02:59:50Z,40,41,30,0,0,200,2424,0.02
2026-09-14T02:59:52Z,41,41,30,0,0,200,2424,0.02
2026-09-14T02:59:54Z,40,41,30,0,0,200,2425,0.02
2026-09-14T02:59:56Z,41,41,30,0,0,200,2424,0.01
2026-09-14T02:59:58Z,41,41,30,0,0,200,2424,0.01
2026-09-14T03:00:00Z,40,41,30,0,0,200,2424,0.01
2026-09-14T03:00:02Z,40,41,30,0,0,200,2424,0.01
2026-09-14T03:00:04Z,40,41,30,0,0,200,2424,0.01
2026-09-14T03:00:06Z,40,41,30,0,0,200,2424,0.01
2026-09-14T03:00:08Z,40,41,30,0,0,200,2424,0.01
2026-09-14T03:00:10Z,41,41,30,0,0,200,2424,0.01
2026-09-14T03:00:12Z,41,41,30,0,0,200,2425,0.01
2026-09-14T03:00:14Z,41,41,30,0,0,200,2426,0.01
2026-09-14T03:00:16Z,41,41,30,0,0,200,2424,0.01
2026-09-14T03:00:18Z,40,41,30,0,0,200,2426,0.01
2026-09-14T03:00:20Z,41,41,30,0,0,200,2424,0.01
2026-09-14T03:00:22Z,40,41,30,0,0,200,2425,0.01
2026-09-14T03:00:24Z,41,41,30,0,0,200,2424,0.01
2026-09-14T03:00:26Z,40,41,30,0,0,200,2424,0.01
2026-09-14T03:00:29Z,40,41,30,0,0,200,2424,0.01
2026-09-14T03:00:31Z,41,41,30,0,0,200,2424,0.01
2026-09-14T03:00:33Z,41,41,30,0,0,200,2426,0.01
2026-09-14T03:00:35Z,41,41,30,0,0,200,2425,0.01
2026-09-14T03:00:37Z,40,41,30,0,0,200,2424,0.01
2026-09-14T03:00:39Z,41,41,30,0,0,200,2424,0.01
2026-09-14T03:00:41Z,41,41,30,0,0,200,2424,0.00
2026-09-14T03:00:43Z,41,41,30,0,0,200,2424,0.00
2026-09-14T03:00:45Z,41,41,30,0,0,200,2424,0.00
2026-09-14T03:00:47Z,41,41,30,0,0,200,2424,0.00
2026-09-14T03:00:49Z,40,41,30,0,0,200,2424,0.00
2026-09-14T03:00:51Z,41,41,30,0,0,200,2424,0.00
2026-09-14T03:00:53Z,41,41,30,0,0,200,2425,0.00
2026-09-14T03:00:55Z,41,41,30,0,0,200,2424,0.00
2026-09-14T03:00:57Z,41,41,30,0,0,200,2439,0.00
2026-09-14T03:00:59Z,41,41,30,0,0,200,2424,0.00
2026-09-14T03:01:01Z,40,41,30,0,0,200,2425,0.00
2026-09-14T03:01:03Z,41,41,30,0,0,200,2424,0.00
2026-09-14T03:01:05Z,40,41,30,0,0,200,2425,0.00
2026-09-14T03:01:07Z,40,41,30,0,0,200,2424,0.00
2026-09-14T03:01:10Z,40,41,30,0,0,200,2424,0.00
2026-09-14T03:01:12Z,41,41,30,0,0,200,2424,0.00
2026-09-14T03:01:14Z,41,41,30,0,0,200,2424,0.00
2026-09-14T03:01:16Z,41,41,30,0,0,200,2425,0.00
2026-09-14T03:01:18Z,41,41,30,0,0,200,2424,0.00
2026-09-14T03:01:20Z,41,41,30,0,0,200,2424,0.00
2026-09-14T03:01:22Z,40,41,30,0,0,200,2424,0.00
2026-09-14T03:01:24Z,41,41,30,0,0,200,2424,0.00
2026-09-14T03:01:26Z,41,41,30,0,0,200,2424,0.00
2026-09-14T03:01:28Z,41,41,30,0,0,200,2425,0.00
2026-09-14T03:01:30Z,41,41,30,0,0,200,2424,0.00
2026-09-14T03:01:32Z,41,41,30,0,0,200,2425,0.00
2026-09-14T03:01:34Z,41,41,30,0,0,200,2425,0.00
2026-09-14T03:01:36Z,41,41,30,0,0,200,2425,0.00
2026-09-14T03:01:38Z,41,41,30,0,0,200,2425,0.00
2026-09-14T03:01:40Z,41,41,30,0,0,200,2424,0.00
2026-09-14T03:01:42Z,40,41,30,0,0,200,2424,0.00
2026-09-14T03:01:44Z,40,41,30,0,0,200,2424,0.00
2026-09-14T03:01:46Z,41,41,30,0,0,200,2424,0.00
2026-09-14T03:01:48Z,41,41,30,0,0,200,2424,0.00
2026-09-14T03:01:51Z,41,41,30,0,0,200,2424,0.00
2026-09-14T03:01:53Z,41,41,30,0,0,200,2425,0.00
2026-09-14T03:01:55Z,41,41,30,0,0,200,2424,0.00
2026-09-14T03:01:57Z,41,41,30,0,0,200,2424,0.00
2026-09-14T03:01:59Z,40,41,30,0,0,200,2424,0.00
2026-09-14T03:02:01Z,41,41,30,0,0,200,2424,0.00
2026-09-14T03:02:03Z,41,41,30,0,0,200,2424,0.00
2026-09-14T03:02:05Z,41,41,30,0,0,200,2424,0.00
2026-09-14T03:02:07Z,40,41,30,0,0,200,2424,0.00
2026-09-14T03:02:09Z,41,41,30,0,0,200,2424,0.00
2026-09-14T03:02:11Z,41,41,30,0,0,200,2424,0.00
2026-09-14T03:02:13Z,41,41,30,0,0,200,2426,0.00
2026-09-14T03:02:15Z,41,41,30,0,0,200,2424,0.00
2026-09-14T03:02:17Z,41,41,30,0,0,200,2424,0.00
2026-09-14T03:02:19Z,41,41,30,0,0,200,2425,0.00
2026-09-14T03:02:21Z,40,41,30,0,0,200,2425,0.00
2026-09-14T03:02:23Z,41,41,30,0,0,200,2426,0.00
2026-09-14T03:02:25Z,40,41,30,0,0,200,2424,0.00
2026-09-14T03:02:27Z,40,41,30,0,0,200,2424,0.00
2026-09-14T03:02:29Z,40,41,30,0,0,200,2424,0.00
2026-09-14T03:02:32Z,41,41,30,0,0,200,2424,0.00
2026-09-14T03:02:34Z,41,41,30,0,0,200,2425,0.00
2026-09-14T03:02:36Z,40,41,30,0,0,200,2425,0.08
2026-09-14T03:02:38Z,41,41,30,0,0,200,2425,0.08
2026-09-14T03:02:40Z,40,41,30,0,0,200,2424,0.07
2026-09-14T03:02:42Z,41,41,30,0,0,200,2424,0.07
2026-09-14T03:02:44Z,40,41,30,0,0,200,2424,0.07
2026-09-14T03:02:46Z,41,41,30,0,0,200,2424,0.07
2026-09-14T03:02:48Z,41,41,30,0,0,200,2425,0.07
2026-09-14T03:02:50Z,41,41,30,0,0,200,2425,0.06
2026-09-14T03:02:52Z,40,41,30,0,0,200,2424,0.06
2026-09-14T03:02:54Z,41,41,30,0,0,200,2425,0.06
2026-09-14T03:02:56Z,40,41,30,0,0,200,2425,0.06
2026-09-14T03:02:58Z,40,41,30,0,0,200,2424,0.06
2026-09-14T03:03:00Z,40,41,30,0,0,200,2424,0.05
2026-09-14T03:03:02Z,41,41,30,0,0,200,2424,0.05
2026-09-14T03:03:04Z,41,41,30,0,0,200,2425,0.05
2026-09-14T03:03:06Z,41,41,30,0,0,200,2424,0.05
2026-09-14T03:03:08Z,41,41,30,0,0,200,2424,0.05
2026-09-14T03:03:10Z,40,41,30,0,0,200,2425,0.04
2026-09-14T03:03:13Z,41,41,30,0,0,200,2425,0.04
2026-09-14T03:03:15Z,41,41,30,0,0,200,2425,0.04
2026-09-14T03:03:17Z,41,41,30,0,0,200,2424,0.04
2026-09-14T03:03:19Z,41,41,30,0,0,200,2424,0.04
2026-09-14T03:03:21Z,41,41,30,0,0,200,2424,0.04
2026-09-14T03:03:23Z,41,41,30,0,0,200,2426,0.04
2026-09-14T03:03:25Z,40,41,30,0,0,200,2424,0.03
2026-09-14T03:03:27Z,41,41,30,0,0,200,2425,0.03
2026-09-14T03:03:29Z,41,41,30,0,0,200,2425,0.11
2026-09-14T03:03:31Z,41,41,30,0,0,200,2424,0.11
2026-09-14T03:03:33Z,41,41,30,0,0,200,2424,0.11
2026-09-14T03:03:35Z,40,41,30,0,0,200,2424,0.10
2026-09-14T03:03:37Z,41,41,30,0,0,200,2424,0.10
2026-09-14T03:03:39Z,41,41,30,0,0,200,2425,0.09
2026-09-14T03:03:41Z,41,41,30,0,0,200,2425,0.09
2026-09-14T03:03:43Z,41,41,30,0,0,200,2424,0.09
2026-09-14T03:03:45Z,40,41,30,0,0,200,2424,0.08
2026-09-14T03:03:47Z,41,41,30,0,0,200,2425,0.08
2026-09-14T03:03:49Z,40,41,30,0,0,200,2425,0.08
2026-09-14T03:03:51Z,40,41,30,0,0,200,2424,0.08
2026-09-14T03:03:54Z,41,41,30,0,0,200,2425,0.08
2026-09-14T03:03:56Z,41,41,30,0,0,200,2424,0.07
2026-09-14T03:03:58Z,41,41,30,0,0,200,2425,0.07
2026-09-14T03:04:00Z,41,41,30,0,0,200,2424,0.07
2026-09-14T03:04:02Z,41,41,30,0,0,200,2425,0.07
2026-09-14T03:04:04Z,41,41,30,0,0,200,2424,0.07
2026-09-14T03:04:06Z,41,41,30,0,0,200,2424,0.06
2026-09-14T03:04:08Z,41,41,30,0,0,200,2424,0.06
2026-09-14T03:04:10Z,41,41,30,0,0,200,2426,0.06
2026-09-14T03:04:12Z,40,41,30,0,0,200,2424,0.06
2026-09-14T03:04:14Z,41,41,30,0,0,200,2425,0.05
2026-09-14T03:04:16Z,41,41,30,0,0,200,2424,0.05
2026-09-14T03:04:18Z,41,41,30,0,0,200,2424,0.05
2026-09-14T03:04:20Z,41,41,30,0,0,200,2424,0.05
2026-09-14T03:04:22Z,41,41,30,0,0,200,2424,0.05
2026-09-14T03:04:24Z,41,41,30,0,0,200,2425,0.04
2026-09-14T03:04:26Z,41,41,30,0,0,200,2424,0.04
2026-09-14T03:04:28Z,41,41,30,0,0,200,2424,0.04
2026-09-14T03:04:30Z,41,41,30,0,0,200,2424,0.04
2026-09-14T03:04:32Z,41,41,30,0,0,200,2424,0.04
2026-09-14T03:04:35Z,40,41,30,0,0,200,2424,0.04
2026-09-14T03:04:37Z,40,41,30,0,0,200,2424,0.04
2026-09-14T03:04:39Z,41,41,30,0,0,200,2424,0.04
2026-09-14T03:04:41Z,40,41,30,0,0,200,2424,0.03
2026-09-14T03:04:43Z,40,41,30,0,0,200,2424,0.03
2026-09-14T03:04:45Z,41,41,30,0,0,200,2424,0.03
2026-09-14T03:04:47Z,41,41,30,0,0,200,2425,0.03
2026-09-14T03:04:49Z,41,41,30,0,0,200,2424,0.03
2026-09-14T03:04:51Z,41,41,30,0,0,200,2425,0.03
2026-09-14T03:04:53Z,41,41,30,0,0,200,2424,0.03
2026-09-14T03:04:55Z,41,41,30,0,0,200,2425,0.02
2026-09-14T03:04:57Z,41,41,30,0,0,200,2424,0.02
2026-09-14T03:04:59Z,41,41,30,0,0,200,2424,0.02
2026-09-14T03:05:01Z,41,41,30,0,0,200,2425,0.02
2026-09-14T03:05:03Z,40,41,30,0,0,200,2424,0.02
2026-09-14T03:05:05Z,40,41,30,0,0,200,2424,0.02
2026-09-14T03:05:07Z,41,41,30,0,0,200,2424,0.02
2026-09-14T03:05:09Z,41,41,30,0,0,200,2424,0.10
2026-09-14T03:05:11Z,41,41,30,0,0,200,2424,0.10
2026-09-14T03:05:13Z,41,41,30,0,0,200,2424,0.10
2026-09-14T03:05:15Z,41,41,30,0,0,200,2424,0.09
2026-09-14T03:05:18Z,40,41,30,0,0,200,2424,0.09
2026-09-14T03:05:20Z,40,41,30,0,0,200,2424,0.08
2026-09-14T03:05:22Z,40,41,30,0,0,200,2425,0.08
2026-09-14T03:05:24Z,41,41,30,0,0,200,2424,0.08
2026-09-14T03:05:26Z,41,41,30,0,0,200,2425,0.08
2026-09-14T03:05:28Z,40,41,30,0,0,200,2425,0.08
2026-09-14T03:05:30Z,41,41,30,0,0,200,2425,0.07
2026-09-14T03:05:32Z,41,41,30,0,0,200,2425,0.07
2026-09-14T03:05:34Z,41,41,30,0,0,200,2424,0.06
2026-09-14T03:05:36Z,41,41,30,0,0,200,2424,0.06
2026-09-14T03:05:38Z,41,41,30,0,0,200,2424,0.06
2026-09-14T03:05:40Z,41,41,30,0,0,200,2424,0.06
2026-09-14T03:05:42Z,41,41,30,0,0,200,2424,0.06
2026-09-14T03:05:44Z,41,41,30,0,0,200,2424,0.05
2026-09-14T03:05:46Z,40,41,30,0,0,200,2425,0.05
2026-09-14T03:05:48Z,41,41,30,0,0,200,2424,0.05
2026-09-14T03:05:50Z,41,41,30,0,0,200,2425,0.05
2026-09-14T03:05:52Z,40,41,30,0,0,200,2425,0.05
2026-09-14T03:05:54Z,41,41,30,0,0,200,2424,0.05
2026-09-14T03:05:57Z,41,41,30,0,0,200,2424,0.05
2026-09-14T03:05:59Z,41,41,30,0,0,200,2424,0.05
2026-09-14T03:06:01Z,40,41,30,0,0,200,2425,0.04
2026-09-14T03:06:03Z,41,41,30,0,0,200,2424,0.04
2026-09-14T03:06:05Z,41,41,30,0,0,200,2424,0.04
2026-09-14T03:06:07Z,41,41,30,0,0,200,2424,0.04
2026-09-14T03:06:09Z,41,41,30,0,0,200,2424,0.04
2026-09-14T03:06:11Z,40,41,30,0,0,200,2424,0.03
2026-09-14T03:06:13Z,41,41,30,0,0,200,2424,0.03
2026-09-14T03:06:15Z,41,41,30,0,0,200,2424,0.03
2026-09-14T03:06:17Z,41,41,30,0,0,200,2424,0.03
2026-09-14T03:06:19Z,41,41,30,0,0,200,2424,0.03
2026-09-14T03:06:21Z,40,41,30,0,0,200,2424,0.03
2026-09-14T03:06:23Z,41,41,30,0,0,200,2424,0.03
2026-09-14T03:06:25Z,41,41,30,0,0,200,2426,0.03
2026-09-14T03:06:27Z,41,41,30,0,0,200,2424,0.03
2026-09-14T03:06:29Z,41,41,30,0,0,200,2424,0.02
2026-09-14T03:06:31Z,41,41,30,0,0,200,2424,0.02
2026-09-14T03:06:33Z,41,41,30,0,0,200,2424,0.02
2026-09-14T03:06:35Z,40,41,30,0,0,200,2424,0.02
2026-09-14T03:06:38Z,41,41,30,0,0,200,2424,0.02
2026-09-14T03:06:40Z,41,41,30,0,0,200,2424,0.02
2026-09-14T03:06:42Z,41,41,30,0,0,200,2425,0.02
2026-09-14T03:06:44Z,41,41,30,0,0,200,2425,0.02
2026-09-14T03:06:46Z,40,41,30,0,0,200,2424,0.02
2026-09-14T03:06:48Z,41,41,30,0,0,200,2424,0.02
2026-09-14T03:06:50Z,41,41,30,0,0,200,2424,0.02
2026-09-14T03:06:52Z,41,41,30,0,0,200,2424,0.02
2026-09-14T03:06:54Z,41,41,30,0,0,200,2425,0.10
2026-09-14T03:06:56Z,41,41,30,0,0,200,2424,0.10
2026-09-14T03:06:58Z,40,41,30,0,0,200,2424,0.10
2026-09-14T03:07:00Z,41,41,30,0,0,200,2424,0.09
2026-09-14T03:07:02Z,41,41,30,0,0,200,2425,0.09
2026-09-14T03:07:04Z,41,41,30,0,0,200,2424,0.08
2026-09-14T03:07:06Z,41,41,30,0,0,200,2424,0.08
2026-09-14T03:07:08Z,41,41,30,0,0,200,2424,0.08
2026-09-14T03:07:10Z,41,41,30,0,0,200,2424,0.07
2026-09-14T03:07:12Z,40,41,30,0,0,200,2424,0.07
2026-09-14T03:07:14Z,41,41,30,0,0,200,2424,0.07
2026-09-14T03:07:16Z,41,41,30,0,0,200,2425,0.07
2026-09-14T03:07:18Z,41,41,30,0,0,200,2424,0.07
2026-09-14T03:07:21Z,40,41,30,0,0,200,2424,0.06
2026-09-14T03:07:23Z,41,41,30,0,0,200,2424,0.06
2026-09-14T03:07:25Z,40,41,30,0,0,200,2424,0.06
2026-09-14T03:07:27Z,41,41,30,0,0,200,2425,0.06
2026-09-14T03:07:29Z,41,41,30,0,0,200,2424,0.06
2026-09-14T03:07:31Z,41,41,30,0,0,200,2424,0.05
2026-09-14T03:07:33Z,40,41,30,0,0,200,2426,0.05
2026-09-14T03:07:35Z,40,41,30,0,0,200,2424,0.05
2026-09-14T03:07:37Z,41,41,30,0,0,200,2424,0.05
2026-09-14T03:07:39Z,41,41,30,0,0,200,2424,0.04
2026-09-14T03:07:41Z,41,41,30,0,0,200,2424,0.04
2026-09-14T03:07:43Z,41,41,30,0,0,200,2426,0.04
2026-09-14T03:07:45Z,41,41,30,0,0,200,2424,0.04
2026-09-14T03:07:47Z,41,41,30,0,0,200,2424,0.04
2026-09-14T03:07:49Z,41,41,30,0,0,200,2424,0.04
2026-09-14T03:07:51Z,41,41,30,0,0,200,2424,0.04
2026-09-14T03:07:53Z,41,41,30,0,0,200,2424,0.04
2026-09-14T03:07:55Z,41,41,30,0,0,200,2424,0.03
2026-09-14T03:07:57Z,40,41,30,0,0,200,2424,0.03
2026-09-14T03:07:59Z,40,41,30,0,0,200,2424,0.03
2026-09-14T03:08:02Z,41,41,30,0,0,200,2424,0.03
2026-09-14T03:08:04Z,41,41,30,0,0,200,2426,0.03
2026-09-14T03:08:06Z,40,41,30,0,0,200,2424,0.03
2026-09-14T03:08:08Z,41,41,30,0,0,200,2425,0.03
2026-09-14T03:08:10Z,41,41,30,0,0,200,2425,0.02
2026-09-14T03:08:12Z,41,41,30,0,0,200,2424,0.02
2026-09-14T03:08:14Z,41,41,30,0,0,200,2424,0.02
2026-09-14T03:08:16Z,41,41,30,0,0,200,2426,0.02
2026-09-14T03:08:18Z,41,41,30,0,0,200,2425,0.02
2026-09-14T03:08:20Z,41,41,30,0,0,200,2424,0.02
2026-09-14T03:08:22Z,41,41,30,0,0,200,2424,0.02
2026-09-14T03:08:24Z,41,41,30,0,0,200,2425,0.02
2026-09-14T03:08:26Z,41,41,30,0,0,200,2425,0.02
2026-09-14T03:08:28Z,40,41,30,0,0,200,2425,0.02
2026-09-14T03:08:30Z,41,41,30,0,0,200,2424,0.02
2026-09-14T03:08:32Z,40,41,30,0,0,200,2425,0.02
2026-09-14T03:08:34Z,41,41,30,0,0,200,2425,0.02
2026-09-14T03:08:36Z,41,41,30,0,0,200,2426,0.02
2026-09-14T03:08:38Z,40,41,30,0,0,200,2424,0.02
2026-09-14T03:08:40Z,41,41,30,0,0,200,2424,0.01
2026-09-14T03:08:43Z,41,41,30,0,0,200,2426,0.01
2026-09-14T03:08:45Z,40,41,30,0,0,200,2426,0.01
2026-09-14T03:08:47Z,41,41,30,0,0,200,2420,0.01
2026-09-14T03:08:49Z,41,41,30,0,0,200,2424,0.01
2026-09-14T03:08:51Z,41,41,30,0,0,200,2424,0.01
2026-09-14T03:08:53Z,41,41,30,0,0,200,2425,0.01
2026-09-14T03:08:55Z,40,41,30,0,0,200,2424,0.01
2026-09-14T03:08:57Z,40,41,30,0,0,200,2426,0.01
2026-09-14T03:08:59Z,41,41,30,0,0,200,2424,0.09
2026-09-14T03:09:01Z,41,41,30,0,0,200,2424,0.09
2026-09-14T03:09:03Z,41,41,30,0,0,200,2427,0.09
2026-09-14T03:09:05Z,41,41,30,0,0,200,2424,0.08
2026-09-14T03:09:07Z,41,41,30,0,0,200,2424,0.08
2026-09-14T03:09:09Z,41,41,30,0,0,200,2425,0.08
2026-09-14T03:09:11Z,40,41,30,0,0,200,2424,0.08
2026-09-14T03:09:13Z,40,41,30,0,0,200,2424,0.08
2026-09-14T03:09:15Z,41,41,30,0,0,200,2424,0.07
2026-09-14T03:09:17Z,40,41,30,0,0,200,2424,0.07
2026-09-14T03:09:19Z,41,41,30,0,0,200,2425,0.06
2026-09-14T03:09:21Z,41,41,30,0,0,200,2426,0.06
2026-09-14T03:09:24Z,41,41,30,0,0,200,2425,0.06
2026-09-14T03:09:26Z,41,41,30,0,0,200,2424,0.06
2026-09-14T03:09:28Z,41,41,30,0,0,200,2424,0.06
2026-09-14T03:09:30Z,41,41,30,0,0,200,2424,0.05
2026-09-14T03:09:32Z,41,41,30,0,0,200,2424,0.05
2026-09-14T03:09:34Z,41,41,30,0,0,200,2424,0.05
2026-09-14T03:09:36Z,41,41,30,0,0,200,2424,0.05
2026-09-14T03:09:38Z,41,41,30,0,0,200,2426,0.05
2026-09-14T03:09:40Z,40,41,30,0,0,200,2424,0.04
2026-09-14T03:09:42Z,41,41,30,0,0,200,2425,0.04
2026-09-14T03:09:44Z,41,41,30,0,0,200,2424,0.04
2026-09-14T03:09:46Z,41,41,30,0,0,200,2424,0.04
2026-09-14T03:09:48Z,41,41,30,0,0,200,2424,0.04
2026-09-14T03:09:50Z,41,41,30,0,0,200,2424,0.04
2026-09-14T03:09:52Z,41,41,30,0,0,200,2424,0.04
2026-09-14T03:09:54Z,40,41,30,0,0,200,2424,0.03
2026-09-14T03:09:56Z,41,41,30,0,0,200,2424,0.03
2026-09-14T03:09:58Z,41,41,30,0,0,200,2425,0.03
2026-09-14T03:10:00Z,40,41,30,0,0,200,2424,0.03
2026-09-14T03:10:02Z,40,41,30,0,0,200,2424,0.03
2026-09-14T03:10:05Z,40,41,30,0,0,200,2426,0.03
2026-09-14T03:10:07Z,41,41,30,0,0,200,2424,0.03
2026-09-14T03:10:09Z,41,41,30,0,0,200,2424,0.03
2026-09-14T03:10:11Z,41,41,30,0,0,200,2424,0.03
2026-09-14T03:10:13Z,41,41,30,0,0,200,2424,0.03
2026-09-14T03:10:15Z,41,41,30,0,0,200,2425,0.02
2026-09-14T03:10:17Z,41,41,30,0,0,200,2424,0.02
2026-09-14T03:10:19Z,41,41,30,0,0,200,2425,0.02
2026-09-14T03:10:21Z,41,41,30,0,0,200,2424,0.02
2026-09-14T03:10:23Z,41,41,30,0,0,200,2425,0.02
2026-09-14T03:10:25Z,41,41,30,0,0,200,2424,0.02
2026-09-14T03:10:27Z,41,41,30,0,0,200,2424,0.02
2026-09-14T03:10:29Z,40,41,30,0,0,200,2424,0.02
2026-09-14T03:10:31Z,41,41,30,0,0,200,2424,0.02
2026-09-14T03:10:33Z,40,41,30,0,0,200,2424,0.02
2026-09-14T03:10:35Z,40,41,30,0,0,200,2424,0.02
2026-09-14T03:10:37Z,41,41,30,0,0,200,2425,0.02
2026-09-14T03:10:39Z,41,41,30,0,0,200,2424,0.01
2026-09-14T03:10:41Z,40,41,30,0,0,200,2424,0.01
2026-09-14T03:10:43Z,41,41,30,0,0,200,2424,0.01
2026-09-14T03:10:46Z,41,41,30,0,0,200,2424,0.01
2026-09-14T03:10:48Z,41,41,30,0,0,200,2424,0.01
2026-09-14T03:10:50Z,41,41,30,0,0,200,2424,0.01
2026-09-14T03:10:52Z,41,41,30,0,0,200,2424,0.01
2026-09-14T03:10:54Z,40,41,30,0,0,200,2424,0.01
2026-09-14T03:10:56Z,40,41,30,0,0,200,2424,0.01
2026-09-14T03:10:58Z,41,41,30,0,0,200,2424,0.01
2026-09-14T03:11:00Z,41,41,30,0,0,200,2424,0.01
2026-09-14T03:11:02Z,41,41,30,0,0,200,2425,0.01
2026-09-14T03:11:04Z,40,41,30,0,0,200,2425,0.01
2026-09-14T03:11:06Z,41,41,30,0,0,200,2425,0.01
2026-09-14T03:11:08Z,40,41,30,0,0,200,2424,0.01
2026-09-14T03:11:10Z,41,41,30,0,0,200,2424,0.01
2026-09-14T03:11:12Z,40,41,30,0,0,200,2424,0.01
2026-09-14T03:11:14Z,41,41,30,0,0,200,2424,0.01
2026-09-14T03:11:16Z,41,41,30,0,0,200,2424,0.01
2026-09-14T03:11:18Z,40,41,30,0,0,200,2424,0.01
2026-09-14T03:11:20Z,40,41,30,0,0,200,2425,0.01
2026-09-14T03:11:22Z,41,41,30,0,0,200,2424,0.01
2026-09-14T03:11:24Z,41,41,30,0,0,200,2425,0.00
2026-09-14T03:11:26Z,40,41,30,0,0,200,2424,0.00
2026-09-14T03:11:29Z,41,41,30,0,0,200,2424,0.00
2026-09-14T03:11:31Z,41,41,30,0,0,200,2424,0.00
2026-09-14T03:11:33Z,41,41,30,0,0,200,2424,0.00
2026-09-14T03:11:35Z,40,41,30,0,0,200,2424,0.00
2026-09-14T03:11:37Z,41,41,30,0,0,200,2424,0.00
2026-09-14T03:11:39Z,41,41,30,0,0,200,2424,0.00
2026-09-14T03:11:41Z,41,41,30,0,0,200,2424,0.00
2026-09-14T03:11:43Z,41,41,30,0,0,200,2424,0.00
2026-09-14T03:11:45Z,41,41,30,0,0,200,2424,0.00
2026-09-14T03:11:47Z,41,41,30,0,0,200,2425,0.00
2026-09-14T03:11:49Z,41,41,30,0,0,200,2424,0.00
2026-09-14T03:11:51Z,40,41,30,0,0,200,2424,0.00
2026-09-14T03:11:53Z,41,41,30,0,0,200,2425,0.00
2026-09-14T03:11:55Z,41,41,30,0,0,200,2424,0.00
2026-09-14T03:11:57Z,41,41,30,0,0,200,2425,0.00
2026-09-14T03:11:59Z,41,41,30,0,0,200,2425,0.00
2026-09-14T03:12:01Z,40,41,30,0,0,200,2424,0.00
2026-09-14T03:12:03Z,41,41,30,0,0,200,2424,0.00
2026-09-14T03:12:05Z,41,41,30,0,0,200,2425,0.00
2026-09-14T03:12:07Z,41,41,30,0,0,200,2424,0.00
2026-09-14T03:12:10Z,41,41,30,0,0,200,2424,0.00
2026-09-14T03:12:12Z,41,41,30,0,0,200,2425,0.00
2026-09-14T03:12:14Z,41,41,30,0,0,200,2424,0.00
2026-09-14T03:12:16Z,41,41,30,0,0,200,2426,0.00
2026-09-14T03:12:18Z,40,41,30,0,0,200,2424,0.00
2026-09-14T03:12:20Z,41,41,30,0,0,200,2424,0.00
2026-09-14T03:12:22Z,40,41,30,0,0,200,2424,0.00
2026-09-14T03:12:24Z,41,41,30,0,0,200,2424,0.00
2026-09-14T03:12:26Z,41,41,30,0,0,200,2424,0.00
2026-09-14T03:12:28Z,41,41,30,0,0,200,2425,0.00
2026-09-14T03:12:30Z,41,41,30,0,0,200,2424,0.00
2026-09-14T03:12:32Z,40,41,30,0,0,200,2424,0.00
2026-09-14T03:12:34Z,41,41,30,0,0,200,2424,0.00
2026-09-14T03:12:36Z,41,41,30,0,0,200,2425,0.00
2026-09-14T03:12:38Z,41,41,30,0,0,200,2424,0.00
2026-09-14T03:12:40Z,40,41,30,0,0,200,2425,0.00
2026-09-14T03:12:42Z,41,41,30,0,0,200,2424,0.00
2026-09-14T03:12:44Z,41,41,30,0,0,200,2424,0.00
2026-09-14T03:12:46Z,41,41,30,0,0,200,2424,0.00
2026-09-14T03:12:48Z,40,41,30,0,0,200,2424,0.00
2026-09-14T03:12:51Z,41,41,30,0,0,200,2424,0.00
2026-09-14T03:12:53Z,41,41,30,0,0,200,2424,0.00
2026-09-14T03:12:55Z,41,41,30,0,0,200,2425,0.00
2026-09-14T03:12:57Z,41,41,30,0,0,200,2424,0.00
2026-09-14T03:12:59Z,41,41,30,0,0,200,2424,0.00
2026-09-14T03:13:01Z,41,41,30,0,0,200,2424,0.00
2026-09-14T03:13:03Z,41,41,30,0,0,200,2424,0.00
2026-09-14T03:13:05Z,40,41,30,0,0,200,2424,0.00
2026-09-14T03:13:07Z,40,41,30,0,0,200,2424,0.00
2026-09-14T03:13:09Z,41,41,30,0,0,200,2424,0.08
2026-09-14T03:13:11Z,41,41,30,0,0,200,2424,0.08
2026-09-14T03:13:13Z,41,41,30,0,0,200,2424,0.08
2026-09-14T03:13:15Z,40,41,30,0,0,200,2424,0.07
2026-09-14T03:13:17Z,41,41,30,0,0,200,2424,0.07
2026-09-14T03:13:19Z,41,41,30,0,0,200,2425,0.07
2026-09-14T03:13:21Z,41,41,30,0,0,200,2425,0.07
2026-09-14T03:13:23Z,40,41,30,0,0,200,2424,0.07
2026-09-14T03:13:25Z,41,41,30,0,0,200,2424,0.06
2026-09-14T03:13:27Z,41,41,30,0,0,200,2425,0.06
2026-09-14T03:13:29Z,41,41,30,0,0,200,2425,0.06
2026-09-14T03:13:32Z,41,41,30,0,0,200,2425,0.06
2026-09-14T03:13:34Z,41,41,30,0,0,200,2425,0.06
2026-09-14T03:13:36Z,40,41,30,0,0,200,2424,0.05
2026-09-14T03:13:38Z,41,41,30,0,0,200,2425,0.05
2026-09-14T03:13:40Z,41,41,30,0,0,200,2424,0.05
2026-09-14T03:13:42Z,41,41,30,0,0,200,2424,0.05
2026-09-14T03:13:44Z,41,41,30,0,0,200,2424,0.05
2026-09-14T03:13:46Z,41,41,30,0,0,200,2425,0.04
2026-09-14T03:13:48Z,41,41,30,0,0,200,2424,0.04
2026-09-14T03:13:50Z,41,41,30,0,0,200,2424,0.04
2026-09-14T03:13:52Z,41,41,30,0,0,200,2424,0.04
2026-09-14T03:13:54Z,40,41,30,0,0,200,2424,0.04
2026-09-14T03:13:56Z,40,41,30,0,0,200,2424,0.04
2026-09-14T03:13:58Z,40,41,30,0,0,200,2424,0.04
2026-09-14T03:14:00Z,41,41,30,0,0,200,2424,0.03
2026-09-14T03:14:02Z,41,41,30,0,0,200,2424,0.03
2026-09-14T03:14:04Z,41,41,30,0,0,200,2425,0.03
2026-09-14T03:14:06Z,41,41,30,0,0,200,2426,0.03
2026-09-14T03:14:08Z,41,41,30,0,0,200,2427,0.03
2026-09-14T03:14:10Z,40,41,30,0,0,200,2424,0.03
2026-09-14T03:14:13Z,41,41,30,0,0,200,2424,0.03
2026-09-14T03:14:15Z,40,41,30,0,0,200,2424,0.02
2026-09-14T03:14:17Z,40,41,30,0,0,200,2424,0.02
2026-09-14T03:14:19Z,40,41,30,0,0,200,2424,0.02
2026-09-14T03:14:21Z,41,41,30,0,0,200,2425,0.02
2026-09-14T03:14:23Z,41,41,30,0,0,200,2425,0.02
2026-09-14T03:14:25Z,41,41,30,0,0,200,2424,0.02
2026-09-14T03:14:27Z,41,41,30,0,0,200,2424,0.02
2026-09-14T03:14:29Z,41,41,30,0,0,200,2426,0.02
2026-09-14T03:14:31Z,40,41,30,0,0,200,2425,0.02
2026-09-14T03:14:33Z,41,41,30,0,0,200,2424,0.02
2026-09-14T03:14:35Z,41,41,30,0,0,200,2425,0.02
2026-09-14T03:14:37Z,41,41,30,0,0,200,2425,0.02
2026-09-14T03:14:39Z,41,41,30,0,0,200,2425,0.02
2026-09-14T03:14:41Z,41,41,30,0,0,200,2425,0.02
2026-09-14T03:14:43Z,41,41,30,0,0,200,2425,0.02
2026-09-14T03:14:45Z,40,41,30,0,0,200,2424,0.01
2026-09-14T03:14:47Z,40,41,30,0,0,200,2424,0.01
2026-09-14T03:14:49Z,41,41,30,0,0,200,2424,0.01
2026-09-14T03:14:51Z,40,41,30,0,0,200,2426,0.01
2026-09-14T03:14:54Z,41,41,30,0,0,200,2424,0.01
2026-09-14T03:14:56Z,40,41,30,0,0,200,2425,0.01
2026-09-14T03:14:58Z,41,41,30,0,0,200,2416,0.01
2026-09-14T03:15:00Z,40,41,30,0,0,200,2425,0.01
2026-09-14T03:15:02Z,41,41,30,0,0,200,2424,0.01
2026-09-14T03:15:04Z,41,41,30,0,0,200,2425,0.01
2026-09-14T03:15:06Z,41,41,30,0,0,200,2425,0.01
2026-09-14T03:15:08Z,41,41,30,0,0,200,2424,0.01
2026-09-14T03:15:10Z,40,41,30,0,0,200,2425,0.01
2026-09-14T03:15:12Z,41,41,30,0,0,200,2425,0.01
2026-09-14T03:15:14Z,41,41,30,0,0,200,2424,0.01
2026-09-14T03:15:16Z,41,41,30,0,0,200,2424,0.01
2026-09-14T03:15:18Z,41,41,30,0,0,200,2424,0.01
2026-09-14T03:15:20Z,41,41,30,0,0,200,2424,0.01
2026-09-14T03:15:22Z,41,41,30,0,0,200,2424,0.01
2026-09-14T03:15:24Z,41,41,30,0,0,200,2425,0.01
2026-09-14T03:15:26Z,40,41,30,0,0,200,2426,0.01
2026-09-14T03:15:28Z,41,41,30,0,0,200,2424,0.01
2026-09-14T03:15:30Z,41,41,30,0,0,200,2425,0.00
2026-09-14T03:15:32Z,40,41,30,0,0,200,2424,0.00
2026-09-14T03:15:34Z,41,41,30,0,0,200,2424,0.00
2026-09-14T03:15:37Z,41,41,30,0,0,200,2424,0.00
2026-09-14T03:15:39Z,40,41,30,0,0,200,2424,0.00
2026-09-14T03:15:41Z,41,41,30,0,0,200,2424,0.00
2026-09-14T03:15:43Z,41,41,30,0,0,200,2424,0.00
2026-09-14T03:15:45Z,41,41,30,0,0,200,2424,0.00
2026-09-14T03:15:47Z,41,41,30,0,0,200,2424,0.00
2026-09-14T03:15:49Z,41,41,30,0,0,200,2424,0.00
2026-09-14T03:15:51Z,41,41,30,0,0,200,2424,0.00
2026-09-14T03:15:53Z,41,41,30,0,0,200,2425,0.00
2026-09-14T03:15:55Z,41,41,30,0,0,200,2424,0.00
2026-09-14T03:15:57Z,41,41,30,0,0,200,2425,0.00
2026-09-14T03:15:59Z,41,41,30,0,0,200,2427,0.00
2026-09-14T03:16:01Z,40,41,30,0,0,200,2425,0.00
2026-09-14T03:16:03Z,41,41,30,0,0,200,2425,0.00
2026-09-14T03:16:05Z,40,41,30,0,0,200,2424,0.00
2026-09-14T03:16:07Z,41,41,30,0,0,200,2424,0.00
2026-09-14T03:16:09Z,41,41,30,0,0,200,2425,0.00
2026-09-14T03:16:11Z,40,41,30,0,0,200,2424,0.00
2026-09-14T03:16:13Z,41,41,30,0,0,200,2424,0.00
2026-09-14T03:16:16Z,41,41,30,0,0,200,2425,0.00
2026-09-14T03:16:18Z,41,41,30,0,0,200,2424,0.00
2026-09-14T03:16:20Z,41,41,30,0,0,200,2424,0.08
2026-09-14T03:16:22Z,40,41,30,0,0,200,2424,0.08
2026-09-14T03:16:24Z,41,41,30,0,0,200,2425,0.08
2026-09-14T03:16:26Z,41,41,30,0,0,200,2424,0.07
2026-09-14T03:16:28Z,41,41,30,0,0,200,2424,0.07
2026-09-14T03:16:30Z,41,41,30,0,0,200,2425,0.07
2026-09-14T03:16:32Z,41,41,30,0,0,200,2424,0.07
2026-09-14T03:16:34Z,41,41,30,0,0,200,2424,0.07
2026-09-14T03:16:36Z,41,41,30,0,0,200,2425,0.06
2026-09-14T03:16:38Z,41,41,30,0,0,200,2424,0.06
2026-09-14T03:16:40Z,41,41,30,0,0,200,2425,0.06
2026-09-14T03:16:42Z,41,41,30,0,0,200,2425,0.06
2026-09-14T03:16:44Z,41,41,30,0,0,200,2424,0.05
2026-09-14T03:16:46Z,41,41,30,0,0,200,2424,0.05
2026-09-14T03:16:48Z,41,41,30,0,0,200,2424,0.05
2026-09-14T03:16:50Z,41,41,30,0,0,200,2424,0.05
2026-09-14T03:16:52Z,41,41,30,0,0,200,2424,0.05
2026-09-14T03:16:54Z,40,41,30,0,0,200,2424,0.04
2026-09-14T03:16:57Z,41,41,30,0,0,200,2425,0.04
2026-09-14T03:16:59Z,41,41,30,0,0,200,2424,0.04
2026-09-14T03:17:01Z,41,41,30,0,0,200,2424,0.04
2026-09-14T03:17:03Z,41,41,30,0,0,200,2425,0.04
2026-09-14T03:17:05Z,41,41,30,0,0,200,2424,0.04
2026-09-14T03:17:07Z,41,41,30,0,0,200,2424,0.04
2026-09-14T03:17:09Z,41,41,30,0,0,200,2424,0.04
2026-09-14T03:17:11Z,41,41,30,0,0,200,2425,0.03
2026-09-14T03:17:13Z,41,41,30,0,0,200,2424,0.03
2026-09-14T03:17:15Z,41,41,30,0,0,200,2424,0.03
2026-09-14T03:17:17Z,41,41,30,0,0,200,2425,0.03
2026-09-14T03:17:19Z,41,41,30,0,0,200,2424,0.11
2026-09-14T03:17:21Z,40,41,30,0,0,200,2425,0.11
2026-09-14T03:17:23Z,41,41,30,0,0,200,2425,0.11
2026-09-14T03:17:25Z,40,41,30,0,0,200,2424,0.10
2026-09-14T03:17:27Z,41,41,30,0,0,200,2424,0.10
2026-09-14T03:17:29Z,40,41,30,0,0,200,2424,0.09
2026-09-14T03:17:31Z,41,41,30,0,0,200,2424,0.09
2026-09-14T03:17:33Z,40,41,30,0,0,200,2424,0.09
2026-09-14T03:17:35Z,40,41,30,0,0,200,2424,0.08
2026-09-14T03:17:37Z,41,41,30,0,0,200,2427,0.08
2026-09-14T03:17:40Z,41,41,30,0,0,200,2425,0.08
2026-09-14T03:17:42Z,41,41,30,0,0,200,2424,0.08
2026-09-14T03:17:44Z,41,41,30,0,0,200,2424,0.08
2026-09-14T03:17:46Z,41,41,30,0,0,200,2425,0.07
2026-09-14T03:17:48Z,41,41,30,0,0,200,2424,0.07
2026-09-14T03:17:50Z,41,41,30,0,0,200,2424,0.06
2026-09-14T03:17:52Z,40,41,30,0,0,200,2424,0.06
2026-09-14T03:17:54Z,41,41,30,0,0,200,2424,0.06
2026-09-14T03:17:56Z,41,41,30,0,0,200,2425,0.06
2026-09-14T03:17:58Z,40,41,30,0,0,200,2424,0.06
2026-09-14T03:18:00Z,41,41,30,0,0,200,2425,0.05
2026-09-14T03:18:02Z,41,41,30,0,0,200,2427,0.05
2026-09-14T03:18:04Z,41,41,30,0,0,200,2424,0.05
2026-09-14T03:18:06Z,41,41,30,0,0,200,2424,0.05
2026-09-14T03:18:08Z,41,41,30,0,0,200,2424,0.05
2026-09-14T03:18:10Z,41,41,30,0,0,200,2424,0.05
2026-09-14T03:18:12Z,41,41,30,0,0,200,2425,0.05
2026-09-14T03:18:14Z,41,41,30,0,0,200,2424,0.04
2026-09-14T03:18:16Z,41,41,30,0,0,200,2425,0.04
2026-09-14T03:18:18Z,41,41,30,0,0,200,2426,0.04
2026-09-14T03:18:21Z,41,41,30,0,0,200,2424,0.04
2026-09-14T03:18:23Z,41,41,30,0,0,200,2424,0.04
2026-09-14T03:18:25Z,41,41,30,0,0,200,2424,0.03
2026-09-14T03:18:27Z,41,41,30,0,0,200,2424,0.03
2026-09-14T03:18:29Z,41,41,30,0,0,200,2424,0.03
2026-09-14T03:18:31Z,41,41,30,0,0,200,2424,0.03
2026-09-14T03:18:33Z,41,41,30,0,0,200,2424,0.03
2026-09-14T03:18:35Z,41,41,30,0,0,200,2424,0.03
2026-09-14T03:18:37Z,41,41,30,0,0,200,2424,0.03
2026-09-14T03:18:39Z,41,41,30,0,0,200,2424,0.03
2026-09-14T03:18:41Z,41,41,30,0,0,200,2424,0.03
2026-09-14T03:18:43Z,41,41,30,0,0,200,2426,0.03
2026-09-14T03:18:45Z,41,41,30,0,0,200,2424,0.02
2026-09-14T03:18:47Z,41,41,30,0,0,200,2424,0.02
2026-09-14T03:18:49Z,41,41,30,0,0,200,2424,0.02
2026-09-14T03:18:51Z,41,41,30,0,0,200,2424,0.02
2026-09-14T03:18:53Z,41,41,30,0,0,200,2424,0.02
2026-09-14T03:18:55Z,41,41,30,0,0,200,2424,0.02
2026-09-14T03:18:57Z,41,41,30,0,0,200,2424,0.02
2026-09-14T03:18:59Z,41,41,30,0,0,200,2424,0.02
2026-09-14T03:19:02Z,41,41,30,0,0,200,2425,0.02
2026-09-14T03:19:04Z,41,41,30,0,0,200,2425,0.02
2026-09-14T03:19:06Z,41,41,30,0,0,200,2424,0.02
2026-09-14T03:19:08Z,41,41,30,0,0,200,2424,0.02
2026-09-14T03:19:10Z,40,41,30,0,0,200,2424,0.02
2026-09-14T03:19:12Z,40,41,30,0,0,200,2425,0.02
2026-09-14T03:19:14Z,41,41,30,0,0,200,2426,0.02
2026-09-14T03:19:16Z,41,41,30,0,0,200,2424,0.01
2026-09-14T03:19:18Z,41,41,30,0,0,200,2424,0.01
2026-09-14T03:19:20Z,41,41,30,0,0,200,2424,0.01
2026-09-14T03:19:22Z,41,41,30,0,0,200,2424,0.01
2026-09-14T03:19:24Z,41,41,30,0,0,200,2425,0.09
2026-09-14T03:19:26Z,41,41,30,0,0,200,2424,0.09
2026-09-14T03:19:28Z,41,41,30,0,0,200,2424,0.09
2026-09-14T03:19:30Z,41,41,30,0,0,200,2424,0.08
2026-09-14T03:19:32Z,41,41,30,0,0,200,2425,0.08
2026-09-14T03:19:34Z,41,41,30,0,0,200,2424,0.08
2026-09-14T03:19:36Z,40,41,30,0,0,200,2426,0.08
2026-09-14T03:19:38Z,41,41,30,0,0,200,2424,0.08
2026-09-14T03:19:40Z,41,41,30,0,0,200,2424,0.07
2026-09-14T03:19:43Z,40,41,30,0,0,200,2425,0.07
2026-09-14T03:19:45Z,41,41,30,0,0,200,2424,0.06
2026-09-14T03:19:47Z,40,41,30,0,0,200,2424,0.06
2026-09-14T03:19:49Z,41,41,30,0,0,200,2424,0.06
2026-09-14T03:19:51Z,41,41,30,0,0,200,2425,0.06
2026-09-14T03:19:53Z,41,41,30,0,0,200,2424,0.06
2026-09-14T03:19:55Z,41,41,30,0,0,200,2426,0.05
2026-09-14T03:19:57Z,40,41,30,0,0,200,2424,0.05
2026-09-14T03:19:59Z,41,41,30,0,0,200,2425,0.05
2026-09-14T03:20:01Z,41,41,30,0,0,200,2424,0.13
2026-09-14T03:20:03Z,41,41,30,0,0,200,2424,0.13
2026-09-14T03:20:05Z,41,41,30,0,0,200,2425,0.12
2026-09-14T03:20:07Z,40,41,30,0,0,200,2424,0.12
2026-09-14T03:20:09Z,41,41,30,0,0,200,2424,0.11
2026-09-14T03:20:11Z,41,41,30,0,0,200,2425,0.11
2026-09-14T03:20:13Z,40,41,30,0,0,200,2424,0.11
2026-09-14T03:20:15Z,41,41,30,0,0,200,2424,0.10
2026-09-14T03:20:17Z,41,41,30,0,0,200,2425,0.10
2026-09-14T03:20:19Z,40,41,30,0,0,200,2425,0.09
2026-09-14T03:20:21Z,41,41,30,0,0,200,2424,0.09
2026-09-14T03:20:24Z,41,41,30,0,0,200,2424,0.09
2026-09-14T03:20:26Z,40,41,30,0,0,200,2424,0.08
2026-09-14T03:20:28Z,40,41,30,0,0,200,2424,0.08
2026-09-14T03:20:30Z,41,41,30,0,0,200,2424,0.08
2026-09-14T03:20:32Z,41,41,30,0,0,200,2424,0.08
2026-09-14T03:20:34Z,41,41,30,0,0,200,2424,0.08
2026-09-14T03:20:36Z,41,41,30,0,0,200,2423,0.07
2026-09-14T03:20:38Z,40,41,30,0,0,200,2426,0.07
2026-09-14T03:20:40Z,41,41,30,0,0,200,2424,0.07
2026-09-14T03:20:42Z,40,41,30,0,0,200,2424,0.07
2026-09-14T03:20:44Z,41,41,30,0,0,200,2424,0.07
2026-09-14T03:20:46Z,41,41,30,0,0,200,2424,0.06
2026-09-14T03:20:48Z,41,41,30,0,0,200,2426,0.06
2026-09-14T03:20:50Z,40,41,30,0,0,200,2424,0.06
2026-09-14T03:20:52Z,40,41,30,0,0,200,2425,0.06
2026-09-14T03:20:54Z,40,41,30,0,0,200,2424,0.05
2026-09-14T03:20:56Z,41,41,30,0,0,200,2425,0.05
2026-09-14T03:20:58Z,41,41,30,0,0,200,2424,0.05
2026-09-14T03:21:00Z,41,41,30,0,0,200,2424,0.05
2026-09-14T03:21:02Z,41,41,30,0,0,200,2424,0.05
2026-09-14T03:21:05Z,41,41,30,0,0,200,2424,0.04
2026-09-14T03:21:07Z,41,41,30,0,0,200,2424,0.04
2026-09-14T03:21:09Z,41,41,30,0,0,200,2424,0.04
2026-09-14T03:21:11Z,41,41,30,0,0,200,2424,0.04
2026-09-14T03:21:13Z,41,41,30,0,0,200,2425,0.04
2026-09-14T03:21:15Z,41,41,30,0,0,200,2424,0.04
2026-09-14T03:21:17Z,41,41,30,0,0,200,2424,0.04
2026-09-14T03:21:19Z,41,41,30,0,0,200,2425,0.04
2026-09-14T03:21:21Z,41,41,30,0,0,200,2424,0.03
2026-09-14T03:21:23Z,41,41,30,0,0,200,2424,0.03
2026-09-14T03:21:25Z,41,41,30,0,0,200,2424,0.03
2026-09-14T03:21:27Z,41,41,30,0,0,200,2424,0.03
2026-09-14T03:21:29Z,41,41,30,0,0,200,2424,0.03
2026-09-14T03:21:31Z,41,41,30,0,0,200,2425,0.03
2026-09-14T03:21:33Z,40,41,30,0,0,200,2426,0.03
2026-09-14T03:21:35Z,41,41,30,0,0,200,2424,0.02
2026-09-14T03:21:37Z,41,41,30,0,0,200,2424,0.02
2026-09-14T03:21:39Z,41,41,30,0,0,200,2425,0.02
2026-09-14T03:21:41Z,41,41,30,0,0,200,2425,0.02
2026-09-14T03:21:43Z,41,41,30,0,0,200,2423,0.02
2026-09-14T03:21:46Z,41,41,30,0,0,200,2425,0.02
2026-09-14T03:21:48Z,41,41,30,0,0,200,2425,0.02
2026-09-14T03:21:50Z,40,41,30,0,0,200,2424,0.02
2026-09-14T03:21:52Z,41,41,30,0,0,200,2425,0.02
2026-09-14T03:21:54Z,40,41,30,0,0,200,2424,0.02
2026-09-14T03:21:56Z,40,41,30,0,0,200,2425,0.02
2026-09-14T03:21:58Z,40,41,30,0,0,200,2425,0.02
2026-09-14T03:22:00Z,41,41,30,0,0,200,2424,0.02
2026-09-14T03:22:02Z,40,41,30,0,0,200,2424,0.02
2026-09-14T03:22:04Z,40,41,30,0,0,200,2425,0.02
2026-09-14T03:22:06Z,41,41,30,0,0,200,2424,0.01
2026-09-14T03:22:08Z,41,41,30,0,0,200,2427,0.01
2026-09-14T03:22:10Z,40,41,30,0,0,200,2424,0.01
2026-09-14T03:22:12Z,41,41,30,0,0,200,2424,0.01
2026-09-14T03:22:14Z,41,41,30,0,0,200,2424,0.01
2026-09-14T03:22:16Z,40,41,30,0,0,200,2424,0.01
2026-09-14T03:22:18Z,41,41,30,0,0,200,2425,0.01
2026-09-14T03:22:20Z,41,41,30,0,0,200,2424,0.01
2026-09-14T03:22:22Z,41,41,30,0,0,200,2424,0.01
2026-09-14T03:22:24Z,41,41,30,0,0,200,2424,0.01
2026-09-14T03:22:26Z,40,41,30,0,0,200,2425,0.01
2026-09-14T03:22:29Z,40,41,30,0,0,200,2424,0.01
2026-09-14T03:22:31Z,40,41,30,0,0,200,2425,0.01
2026-09-14T03:22:33Z,40,41,30,0,0,200,2424,0.01
2026-09-14T03:22:35Z,40,41,30,0,0,200,2424,0.01
2026-09-14T03:22:37Z,41,41,30,0,0,200,2425,0.01
2026-09-14T03:22:39Z,41,41,30,0,0,200,2424,0.01
2026-09-14T03:22:41Z,41,41,30,0,0,200,2424,0.01
2026-09-14T03:22:43Z,40,41,30,0,0,200,2424,0.01
2026-09-14T03:22:45Z,40,41,30,0,0,200,2424,0.01
2026-09-14T03:22:47Z,41,41,30,0,0,200,2424,0.01
2026-09-14T03:22:49Z,41,41,30,0,0,200,2424,0.01
2026-09-14T03:22:51Z,41,41,30,0,0,200,2425,0.00
2026-09-14T03:22:53Z,41,41,30,0,0,200,2424,0.00
2026-09-14T03:22:55Z,40,41,30,0,0,200,2424,0.00
2026-09-14T03:22:57Z,41,41,30,0,0,200,2424,0.00
2026-09-14T03:22:59Z,40,41,30,0,0,200,2424,0.00
2026-09-14T03:23:01Z,41,41,30,0,0,200,2424,0.00
2026-09-14T03:23:03Z,41,41,30,0,0,200,2425,0.00
2026-09-14T03:23:05Z,40,41,30,0,0,200,2427,0.00
2026-09-14T03:23:07Z,41,41,30,0,0,200,2424,0.00
2026-09-14T03:23:10Z,41,41,30,0,0,200,2424,0.00
2026-09-14T03:23:12Z,40,41,30,0,0,200,2425,0.00
2026-09-14T03:23:14Z,41,41,30,0,0,200,2424,0.00
2026-09-14T03:23:16Z,41,41,30,0,0,200,2424,0.00
2026-09-14T03:23:18Z,41,41,30,0,0,200,2425,0.00
2026-09-14T03:23:20Z,40,41,30,0,0,200,2424,0.00
2026-09-14T03:23:22Z,41,41,30,0,0,200,2425,0.00
2026-09-14T03:23:24Z,41,41,30,0,0,200,2424,0.00
2026-09-14T03:23:26Z,40,41,30,0,0,200,2424,0.00
2026-09-14T03:23:28Z,41,41,30,0,0,200,2424,0.00
2026-09-14T03:23:30Z,41,41,30,0,0,200,2424,0.00
2026-09-14T03:23:32Z,41,41,30,0,0,200,2424,0.00
2026-09-14T03:23:34Z,40,41,30,0,0,200,2425,0.08
2026-09-14T03:23:36Z,41,41,30,0,0,200,2424,0.08
2026-09-14T03:23:38Z,41,41,30,0,0,200,2425,0.08
2026-09-14T03:23:40Z,41,41,30,0,0,200,2424,0.07
2026-09-14T03:23:42Z,40,41,30,0,0,200,2424,0.07
2026-09-14T03:23:44Z,41,41,30,0,0,200,2419,0.07
2026-09-14T03:23:46Z,41,41,30,0,0,200,2424,0.07
2026-09-14T03:23:48Z,41,41,30,0,0,200,2424,0.07
2026-09-14T03:23:51Z,41,41,30,0,0,200,2424,0.06
2026-09-14T03:23:53Z,41,41,30,0,0,200,2424,0.06
2026-09-14T03:23:55Z,40,41,30,0,0,200,2424,0.06
2026-09-14T03:23:57Z,41,41,30,0,0,200,2424,0.06
2026-09-14T03:23:59Z,41,41,30,0,0,200,2424,0.06
2026-09-14T03:24:01Z,41,41,30,0,0,200,2424,0.05
2026-09-14T03:24:03Z,41,41,30,0,0,200,2425,0.05
2026-09-14T03:24:05Z,40,41,30,0,0,200,2424,0.05
2026-09-14T03:24:07Z,41,41,30,0,0,200,2425,0.05
2026-09-14T03:24:09Z,41,41,30,0,0,200,2425,0.05
2026-09-14T03:24:11Z,40,41,30,0,0,200,2425,0.04
2026-09-14T03:24:13Z,41,41,30,0,0,200,2424,0.04
2026-09-14T03:24:15Z,41,41,30,0,0,200,2424,0.04
2026-09-14T03:24:17Z,41,41,30,0,0,200,2424,0.04
2026-09-14T03:24:19Z,41,41,30,0,0,200,2425,0.04
2026-09-14T03:24:21Z,41,41,30,0,0,200,2425,0.04
2026-09-14T03:24:23Z,40,41,30,0,0,200,2425,0.04
2026-09-14T03:24:25Z,41,41,30,0,0,200,2424,0.03
2026-09-14T03:24:27Z,41,41,30,0,0,200,2424,0.03
2026-09-14T03:24:29Z,41,41,30,0,0,200,2424,0.03
2026-09-14T03:24:32Z,40,41,30,0,0,200,2424,0.03
2026-09-14T03:24:34Z,40,41,30,0,0,200,2424,0.03
2026-09-14T03:24:36Z,41,41,30,0,0,200,2424,0.03
2026-09-14T03:24:38Z,41,41,30,0,0,200,2425,0.03
2026-09-14T03:24:40Z,41,41,30,0,0,200,2425,0.03
2026-09-14T03:24:42Z,40,41,30,0,0,200,2425,0.03
2026-09-14T03:24:44Z,41,41,30,0,0,200,2425,0.03
2026-09-14T03:24:46Z,41,41,30,0,0,200,2424,0.02
2026-09-14T03:24:48Z,41,41,30,0,0,200,2424,0.02
2026-09-14T03:24:50Z,41,41,30,0,0,200,2424,0.02
2026-09-14T03:24:52Z,41,41,30,0,0,200,2425,0.02
2026-09-14T03:24:54Z,40,41,30,0,0,200,2424,0.02
2026-09-14T03:24:56Z,40,41,30,0,0,200,2424,0.02
2026-09-14T03:24:58Z,41,41,30,0,0,200,2424,0.02
2026-09-14T03:25:00Z,41,41,30,0,0,200,2425,0.02
2026-09-14T03:25:02Z,41,41,30,0,0,200,2424,0.02
2026-09-14T03:25:04Z,41,41,30,0,0,200,2425,0.02
2026-09-14T03:25:06Z,40,41,30,0,0,200,2424,0.02
2026-09-14T03:25:08Z,41,41,30,0,0,200,2424,0.02
2026-09-14T03:25:10Z,41,41,30,0,0,200,2424,0.01
2026-09-14T03:25:13Z,41,41,30,0,0,200,2424,0.01
2026-09-14T03:25:15Z,40,41,30,0,0,200,2424,0.01
2026-09-14T03:25:17Z,40,41,30,0,0,200,2424,0.01
2026-09-14T03:25:19Z,40,41,30,0,0,200,2425,0.01
2026-09-14T03:25:21Z,41,41,30,0,0,200,2424,0.01
2026-09-14T03:25:23Z,40,41,30,0,0,200,2427,0.01
2026-09-14T03:25:25Z,41,41,30,0,0,200,2425,0.01
2026-09-14T03:25:27Z,40,41,30,0,0,200,2427,0.01
2026-09-14T03:25:29Z,41,41,30,0,0,200,2425,0.01
2026-09-14T03:25:31Z,41,41,30,0,0,200,2424,0.09
2026-09-14T03:25:33Z,40,41,30,0,0,200,2424,0.09
2026-09-14T03:25:35Z,41,41,30,0,0,200,2425,0.08
2026-09-14T03:25:37Z,41,41,30,0,0,200,2424,0.08
2026-09-14T03:25:39Z,41,41,30,0,0,200,2424,0.08
2026-09-14T03:25:41Z,40,41,30,0,0,200,2425,0.08
2026-09-14T03:25:43Z,41,41,30,0,0,200,2428,0.08
2026-09-14T03:25:45Z,40,41,30,0,0,200,2424,0.07
2026-09-14T03:25:47Z,40,41,30,0,0,200,2424,0.07
2026-09-14T03:25:49Z,40,41,30,0,0,200,2425,0.06
2026-09-14T03:25:51Z,41,41,30,0,0,200,2424,0.06
2026-09-14T03:25:54Z,40,41,30,0,0,200,2424,0.06
2026-09-14T03:25:56Z,40,41,30,0,0,200,2425,0.06
2026-09-14T03:25:58Z,41,41,30,0,0,200,2424,0.06
2026-09-14T03:26:00Z,41,41,30,0,0,200,2425,0.05
2026-09-14T03:26:02Z,41,41,30,0,0,200,2425,0.05
2026-09-14T03:26:04Z,40,41,30,0,0,200,2424,0.05
2026-09-14T03:26:06Z,41,41,30,0,0,200,2425,0.05
2026-09-14T03:26:08Z,41,41,30,0,0,200,2425,0.05
2026-09-14T03:26:10Z,41,41,30,0,0,200,2424,0.04
2026-09-14T03:26:12Z,40,41,30,0,0,200,2424,0.04
2026-09-14T03:26:14Z,41,41,30,0,0,200,2425,0.04
2026-09-14T03:26:16Z,40,41,30,0,0,200,2424,0.04
2026-09-14T03:26:18Z,41,41,30,0,0,200,2424,0.04
2026-09-14T03:26:20Z,41,41,30,0,0,200,2424,0.04
2026-09-14T03:26:22Z,40,41,30,0,0,200,2424,0.04
2026-09-14T03:26:24Z,41,41,30,0,0,200,2424,0.03
2026-09-14T03:26:26Z,40,41,30,0,0,200,2424,0.03
2026-09-14T03:26:28Z,41,41,30,0,0,200,2424,0.03
2026-09-14T03:26:30Z,41,41,30,0,0,200,2424,0.03
2026-09-14T03:26:32Z,40,41,30,0,0,200,2424,0.03
2026-09-14T03:26:35Z,40,41,30,0,0,200,2424,0.03
2026-09-14T03:26:37Z,41,41,30,0,0,200,2424,0.03
2026-09-14T03:26:39Z,41,41,30,0,0,200,2424,0.03
2026-09-14T03:26:41Z,41,41,30,0,0,200,2424,0.03
2026-09-14T03:26:43Z,41,41,30,0,0,200,2424,0.03
2026-09-14T03:26:45Z,41,41,30,0,0,200,2424,0.02
2026-09-14T03:26:47Z,40,41,30,0,0,200,2425,0.02
2026-09-14T03:26:49Z,41,41,30,0,0,200,2424,0.02
2026-09-14T03:26:51Z,41,41,30,0,0,200,2424,0.02
2026-09-14T03:26:53Z,40,41,30,0,0,200,2424,0.02
2026-09-14T03:26:55Z,40,41,30,0,0,200,2424,0.02
2026-09-14T03:26:57Z,41,41,30,0,0,200,2424,0.02
2026-09-14T03:26:59Z,40,41,30,0,0,200,2427,0.02
2026-09-14T03:27:01Z,41,41,30,0,0,200,2424,0.02
2026-09-14T03:27:03Z,41,41,30,0,0,200,2425,0.02
2026-09-14T03:27:05Z,41,41,30,0,0,200,2424,0.02
2026-09-14T03:27:07Z,41,41,30,0,0,200,2425,0.02
2026-09-14T03:27:09Z,41,41,30,0,0,200,2424,0.01
2026-09-14T03:27:11Z,41,41,30,0,0,200,2426,0.01
2026-09-14T03:27:13Z,40,41,30,0,0,200,2424,0.01
2026-09-14T03:27:16Z,41,41,30,0,0,200,2425,0.01
2026-09-14T03:27:18Z,40,41,30,0,0,200,2424,0.01
2026-09-14T03:27:20Z,40,41,30,0,0,200,2425,0.01
2026-09-14T03:27:22Z,40,41,30,0,0,200,2424,0.01
2026-09-14T03:27:24Z,40,41,30,0,0,200,2424,0.01
2026-09-14T03:27:26Z,41,41,30,0,0,200,2427,0.01
2026-09-14T03:27:28Z,41,41,30,0,0,200,2424,0.01
2026-09-14T03:27:30Z,41,41,30,0,0,200,2424,0.01
2026-09-14T03:27:32Z,40,41,30,0,0,200,2426,0.01
2026-09-14T03:27:34Z,41,41,30,0,0,200,2425,0.01
2026-09-14T03:27:36Z,41,41,30,0,0,200,2424,0.01
2026-09-14T03:27:38Z,40,41,30,0,0,200,2424,0.01
2026-09-14T03:27:40Z,41,41,30,0,0,200,2424,0.01
2026-09-14T03:27:42Z,40,41,30,0,0,200,2424,0.01
2026-09-14T03:27:44Z,41,41,30,0,0,200,2425,0.01
2026-09-14T03:27:46Z,40,41,30,0,0,200,2424,0.01
2026-09-14T03:27:48Z,40,41,30,0,0,200,2424,0.01
2026-09-14T03:27:50Z,40,41,30,0,0,200,2424,0.01
2026-09-14T03:27:52Z,41,41,30,0,0,200,2424,0.01
2026-09-14T03:27:54Z,41,41,30,0,0,200,2424,0.00
2026-09-14T03:27:57Z,41,41,30,0,0,200,2424,0.00
2026-09-14T03:27:59Z,40,41,30,0,0,200,2424,0.00
2026-09-14T03:28:01Z,41,41,30,0,0,200,2424,0.00
2026-09-14T03:28:03Z,41,41,30,0,0,200,2424,0.00
2026-09-14T03:28:05Z,40,41,30,0,0,200,2425,0.00
2026-09-14T03:28:07Z,40,41,30,0,0,200,2424,0.00
2026-09-14T03:28:09Z,40,41,30,0,0,200,2424,0.00
2026-09-14T03:28:11Z,41,41,30,0,0,200,2424,0.00
2026-09-14T03:28:13Z,40,41,30,0,0,200,2424,0.00
2026-09-14T03:28:15Z,41,41,30,0,0,200,2424,0.00
2026-09-14T03:28:17Z,40,41,30,0,0,200,2424,0.00
2026-09-14T03:28:19Z,41,41,30,0,0,200,2424,0.00
2026-09-14T03:28:21Z,41,41,30,0,0,200,2424,0.00
2026-09-14T03:28:23Z,41,41,30,0,0,200,2425,0.00
2026-09-14T03:28:25Z,40,41,30,0,0,200,2424,0.00
2026-09-14T03:28:27Z,40,41,30,0,0,200,2424,0.00
2026-09-14T03:28:29Z,41,41,30,0,0,200,2424,0.00
2026-09-14T03:28:31Z,41,41,30,0,0,200,2424,0.00
2026-09-14T03:28:33Z,41,41,30,0,0,200,2426,0.00
2026-09-14T03:28:35Z,40,41,30,0,0,200,2424,0.00
2026-09-14T03:28:38Z,40,41,30,0,0,200,2424,0.00
2026-09-14T03:28:40Z,40,41,30,0,0,200,2424,0.00
2026-09-14T03:28:42Z,41,41,30,0,0,200,2424,0.00
2026-09-14T03:28:44Z,40,41,30,0,0,200,2424,0.00
2026-09-14T03:28:46Z,41,41,30,0,0,200,2425,0.00
2026-09-14T03:28:48Z,41,41,30,0,0,200,2425,0.00
2026-09-14T03:28:50Z,40,41,30,0,0,200,2425,0.00
2026-09-14T03:28:52Z,40,41,30,0,0,200,2425,0.00
2026-09-14T03:28:54Z,41,41,30,0,0,200,2424,0.00
2026-09-14T03:28:56Z,41,41,30,0,0,200,2425,0.00
2026-09-14T03:28:58Z,40,41,30,0,0,200,2425,0.00
2026-09-14T03:29:00Z,40,41,30,0,0,200,2424,0.00
2026-09-14T03:29:02Z,41,41,30,0,0,200,2425,0.00
2026-09-14T03:29:04Z,40,41,30,0,0,200,2424,0.00
2026-09-14T03:29:06Z,41,41,30,0,0,200,2424,0.08
2026-09-14T03:29:08Z,41,41,30,0,0,200,2424,0.08
2026-09-14T03:29:10Z,40,41,30,0,0,200,2424,0.07
2026-09-14T03:29:12Z,41,41,30,0,0,200,2424,0.07
2026-09-14T03:29:14Z,41,41,30,0,0,200,2424,0.07
2026-09-14T03:29:16Z,40,41,30,0,0,200,2424,0.07
2026-09-14T03:29:18Z,41,41,30,0,0,200,2424,0.07
2026-09-14T03:29:21Z,41,41,30,0,0,200,2424,0.06
2026-09-14T03:29:23Z,40,41,30,0,0,200,2424,0.06
2026-09-14T03:29:25Z,41,41,30,0,0,200,2425,0.06
2026-09-14T03:29:27Z,40,41,30,0,0,200,2425,0.06
2026-09-14T03:29:29Z,41,41,30,0,0,200,2424,0.06
2026-09-14T03:29:31Z,41,41,30,0,0,200,2424,0.05
2026-09-14T03:29:33Z,41,41,30,0,0,200,2424,0.05
2026-09-14T03:29:35Z,40,41,30,0,0,200,2425,0.05
2026-09-14T03:29:37Z,41,41,30,0,0,200,2425,0.05
2026-09-14T03:29:39Z,41,41,30,0,0,200,2424,0.05
2026-09-14T03:29:41Z,41,41,30,0,0,200,2426,0.04
2026-09-14T03:29:43Z,41,41,30,0,0,200,2424,0.04
2026-09-14T03:29:45Z,40,41,30,0,0,200,2425,0.04
2026-09-14T03:29:47Z,41,41,30,0,0,200,2424,0.04
2026-09-14T03:29:49Z,41,41,30,0,0,200,2424,0.04
2026-09-14T03:29:51Z,40,41,30,0,0,200,2424,0.04
2026-09-14T03:29:53Z,41,41,30,0,0,200,2424,0.04
2026-09-14T03:29:55Z,41,41,30,0,0,200,2425,0.03
2026-09-14T03:29:57Z,41,41,30,0,0,200,2421,0.03
2026-09-14T03:29:59Z,40,41,30,0,0,200,2424,0.03
2026-09-14T03:30:02Z,40,41,30,0,0,200,2425,0.03
2026-09-14T03:30:04Z,40,41,30,0,0,200,2424,0.03
2026-09-14T03:30:06Z,41,41,30,0,0,200,2424,0.03
2026-09-14T03:30:08Z,41,41,30,0,0,200,2425,0.03
2026-09-14T03:30:10Z,41,41,30,0,0,200,2424,0.02
2026-09-14T03:30:12Z,41,41,30,0,0,200,2425,0.02
2026-09-14T03:30:14Z,40,41,30,0,0,200,2424,0.02
2026-09-14T03:30:16Z,41,41,30,0,0,200,2424,0.02
2026-09-14T03:30:18Z,41,41,30,0,0,200,2425,0.02
2026-09-14T03:30:20Z,40,41,30,0,0,200,2425,0.02
2026-09-14T03:30:22Z,40,41,30,0,0,200,2424,0.02
2026-09-14T03:30:24Z,41,41,30,0,0,200,2424,0.02
2026-09-14T03:30:26Z,41,41,30,0,0,200,2423,0.02
2026-09-14T03:30:28Z,41,41,30,0,0,200,2425,0.02
2026-09-14T03:30:30Z,40,41,30,0,0,200,2424,0.02
2026-09-14T03:30:32Z,40,41,30,0,0,200,2424,0.02
2026-09-14T03:30:34Z,40,41,30,0,0,200,2424,0.02
2026-09-14T03:30:36Z,41,41,30,0,0,200,2427,0.02
2026-09-14T03:30:38Z,40,41,30,0,0,200,2424,0.02
2026-09-14T03:30:40Z,41,41,30,0,0,200,2426,0.01
2026-09-14T03:30:43Z,41,41,30,0,0,200,2424,0.01
2026-09-14T03:30:45Z,40,41,30,0,0,200,2424,0.01
2026-09-14T03:30:47Z,40,41,30,0,0,200,2424,0.01
2026-09-14T03:30:49Z,41,41,30,0,0,200,2426,0.01
2026-09-14T03:30:51Z,41,41,30,0,0,200,2424,0.01
2026-09-14T03:30:53Z,41,41,30,0,0,200,2424,0.01
2026-09-14T03:30:55Z,41,41,30,0,0,200,2424,0.01
2026-09-14T03:30:57Z,40,41,30,0,0,200,2425,0.01
2026-09-14T03:30:59Z,41,41,30,0,0,200,2425,0.01
2026-09-14T03:31:01Z,41,41,30,0,0,200,2424,0.01
2026-09-14T03:31:03Z,41,41,30,0,0,200,2424,0.01
2026-09-14T03:31:05Z,40,41,30,0,0,200,2424,0.01
2026-09-14T03:31:07Z,41,41,30,0,0,200,2424,0.01
2026-09-14T03:31:09Z,41,41,30,0,0,200,2424,0.01
2026-09-14T03:31:11Z,41,41,30,0,0,200,2424,0.01
2026-09-14T03:31:13Z,41,41,30,0,0,200,2424,0.01
2026-09-14T03:31:15Z,41,41,30,0,0,200,2425,0.01
2026-09-14T03:31:17Z,40,41,30,0,0,200,2424,0.01
2026-09-14T03:31:19Z,41,41,30,0,0,200,2424,0.01
2026-09-14T03:31:21Z,41,41,30,0,0,200,2425,0.01
2026-09-14T03:31:24Z,41,41,30,0,0,200,2424,0.01
2026-09-14T03:31:26Z,40,41,30,0,0,200,2425,0.00
2026-09-14T03:31:28Z,41,41,30,0,0,200,2425,0.00
2026-09-14T03:31:30Z,40,41,30,0,0,200,2425,0.00
2026-09-14T03:31:32Z,40,41,30,0,0,200,2424,0.00
2026-09-14T03:31:34Z,41,41,30,0,0,200,2424,0.00
2026-09-14T03:31:36Z,41,41,30,0,0,200,2425,0.00
2026-09-14T03:31:38Z,41,41,30,0,0,200,2424,0.00
2026-09-14T03:31:40Z,41,41,30,0,0,200,2424,0.00
2026-09-14T03:31:42Z,41,41,30,0,0,200,2424,0.00
2026-09-14T03:31:44Z,41,41,30,0,0,200,2425,0.00
2026-09-14T03:31:46Z,41,41,30,0,0,200,2424,0.00
2026-09-14T03:31:48Z,41,41,30,0,0,200,2424,0.00
2026-09-14T03:31:50Z,41,41,30,0,0,200,2425,0.00
2026-09-14T03:31:52Z,41,41,30,0,0,200,2425,0.00
2026-09-14T03:31:54Z,41,41,30,0,0,200,2424,0.00
2026-09-14T03:31:56Z,41,41,30,0,0,200,2424,0.00
2026-09-14T03:31:58Z,41,41,30,0,0,200,2424,0.00
2026-09-14T03:32:00Z,41,41,30,0,0,200,2426,0.00
2026-09-14T03:32:02Z,41,41,30,0,0,200,2424,0.00
2026-09-14T03:32:05Z,41,41,30,0,0,200,2425,0.00
2026-09-14T03:32:07Z,41,41,30,0,0,200,2424,0.00
2026-09-14T03:32:09Z,40,41,30,0,0,200,2424,0.00
2026-09-14T03:32:11Z,41,41,30,0,0,200,2424,0.00
2026-09-14T03:32:13Z,41,41,30,0,0,200,2424,0.00
2026-09-14T03:32:15Z,40,41,30,0,0,200,2424,0.00
2026-09-14T03:32:17Z,41,41,30,0,0,200,2424,0.00
2026-09-14T03:32:19Z,41,41,30,0,0,200,2424,0.00
2026-09-14T03:32:21Z,40,41,30,0,0,200,2424,0.00
2026-09-14T03:32:23Z,41,41,30,0,0,200,2424,0.00
2026-09-14T03:32:25Z,41,41,30,0,0,200,2424,0.00
2026-09-14T03:32:27Z,40,41,30,0,0,200,2424,0.00
2026-09-14T03:32:29Z,40,41,30,0,0,200,2424,0.00
2026-09-14T03:32:31Z,41,41,30,0,0,200,2423,0.00
2026-09-14T03:32:33Z,40,41,30,0,0,200,2424,0.00
2026-09-14T03:32:35Z,41,41,30,0,0,200,2426,0.00
2026-09-14T03:32:37Z,41,41,30,0,0,200,2425,0.00
2026-09-14T03:32:39Z,41,41,30,0,0,200,2424,0.00
2026-09-14T03:32:41Z,41,41,30,0,0,200,2424,0.00
2026-09-14T03:32:43Z,40,41,30,0,0,200,2424,0.00
2026-09-14T03:32:46Z,40,41,30,0,0,200,2424,0.00
2026-09-14T03:32:48Z,41,41,30,0,0,200,2425,0.00
2026-09-14T03:32:50Z,41,41,30,0,0,200,2424,0.00
2026-09-14T03:32:52Z,41,41,30,0,0,200,2425,0.00
2026-09-14T03:32:54Z,41,41,30,0,0,200,2424,0.00
2026-09-14T03:32:56Z,41,41,30,0,0,200,2425,0.00
2026-09-14T03:32:58Z,40,41,30,0,0,200,2424,0.00
2026-09-14T03:33:00Z,41,41,30,0,0,200,2424,0.00
2026-09-14T03:33:02Z,41,41,30,0,0,200,2424,0.00
2026-09-14T03:33:04Z,41,41,30,0,0,200,2424,0.00
2026-09-14T03:33:06Z,41,41,30,0,0,200,2424,0.00
2026-09-14T03:33:08Z,40,41,30,0,0,200,2424,0.00
2026-09-14T03:33:10Z,40,41,30,0,0,200,2424,0.00
2026-09-14T03:33:12Z,41,41,30,0,0,200,2425,0.00
2026-09-14T03:33:14Z,41,41,30,0,0,200,2424,0.00
2026-09-14T03:33:16Z,40,41,30,0,0,200,2424,0.00
2026-09-14T03:33:18Z,41,41,30,0,0,200,2424,0.00
2026-09-14T03:33:20Z,41,41,30,0,0,200,2425,0.00
2026-09-14T03:33:22Z,41,41,30,0,0,200,2425,0.00
2026-09-14T03:33:24Z,41,41,30,0,0,200,2424,0.00
2026-09-14T03:33:26Z,41,41,30,0,0,200,2425,0.00
2026-09-14T03:33:29Z,41,41,30,0,0,200,2416,0.00
2026-09-14T03:33:31Z,40,41,30,0,0,200,2424,0.00
2026-09-14T03:33:33Z,41,41,30,0,0,200,2425,0.00
2026-09-14T03:33:35Z,41,41,30,0,0,200,2424,0.00
2026-09-14T03:33:37Z,41,41,30,0,0,200,2424,0.00
2026-09-14T03:33:39Z,41,41,30,0,0,200,2424,0.00
2026-09-14T03:33:41Z,41,41,30,0,0,200,2424,0.00
2026-09-14T03:33:43Z,41,41,30,0,0,200,2424,0.00
2026-09-14T03:33:45Z,41,41,30,0,0,200,2426,0.00
2026-09-14T03:33:47Z,41,41,30,0,0,200,2425,0.00
2026-09-14T03:33:49Z,40,41,30,0,0,200,2424,0.00
2026-09-14T03:33:51Z,40,41,30,0,0,200,2424,0.00
2026-09-14T03:33:53Z,41,41,30,0,0,200,2425,0.00
2026-09-14T03:33:55Z,41,41,30,0,0,200,2425,0.00
2026-09-14T03:33:57Z,41,41,30,0,0,200,2424,0.00
2026-09-14T03:33:59Z,41,41,30,0,0,200,2424,0.00
2026-09-14T03:34:01Z,41,41,30,0,0,200,2424,0.00
2026-09-14T03:34:03Z,41,41,30,0,0,200,2424,0.00
2026-09-14T03:34:05Z,41,41,30,0,0,200,2424,0.00
2026-09-14T03:34:07Z,41,41,30,0,0,200,2424,0.00
2026-09-14T03:34:10Z,41,41,30,0,0,200,2424,0.00
2026-09-14T03:34:12Z,41,41,30,0,0,200,2424,0.00
2026-09-14T03:34:14Z,40,41,30,0,0,200,2426,0.00
2026-09-14T03:34:16Z,41,41,30,0,0,200,2424,0.00
2026-09-14T03:34:18Z,41,41,30,0,0,200,2426,0.00
2026-09-14T03:34:20Z,41,41,30,0,0,200,2424,0.00
2026-09-14T03:34:22Z,41,41,30,0,0,200,2424,0.00
2026-09-14T03:34:24Z,41,41,30,0,0,200,2424,0.00
2026-09-14T03:34:26Z,41,41,30,0,0,200,2424,0.00
2026-09-14T03:34:28Z,40,41,30,0,0,200,2424,0.00
2026-09-14T03:34:30Z,41,41,30,0,0,200,2424,0.00
2026-09-14T03:34:32Z,40,41,30,0,0,200,2424,0.00
2026-09-14T03:34:34Z,41,41,30,0,0,200,2425,0.00
2026-09-14T03:34:36Z,41,41,30,0,0,200,2425,0.00
2026-09-14T03:34:38Z,40,41,30,0,0,200,2424,0.00
2026-09-14T03:34:40Z,41,41,30,0,0,200,2424,0.00
2026-09-14T03:34:42Z,41,41,30,0,0,200,2425,0.00
2026-09-14T03:34:44Z,41,41,30,0,0,200,2425,0.00
2026-09-14T03:34:46Z,40,41,30,0,0,200,2424,0.00
2026-09-14T03:34:48Z,40,41,30,0,0,200,2425,0.00
2026-09-14T03:34:51Z,41,41,30,0,0,200,2424,0.00
2026-09-14T03:34:53Z,41,41,30,0,0,200,2424,0.00
2026-09-14T03:34:55Z,41,41,30,0,0,200,2424,0.00
2026-09-14T03:34:57Z,41,41,30,0,0,200,2425,0.00
2026-09-14T03:34:59Z,41,41,30,0,0,200,2426,0.00
2026-09-14T03:35:01Z,40,41,30,0,0,200,2424,0.00
2026-09-14T03:35:03Z,40,41,30,0,0,200,2424,0.00
2026-09-14T03:35:05Z,41,41,30,0,0,200,2424,0.00
2026-09-14T03:35:07Z,41,41,30,0,0,200,2427,0.00
2026-09-14T03:35:09Z,40,41,30,0,0,200,2424,0.00
2026-09-14T03:35:11Z,41,41,30,0,0,200,2424,0.00
2026-09-14T03:35:13Z,40,41,30,0,0,200,2424,0.00
2026-09-14T03:35:15Z,41,41,30,0,0,200,2424,0.00
2026-09-14T03:35:17Z,41,41,30,0,0,200,2424,0.00
2026-09-14T03:35:19Z,40,41,30,0,0,200,2426,0.00
2026-09-14T03:35:21Z,41,41,30,0,0,200,2424,0.00
2026-09-14T03:35:23Z,41,41,30,0,0,200,2424,0.00
2026-09-14T03:35:25Z,41,41,30,0,0,200,2426,0.00
2026-09-14T03:35:27Z,41,41,30,0,0,200,2424,0.00
2026-09-14T03:35:29Z,41,41,30,0,0,200,2424,0.00
2026-09-14T03:35:32Z,40,41,30,0,0,200,2426,0.00
2026-09-14T03:35:34Z,40,41,30,0,0,200,2424,0.00
2026-09-14T03:35:36Z,40,41,30,0,0,200,2426,0.00
2026-09-14T03:35:38Z,40,41,30,0,0,200,2425,0.00
2026-09-14T03:35:40Z,41,41,30,0,0,200,2424,0.00
2026-09-14T03:35:42Z,41,41,30,0,0,200,2426,0.00
2026-09-14T03:35:44Z,40,41,30,0,0,200,2424,0.00
2026-09-14T03:35:46Z,41,41,30,0,0,200,2424,0.00
2026-09-14T03:35:48Z,41,41,30,0,0,200,2424,0.00
2026-09-14T03:35:50Z,41,41,30,0,0,200,2424,0.00
2026-09-14T03:35:52Z,40,41,30,0,0,200,2426,0.00
2026-09-14T03:35:54Z,41,41,30,0,0,200,2424,0.00
2026-09-14T03:35:56Z,41,41,30,0,0,200,2424,0.00
2026-09-14T03:35:58Z,40,41,30,0,0,200,2424,0.00
2026-09-14T03:36:00Z,40,41,30,0,0,200,2425,0.00
2026-09-14T03:36:02Z,41,41,30,0,0,200,2424,0.00
2026-09-14T03:36:04Z,41,41,30,0,0,200,2424,0.00
2026-09-14T03:36:06Z,40,41,30,0,0,200,2424,0.00
2026-09-14T03:36:08Z,41,41,30,0,0,200,2424,0.00
2026-09-14T03:36:10Z,40,41,30,0,0,200,2424,0.00
2026-09-14T03:36:13Z,40,41,30,0,0,200,2424,0.00
2026-09-14T03:36:15Z,41,41,30,0,0,200,2424,0.00
2026-09-14T03:36:17Z,40,41,30,0,0,200,2424,0.00
2026-09-14T03:36:19Z,41,41,30,0,0,200,2424,0.00
2026-09-14T03:36:21Z,41,41,30,0,0,200,2424,0.00
2026-09-14T03:36:23Z,41,41,30,0,0,200,2425,0.00
2026-09-14T03:36:25Z,41,41,30,0,0,200,2424,0.00
2026-09-14T03:36:27Z,41,41,30,0,0,200,2424,0.00
2026-09-14T03:36:29Z,41,41,30,0,0,200,2424,0.00
2026-09-14T03:36:31Z,40,41,30,0,0,200,2424,0.00
2026-09-14T03:36:33Z,40,41,30,0,0,200,2424,0.00
2026-09-14T03:36:35Z,41,41,30,0,0,200,2425,0.00
2026-09-14T03:36:37Z,41,41,30,0,0,200,2426,0.00
2026-09-14T03:36:39Z,40,41,30,0,0,200,2426,0.00
2026-09-14T03:36:41Z,41,41,30,0,0,200,2424,0.00
2026-09-14T03:36:43Z,41,41,30,0,0,200,2424,0.00
2026-09-14T03:36:45Z,41,41,30,0,0,200,2424,0.00
2026-09-14T03:36:47Z,41,41,30,0,0,200,2424,0.00
2026-09-14T03:36:49Z,41,41,30,0,0,200,2424,0.00
2026-09-14T03:36:51Z,41,41,30,0,0,200,2424,0.00
2026-09-14T03:36:54Z,40,41,30,0,0,200,2424,0.00
2026-09-14T03:36:56Z,41,41,30,0,0,200,2424,0.00
2026-09-14T03:36:58Z,40,41,30,0,0,200,2424,0.00
2026-09-14T03:37:00Z,41,41,30,0,0,200,2425,0.00
2026-09-14T03:37:02Z,41,41,30,0,0,200,2424,0.00
2026-09-14T03:37:04Z,41,41,30,0,0,200,2424,0.00
2026-09-14T03:37:06Z,40,41,30,0,0,200,2424,0.00
2026-09-14T03:37:08Z,41,41,30,0,0,200,2424,0.00
2026-09-14T03:37:10Z,40,41,30,0,0,200,2425,0.00
2026-09-14T03:37:12Z,41,41,30,0,0,200,2424,0.00
2026-09-14T03:37:14Z,40,41,30,0,0,200,2424,0.00
2026-09-14T03:37:16Z,40,41,30,0,0,200,2424,0.00
2026-09-14T03:37:18Z,40,41,30,0,0,200,2425,0.00
2026-09-14T03:37:20Z,41,41,30,0,0,200,2425,0.00
2026-09-14T03:37:22Z,41,41,30,0,0,200,2424,0.00
2026-09-14T03:37:24Z,40,41,30,0,0,200,2425,0.16
2026-09-14T03:37:26Z,41,41,30,0,0,200,2425,0.16
2026-09-14T03:37:28Z,40,41,30,0,0,200,2424,0.16
2026-09-14T03:37:30Z,41,41,30,0,0,200,2424,0.15
2026-09-14T03:37:32Z,41,41,30,0,0,200,2424,0.15
2026-09-14T03:37:35Z,41,41,30,0,0,200,2423,0.13
2026-09-14T03:37:37Z,41,41,30,0,0,200,2424,0.13
2026-09-14T03:37:39Z,41,41,30,0,0,200,2424,0.13
2026-09-14T03:37:41Z,41,41,30,0,0,200,2424,0.12
2026-09-14T03:37:43Z,41,41,30,0,0,200,2425,0.12
2026-09-14T03:37:45Z,40,41,30,0,0,200,2424,0.11
2026-09-14T03:37:47Z,41,41,30,0,0,200,2424,0.11
2026-09-14T03:37:49Z,41,41,30,0,0,200,2424,0.11
2026-09-14T03:37:51Z,41,41,30,0,0,200,2425,0.10
2026-09-14T03:37:53Z,40,41,30,0,0,200,2424,0.10
2026-09-14T03:37:55Z,41,41,30,0,0,200,2425,0.10
2026-09-14T03:37:57Z,41,41,30,0,0,200,2424,0.10
2026-09-14T03:37:59Z,41,41,30,0,0,200,2424,0.10
2026-09-14T03:38:01Z,41,41,30,0,0,200,2426,0.09
2026-09-14T03:38:03Z,40,41,30,0,0,200,2424,0.09
2026-09-14T03:38:05Z,41,41,30,0,0,200,2425,0.08
2026-09-14T03:38:07Z,41,41,30,0,0,200,2424,0.08
2026-09-14T03:38:09Z,40,41,30,0,0,200,2424,0.07
2026-09-14T03:38:11Z,40,41,30,0,0,200,2424,0.07
2026-09-14T03:38:13Z,41,41,30,0,0,200,2424,0.07
2026-09-14T03:38:16Z,41,41,30,0,0,200,2424,0.07
2026-09-14T03:38:18Z,40,41,30,0,0,200,2424,0.07
2026-09-14T03:38:20Z,40,41,30,0,0,200,2426,0.06
2026-09-14T03:38:22Z,41,41,30,0,0,200,2424,0.06
2026-09-14T03:38:24Z,41,41,30,0,0,200,2424,0.06
2026-09-14T03:38:26Z,41,41,30,0,0,200,2424,0.06
2026-09-14T03:38:28Z,41,41,30,0,0,200,2424,0.06
2026-09-14T03:38:30Z,41,41,30,0,0,200,2424,0.05
2026-09-14T03:38:32Z,40,41,30,0,0,200,2425,0.05
2026-09-14T03:38:34Z,41,41,30,0,0,200,2424,0.05
2026-09-14T03:38:36Z,41,41,30,0,0,200,2424,0.05
2026-09-14T03:38:38Z,41,41,30,0,0,200,2425,0.05
2026-09-14T03:38:40Z,41,41,30,0,0,200,2424,0.04
2026-09-14T03:38:42Z,40,41,30,0,0,200,2427,0.04
2026-09-14T03:38:44Z,40,41,30,0,0,200,2424,0.04
2026-09-14T03:38:46Z,41,41,30,0,0,200,2424,0.04
2026-09-14T03:38:48Z,41,41,30,0,0,200,2424,0.04
2026-09-14T03:38:50Z,41,41,30,0,0,200,2424,0.04
2026-09-14T03:38:52Z,40,41,30,0,0,200,2425,0.04
2026-09-14T03:38:54Z,41,41,30,0,0,200,2424,0.03
2026-09-14T03:38:57Z,40,41,30,0,0,200,2426,0.03
2026-09-14T03:38:59Z,40,41,30,0,0,200,2425,0.03
2026-09-14T03:39:01Z,41,41,30,0,0,200,2424,0.03
2026-09-14T03:39:03Z,40,41,30,0,0,200,2424,0.03
2026-09-14T03:39:05Z,41,41,30,0,0,200,2424,0.03
2026-09-14T03:39:07Z,40,41,30,0,0,200,2424,0.03
2026-09-14T03:39:09Z,41,41,30,0,0,200,2424,0.03
2026-09-14T03:39:11Z,40,41,30,0,0,200,2424,0.02
2026-09-14T03:39:13Z,41,41,30,0,0,200,2424,0.02
2026-09-14T03:39:15Z,41,41,30,0,0,200,2425,0.10
2026-09-14T03:39:17Z,41,41,30,0,0,200,2425,0.10
2026-09-14T03:39:19Z,41,41,30,0,0,200,2424,0.10
2026-09-14T03:39:21Z,41,41,30,0,0,200,2425,0.09
2026-09-14T03:39:23Z,40,41,30,0,0,200,2424,0.09
2026-09-14T03:39:25Z,41,41,30,0,0,200,2424,0.09
2026-09-14T03:39:27Z,41,41,30,0,0,200,2424,0.09
2026-09-14T03:39:29Z,40,41,30,0,0,200,2425,0.08
2026-09-14T03:39:31Z,41,41,30,0,0,200,2424,0.08
2026-09-14T03:39:33Z,41,41,30,0,0,200,2424,0.08
2026-09-14T03:39:35Z,41,41,30,0,0,200,2425,0.07
2026-09-14T03:39:38Z,40,41,30,0,0,200,2424,0.07
2026-09-14T03:39:40Z,40,41,30,0,0,200,2425,0.07
2026-09-14T03:39:42Z,40,41,30,0,0,200,2424,0.07
2026-09-14T03:39:44Z,40,41,30,0,0,200,2424,0.07
2026-09-14T03:39:46Z,40,41,30,0,0,200,2424,0.06
2026-09-14T03:39:48Z,41,41,30,0,0,200,2424,0.06
2026-09-14T03:39:50Z,41,41,30,0,0,200,2424,0.06
2026-09-14T03:39:52Z,40,41,30,0,0,200,2425,0.06
2026-09-14T03:39:54Z,41,41,30,0,0,200,2425,0.06
2026-09-14T03:39:56Z,40,41,30,0,0,200,2424,0.05
2026-09-14T03:39:58Z,40,41,30,0,0,200,2424,0.05
2026-09-14T03:40:00Z,40,41,30,0,0,200,2425,0.05
2026-09-14T03:40:02Z,41,41,30,0,0,200,2424,0.05
2026-09-14T03:40:04Z,40,41,30,0,0,200,2424,0.05
2026-09-14T03:40:06Z,41,41,30,0,0,200,2425,0.04
2026-09-14T03:40:08Z,40,41,30,0,0,200,2425,0.04
2026-09-14T03:40:10Z,41,41,30,0,0,200,2424,0.04
2026-09-14T03:40:12Z,40,41,30,0,0,200,2425,0.04
2026-09-14T03:40:14Z,40,41,30,0,0,200,2424,0.04
2026-09-14T03:40:16Z,41,41,30,0,0,200,2424,0.04
2026-09-14T03:40:19Z,41,41,30,0,0,200,2425,0.04
2026-09-14T03:40:21Z,41,41,30,0,0,200,2424,0.03
2026-09-14T03:40:23Z,41,41,30,0,0,200,2424,0.03
2026-09-14T03:40:25Z,40,41,30,0,0,200,2424,0.03
2026-09-14T03:40:27Z,40,41,30,0,0,200,2425,0.03
2026-09-14T03:40:29Z,41,41,30,0,0,200,2424,0.03
2026-09-14T03:40:31Z,41,41,30,0,0,200,2424,0.03
2026-09-14T03:40:33Z,40,41,30,0,0,200,2424,0.03
2026-09-14T03:40:35Z,41,41,30,0,0,200,2424,0.02
2026-09-14T03:40:37Z,40,41,30,0,0,200,2424,0.02
2026-09-14T03:40:39Z,40,41,30,0,0,200,2425,0.02
2026-09-14T03:40:41Z,41,41,30,0,0,200,2424,0.02
2026-09-14T03:40:43Z,41,41,30,0,0,200,2424,0.02
2026-09-14T03:40:45Z,41,41,30,0,0,200,2424,0.02
2026-09-14T03:40:47Z,40,41,30,0,0,200,2425,0.02
2026-09-14T03:40:49Z,41,41,30,0,0,200,2424,0.02
2026-09-14T03:40:51Z,41,41,30,0,0,200,2424,0.02
2026-09-14T03:40:53Z,40,41,30,0,0,200,2424,0.02
2026-09-14T03:40:55Z,40,41,30,0,0,200,2424,0.02
2026-09-14T03:40:57Z,40,41,30,0,0,200,2424,0.02
2026-09-14T03:40:59Z,41,41,30,0,0,200,2424,0.02
2026-09-14T03:41:02Z,41,41,30,0,0,200,2424,0.02
2026-09-14T03:41:04Z,40,41,30,0,0,200,2424,0.02
2026-09-14T03:41:06Z,40,41,30,0,0,200,2426,0.01
2026-09-14T03:41:08Z,41,41,30,0,0,200,2424,0.01
2026-09-14T03:41:10Z,40,41,30,0,0,200,2424,0.01
2026-09-14T03:41:12Z,41,41,30,0,0,200,2425,0.01
2026-09-14T03:41:14Z,41,41,30,0,0,200,2424,0.01
2026-09-14T03:41:16Z,41,41,30,0,0,200,2424,0.01
2026-09-14T03:41:18Z,41,41,30,0,0,200,2425,0.01
2026-09-14T03:41:20Z,41,41,30,0,0,200,2426,0.01
2026-09-14T03:41:22Z,40,41,30,0,0,200,2424,0.01
2026-09-14T03:41:24Z,40,41,30,0,0,200,2424,0.01
2026-09-14T03:41:26Z,41,41,30,0,0,200,2424,0.01
2026-09-14T03:41:28Z,41,41,30,0,0,200,2424,0.01
2026-09-14T03:41:30Z,41,41,30,0,0,200,2424,0.01
2026-09-14T03:41:32Z,40,41,30,0,0,200,2424,0.01
2026-09-14T03:41:34Z,40,41,30,0,0,200,2424,0.09
2026-09-14T03:41:36Z,40,41,30,0,0,200,2424,0.09
2026-09-14T03:41:38Z,41,41,30,0,0,200,2425,0.09
2026-09-14T03:41:40Z,40,41,30,0,0,200,2424,0.08
2026-09-14T03:41:43Z,40,41,30,0,0,200,2418,0.08
2026-09-14T03:41:45Z,40,41,30,0,0,200,2424,0.07
2026-09-14T03:41:47Z,40,41,30,0,0,200,2425,0.07
2026-09-14T03:41:49Z,41,41,30,0,0,200,2424,0.07
2026-09-14T03:41:51Z,41,41,30,0,0,200,2424,0.07
2026-09-14T03:41:53Z,41,41,30,0,0,200,2425,0.07
2026-09-14T03:41:55Z,40,41,30,0,0,200,2424,0.06
2026-09-14T03:41:57Z,40,41,30,0,0,200,2425,0.06
2026-09-14T03:41:59Z,40,41,30,0,0,200,2424,0.06
2026-09-14T03:42:01Z,41,41,30,0,0,200,2424,0.06
2026-09-14T03:42:03Z,40,41,30,0,0,200,2424,0.06
2026-09-14T03:42:05Z,40,41,30,0,0,200,2425,0.05
2026-09-14T03:42:07Z,40,41,30,0,0,200,2424,0.05
2026-09-14T03:42:09Z,40,41,30,0,0,200,2424,0.05
2026-09-14T03:42:11Z,40,41,30,0,0,200,2424,0.05
2026-09-14T03:42:13Z,41,41,30,0,0,200,2424,0.05
2026-09-14T03:42:15Z,41,41,30,0,0,200,2424,0.04
2026-09-14T03:42:17Z,41,41,30,0,0,200,2425,0.04
2026-09-14T03:42:19Z,41,41,30,0,0,200,2426,0.04
2026-09-14T03:42:21Z,41,41,30,0,0,200,2424,0.04
2026-09-14T03:42:24Z,40,41,30,0,0,200,2425,0.04
2026-09-14T03:42:26Z,41,41,30,0,0,200,2425,0.04
2026-09-14T03:42:28Z,41,41,30,0,0,200,2424,0.04
2026-09-14T03:42:30Z,40,41,30,0,0,200,2424,0.03
2026-09-14T03:42:32Z,40,41,30,0,0,200,2424,0.03
2026-09-14T03:42:34Z,41,41,30,0,0,200,2424,0.03
2026-09-14T03:42:36Z,41,41,30,0,0,200,2426,0.03
2026-09-14T03:42:38Z,41,41,30,0,0,200,2424,0.03
2026-09-14T03:42:40Z,40,41,30,0,0,200,2424,0.03
2026-09-14T03:42:42Z,41,41,30,0,0,200,2425,0.03
2026-09-14T03:42:44Z,41,41,30,0,0,200,2424,0.03
2026-09-14T03:42:46Z,41,41,30,0,0,200,2426,0.02
2026-09-14T03:42:48Z,40,41,30,0,0,200,2424,0.02
2026-09-14T03:42:50Z,41,41,30,0,0,200,2424,0.02
2026-09-14T03:42:52Z,41,41,30,0,0,200,2424,0.02
2026-09-14T03:42:54Z,41,41,30,0,0,200,2425,0.02
2026-09-14T03:42:56Z,41,41,30,0,0,200,2426,0.02
2026-09-14T03:42:58Z,40,41,30,0,0,200,2424,0.02
2026-09-14T03:43:00Z,40,41,30,0,0,200,2424,0.02
2026-09-14T03:43:02Z,40,41,30,0,0,200,2424,0.02
2026-09-14T03:43:05Z,41,41,30,0,0,200,2424,0.02
2026-09-14T03:43:07Z,41,41,30,0,0,200,2425,0.02
2026-09-14T03:43:09Z,41,41,30,0,0,200,2424,0.02
2026-09-14T03:43:11Z,41,41,30,0,0,200,2424,0.02
2026-09-14T03:43:13Z,40,41,30,0,0,200,2425,0.02
2026-09-14T03:43:15Z,41,41,30,0,0,200,2426,0.01
2026-09-14T03:43:17Z,40,41,30,0,0,200,2424,0.01
2026-09-14T03:43:19Z,41,41,30,0,0,200,2424,0.01
2026-09-14T03:43:21Z,41,41,30,0,0,200,2424,0.01
2026-09-14T03:43:23Z,41,41,30,0,0,200,2424,0.01
2026-09-14T03:43:25Z,41,41,30,0,0,200,2424,0.09
2026-09-14T03:43:27Z,40,41,30,0,0,200,2424,0.09
2026-09-14T03:43:29Z,40,41,30,0,0,200,2425,0.09
2026-09-14T03:43:31Z,41,41,30,0,0,200,2424,0.08
2026-09-14T03:43:33Z,40,41,30,0,0,200,2424,0.08
2026-09-14T03:43:35Z,41,41,30,0,0,200,2424,0.08
2026-09-14T03:43:37Z,41,41,30,0,0,200,2424,0.08
2026-09-14T03:43:39Z,41,41,30,0,0,200,2424,0.15
2026-09-14T03:43:41Z,40,41,30,0,0,200,2424,0.15
2026-09-14T03:43:43Z,41,41,30,0,0,200,2425,0.15
2026-09-14T03:43:46Z,40,41,30,0,0,200,2425,0.14
2026-09-14T03:43:48Z,41,41,30,0,0,200,2424,0.14
2026-09-14T03:43:50Z,40,41,30,0,0,200,2424,0.13
2026-09-14T03:43:52Z,41,41,30,0,0,200,2426,0.13
2026-09-14T03:43:54Z,41,41,30,0,0,200,2425,0.13
2026-09-14T03:43:56Z,40,41,30,0,0,200,2424,0.12
2026-09-14T03:43:58Z,40,41,30,0,0,200,2424,0.12
2026-09-14T03:44:00Z,41,41,30,0,0,200,2424,0.11
2026-09-14T03:44:02Z,41,41,30,0,0,200,2425,0.11
2026-09-14T03:44:04Z,40,41,30,0,0,200,2424,0.11
2026-09-14T03:44:06Z,40,41,30,0,0,200,2424,0.10
2026-09-14T03:44:08Z,40,41,30,0,0,200,2424,0.10
2026-09-14T03:44:10Z,41,41,30,0,0,200,2424,0.09
2026-09-14T03:44:12Z,40,41,30,0,0,200,2424,0.09
2026-09-14T03:44:14Z,40,41,30,0,0,200,2424,0.09
2026-09-14T03:44:16Z,40,41,30,0,0,200,2424,0.08
2026-09-14T03:44:18Z,41,41,30,0,0,200,2426,0.08
2026-09-14T03:44:20Z,40,41,30,0,0,200,2424,0.08
2026-09-14T03:44:22Z,41,41,30,0,0,200,2426,0.08
2026-09-14T03:44:24Z,41,41,30,0,0,200,2424,0.07
2026-09-14T03:44:27Z,41,41,30,0,0,200,2424,0.07
2026-09-14T03:44:29Z,40,41,30,0,0,200,2424,0.07
2026-09-14T03:44:31Z,40,41,30,0,0,200,2424,0.06
2026-09-14T03:44:33Z,40,41,30,0,0,200,2426,0.06
2026-09-14T03:44:35Z,40,41,30,0,0,200,2425,0.06
2026-09-14T03:44:37Z,41,41,30,0,0,200,2424,0.06
2026-09-14T03:44:39Z,41,41,30,0,0,200,2424,0.06
2026-09-14T03:44:41Z,41,41,30,0,0,200,2425,0.05
2026-09-14T03:44:43Z,40,41,30,0,0,200,2424,0.05
2026-09-14T03:44:45Z,41,41,30,0,0,200,2424,0.13
2026-09-14T03:44:47Z,40,41,30,0,0,200,2424,0.13
2026-09-14T03:44:49Z,41,41,30,0,0,200,2424,0.13
2026-09-14T03:44:51Z,40,41,30,0,0,200,2424,0.12
2026-09-14T03:44:53Z,41,41,30,0,0,200,2425,0.12
2026-09-14T03:44:55Z,40,41,30,0,0,200,2424,0.11
2026-09-14T03:44:57Z,40,41,30,0,0,200,2424,0.11
2026-09-14T03:44:59Z,41,41,30,0,0,200,2424,0.11
2026-09-14T03:45:01Z,40,41,30,0,0,200,2424,0.10
2026-09-14T03:45:03Z,40,41,30,0,0,200,2424,0.10
2026-09-14T03:45:05Z,41,41,30,0,0,200,2425,0.17
2026-09-14T03:45:08Z,40,41,30,0,0,200,2425,0.17
2026-09-14T03:45:10Z,41,41,30,0,0,200,2440,0.16
2026-09-14T03:45:12Z,40,41,30,0,0,200,2424,0.16
2026-09-14T03:45:14Z,40,41,30,0,0,200,2425,0.16
2026-09-14T03:45:16Z,41,41,30,0,0,200,2424,0.15
2026-09-14T03:45:18Z,40,41,30,0,0,200,2424,0.15
2026-09-14T03:45:20Z,40,41,30,0,0,200,2424,0.21
2026-09-14T03:45:22Z,40,41,30,0,0,200,2425,0.21
2026-09-14T03:45:24Z,40,41,30,0,0,200,2424,0.21
2026-09-14T03:45:26Z,41,41,30,0,0,200,2424,0.20
2026-09-14T03:45:28Z,41,41,30,0,0,200,2424,0.20
2026-09-14T03:45:30Z,40,41,30,0,0,200,2425,0.18
2026-09-14T03:45:32Z,40,41,30,0,0,200,2424,0.18
2026-09-14T03:45:34Z,41,41,30,0,0,200,2425,0.18
2026-09-14T03:45:36Z,41,41,30,0,0,200,2424,0.17
2026-09-14T03:45:38Z,41,41,30,0,0,200,2424,0.17
2026-09-14T03:45:40Z,41,41,30,0,0,200,2427,0.15
2026-09-14T03:45:42Z,40,41,30,0,0,200,2424,0.15
2026-09-14T03:45:44Z,41,41,30,0,0,200,2424,0.22
2026-09-14T03:45:46Z,40,41,30,0,0,200,2424,0.22
2026-09-14T03:45:48Z,41,41,30,0,0,200,2424,0.22
2026-09-14T03:45:51Z,40,41,30,0,0,200,2424,0.20
2026-09-14T03:45:53Z,41,41,30,0,0,200,2425,0.20
2026-09-14T03:45:55Z,40,41,30,0,0,200,2424,0.19
2026-09-14T03:45:57Z,40,41,30,0,0,200,2424,0.19
2026-09-14T03:45:59Z,41,41,30,0,0,200,2424,0.19
2026-09-14T03:46:01Z,41,41,30,0,0,200,2425,0.17
2026-09-14T03:46:03Z,41,41,30,0,0,200,2424,0.17
2026-09-14T03:46:05Z,41,41,30,0,0,200,2425,0.16
2026-09-14T03:46:07Z,41,41,30,0,0,200,2424,0.16
2026-09-14T03:46:09Z,41,41,30,0,0,200,2424,0.16
2026-09-14T03:46:11Z,41,41,30,0,0,200,2426,0.14
2026-09-14T03:46:13Z,41,41,30,0,0,200,2424,0.14
2026-09-14T03:46:15Z,40,41,30,0,0,200,2424,0.13
2026-09-14T03:46:17Z,41,41,30,0,0,200,2425,0.13
2026-09-14T03:46:19Z,41,41,30,0,0,200,2424,0.13
2026-09-14T03:46:21Z,40,41,30,0,0,200,2424,0.12
2026-09-14T03:46:23Z,40,41,30,0,0,200,2424,0.12
2026-09-14T03:46:25Z,41,41,30,0,0,200,2424,0.19
2026-09-14T03:46:27Z,40,41,30,0,0,200,2424,0.19
2026-09-14T03:46:29Z,41,41,30,0,0,200,2425,0.18
2026-09-14T03:46:32Z,40,41,30,0,0,200,2425,0.18
2026-09-14T03:46:34Z,40,41,30,0,0,200,2424,0.18
2026-09-14T03:46:36Z,41,41,30,0,0,200,2424,0.16
2026-09-14T03:46:38Z,40,41,30,0,0,200,2426,0.16
2026-09-14T03:46:40Z,40,41,30,0,0,200,2425,0.15
2026-09-14T03:46:42Z,41,41,30,0,0,200,2424,0.15
2026-09-14T03:46:44Z,40,41,30,0,0,200,2424,0.15
2026-09-14T03:46:46Z,41,41,30,0,0,200,2424,0.14
2026-09-14T03:46:48Z,41,41,30,0,0,200,2424,0.14
2026-09-14T03:46:50Z,40,41,30,0,0,200,2424,0.13
2026-09-14T03:46:52Z,40,41,30,0,0,200,2424,0.13
2026-09-14T03:46:54Z,41,41,30,0,0,200,2424,0.13
2026-09-14T03:46:56Z,41,41,30,0,0,200,2425,0.12
2026-09-14T03:46:58Z,41,41,30,0,0,200,2424,0.12
2026-09-14T03:47:00Z,41,41,30,0,0,200,2424,0.11
2026-09-14T03:47:02Z,41,41,30,0,0,200,2424,0.11
2026-09-14T03:47:04Z,41,41,30,0,0,200,2424,0.11
2026-09-14T03:47:06Z,41,41,30,0,0,200,2424,0.10
2026-09-14T03:47:08Z,41,41,30,0,0,200,2424,0.10
2026-09-14T03:47:10Z,41,41,30,0,0,200,2424,0.09
2026-09-14T03:47:13Z,40,41,30,0,0,200,2424,0.09
2026-09-14T03:47:15Z,41,41,30,0,0,200,2424,0.08
2026-09-14T03:47:17Z,40,41,30,0,0,200,2424,0.08
2026-09-14T03:47:19Z,41,41,30,0,0,200,2424,0.08
2026-09-14T03:47:21Z,40,41,30,0,0,200,2424,0.08
2026-09-14T03:47:23Z,40,41,30,0,0,200,2416,0.08
2026-09-14T03:47:25Z,41,41,30,0,0,200,2424,0.07
2026-09-14T03:47:27Z,40,41,30,0,0,200,2426,0.07
2026-09-14T03:47:29Z,40,41,30,0,0,200,2424,0.07
2026-09-14T03:47:31Z,41,41,30,0,0,200,2424,0.06
2026-09-14T03:47:33Z,40,41,30,0,0,200,2424,0.06
2026-09-14T03:47:35Z,40,41,30,0,0,200,2425,0.06
2026-09-14T03:47:37Z,40,41,30,0,0,200,2424,0.06
2026-09-14T03:47:39Z,40,41,30,0,0,200,2424,0.06
2026-09-14T03:47:41Z,41,41,30,0,0,200,2425,0.05
2026-09-14T03:47:43Z,40,41,30,0,0,200,2424,0.05
2026-09-14T03:47:45Z,40,41,30,0,0,200,2424,0.05
2026-09-14T03:47:47Z,40,41,30,0,0,200,2425,0.05
2026-09-14T03:47:49Z,41,41,30,0,0,200,2424,0.04
2026-09-14T03:47:51Z,40,41,30,0,0,200,2424,0.04
2026-09-14T03:47:54Z,40,41,30,0,0,200,2425,0.04
2026-09-14T03:47:56Z,40,41,30,0,0,200,2425,0.04
2026-09-14T03:47:58Z,41,41,30,0,0,200,2424,0.04
2026-09-14T03:48:00Z,41,41,30,0,0,200,2424,0.04
2026-09-14T03:48:02Z,40,41,30,0,0,200,2424,0.04
2026-09-14T03:48:04Z,40,41,30,0,0,200,2424,0.04
2026-09-14T03:48:06Z,40,41,30,0,0,200,2425,0.03
2026-09-14T03:48:08Z,41,41,30,0,0,200,2424,0.03
2026-09-14T03:48:10Z,40,41,30,0,0,200,2424,0.03
2026-09-14T03:48:12Z,40,41,30,0,0,200,2424,0.03
2026-09-14T03:48:14Z,40,41,30,0,0,200,2424,0.03
2026-09-14T03:48:16Z,40,41,30,0,0,200,2425,0.03
2026-09-14T03:48:18Z,40,41,30,0,0,200,2424,0.03
2026-09-14T03:48:20Z,40,41,30,0,0,200,2424,0.03
2026-09-14T03:48:22Z,40,41,30,0,0,200,2424,0.03
2026-09-14T03:48:24Z,41,41,30,0,0,200,2426,0.03
2026-09-14T03:48:26Z,41,41,30,0,0,200,2425,0.02
2026-09-14T03:48:28Z,41,41,30,0,0,200,2424,0.02
2026-09-14T03:48:30Z,41,41,30,0,0,200,2424,0.02
2026-09-14T03:48:32Z,40,41,30,0,0,200,2424,0.02
2026-09-14T03:48:35Z,40,41,30,0,0,200,2424,0.02
2026-09-14T03:48:37Z,40,41,30,0,0,200,2424,0.02
2026-09-14T03:48:39Z,40,41,30,0,0,200,2424,0.02
2026-09-14T03:48:41Z,40,41,30,0,0,200,2424,0.02
2026-09-14T03:48:43Z,41,41,30,0,0,200,2424,0.02
2026-09-14T03:48:45Z,41,41,30,0,0,200,2424,0.02
2026-09-14T03:48:47Z,41,41,30,0,0,200,2426,0.02
2026-09-14T03:48:49Z,40,41,30,0,0,200,2424,0.02
2026-09-14T03:48:51Z,41,41,30,0,0,200,2424,0.01
2026-09-14T03:48:53Z,41,41,30,0,0,200,2424,0.01
2026-09-14T03:48:55Z,40,41,30,0,0,200,2424,0.01
2026-09-14T03:48:57Z,41,41,30,0,0,200,2425,0.01
2026-09-14T03:48:59Z,41,41,30,0,0,200,2424,0.01
2026-09-14T03:49:01Z,41,41,30,0,0,200,2424,0.01
2026-09-14T03:49:03Z,41,41,30,0,0,200,2427,0.01
2026-09-14T03:49:05Z,41,41,30,0,0,200,2424,0.01
2026-09-14T03:49:07Z,40,41,30,0,0,200,2424,0.01
2026-09-14T03:49:09Z,40,41,30,0,0,200,2425,0.01
2026-09-14T03:49:11Z,41,41,30,0,0,200,2425,0.09
2026-09-14T03:49:13Z,41,41,30,0,0,200,2425,0.09
2026-09-14T03:49:16Z,40,41,30,0,0,200,2428,0.08
2026-09-14T03:49:18Z,40,41,30,0,0,200,2424,0.08
2026-09-14T03:49:20Z,41,41,30,0,0,200,2426,0.08
2026-09-14T03:49:22Z,41,41,30,0,0,200,2424,0.08
2026-09-14T03:49:24Z,40,41,30,0,0,200,2424,0.08
2026-09-14T03:49:26Z,40,41,30,0,0,200,2424,0.07
2026-09-14T03:49:28Z,40,41,30,0,0,200,2424,0.07
2026-09-14T03:49:30Z,40,41,30,0,0,200,2426,0.06
2026-09-14T03:49:32Z,40,41,30,0,0,200,2424,0.06
2026-09-14T03:49:34Z,40,41,30,0,0,200,2425,0.06
2026-09-14T03:49:36Z,40,41,30,0,0,200,2424,0.06
2026-09-14T03:49:38Z,41,41,30,0,0,200,2424,0.06
2026-09-14T03:49:40Z,41,41,30,0,0,200,2424,0.05
2026-09-14T03:49:42Z,40,41,30,0,0,200,2426,0.05
2026-09-14T03:49:44Z,41,41,30,0,0,200,2424,0.05
2026-09-14T03:49:46Z,40,41,30,0,0,200,2424,0.05
2026-09-14T03:49:48Z,40,41,30,0,0,200,2424,0.05
2026-09-14T03:49:50Z,40,41,30,0,0,200,2424,0.04
2026-09-14T03:49:52Z,40,41,30,0,0,200,2424,0.04
2026-09-14T03:49:54Z,40,41,30,0,0,200,2424,0.04
2026-09-14T03:49:56Z,41,41,30,0,0,200,2426,0.04
2026-09-14T03:49:59Z,41,41,30,0,0,200,2424,0.04
2026-09-14T03:50:01Z,40,41,30,0,0,200,2426,0.04
2026-09-14T03:50:03Z,41,41,30,0,0,200,2426,0.04
2026-09-14T03:50:05Z,41,41,30,0,0,200,2424,0.03
2026-09-14T03:50:07Z,40,41,30,0,0,200,2424,0.03
2026-09-14T03:50:09Z,41,41,30,0,0,200,2424,0.03
2026-09-14T03:50:11Z,40,41,30,0,0,200,2425,0.03
2026-09-14T03:50:13Z,41,41,30,0,0,200,2424,0.03
2026-09-14T03:50:15Z,41,41,30,0,0,200,2424,0.03
2026-09-14T03:50:17Z,41,41,30,0,0,200,2424,0.03
2026-09-14T03:50:19Z,41,41,30,0,0,200,2424,0.03
2026-09-14T03:50:21Z,40,41,30,0,0,200,2424,0.03
2026-09-14T03:50:23Z,41,41,30,0,0,200,2424,0.03
2026-09-14T03:50:25Z,40,41,30,0,0,200,2424,0.02
2026-09-14T03:50:27Z,41,41,30,0,0,200,2424,0.02
2026-09-14T03:50:29Z,41,41,30,0,0,200,2424,0.02
2026-09-14T03:50:31Z,40,41,30,0,0,200,2424,0.02
2026-09-14T03:50:33Z,40,41,30,0,0,200,2424,0.02
2026-09-14T03:50:35Z,41,41,30,0,0,200,2416,0.02
2026-09-14T03:50:37Z,40,41,30,0,0,200,2424,0.02
2026-09-14T03:50:40Z,40,41,30,0,0,200,2416,0.02
2026-09-14T03:50:42Z,40,41,30,0,0,200,2425,0.02
2026-09-14T03:50:44Z,41,41,30,0,0,200,2424,0.02
2026-09-14T03:50:46Z,40,41,30,0,0,200,2424,0.02
2026-09-14T03:50:48Z,40,41,30,0,0,200,2416,0.02
2026-09-14T03:50:50Z,41,41,30,0,0,200,2424,0.01
2026-09-14T03:50:52Z,40,41,30,0,0,200,2424,0.01
2026-09-14T03:50:54Z,41,41,30,0,0,200,2424,0.01
2026-09-14T03:50:56Z,40,41,30,0,0,200,2416,0.01
2026-09-14T03:50:58Z,40,41,30,0,0,200,2425,0.01
2026-09-14T03:51:00Z,41,41,30,0,0,200,2424,0.01
2026-09-14T03:51:02Z,41,41,30,0,0,200,2425,0.01
2026-09-14T03:51:04Z,40,41,30,0,0,200,2424,0.01
2026-09-14T03:51:06Z,41,41,30,0,0,200,2425,0.01
2026-09-14T03:51:08Z,40,41,30,0,0,200,2424,0.01
2026-09-14T03:51:10Z,40,41,30,0,0,200,2424,0.01
2026-09-14T03:51:12Z,40,41,30,0,0,200,2424,0.01
2026-09-14T03:51:14Z,41,41,30,0,0,200,2424,0.01
2026-09-14T03:51:16Z,41,41,30,0,0,200,2424,0.01
2026-09-14T03:51:18Z,40,41,30,0,0,200,2424,0.01
2026-09-14T03:51:21Z,40,41,30,0,0,200,2424,0.01
2026-09-14T03:51:23Z,41,41,30,0,0,200,2425,0.01
2026-09-14T03:51:25Z,40,41,30,0,0,200,2425,0.01
2026-09-14T03:51:27Z,40,41,30,0,0,200,2424,0.01
2026-09-14T03:51:29Z,40,41,30,0,0,200,2425,0.01
2026-09-14T03:51:31Z,40,41,30,0,0,200,2424,0.01
2026-09-14T03:51:33Z,40,41,30,0,0,200,2424,0.01
2026-09-14T03:51:35Z,40,41,30,0,0,200,2424,0.00
2026-09-14T03:51:37Z,41,41,30,0,0,200,2424,0.00
2026-09-14T03:51:39Z,41,41,30,0,0,200,2423,0.00
2026-09-14T03:51:41Z,41,41,30,0,0,200,2425,0.00
2026-09-14T03:51:43Z,41,41,30,0,0,200,2424,0.00
2026-09-14T03:51:45Z,40,41,30,0,0,200,2424,0.00
2026-09-14T03:51:47Z,40,41,30,0,0,200,2424,0.00
2026-09-14T03:51:49Z,41,41,30,0,0,200,2424,0.00
2026-09-14T03:51:51Z,40,41,30,0,0,200,2424,0.00
2026-09-14T03:51:53Z,40,41,30,0,0,200,2424,0.00
2026-09-14T03:51:55Z,41,41,30,0,0,200,2424,0.00
2026-09-14T03:51:57Z,40,41,30,0,0,200,2425,0.00
2026-09-14T03:51:59Z,41,41,30,0,0,200,2424,0.00
2026-09-14T03:52:02Z,40,41,30,0,0,200,2425,0.00
2026-09-14T03:52:04Z,40,41,30,0,0,200,2424,0.00
2026-09-14T03:52:06Z,41,41,30,0,0,200,2425,0.00
2026-09-14T03:52:08Z,41,41,30,0,0,200,2426,0.00
2026-09-14T03:52:10Z,40,41,30,0,0,200,2425,0.00
2026-09-14T03:52:12Z,41,41,30,0,0,200,2424,0.00
2026-09-14T03:52:14Z,41,41,30,0,0,200,2424,0.00
2026-09-14T03:52:16Z,41,41,30,0,0,200,2424,0.00
2026-09-14T03:52:18Z,41,41,30,0,0,200,2426,0.00
2026-09-14T03:52:20Z,41,41,30,0,0,200,2426,0.00
2026-09-14T03:52:22Z,41,41,30,0,0,200,2425,0.00
2026-09-14T03:52:24Z,40,41,30,0,0,200,2425,0.00
2026-09-14T03:52:26Z,40,41,30,0,0,200,2424,0.00
2026-09-14T03:52:28Z,41,41,30,0,0,200,2424,0.00
2026-09-14T03:52:30Z,41,41,30,0,0,200,2426,0.00
2026-09-14T03:52:32Z,41,41,30,0,0,200,2424,0.00
2026-09-14T03:52:34Z,40,41,30,0,0,200,2424,0.00
2026-09-14T03:52:36Z,41,41,30,0,0,200,2425,0.00
2026-09-14T03:52:38Z,41,41,30,0,0,200,2424,0.00
2026-09-14T03:52:40Z,40,41,30,0,0,200,2424,0.00
2026-09-14T03:52:43Z,40,41,30,0,0,200,2424,0.00
2026-09-14T03:52:45Z,40,41,30,0,0,200,2424,0.00
2026-09-14T03:52:47Z,41,41,30,0,0,200,2425,0.00
2026-09-14T03:52:49Z,41,41,30,0,0,200,2425,0.00
2026-09-14T03:52:51Z,40,41,30,0,0,200,2425,0.00
2026-09-14T03:52:53Z,41,41,30,0,0,200,2425,0.00
2026-09-14T03:52:55Z,41,41,30,0,0,200,2425,0.00
2026-09-14T03:52:57Z,41,41,30,0,0,200,2424,0.00
2026-09-14T03:52:59Z,41,41,30,0,0,200,2424,0.00
2026-09-14T03:53:01Z,40,41,30,0,0,200,2425,0.00
2026-09-14T03:53:03Z,40,41,30,0,0,200,2424,0.00
2026-09-14T03:53:05Z,41,41,30,0,0,200,2424,0.00
2026-09-14T03:53:07Z,41,41,30,0,0,200,2425,0.00
2026-09-14T03:53:09Z,40,41,30,0,0,200,2424,0.00
2026-09-14T03:53:11Z,40,41,30,0,0,200,2424,0.00
2026-09-14T03:53:13Z,41,41,30,0,0,200,2425,0.00
2026-09-14T03:53:15Z,40,41,30,0,0,200,2425,0.00
2026-09-14T03:53:17Z,41,41,30,0,0,200,2424,0.00
2026-09-14T03:53:19Z,41,41,30,0,0,200,2424,0.00
2026-09-14T03:53:21Z,41,41,30,0,0,200,2425,0.00
2026-09-14T03:53:24Z,41,41,30,0,0,200,2425,0.00
2026-09-14T03:53:26Z,40,41,30,0,0,200,2424,0.00
2026-09-14T03:53:28Z,40,41,30,0,0,200,2424,0.00
2026-09-14T03:53:30Z,40,41,30,0,0,200,2425,0.00
2026-09-14T03:53:32Z,40,41,30,0,0,200,2424,0.00
2026-09-14T03:53:34Z,40,41,30,0,0,200,2424,0.00
2026-09-14T03:53:36Z,41,41,30,0,0,200,2426,0.00
2026-09-14T03:53:38Z,41,41,30,0,0,200,2424,0.00
2026-09-14T03:53:40Z,40,41,30,0,0,200,2424,0.00
2026-09-14T03:53:42Z,41,41,30,0,0,200,2425,0.00
2026-09-14T03:53:44Z,41,41,30,0,0,200,2424,0.00
2026-09-14T03:53:46Z,41,41,30,0,0,200,2424,0.00
2026-09-14T03:53:48Z,41,41,30,0,0,200,2424,0.00
2026-09-14T03:53:50Z,40,41,30,0,0,200,2424,0.00
2026-09-14T03:53:52Z,41,41,30,0,0,200,2424,0.00
2026-09-14T03:53:54Z,41,41,30,0,0,200,2424,0.00
2026-09-14T03:53:56Z,41,41,30,0,0,200,2424,0.00
2026-09-14T03:53:58Z,41,41,30,0,0,200,2424,0.00
2026-09-14T03:54:00Z,41,41,30,0,0,200,2424,0.00
2026-09-14T03:54:02Z,41,41,30,0,0,200,2424,0.00
2026-09-14T03:54:05Z,40,41,30,0,0,200,2424,0.00
2026-09-14T03:54:07Z,40,41,30,0,0,200,2424,0.00
2026-09-14T03:54:09Z,41,41,30,0,0,200,2427,0.00
2026-09-14T03:54:11Z,41,41,30,0,0,200,2425,0.00
2026-09-14T03:54:13Z,41,41,30,0,0,200,2424,0.00
2026-09-14T03:54:15Z,40,41,30,0,0,200,2425,0.00
2026-09-14T03:54:17Z,41,41,30,0,0,200,2425,0.00
2026-09-14T03:54:19Z,41,41,30,0,0,200,2424,0.00
2026-09-14T03:54:21Z,40,41,30,0,0,200,2424,0.00
2026-09-14T03:54:23Z,40,41,30,0,0,200,2424,0.00
2026-09-14T03:54:25Z,40,41,30,0,0,200,2425,0.00
2026-09-14T03:54:27Z,40,41,30,0,0,200,2425,0.00
2026-09-14T03:54:29Z,40,41,30,0,0,200,2425,0.00
2026-09-14T03:54:31Z,40,41,30,0,0,200,2424,0.00
2026-09-14T03:54:33Z,40,41,30,0,0,200,2424,0.00
2026-09-14T03:54:35Z,41,41,30,0,0,200,2424,0.00
2026-09-14T03:54:37Z,40,41,30,0,0,200,2424,0.00
2026-09-14T03:54:39Z,41,41,30,0,0,200,2416,0.00
2026-09-14T03:54:41Z,41,41,30,0,0,200,2424,0.00
2026-09-14T03:54:43Z,40,41,30,0,0,200,2425,0.00
2026-09-14T03:54:45Z,41,41,30,0,0,200,2424,0.00
2026-09-14T03:54:48Z,41,41,30,0,0,200,2424,0.00
2026-09-14T03:54:50Z,41,41,30,0,0,200,2425,0.00
2026-09-14T03:54:52Z,40,41,30,0,0,200,2424,0.00
2026-09-14T03:54:54Z,41,41,30,0,0,200,2425,0.00
2026-09-14T03:54:56Z,41,41,30,0,0,200,2424,0.00
2026-09-14T03:54:58Z,40,41,30,0,0,200,2424,0.00
2026-09-14T03:55:00Z,41,41,30,0,0,200,2424,0.00
2026-09-14T03:55:02Z,40,41,30,0,0,200,2424,0.00
2026-09-14T03:55:04Z,41,41,30,0,0,200,2425,0.00
2026-09-14T03:55:06Z,40,41,30,0,0,200,2424,0.00
2026-09-14T03:55:08Z,40,41,30,0,0,200,2424,0.00
2026-09-14T03:55:10Z,41,41,30,0,0,200,2424,0.00
2026-09-14T03:55:12Z,40,41,30,0,0,200,2424,0.00
2026-09-14T03:55:14Z,41,41,30,0,0,200,2425,0.00
2026-09-14T03:55:16Z,41,41,30,0,0,200,2424,0.00
2026-09-14T03:55:18Z,40,41,30,0,0,200,2424,0.00
2026-09-14T03:55:20Z,41,41,30,0,0,200,2424,0.00
2026-09-14T03:55:22Z,40,41,30,0,0,200,2424,0.00
2026-09-14T03:55:24Z,41,41,30,0,0,200,2424,0.00
2026-09-14T03:55:26Z,40,41,30,0,0,200,2424,0.00
2026-09-14T03:55:29Z,41,41,30,0,0,200,2424,0.00
2026-09-14T03:55:31Z,41,41,30,0,0,200,2424,0.00
2026-09-14T03:55:33Z,40,41,30,0,0,200,2425,0.00
2026-09-14T03:55:35Z,41,41,30,0,0,200,2424,0.00
2026-09-14T03:55:37Z,40,41,30,0,0,200,2424,0.00
2026-09-14T03:55:39Z,40,41,30,0,0,200,2424,0.00
2026-09-14T03:55:41Z,40,41,30,0,0,200,2424,0.00
2026-09-14T03:55:43Z,40,41,30,0,0,200,2425,0.00
2026-09-14T03:55:45Z,40,41,30,0,0,200,2424,0.00
2026-09-14T03:55:47Z,41,41,30,0,0,200,2424,0.00
2026-09-14T03:55:49Z,40,41,30,0,0,200,2424,0.00
2026-09-14T03:55:51Z,40,41,30,0,0,200,2424,0.00
2026-09-14T03:55:53Z,41,41,30,0,0,200,2425,0.00
2026-09-14T03:55:55Z,40,41,30,0,0,200,2424,0.00
2026-09-14T03:55:57Z,41,41,30,0,0,200,2424,0.00
2026-09-14T03:55:59Z,40,41,30,0,0,200,2424,0.00
2026-09-14T03:56:01Z,40,41,30,0,0,200,2425,0.00
2026-09-14T03:56:03Z,40,41,30,0,0,200,2424,0.00
2026-09-14T03:56:05Z,40,41,30,0,0,200,2424,0.08
2026-09-14T03:56:07Z,41,41,30,0,0,200,2423,0.08
2026-09-14T03:56:10Z,40,41,30,0,0,200,2424,0.07
2026-09-14T03:56:12Z,41,41,30,0,0,200,2424,0.07
2026-09-14T03:56:14Z,40,41,30,0,0,200,2426,0.07
2026-09-14T03:56:16Z,40,41,30,0,0,200,2425,0.07
2026-09-14T03:56:18Z,41,41,30,0,0,200,2424,0.07
2026-09-14T03:56:20Z,41,41,30,0,0,200,2425,0.06
2026-09-14T03:56:22Z,40,41,30,0,0,200,2424,0.06
2026-09-14T03:56:24Z,41,41,30,0,0,200,2425,0.06
2026-09-14T03:56:26Z,40,41,30,0,0,200,2426,0.06
2026-09-14T03:56:28Z,41,41,30,0,0,200,2424,0.06
2026-09-14T03:56:30Z,41,41,30,0,0,200,2424,0.05
2026-09-14T03:56:32Z,40,41,30,0,0,200,2424,0.05
2026-09-14T03:56:34Z,40,41,30,0,0,200,2424,0.05
2026-09-14T03:56:36Z,40,41,30,0,0,200,2424,0.05
2026-09-14T03:56:38Z,40,41,30,0,0,200,2424,0.05
2026-09-14T03:56:40Z,40,41,30,0,0,200,2425,0.12
2026-09-14T03:56:42Z,41,41,30,0,0,200,2425,0.12
2026-09-14T03:56:44Z,41,41,30,0,0,200,2425,0.12
2026-09-14T03:56:46Z,40,41,30,0,0,200,2424,0.11
2026-09-14T03:56:48Z,41,41,30,0,0,200,2424,0.11
2026-09-14T03:56:51Z,41,41,30,0,0,200,2424,0.10
2026-09-14T03:56:53Z,40,41,30,0,0,200,2427,0.10
2026-09-14T03:56:55Z,40,41,30,0,0,200,2424,0.10
2026-09-14T03:56:57Z,40,41,30,0,0,200,2424,0.10
2026-09-14T03:56:59Z,40,41,30,0,0,200,2424,0.10
2026-09-14T03:57:01Z,40,41,30,0,0,200,2424,0.17
2026-09-14T03:57:03Z,41,41,30,0,0,200,2425,0.17
2026-09-14T03:57:05Z,41,41,30,0,0,200,2425,0.15
2026-09-14T03:57:07Z,40,41,30,0,0,200,2426,0.15
2026-09-14T03:57:09Z,40,41,30,0,0,200,2426,0.15
2026-09-14T03:57:11Z,40,41,30,0,0,200,2424,0.14
2026-09-14T03:57:13Z,40,41,30,0,0,200,2424,0.14
2026-09-14T03:57:15Z,40,41,30,0,0,200,2425,0.13
2026-09-14T03:57:17Z,41,41,30,0,0,200,2424,0.13
2026-09-14T03:57:19Z,41,41,30,0,0,200,2425,0.13
2026-09-14T03:57:21Z,41,41,30,0,0,200,2424,0.12
2026-09-14T03:57:23Z,40,41,30,0,0,200,2425,0.12
2026-09-14T03:57:25Z,40,41,30,0,0,200,2424,0.11
2026-09-14T03:57:27Z,40,41,30,0,0,200,2425,0.11
2026-09-14T03:57:29Z,41,41,30,0,0,200,2424,0.11
2026-09-14T03:57:32Z,40,41,30,0,0,200,2424,0.10
2026-09-14T03:57:34Z,40,41,30,0,0,200,2424,0.10
2026-09-14T03:57:36Z,41,41,30,0,0,200,2424,0.09
2026-09-14T03:57:38Z,40,41,30,0,0,200,2425,0.09
2026-09-14T03:57:40Z,40,41,30,0,0,200,2424,0.08
2026-09-14T03:57:42Z,41,41,30,0,0,200,2424,0.08
2026-09-14T03:57:44Z,40,41,30,0,0,200,2424,0.08
2026-09-14T03:57:46Z,40,41,30,0,0,200,2425,0.08
2026-09-14T03:57:48Z,41,41,30,0,0,200,2425,0.08
2026-09-14T03:57:50Z,40,41,30,0,0,200,2424,0.07
2026-09-14T03:57:52Z,41,41,30,0,0,200,2424,0.07
2026-09-14T03:57:54Z,40,41,30,0,0,200,2425,0.07
2026-09-14T03:57:56Z,40,41,30,0,0,200,2424,0.07
2026-09-14T03:57:58Z,41,41,30,0,0,200,2424,0.07
2026-09-14T03:58:00Z,41,41,30,0,0,200,2424,0.06
2026-09-14T03:58:02Z,40,41,30,0,0,200,2424,0.06
2026-09-14T03:58:04Z,40,41,30,0,0,200,2424,0.06
2026-09-14T03:58:06Z,40,41,30,0,0,200,2424,0.06
2026-09-14T03:58:08Z,41,41,30,0,0,200,2424,0.06
2026-09-14T03:58:10Z,40,41,30,0,0,200,2424,0.05
2026-09-14T03:58:13Z,40,41,30,0,0,200,2425,0.05
2026-09-14T03:58:15Z,41,41,30,0,0,200,2425,0.05
2026-09-14T03:58:17Z,40,41,30,0,0,200,2424,0.05
2026-09-14T03:58:19Z,40,41,30,0,0,200,2424,0.05
2026-09-14T03:58:21Z,41,41,30,0,0,200,2425,0.04
2026-09-14T03:58:23Z,41,41,30,0,0,200,2425,0.04
2026-09-14T03:58:25Z,41,41,30,0,0,200,2424,0.04
2026-09-14T03:58:27Z,41,41,30,0,0,200,2424,0.04
2026-09-14T03:58:29Z,41,41,30,0,0,200,2424,0.04
2026-09-14T03:58:31Z,40,41,30,0,0,200,2416,0.04
2026-09-14T03:58:33Z,41,41,30,0,0,200,2425,0.04
2026-09-14T03:58:35Z,40,41,30,0,0,200,2424,0.03
2026-09-14T03:58:37Z,41,41,30,0,0,200,2424,0.03
2026-09-14T03:58:39Z,40,41,30,0,0,200,2424,0.03
2026-09-14T03:58:41Z,40,41,30,0,0,200,2424,0.03
2026-09-14T03:58:43Z,40,41,30,0,0,200,2424,0.03
2026-09-14T03:58:45Z,40,41,30,0,0,200,2424,0.03
2026-09-14T03:58:47Z,40,41,30,0,0,200,2424,0.03
2026-09-14T03:58:49Z,41,41,30,0,0,200,2424,0.03
2026-09-14T03:58:51Z,40,41,30,0,0,200,2424,0.02
2026-09-14T03:58:54Z,41,41,30,0,0,200,2424,0.02
2026-09-14T03:58:56Z,41,41,30,0,0,200,2426,0.02
2026-09-14T03:58:58Z,40,41,30,0,0,200,2424,0.02
2026-09-14T03:59:00Z,41,41,30,0,0,200,2425,0.02
2026-09-14T03:59:02Z,40,41,30,0,0,200,2424,0.02
2026-09-14T03:59:04Z,41,41,30,0,0,200,2425,0.02
2026-09-14T03:59:06Z,40,41,30,0,0,200,2424,0.02
2026-09-14T03:59:08Z,41,41,30,0,0,200,2424,0.02
2026-09-14T03:59:10Z,40,41,30,0,0,200,2424,0.02
2026-09-14T03:59:12Z,40,41,30,0,0,200,2424,0.02
2026-09-14T03:59:14Z,40,41,30,0,0,200,2424,0.02
2026-09-14T03:59:16Z,41,41,30,0,0,200,2424,0.02
2026-09-14T03:59:18Z,40,41,30,0,0,200,2424,0.02
2026-09-14T03:59:20Z,41,41,30,0,0,200,2424,0.01
2026-09-14T03:59:22Z,41,41,30,0,0,200,2424,0.01
2026-09-14T03:59:24Z,40,41,30,0,0,200,2424,0.01
2026-09-14T03:59:26Z,41,41,30,0,0,200,2425,0.01
2026-09-14T03:59:28Z,40,41,30,0,0,200,2424,0.01
2026-09-14T03:59:30Z,41,41,30,0,0,200,2424,0.01
2026-09-14T03:59:32Z,40,41,30,0,0,200,2424,0.01
2026-09-14T03:59:34Z,40,41,30,0,0,200,2425,0.01
2026-09-14T03:59:37Z,40,41,30,0,0,200,2424,0.01
2026-09-14T03:59:39Z,40,41,30,0,0,200,2426,0.01
2026-09-14T03:59:41Z,40,41,30,0,0,200,2424,0.01
2026-09-14T03:59:43Z,40,41,30,0,0,200,2424,0.01
2026-09-14T03:59:45Z,40,41,30,0,0,200,2424,0.01
2026-09-14T03:59:47Z,40,41,30,0,0,200,2424,0.01
2026-09-14T03:59:49Z,40,41,30,0,0,200,2425,0.01
2026-09-14T03:59:51Z,41,41,30,0,0,200,2424,0.01
2026-09-14T03:59:53Z,41,41,30,0,0,200,2425,0.01
2026-09-14T03:59:55Z,41,41,30,0,0,200,2424,0.01
2026-09-14T03:59:57Z,40,41,30,0,0,200,2424,0.01
2026-09-14T03:59:59Z,40,41,30,0,0,200,2424,0.01
2026-09-14T04:00:01Z,40,41,30,0,0,200,2424,0.01
2026-09-14T04:00:03Z,40,41,30,0,0,200,2424,0.01
2026-09-14T04:00:05Z,41,41,30,0,0,200,2424,0.00
2026-09-14T04:00:07Z,40,41,30,0,0,200,2424,0.00
2026-09-14T04:00:09Z,40,41,30,0,0,200,2427,0.00
2026-09-14T04:00:11Z,40,41,30,0,0,200,2424,0.00
2026-09-14T04:00:13Z,40,41,30,0,0,200,2424,0.00
2026-09-14T04:00:15Z,41,41,30,0,0,200,2424,0.00
2026-09-14T04:00:18Z,40,41,30,0,0,200,2424,0.00
2026-09-14T04:00:20Z,40,41,30,0,0,200,2424,0.00
2026-09-14T04:00:22Z,40,41,30,0,0,200,2425,0.00
2026-09-14T04:00:24Z,40,41,30,0,0,200,2424,0.00
2026-09-14T04:00:26Z,40,41,30,0,0,200,2424,0.00
2026-09-14T04:00:28Z,40,41,30,0,0,200,2424,0.00
2026-09-14T04:00:30Z,40,41,30,0,0,200,2424,0.00
2026-09-14T04:00:32Z,40,41,30,0,0,200,2425,0.00
2026-09-14T04:00:34Z,41,41,30,0,0,200,2424,0.00
2026-09-14T04:00:36Z,41,41,30,0,0,200,2424,0.00
2026-09-14T04:00:38Z,40,41,30,0,0,200,2425,0.00
2026-09-14T04:00:40Z,41,41,30,0,0,200,2423,0.00
2026-09-14T04:00:42Z,41,41,30,0,0,200,2425,0.00
2026-09-14T04:00:44Z,40,41,30,0,0,200,2424,0.00
2026-09-14T04:00:46Z,40,41,30,0,0,200,2424,0.00
2026-09-14T04:00:48Z,41,41,30,0,0,200,2424,0.00
2026-09-14T04:00:50Z,40,41,30,0,0,200,2424,0.00
2026-09-14T04:00:52Z,40,41,30,0,0,200,2425,0.00
2026-09-14T04:00:54Z,41,41,30,0,0,200,2424,0.00
2026-09-14T04:00:56Z,41,41,30,0,0,200,2426,0.00
2026-09-14T04:00:59Z,40,41,30,0,0,200,2424,0.00
2026-09-14T04:01:01Z,40,41,30,0,0,200,2431,0.00
2026-09-14T04:01:03Z,40,41,30,0,0,200,2424,0.00
2026-09-14T04:01:05Z,40,41,30,0,0,200,2424,0.00
2026-09-14T04:01:07Z,41,41,30,0,0,200,2426,0.00
2026-09-14T04:01:09Z,40,41,30,0,0,200,2424,0.00
2026-09-14T04:01:11Z,40,41,30,0,0,200,2424,0.00
2026-09-14T04:01:13Z,40,41,30,0,0,200,2424,0.00
2026-09-14T04:01:15Z,40,41,30,0,0,200,2425,0.00
2026-09-14T04:01:17Z,41,41,30,0,0,200,2425,0.00
2026-09-14T04:01:19Z,41,41,30,0,0,200,2425,0.00
2026-09-14T04:01:21Z,40,41,30,0,0,200,2424,0.00
2026-09-14T04:01:23Z,40,41,30,0,0,200,2424,0.00
2026-09-14T04:01:25Z,40,41,30,0,0,200,2424,0.00
2026-09-14T04:01:27Z,41,41,30,0,0,200,2424,0.00
2026-09-14T04:01:29Z,40,41,30,0,0,200,2424,0.00
2026-09-14T04:01:31Z,40,41,30,0,0,200,2425,0.00
2026-09-14T04:01:33Z,41,41,30,0,0,200,2424,0.00
2026-09-14T04:01:35Z,41,41,30,0,0,200,2424,0.00
2026-09-14T04:01:37Z,40,41,30,0,0,200,2424,0.00
2026-09-14T04:01:40Z,40,41,30,0,0,200,2425,0.00
2026-09-14T04:01:42Z,41,41,30,0,0,200,2424,0.00
2026-09-14T04:01:44Z,40,41,30,0,0,200,2424,0.00
2026-09-14T04:01:46Z,41,41,30,0,0,200,2424,0.00
2026-09-14T04:01:48Z,41,41,30,0,0,200,2424,0.00
2026-09-14T04:01:50Z,40,41,30,0,0,200,2425,0.00
2026-09-14T04:01:52Z,41,41,30,0,0,200,2424,0.00
2026-09-14T04:01:54Z,41,41,30,0,0,200,2424,0.00
2026-09-14T04:01:56Z,41,41,30,0,0,200,2425,0.00
2026-09-14T04:01:58Z,41,41,30,0,0,200,2424,0.00
2026-09-14T04:02:00Z,40,41,30,0,0,200,2424,0.00
2026-09-14T04:02:02Z,40,41,30,0,0,200,2425,0.00
2026-09-14T04:02:04Z,41,41,30,0,0,200,2424,0.00
2026-09-14T04:02:06Z,41,41,30,0,0,200,2425,0.00
2026-09-14T04:02:08Z,41,41,30,0,0,200,2424,0.00
2026-09-14T04:02:10Z,41,41,30,0,0,200,2424,0.00
2026-09-14T04:02:12Z,40,41,30,0,0,200,2425,0.00
2026-09-14T04:02:14Z,40,41,30,0,0,200,2424,0.00
2026-09-14T04:02:16Z,41,41,30,0,0,200,2424,0.00
2026-09-14T04:02:18Z,40,41,30,0,0,200,2425,0.00
2026-09-14T04:02:21Z,41,41,30,0,0,200,2424,0.00
2026-09-14T04:02:23Z,40,41,30,0,0,200,2424,0.00
2026-09-14T04:02:25Z,41,41,30,0,0,200,2424,0.00
2026-09-14T04:02:27Z,40,41,30,0,0,200,2426,0.00
2026-09-14T04:02:29Z,40,41,30,0,0,200,2425,0.00
2026-09-14T04:02:31Z,40,41,30,0,0,200,2424,0.00
2026-09-14T04:02:33Z,40,41,30,0,0,200,2424,0.00
2026-09-14T04:02:35Z,40,41,30,0,0,200,2424,0.00
2026-09-14T04:02:37Z,40,41,30,0,0,200,2424,0.00
2026-09-14T04:02:39Z,41,41,30,0,0,200,2424,0.00
2026-09-14T04:02:41Z,40,41,30,0,0,200,2424,0.00
2026-09-14T04:02:43Z,40,41,30,0,0,200,2424,0.00
2026-09-14T04:02:45Z,41,41,30,0,0,200,2424,0.00
2026-09-14T04:02:47Z,41,41,30,0,0,200,2424,0.00
2026-09-14T04:02:49Z,40,41,30,0,0,200,2425,0.00
2026-09-14T04:02:51Z,41,41,30,0,0,200,2424,0.00
2026-09-14T04:02:53Z,40,41,30,0,0,200,2424,0.00
2026-09-14T04:02:55Z,41,41,30,0,0,200,2425,0.00
2026-09-14T04:02:57Z,40,41,30,0,0,200,2424,0.00
2026-09-14T04:02:59Z,40,41,30,0,0,200,2424,0.00
2026-09-14T04:03:02Z,40,41,30,0,0,200,2424,0.00
2026-09-14T04:03:04Z,41,41,30,0,0,200,2425,0.00
2026-09-14T04:03:06Z,41,41,30,0,0,200,2425,0.00
2026-09-14T04:03:08Z,40,41,30,0,0,200,2424,0.00
2026-09-14T04:03:10Z,40,41,30,0,0,200,2426,0.00
2026-09-14T04:03:12Z,40,41,30,0,0,200,2424,0.00
2026-09-14T04:03:14Z,41,41,30,0,0,200,2424,0.00
2026-09-14T04:03:16Z,41,41,30,0,0,200,2424,0.00
2026-09-14T04:03:18Z,41,41,30,0,0,200,2424,0.00
2026-09-14T04:03:20Z,41,41,30,0,0,200,2424,0.00
2026-09-14T04:03:22Z,40,41,30,0,0,200,2425,0.00
2026-09-14T04:03:24Z,40,41,30,0,0,200,2426,0.00
2026-09-14T04:03:26Z,40,41,30,0,0,200,2423,0.00
2026-09-14T04:03:28Z,40,41,30,0,0,200,2424,0.00
2026-09-14T04:03:30Z,41,41,30,0,0,200,2424,0.00
2026-09-14T04:03:32Z,41,41,30,0,0,200,2424,0.00
2026-09-14T04:03:34Z,40,41,30,0,0,200,2424,0.00
2026-09-14T04:03:36Z,40,41,30,0,0,200,2425,0.00
2026-09-14T04:03:38Z,40,41,30,0,0,200,2424,0.00
2026-09-14T04:03:40Z,41,41,30,0,0,200,2424,0.00
2026-09-14T04:03:43Z,40,41,30,0,0,200,2426,0.00
2026-09-14T04:03:45Z,41,41,30,0,0,200,2425,0.00
2026-09-14T04:03:47Z,40,41,30,0,0,200,2424,0.08
2026-09-14T04:03:49Z,41,41,30,0,0,200,2424,0.08
2026-09-14T04:03:51Z,41,41,30,0,0,200,2424,0.07
2026-09-14T04:03:53Z,41,41,30,0,0,200,2425,0.07
2026-09-14T04:03:55Z,40,41,30,0,0,200,2425,0.07
2026-09-14T04:03:57Z,40,41,30,0,0,200,2424,0.07
2026-09-14T04:03:59Z,40,41,30,0,0,200,2424,0.07
2026-09-14T04:04:01Z,40,41,30,0,0,200,2424,0.06
2026-09-14T04:04:03Z,40,41,30,0,0,200,2424,0.06
2026-09-14T04:04:05Z,41,41,30,0,0,200,2425,0.06
2026-09-14T04:04:07Z,41,41,30,0,0,200,2424,0.06
2026-09-14T04:04:09Z,41,41,30,0,0,200,2424,0.06
2026-09-14T04:04:11Z,40,41,30,0,0,200,2424,0.05
2026-09-14T04:04:13Z,41,41,30,0,0,200,2424,0.05
2026-09-14T04:04:15Z,40,41,30,0,0,200,2422,0.05
2026-09-14T04:04:17Z,40,41,30,0,0,200,2425,0.05
2026-09-14T04:04:19Z,41,41,30,0,0,200,2424,0.05
2026-09-14T04:04:21Z,40,41,30,0,0,200,2425,0.04
2026-09-14T04:04:24Z,41,41,30,0,0,200,2424,0.04
2026-09-14T04:04:26Z,40,41,30,0,0,200,2426,0.04
2026-09-14T04:04:28Z,40,41,30,0,0,200,2427,0.04
2026-09-14T04:04:30Z,40,41,30,0,0,200,2424,0.04
2026-09-14T04:04:32Z,40,41,30,0,0,200,2424,0.04
2026-09-14T04:04:34Z,40,41,30,0,0,200,2424,0.04
2026-09-14T04:04:36Z,41,41,30,0,0,200,2424,0.03
2026-09-14T04:04:38Z,40,41,30,0,0,200,2424,0.03
2026-09-14T04:04:40Z,41,41,30,0,0,200,2424,0.03
2026-09-14T04:04:42Z,41,41,30,0,0,200,2424,0.03
2026-09-14T04:04:44Z,41,41,30,0,0,200,2424,0.03
2026-09-14T04:04:46Z,40,41,30,0,0,200,2424,0.03
2026-09-14T04:04:48Z,40,41,30,0,0,200,2424,0.03
2026-09-14T04:04:50Z,40,41,30,0,0,200,2425,0.02
2026-09-14T04:04:52Z,40,41,30,0,0,200,2424,0.02
2026-09-14T04:04:54Z,40,41,30,0,0,200,2424,0.02
2026-09-14T04:04:56Z,40,41,30,0,0,200,2425,0.10
2026-09-14T04:04:58Z,40,41,30,0,0,200,2424,0.10
2026-09-14T04:05:00Z,41,41,30,0,0,200,2424,0.09
2026-09-14T04:05:02Z,40,41,30,0,0,200,2424,0.09
2026-09-14T04:05:04Z,40,41,30,0,0,200,2424,0.09
2026-09-14T04:05:07Z,41,41,30,0,0,200,2425,0.09
2026-09-14T04:05:09Z,40,41,30,0,0,200,2424,0.09
2026-09-14T04:05:11Z,41,41,30,0,0,200,2426,0.08
2026-09-14T04:05:13Z,41,41,30,0,0,200,2426,0.08
2026-09-14T04:05:15Z,40,41,30,0,0,200,2424,0.07
2026-09-14T04:05:17Z,40,41,30,0,0,200,2424,0.07
2026-09-14T04:05:19Z,40,41,30,0,0,200,2424,0.07
2026-09-14T04:05:21Z,41,41,30,0,0,200,2425,0.07
2026-09-14T04:05:23Z,40,41,30,0,0,200,2425,0.07
2026-09-14T04:05:25Z,40,41,30,0,0,200,2424,0.06
2026-09-14T04:05:27Z,40,41,30,0,0,200,2425,0.06
2026-09-14T04:05:29Z,41,41,30,0,0,200,2424,0.06
2026-09-14T04:05:31Z,41,41,30,0,0,200,2424,0.06
2026-09-14T04:05:33Z,41,41,30,0,0,200,2424,0.06
2026-09-14T04:05:35Z,40,41,30,0,0,200,2425,0.05
2026-09-14T04:05:37Z,40,41,30,0,0,200,2424,0.05
2026-09-14T04:05:39Z,40,41,30,0,0,200,2424,0.05
2026-09-14T04:05:41Z,40,41,30,0,0,200,2424,0.05
2026-09-14T04:05:43Z,40,41,30,0,0,200,2424,0.05
2026-09-14T04:05:45Z,41,41,30,0,0,200,2425,0.04
2026-09-14T04:05:48Z,41,41,30,0,0,200,2425,0.04
2026-09-14T04:05:50Z,40,41,30,0,0,200,2424,0.04
2026-09-14T04:05:52Z,40,41,30,0,0,200,2425,0.04
2026-09-14T04:05:54Z,40,41,30,0,0,200,2425,0.04
2026-09-14T04:05:56Z,40,41,30,0,0,200,2425,0.04
2026-09-14T04:05:58Z,40,41,30,0,0,200,2424,0.04
2026-09-14T04:06:00Z,40,41,30,0,0,200,2424,0.03
2026-09-14T04:06:02Z,40,41,30,0,0,200,2425,0.03
2026-09-14T04:06:04Z,40,41,30,0,0,200,2425,0.03
2026-09-14T04:06:06Z,41,41,30,0,0,200,2424,0.03
2026-09-14T04:06:08Z,41,41,30,0,0,200,2424,0.03
2026-09-14T04:06:10Z,41,41,30,0,0,200,2424,0.03
2026-09-14T04:06:12Z,40,41,30,0,0,200,2424,0.03
2026-09-14T04:06:14Z,40,41,30,0,0,200,2424,0.03
2026-09-14T04:06:16Z,40,41,30,0,0,200,2426,0.02
2026-09-14T04:06:18Z,41,41,30,0,0,200,2424,0.02
2026-09-14T04:06:20Z,41,41,30,0,0,200,2424,0.02
2026-09-14T04:06:22Z,40,41,30,0,0,200,2425,0.02
2026-09-14T04:06:24Z,41,41,30,0,0,200,2424,0.02
2026-09-14T04:06:26Z,41,41,30,0,0,200,2424,0.02
2026-09-14T04:06:29Z,40,41,30,0,0,200,2424,0.02
2026-09-14T04:06:31Z,41,41,30,0,0,200,2424,0.02
2026-09-14T04:06:33Z,40,41,30,0,0,200,2424,0.02
2026-09-14T04:06:35Z,40,41,30,0,0,200,2424,0.02
2026-09-14T04:06:37Z,40,41,30,0,0,200,2425,0.02
2026-09-14T04:06:39Z,40,41,30,0,0,200,2424,0.02
2026-09-14T04:06:41Z,40,41,30,0,0,200,2425,0.02
2026-09-14T04:06:43Z,41,41,30,0,0,200,2424,0.02
2026-09-14T04:06:45Z,41,41,30,0,0,200,2424,0.01
2026-09-14T04:06:47Z,40,41,30,0,0,200,2424,0.01
2026-09-14T04:06:49Z,40,41,30,0,0,200,2424,0.01
2026-09-14T04:06:51Z,41,41,30,0,0,200,2424,0.01
2026-09-14T04:06:53Z,40,41,30,0,0,200,2425,0.01
2026-09-14T04:06:55Z,40,41,30,0,0,200,2426,0.01
2026-09-14T04:06:57Z,40,41,30,0,0,200,2424,0.01
2026-09-14T04:06:59Z,40,41,30,0,0,200,2424,0.01
2026-09-14T04:07:01Z,40,41,30,0,0,200,2424,0.01
2026-09-14T04:07:03Z,41,41,30,0,0,200,2424,0.01
2026-09-14T04:07:05Z,41,41,30,0,0,200,2424,0.01
2026-09-14T04:07:07Z,40,41,30,0,0,200,2424,0.01
2026-09-14T04:07:10Z,40,41,30,0,0,200,2424,0.01
2026-09-14T04:07:12Z,40,41,30,0,0,200,2424,0.01
2026-09-14T04:07:14Z,40,41,30,0,0,200,2424,0.01
2026-09-14T04:07:16Z,41,41,30,0,0,200,2424,0.01
2026-09-14T04:07:18Z,41,41,30,0,0,200,2424,0.01
2026-09-14T04:07:20Z,40,41,30,0,0,200,2425,0.01
2026-09-14T04:07:22Z,40,41,30,0,0,200,2424,0.01
2026-09-14T04:07:24Z,40,41,30,0,0,200,2428,0.01
2026-09-14T04:07:26Z,40,41,30,0,0,200,2424,0.01
2026-09-14T04:07:28Z,40,41,30,0,0,200,2425,0.01
2026-09-14T04:07:30Z,40,41,30,0,0,200,2425,0.00
2026-09-14T04:07:32Z,40,41,30,0,0,200,2425,0.00
2026-09-14T04:07:34Z,41,41,30,0,0,200,2424,0.00
2026-09-14T04:07:36Z,40,41,30,0,0,200,2424,0.00
2026-09-14T04:07:38Z,41,41,30,0,0,200,2425,0.00
2026-09-14T04:07:40Z,41,41,30,0,0,200,2425,0.00
2026-09-14T04:07:42Z,41,41,30,0,0,200,2424,0.00
2026-09-14T04:07:44Z,41,41,30,0,0,200,2424,0.00
2026-09-14T04:07:46Z,41,41,30,0,0,200,2425,0.00
2026-09-14T04:07:48Z,40,41,30,0,0,200,2424,0.00
2026-09-14T04:07:51Z,41,41,30,0,0,200,2424,0.00
2026-09-14T04:07:53Z,41,41,30,0,0,200,2424,0.00
2026-09-14T04:07:55Z,41,41,30,0,0,200,2424,0.00
2026-09-14T04:07:57Z,40,41,30,0,0,200,2424,0.16
2026-09-14T04:07:59Z,41,41,30,0,0,200,2424,0.16
2026-09-14T04:08:01Z,41,41,30,0,0,200,2424,0.15
2026-09-14T04:08:03Z,40,41,30,0,0,200,2425,0.15
2026-09-14T04:08:05Z,40,41,30,0,0,200,2424,0.14
2026-09-14T04:08:07Z,40,41,30,0,0,200,2425,0.14
2026-09-14T04:08:09Z,40,41,30,0,0,200,2424,0.14
2026-09-14T04:08:11Z,40,41,30,0,0,200,2424,0.13
2026-09-14T04:08:13Z,40,41,30,0,0,200,2426,0.13
2026-09-14T04:08:15Z,40,41,30,0,0,200,2424,0.12
2026-09-14T04:08:17Z,41,41,30,0,0,200,2425,0.12
2026-09-14T04:08:19Z,40,41,30,0,0,200,2425,0.12
2026-09-14T04:08:21Z,41,41,30,0,0,200,2424,0.11
2026-09-14T04:08:23Z,40,41,30,0,0,200,2425,0.11
2026-09-14T04:08:25Z,40,41,30,0,0,200,2424,0.10
2026-09-14T04:08:27Z,40,41,30,0,0,200,2424,0.10
2026-09-14T04:08:29Z,41,41,30,0,0,200,2424,0.10
2026-09-14T04:08:32Z,41,41,30,0,0,200,2424,0.09
2026-09-14T04:08:34Z,41,41,30,0,0,200,2424,0.09
2026-09-14T04:08:36Z,41,41,30,0,0,200,2424,0.08
2026-09-14T04:08:38Z,40,41,30,0,0,200,2433,0.08
2026-09-14T04:08:40Z,40,41,30,0,0,200,2424,0.08
2026-09-14T04:08:42Z,40,41,30,0,0,200,2424,0.08
2026-09-14T04:08:44Z,40,41,30,0,0,200,2424,0.08
2026-09-14T04:08:46Z,41,41,30,0,0,200,2424,0.07
2026-09-14T04:08:48Z,41,41,30,0,0,200,2425,0.07
2026-09-14T04:08:50Z,41,41,30,0,0,200,2426,0.06
2026-09-14T04:08:52Z,40,41,30,0,0,200,2424,0.06
2026-09-14T04:08:54Z,41,41,30,0,0,200,2425,0.06
2026-09-14T04:08:56Z,41,41,30,0,0,200,2424,0.06
2026-09-14T04:08:58Z,41,41,30,0,0,200,2425,0.06
2026-09-14T04:09:00Z,40,41,30,0,0,200,2424,0.05
2026-09-14T04:09:02Z,41,41,30,0,0,200,2424,0.05
2026-09-14T04:09:04Z,40,41,30,0,0,200,2426,0.05
2026-09-14T04:09:06Z,41,41,30,0,0,200,2425,0.05
2026-09-14T04:09:08Z,41,41,30,0,0,200,2424,0.05
2026-09-14T04:09:10Z,40,41,30,0,0,200,2426,0.04
2026-09-14T04:09:13Z,41,41,30,0,0,200,2423,0.04
2026-09-14T04:09:15Z,41,41,30,0,0,200,2425,0.04
2026-09-14T04:09:17Z,41,41,30,0,0,200,2426,0.04
2026-09-14T04:09:19Z,41,41,30,0,0,200,2425,0.04
2026-09-14T04:09:21Z,41,41,30,0,0,200,2425,0.04
2026-09-14T04:09:23Z,40,41,30,0,0,200,2424,0.04
2026-09-14T04:09:25Z,41,41,30,0,0,200,2426,0.03
2026-09-14T04:09:27Z,40,41,30,0,0,200,2425,0.03
2026-09-14T04:09:29Z,40,41,30,0,0,200,2424,0.03
2026-09-14T04:09:31Z,41,41,30,0,0,200,2426,0.03
2026-09-14T04:09:33Z,41,41,30,0,0,200,2424,0.03
2026-09-14T04:09:35Z,40,41,30,0,0,200,2425,0.03
2026-09-14T04:09:37Z,41,41,30,0,0,200,2424,0.03
2026-09-14T04:09:39Z,40,41,30,0,0,200,2424,0.03
2026-09-14T04:09:41Z,40,41,30,0,0,200,2424,0.03
2026-09-14T04:09:43Z,40,41,30,0,0,200,2424,0.03
2026-09-14T04:09:45Z,41,41,30,0,0,200,2425,0.02
2026-09-14T04:09:47Z,41,41,30,0,0,200,2424,0.02
2026-09-14T04:09:49Z,40,41,30,0,0,200,2425,0.02
2026-09-14T04:09:51Z,40,41,30,0,0,200,2424,0.02
2026-09-14T04:09:53Z,40,41,30,0,0,200,2424,0.02
2026-09-14T04:09:56Z,40,41,30,0,0,200,2424,0.02
2026-09-14T04:09:58Z,40,41,30,0,0,200,2425,0.02
2026-09-14T04:10:00Z,40,41,30,0,0,200,2424,0.02
2026-09-14T04:10:02Z,41,41,30,0,0,200,2424,0.10
2026-09-14T04:10:04Z,40,41,30,0,0,200,2424,0.10
2026-09-14T04:10:06Z,40,41,30,0,0,200,2424,0.09
2026-09-14T04:10:08Z,41,41,30,0,0,200,2425,0.09
2026-09-14T04:10:10Z,40,41,30,0,0,200,2425,0.16
2026-09-14T04:10:12Z,40,41,30,0,0,200,2426,0.16
2026-09-14T04:10:14Z,40,41,30,0,0,200,2424,0.16
2026-09-14T04:10:16Z,41,41,30,0,0,200,2424,0.15
2026-09-14T04:10:18Z,41,41,30,0,0,200,2425,0.15
2026-09-14T04:10:20Z,41,41,30,0,0,200,2424,0.14
2026-09-14T04:10:22Z,40,41,30,0,0,200,2425,0.14
2026-09-14T04:10:24Z,40,41,30,0,0,200,2424,0.14
2026-09-14T04:10:26Z,41,41,30,0,0,200,2424,0.13
2026-09-14T04:10:28Z,40,41,30,0,0,200,2424,0.13
2026-09-14T04:10:30Z,40,41,30,0,0,200,2424,0.12
2026-09-14T04:10:32Z,40,41,30,0,0,200,2425,0.12
2026-09-14T04:10:34Z,41,41,30,0,0,200,2424,0.12
2026-09-14T04:10:37Z,40,41,30,0,0,200,2424,0.11
2026-09-14T04:10:39Z,40,41,30,0,0,200,2426,0.11
2026-09-14T04:10:41Z,40,41,30,0,0,200,2424,0.10
2026-09-14T04:10:43Z,40,41,30,0,0,200,2424,0.10
2026-09-14T04:10:45Z,40,41,30,0,0,200,2426,0.09
2026-09-14T04:10:47Z,41,41,30,0,0,200,2424,0.09
2026-09-14T04:10:49Z,41,41,30,0,0,200,2424,0.09
2026-09-14T04:10:51Z,40,41,30,0,0,200,2427,0.08
2026-09-14T04:10:53Z,40,41,30,0,0,200,2431,0.08
2026-09-14T04:10:55Z,40,41,30,0,0,200,2424,0.08
2026-09-14T04:10:57Z,40,41,30,0,0,200,2424,0.08
2026-09-14T04:10:59Z,41,41,30,0,0,200,2424,0.08
2026-09-14T04:11:01Z,40,41,30,0,0,200,2426,0.07
2026-09-14T04:11:03Z,40,41,30,0,0,200,2425,0.07
2026-09-14T04:11:05Z,40,41,30,0,0,200,2424,0.06
2026-09-14T04:11:07Z,40,41,30,0,0,200,2425,0.06
2026-09-14T04:11:09Z,40,41,30,0,0,200,2424,0.06
2026-09-14T04:11:11Z,40,41,30,0,0,200,2424,0.06
2026-09-14T04:11:13Z,40,41,30,0,0,200,2425,0.06
2026-09-14T04:11:15Z,40,41,30,0,0,200,2424,0.05
2026-09-14T04:11:18Z,40,41,30,0,0,200,2425,0.05
2026-09-14T04:11:20Z,41,41,30,0,0,200,2424,0.05
2026-09-14T04:11:22Z,41,41,30,0,0,200,2424,0.05
2026-09-14T04:11:24Z,41,41,30,0,0,200,2425,0.05
2026-09-14T04:11:26Z,40,41,30,0,0,200,2425,0.04
2026-09-14T04:11:28Z,40,41,30,0,0,200,2424,0.04
2026-09-14T04:11:30Z,40,41,30,0,0,200,2424,0.04
2026-09-14T04:11:32Z,41,41,30,0,0,200,2424,0.04
2026-09-14T04:11:34Z,41,41,30,0,0,200,2424,0.04
2026-09-14T04:11:36Z,40,41,30,0,0,200,2425,0.04
2026-09-14T04:11:38Z,41,41,30,0,0,200,2425,0.04
2026-09-14T04:11:40Z,40,41,30,0,0,200,2424,0.03
2026-09-14T04:11:42Z,40,41,30,0,0,200,2424,0.03
2026-09-14T04:11:44Z,41,41,30,0,0,200,2424,0.03
2026-09-14T04:11:46Z,40,41,30,0,0,200,2424,0.03
2026-09-14T04:11:48Z,40,41,30,0,0,200,2426,0.03
2026-09-14T04:11:50Z,40,41,30,0,0,200,2424,0.03
2026-09-14T04:11:52Z,40,41,30,0,0,200,2424,0.03
2026-09-14T04:11:54Z,41,41,30,0,0,200,2425,0.03
2026-09-14T04:11:56Z,41,41,30,0,0,200,2425,0.03
2026-09-14T04:11:59Z,40,41,30,0,0,200,2424,0.03
2026-09-14T04:12:01Z,40,41,30,0,0,200,2425,0.02
2026-09-14T04:12:03Z,40,41,30,0,0,200,2424,0.02
2026-09-14T04:12:05Z,40,41,30,0,0,200,2425,0.02
2026-09-14T04:12:07Z,40,41,30,0,0,200,2426,0.34
2026-09-14T04:12:09Z,40,41,30,0,0,200,2424,0.34
2026-09-14T04:12:11Z,40,41,30,0,0,200,2424,0.31
2026-09-14T04:12:13Z,40,41,30,0,0,200,2427,0.31
2026-09-14T04:12:15Z,41,41,30,0,0,200,2425,0.29
2026-09-14T04:12:17Z,40,41,30,0,0,200,2424,0.29
2026-09-14T04:12:19Z,41,41,30,0,0,200,2424,0.29
2026-09-14T04:12:21Z,40,41,30,0,0,200,2426,0.27
2026-09-14T04:12:23Z,41,41,30,0,0,200,2424,0.27
2026-09-14T04:12:25Z,41,41,30,0,0,200,2425,0.24
2026-09-14T04:12:27Z,40,41,30,0,0,200,2424,0.24
2026-09-14T04:12:29Z,40,41,30,0,0,200,2424,0.24
2026-09-14T04:12:31Z,40,41,30,0,0,200,2424,0.22
2026-09-14T04:12:33Z,40,41,30,0,0,200,2425,0.22
2026-09-14T04:12:35Z,41,41,30,0,0,200,2424,0.29
2026-09-14T04:12:37Z,41,41,30,0,0,200,2424,0.29
2026-09-14T04:12:40Z,41,41,30,0,0,200,2425,0.29
2026-09-14T04:12:42Z,40,41,30,0,0,200,2424,0.26
2026-09-14T04:12:44Z,40,41,30,0,0,200,2424,0.26
2026-09-14T04:12:46Z,40,41,30,0,0,200,2424,0.24
2026-09-14T04:12:48Z,40,41,30,0,0,200,2424,0.24
2026-09-14T04:12:50Z,40,41,30,0,0,200,2424,0.22
2026-09-14T04:12:52Z,40,41,30,0,0,200,2424,0.22
2026-09-14T04:12:54Z,40,41,30,0,0,200,2426,0.22
2026-09-14T04:12:56Z,40,41,30,0,0,200,2424,0.20
2026-09-14T04:12:58Z,40,41,30,0,0,200,2424,0.20
2026-09-14T04:13:00Z,40,41,30,0,0,200,2424,0.19
2026-09-14T04:13:02Z,41,41,30,0,0,200,2425,0.19
2026-09-14T04:13:04Z,40,41,30,0,0,200,2424,0.19
2026-09-14T04:13:06Z,40,41,30,0,0,200,2424,0.17
2026-09-14T04:13:08Z,40,41,30,0,0,200,2424,0.17
2026-09-14T04:13:10Z,40,41,30,0,0,200,2424,0.16
2026-09-14T04:13:12Z,41,41,30,0,0,200,2424,0.16
2026-09-14T04:13:14Z,40,41,30,0,0,200,2425,0.16
2026-09-14T04:13:16Z,40,41,30,0,0,200,2424,0.15
2026-09-14T04:13:18Z,40,41,30,0,0,200,2424,0.15
2026-09-14T04:13:21Z,40,41,30,0,0,200,2424,0.13
2026-09-14T04:13:23Z,40,41,30,0,0,200,2424,0.13
2026-09-14T04:13:25Z,41,41,30,0,0,200,2425,0.13
2026-09-14T04:13:27Z,40,41,30,0,0,200,2424,0.12
2026-09-14T04:13:29Z,41,41,30,0,0,200,2424,0.12
2026-09-14T04:13:31Z,41,41,30,0,0,200,2424,0.11
2026-09-14T04:13:33Z,40,41,30,0,0,200,2424,0.11
2026-09-14T04:13:35Z,41,41,30,0,0,200,2425,0.10
2026-09-14T04:13:37Z,40,41,30,0,0,200,2424,0.10
2026-09-14T04:13:39Z,40,41,30,0,0,200,2424,0.10
2026-09-14T04:13:41Z,41,41,30,0,0,200,2424,0.10
2026-09-14T04:13:43Z,40,41,30,0,0,200,2424,0.10
2026-09-14T04:13:45Z,40,41,30,0,0,200,2424,0.09
2026-09-14T04:13:47Z,40,41,30,0,0,200,2424,0.09
2026-09-14T04:13:49Z,40,41,30,0,0,200,2424,0.09
2026-09-14T04:13:51Z,40,41,30,0,0,200,2424,0.08
2026-09-14T04:13:53Z,40,41,30,0,0,200,2424,0.08
2026-09-14T04:13:55Z,41,41,30,0,0,200,2424,0.07
2026-09-14T04:13:57Z,40,41,30,0,0,200,2425,0.07
2026-09-14T04:13:59Z,40,41,30,0,0,200,2424,0.07
2026-09-14T04:14:02Z,40,41,30,0,0,200,2425,0.07
2026-09-14T04:14:04Z,40,41,30,0,0,200,2424,0.07
2026-09-14T04:14:06Z,40,41,30,0,0,200,2424,0.06
2026-09-14T04:14:08Z,40,41,30,0,0,200,2424,0.06
2026-09-14T04:14:10Z,40,41,30,0,0,200,2424,0.22
2026-09-14T04:14:12Z,40,41,30,0,0,200,2424,0.22
2026-09-14T04:14:14Z,40,41,30,0,0,200,2425,0.22
2026-09-14T04:14:16Z,41,41,30,0,0,200,2426,0.20
2026-09-14T04:14:18Z,40,41,30,0,0,200,2424,0.20
2026-09-14T04:14:20Z,40,41,30,0,0,200,2424,0.18
2026-09-14T04:14:22Z,40,41,30,0,0,200,2424,0.18
2026-09-14T04:14:24Z,40,41,30,0,0,200,2424,0.18
2026-09-14T04:14:26Z,40,41,30,0,0,200,2425,0.17
2026-09-14T04:14:28Z,40,41,30,0,0,200,2424,0.17
2026-09-14T04:14:30Z,40,41,30,0,0,200,2424,0.15
2026-09-14T04:14:32Z,40,41,30,0,0,200,2426,0.15
2026-09-14T04:14:34Z,40,41,30,0,0,200,2424,0.15
2026-09-14T04:14:36Z,41,41,30,0,0,200,2424,0.14
2026-09-14T04:14:38Z,40,41,30,0,0,200,2424,0.14
2026-09-14T04:14:40Z,40,41,30,0,0,200,2424,0.13
2026-09-14T04:14:42Z,40,41,30,0,0,200,2424,0.13
2026-09-14T04:14:45Z,41,41,30,0,0,200,2424,0.13
2026-09-14T04:14:47Z,41,41,30,0,0,200,2425,0.12
2026-09-14T04:14:49Z,40,41,30,0,0,200,2424,0.12
2026-09-14T04:14:51Z,41,41,30,0,0,200,2425,0.11
2026-09-14T04:14:53Z,40,41,30,0,0,200,2424,0.11
2026-09-14T04:14:55Z,40,41,30,0,0,200,2425,0.10
2026-09-14T04:14:57Z,41,41,30,0,0,200,2425,0.10
2026-09-14T04:14:59Z,40,41,30,0,0,200,2425,0.10
2026-09-14T04:15:01Z,40,41,30,0,0,200,2425,0.17
2026-09-14T04:15:03Z,40,41,30,0,0,200,2424,0.17
2026-09-14T04:15:05Z,40,41,30,0,0,200,2424,0.24
2026-09-14T04:15:07Z,40,41,30,0,0,200,2424,0.24
2026-09-14T04:15:09Z,40,41,30,0,0,200,2425,0.24
2026-09-14T04:15:11Z,40,41,30,0,0,200,2424,0.22
2026-09-14T04:15:13Z,40,41,30,0,0,200,2424,0.22
2026-09-14T04:15:15Z,40,41,30,0,0,200,2427,0.20
2026-09-14T04:15:17Z,40,41,30,0,0,200,2424,0.20
2026-09-14T04:15:19Z,40,41,30,0,0,200,2424,0.20
2026-09-14T04:15:21Z,41,41,30,0,0,200,2425,0.18
2026-09-14T04:15:23Z,40,41,30,0,0,200,2425,0.18
2026-09-14T04:15:26Z,40,41,30,0,0,200,2424,0.17
2026-09-14T04:15:28Z,41,41,30,0,0,200,2424,0.17
2026-09-14T04:15:30Z,41,41,30,0,0,200,2424,0.17
2026-09-14T04:15:32Z,40,41,30,0,0,200,2424,0.16
2026-09-14T04:15:34Z,40,41,30,0,0,200,2424,0.16
2026-09-14T04:15:36Z,41,41,30,0,0,200,2425,0.14
2026-09-14T04:15:38Z,40,41,30,0,0,200,2424,0.14
2026-09-14T04:15:40Z,40,41,30,0,0,200,2424,0.13
2026-09-14T04:15:42Z,40,41,30,0,0,200,2424,0.13
2026-09-14T04:15:44Z,40,41,30,0,0,200,2424,0.13
2026-09-14T04:15:46Z,40,41,30,0,0,200,2424,0.12
2026-09-14T04:15:48Z,40,41,30,0,0,200,2425,0.12
2026-09-14T04:15:50Z,41,41,30,0,0,200,2425,0.11
2026-09-14T04:15:52Z,40,41,30,0,0,200,2425,0.11
2026-09-14T04:15:54Z,40,41,30,0,0,200,2425,0.11
2026-09-14T04:15:56Z,41,41,30,0,0,200,2424,0.10
2026-09-14T04:15:58Z,40,41,30,0,0,200,2424,0.10
2026-09-14T04:16:00Z,40,41,30,0,0,200,2424,0.09
2026-09-14T04:16:02Z,40,41,30,0,0,200,2424,0.09
2026-09-14T04:16:04Z,41,41,30,0,0,200,2424,0.09
2026-09-14T04:16:07Z,41,41,30,0,0,200,2424,0.09
2026-09-14T04:16:09Z,41,41,30,0,0,200,2424,0.09
2026-09-14T04:16:11Z,40,41,30,0,0,200,2426,0.08
2026-09-14T04:16:13Z,41,41,30,0,0,200,2424,0.08
2026-09-14T04:16:15Z,41,41,30,0,0,200,2425,0.15
2026-09-14T04:16:17Z,40,41,30,0,0,200,2425,0.15
2026-09-14T04:16:19Z,41,41,30,0,0,200,2424,0.15
2026-09-14T04:16:21Z,40,41,30,0,0,200,2424,0.14
2026-09-14T04:16:23Z,41,41,30,0,0,200,2424,0.14
2026-09-14T04:16:25Z,41,41,30,0,0,200,2424,0.13
2026-09-14T04:16:27Z,41,41,30,0,0,200,2424,0.13
2026-09-14T04:16:29Z,40,41,30,0,0,200,2424,0.13
2026-09-14T04:16:31Z,41,41,30,0,0,200,2424,0.12
2026-09-14T04:16:33Z,41,41,30,0,0,200,2424,0.12
2026-09-14T04:16:35Z,41,41,30,0,0,200,2424,0.11
2026-09-14T04:16:37Z,40,41,30,0,0,200,2424,0.11
2026-09-14T04:16:39Z,41,41,30,0,0,200,2424,0.11
2026-09-14T04:16:41Z,41,41,30,0,0,200,2424,0.10
2026-09-14T04:16:43Z,41,41,30,0,0,200,2425,0.10
2026-09-14T04:16:45Z,41,41,30,0,0,200,2425,0.09
2026-09-14T04:16:48Z,41,41,30,0,0,200,2424,0.09
2026-09-14T04:16:50Z,40,41,30,0,0,200,2424,0.09
2026-09-14T04:16:52Z,41,41,30,0,0,200,2425,0.08
2026-09-14T04:16:54Z,41,41,30,0,0,200,2425,0.08
2026-09-14T04:16:56Z,41,41,30,0,0,200,2424,0.08
2026-09-14T04:16:58Z,40,41,30,0,0,200,2424,0.08
2026-09-14T04:17:00Z,40,41,30,0,0,200,2425,0.07
2026-09-14T04:17:02Z,41,41,30,0,0,200,2425,0.07
2026-09-14T04:17:04Z,40,41,30,0,0,200,2424,0.07
2026-09-14T04:17:06Z,40,41,30,0,0,200,2424,0.06
2026-09-14T04:17:08Z,40,41,30,0,0,200,2424,0.06
2026-09-14T04:17:10Z,40,41,30,0,0,200,2424,0.06
2026-09-14T04:17:12Z,41,41,30,0,0,200,2424,0.06
2026-09-14T04:17:14Z,41,41,30,0,0,200,2425,0.06
2026-09-14T04:17:16Z,40,41,30,0,0,200,2425,0.05
2026-09-14T04:17:18Z,41,41,30,0,0,200,2424,0.05
2026-09-14T04:17:20Z,40,41,30,0,0,200,2424,0.05
2026-09-14T04:17:22Z,40,41,30,0,0,200,2425,0.05
2026-09-14T04:17:24Z,41,41,30,0,0,200,2424,0.05
2026-09-14T04:17:26Z,40,41,30,0,0,200,2424,0.05
2026-09-14T04:17:29Z,41,41,30,0,0,200,2424,0.05
2026-09-14T04:17:31Z,41,41,30,0,0,200,2424,0.04
2026-09-14T04:17:33Z,41,41,30,0,0,200,2424,0.04
2026-09-14T04:17:35Z,41,41,30,0,0,200,2424,0.04
2026-09-14T04:17:37Z,40,41,30,0,0,200,2427,0.04
2026-09-14T04:17:39Z,41,41,30,0,0,200,2424,0.04
2026-09-14T04:17:41Z,41,41,30,0,0,200,2424,0.04
2026-09-14T04:17:43Z,40,41,30,0,0,200,2424,0.04
2026-09-14T04:17:45Z,41,41,30,0,0,200,2424,0.03
2026-09-14T04:17:47Z,40,41,30,0,0,200,2424,0.03
2026-09-14T04:17:49Z,40,41,30,0,0,200,2425,0.03
2026-09-14T04:17:51Z,41,41,30,0,0,200,2424,0.03
2026-09-14T04:17:53Z,40,41,30,0,0,200,2424,0.03
2026-09-14T04:17:55Z,40,41,30,0,0,200,2425,0.03
2026-09-14T04:17:57Z,40,41,30,0,0,200,2424,0.03
2026-09-14T04:17:59Z,40,41,30,0,0,200,2425,0.03
2026-09-14T04:18:01Z,40,41,30,0,0,200,2425,0.02
2026-09-14T04:18:03Z,40,41,30,0,0,200,2425,0.02
2026-09-14T04:18:05Z,41,41,30,0,0,200,2437,0.02
2026-09-14T04:18:07Z,41,41,30,0,0,200,2424,0.02
2026-09-14T04:18:10Z,40,41,30,0,0,200,2424,0.02
2026-09-14T04:18:12Z,40,41,30,0,0,200,2424,0.02
2026-09-14T04:18:14Z,40,41,30,0,0,200,2424,0.02
2026-09-14T04:18:16Z,40,41,30,0,0,200,2425,0.02
2026-09-14T04:18:18Z,40,41,30,0,0,200,2424,0.02
2026-09-14T04:18:20Z,40,41,30,0,0,200,2424,0.02
2026-09-14T04:18:22Z,40,41,30,0,0,200,2425,0.02
2026-09-14T04:18:24Z,41,41,30,0,0,200,2425,0.02
2026-09-14T04:18:26Z,40,41,30,0,0,200,2426,0.02
2026-09-14T04:18:28Z,40,41,30,0,0,200,2424,0.02
2026-09-14T04:18:30Z,41,41,30,0,0,200,2424,0.01
2026-09-14T04:18:32Z,41,41,30,0,0,200,2424,0.01
2026-09-14T04:18:34Z,41,41,30,0,0,200,2424,0.01
2026-09-14T04:18:36Z,41,41,30,0,0,200,2424,0.01
2026-09-14T04:18:38Z,40,41,30,0,0,200,2424,0.01
2026-09-14T04:18:40Z,40,41,30,0,0,200,2424,0.01
2026-09-14T04:18:42Z,40,41,30,0,0,200,2425,0.01
2026-09-14T04:18:44Z,41,41,30,0,0,200,2424,0.01
2026-09-14T04:18:46Z,40,41,30,0,0,200,2424,0.01
2026-09-14T04:18:48Z,40,41,30,0,0,200,2424,0.01
2026-09-14T04:18:51Z,41,41,30,0,0,200,2424,0.01
2026-09-14T04:18:53Z,40,41,30,0,0,200,2425,0.01
2026-09-14T04:18:55Z,41,41,30,0,0,200,2425,0.01
2026-09-14T04:18:57Z,41,41,30,0,0,200,2424,0.01
2026-09-14T04:18:59Z,40,41,30,0,0,200,2424,0.01
2026-09-14T04:19:01Z,41,41,30,0,0,200,2424,0.01
2026-09-14T04:19:03Z,41,41,30,0,0,200,2424,0.01
2026-09-14T04:19:05Z,41,41,30,0,0,200,2424,0.01
2026-09-14T04:19:07Z,41,41,30,0,0,200,2424,0.01
2026-09-14T04:19:09Z,40,41,30,0,0,200,2424,0.01
2026-09-14T04:19:11Z,40,41,30,0,0,200,2425,0.01
2026-09-14T04:19:13Z,41,41,30,0,0,200,2425,0.01
2026-09-14T04:19:15Z,41,41,30,0,0,200,2425,0.00
2026-09-14T04:19:17Z,41,41,30,0,0,200,2426,0.00
2026-09-14T04:19:19Z,40,41,30,0,0,200,2424,0.00
2026-09-14T04:19:21Z,40,41,30,0,0,200,2425,0.00
2026-09-14T04:19:23Z,40,41,30,0,0,200,2424,0.00
2026-09-14T04:19:25Z,41,41,30,0,0,200,2425,0.00
2026-09-14T04:19:27Z,41,41,30,0,0,200,2424,0.00
2026-09-14T04:19:29Z,40,41,30,0,0,200,2424,0.00
2026-09-14T04:19:32Z,40,41,30,0,0,200,2424,0.00
2026-09-14T04:19:34Z,40,41,30,0,0,200,2424,0.00
2026-09-14T04:19:36Z,40,41,30,0,0,200,2424,0.00
2026-09-14T04:19:38Z,40,41,30,0,0,200,2425,0.00
2026-09-14T04:19:40Z,40,41,30,0,0,200,2424,0.00
2026-09-14T04:19:42Z,41,41,30,0,0,200,2426,0.00
2026-09-14T04:19:44Z,40,41,30,0,0,200,2424,0.00
2026-09-14T04:19:46Z,41,41,30,0,0,200,2424,0.00
2026-09-14T04:19:48Z,41,41,30,0,0,200,2424,0.00
2026-09-14T04:19:50Z,40,41,30,0,0,200,2426,0.00
2026-09-14T04:19:52Z,40,41,30,0,0,200,2425,0.00
2026-09-14T04:19:54Z,40,41,30,0,0,200,2425,0.00
2026-09-14T04:19:56Z,40,41,30,0,0,200,2424,0.00
2026-09-14T04:19:58Z,40,41,30,0,0,200,2424,0.00
2026-09-14T04:20:00Z,40,41,30,0,0,200,2424,0.00
2026-09-14T04:20:02Z,40,41,30,0,0,200,2425,0.00
2026-09-14T04:20:04Z,40,41,30,0,0,200,2424,0.00
2026-09-14T04:20:06Z,41,41,30,0,0,200,2424,0.00
2026-09-14T04:20:08Z,41,41,30,0,0,200,2424,0.00
2026-09-14T04:20:10Z,40,41,30,0,0,200,2425,0.00
2026-09-14T04:20:13Z,41,41,30,0,0,200,2424,0.00
2026-09-14T04:20:15Z,41,41,30,0,0,200,2424,0.00
2026-09-14T04:20:17Z,41,41,30,0,0,200,2424,0.00
2026-09-14T04:20:19Z,41,41,30,0,0,200,2424,0.00
2026-09-14T04:20:21Z,40,41,30,0,0,200,2424,0.00
2026-09-14T04:20:23Z,41,41,30,0,0,200,2424,0.00
2026-09-14T04:20:25Z,41,41,30,0,0,200,2424,0.08
2026-09-14T04:20:27Z,41,41,30,0,0,200,2425,0.08
2026-09-14T04:20:29Z,41,41,30,0,0,200,2425,0.08
2026-09-14T04:20:31Z,40,41,30,0,0,200,2424,0.07
2026-09-14T04:20:33Z,41,41,30,0,0,200,2425,0.07
2026-09-14T04:20:35Z,40,41,30,0,0,200,2424,0.07
2026-09-14T04:20:37Z,40,41,30,0,0,200,2424,0.07
2026-09-14T04:20:39Z,41,41,30,0,0,200,2424,0.07
2026-09-14T04:20:41Z,40,41,30,0,0,200,2424,0.06
2026-09-14T04:20:43Z,40,41,30,0,0,200,2425,0.06
2026-09-14T04:20:45Z,40,41,30,0,0,200,2424,0.06
2026-09-14T04:20:47Z,40,41,30,0,0,200,2424,0.06
2026-09-14T04:20:49Z,40,41,30,0,0,200,2424,0.06
2026-09-14T04:20:51Z,41,41,30,0,0,200,2425,0.05
2026-09-14T04:20:53Z,41,41,30,0,0,200,2425,0.05
2026-09-14T04:20:56Z,40,41,30,0,0,200,2424,0.05
2026-09-14T04:20:58Z,40,41,30,0,0,200,2424,0.05
2026-09-14T04:21:00Z,40,41,30,0,0,200,2424,0.05
2026-09-14T04:21:02Z,40,41,30,0,0,200,2424,0.04
2026-09-14T04:21:04Z,40,41,30,0,0,200,2424,0.04
2026-09-14T04:21:06Z,40,41,30,0,0,200,2424,0.04
2026-09-14T04:21:08Z,41,41,30,0,0,200,2424,0.04
2026-09-14T04:21:10Z,40,41,30,0,0,200,2424,0.04
2026-09-14T04:21:12Z,40,41,30,0,0,200,2424,0.04
2026-09-14T04:21:14Z,41,41,30,0,0,200,2425,0.04
2026-09-14T04:21:16Z,41,41,30,0,0,200,2425,0.03
2026-09-14T04:21:18Z,40,41,30,0,0,200,2425,0.03
2026-09-14T04:21:20Z,41,41,30,0,0,200,2424,0.03
2026-09-14T04:21:22Z,40,41,30,0,0,200,2424,0.03
2026-09-14T04:21:24Z,41,41,30,0,0,200,2424,0.03
2026-09-14T04:21:26Z,41,41,30,0,0,200,2425,0.03
2026-09-14T04:21:28Z,40,41,30,0,0,200,2424,0.03
2026-09-14T04:21:30Z,41,41,30,0,0,200,2424,0.02
2026-09-14T04:21:32Z,41,41,30,0,0,200,2425,0.02
2026-09-14T04:21:34Z,41,41,30,0,0,200,2424,0.02
2026-09-14T04:21:37Z,41,41,30,0,0,200,2424,0.02
2026-09-14T04:21:39Z,41,41,30,0,0,200,2424,0.02
2026-09-14T04:21:41Z,40,41,30,0,0,200,2424,0.02
2026-09-14T04:21:43Z,40,41,30,0,0,200,2424,0.02
2026-09-14T04:21:45Z,40,41,30,0,0,200,2424,0.02
2026-09-14T04:21:47Z,40,41,30,0,0,200,2425,0.02
2026-09-14T04:21:49Z,40,41,30,0,0,200,2425,0.02
2026-09-14T04:21:51Z,41,41,30,0,0,200,2424,0.02
2026-09-14T04:21:53Z,41,41,30,0,0,200,2424,0.02
2026-09-14T04:21:55Z,40,41,30,0,0,200,2424,0.02
2026-09-14T04:21:57Z,41,41,30,0,0,200,2425,0.02
2026-09-14T04:21:59Z,40,41,30,0,0,200,2424,0.02
2026-09-14T04:22:01Z,40,41,30,0,0,200,2424,0.09
2026-09-14T04:22:03Z,40,41,30,0,0,200,2424,0.09
2026-09-14T04:22:05Z,40,41,30,0,0,200,2425,0.09
2026-09-14T04:22:07Z,41,41,30,0,0,200,2425,0.09
2026-09-14T04:22:09Z,41,41,30,0,0,200,2426,0.09
2026-09-14T04:22:11Z,40,41,30,0,0,200,2423,0.08
2026-09-14T04:22:13Z,40,41,30,0,0,200,2424,0.08
2026-09-14T04:22:15Z,40,41,30,0,0,200,2425,0.07
2026-09-14T04:22:18Z,40,41,30,0,0,200,2424,0.07
2026-09-14T04:22:20Z,40,41,30,0,0,200,2424,0.07
2026-09-14T04:22:22Z,40,41,30,0,0,200,2425,0.07
2026-09-14T04:22:24Z,40,41,30,0,0,200,2427,0.07
2026-09-14T04:22:26Z,41,41,30,0,0,200,2425,0.06
2026-09-14T04:22:28Z,40,41,30,0,0,200,2424,0.06
2026-09-14T04:22:30Z,41,41,30,0,0,200,2425,0.14
2026-09-14T04:22:32Z,40,41,30,0,0,200,2425,0.14
2026-09-14T04:22:34Z,40,41,30,0,0,200,2425,0.14
2026-09-14T04:22:36Z,40,41,30,0,0,200,2424,0.13
2026-09-14T04:22:38Z,40,41,30,0,0,200,2425,0.13
2026-09-14T04:22:40Z,40,41,30,0,0,200,2425,0.12
2026-09-14T04:22:42Z,40,41,30,0,0,200,2424,0.12
2026-09-14T04:22:44Z,40,41,30,0,0,200,2424,0.12
2026-09-14T04:22:46Z,41,41,30,0,0,200,2425,0.11
2026-09-14T04:22:48Z,40,41,30,0,0,200,2425,0.11
2026-09-14T04:22:50Z,41,41,30,0,0,200,2424,0.10
2026-09-14T04:22:52Z,40,41,30,0,0,200,2424,0.10
2026-09-14T04:22:54Z,40,41,30,0,0,200,2424,0.10
2026-09-14T04:22:56Z,40,41,30,0,0,200,2424,0.09
2026-09-14T04:22:59Z,40,41,30,0,0,200,2424,0.09
2026-09-14T04:23:01Z,40,41,30,0,0,200,2424,0.08
2026-09-14T04:23:03Z,40,41,30,0,0,200,2425,0.08
2026-09-14T04:23:05Z,40,41,30,0,0,200,2424,0.08
2026-09-14T04:23:07Z,41,41,30,0,0,200,2424,0.08
2026-09-14T04:23:09Z,40,41,30,0,0,200,2424,0.08
2026-09-14T04:23:11Z,40,41,30,0,0,200,2424,0.07
2026-09-14T04:23:13Z,41,41,30,0,0,200,2425,0.07
2026-09-14T04:23:15Z,41,41,30,0,0,200,2425,0.06
2026-09-14T04:23:17Z,40,41,30,0,0,200,2425,0.06
2026-09-14T04:23:19Z,40,41,30,0,0,200,2424,0.06
2026-09-14T04:23:21Z,40,41,30,0,0,200,2424,0.06
2026-09-14T04:23:23Z,41,41,30,0,0,200,2424,0.06
2026-09-14T04:23:25Z,40,41,30,0,0,200,2424,0.05
2026-09-14T04:23:27Z,40,41,30,0,0,200,2424,0.05
2026-09-14T04:23:29Z,40,41,30,0,0,200,2426,0.05
2026-09-14T04:23:31Z,40,41,30,0,0,200,2425,0.05
2026-09-14T04:23:33Z,40,41,30,0,0,200,2425,0.05
2026-09-14T04:23:35Z,40,41,30,0,0,200,2424,0.04
2026-09-14T04:23:37Z,40,41,30,0,0,200,2424,0.04
2026-09-14T04:23:40Z,40,41,30,0,0,200,2424,0.04
2026-09-14T04:23:42Z,40,41,30,0,0,200,2424,0.04
2026-09-14T04:23:44Z,41,41,30,0,0,200,2424,0.04
2026-09-14T04:23:46Z,40,41,30,0,0,200,2425,0.04
2026-09-14T04:23:48Z,40,41,30,0,0,200,2424,0.04
2026-09-14T04:23:50Z,41,41,30,0,0,200,2424,0.04
2026-09-14T04:23:52Z,40,41,30,0,0,200,2425,0.03
2026-09-14T04:23:54Z,40,41,30,0,0,200,2424,0.03
2026-09-14T04:23:56Z,40,41,30,0,0,200,2424,0.03
2026-09-14T04:23:58Z,41,41,30,0,0,200,2424,0.03
2026-09-14T04:24:00Z,41,41,30,0,0,200,2425,0.03
2026-09-14T04:24:02Z,40,41,30,0,0,200,2424,0.03
2026-09-14T04:24:04Z,40,41,30,0,0,200,2425,0.03
2026-09-14T04:24:06Z,40,41,30,0,0,200,2426,0.03
2026-09-14T04:24:08Z,40,41,30,0,0,200,2424,0.03
2026-09-14T04:24:10Z,41,41,30,0,0,200,2424,0.02
2026-09-14T04:24:12Z,40,41,30,0,0,200,2420,0.02
2026-09-14T04:24:14Z,40,41,30,0,0,200,2424,0.02
2026-09-14T04:24:16Z,40,41,30,0,0,200,2425,0.02
2026-09-14T04:24:18Z,41,41,30,0,0,200,2424,0.02
2026-09-14T04:24:21Z,40,41,30,0,0,200,2424,0.02
2026-09-14T04:24:23Z,40,41,30,0,0,200,2424,0.02
2026-09-14T04:24:25Z,41,41,30,0,0,200,2424,0.02
2026-09-14T04:24:27Z,40,41,30,0,0,200,2424,0.02
2026-09-14T04:24:29Z,41,41,30,0,0,200,2426,0.02
2026-09-14T04:24:31Z,40,41,30,0,0,200,2424,0.02
2026-09-14T04:24:33Z,40,41,30,0,0,200,2424,0.02
2026-09-14T04:24:35Z,41,41,30,0,0,200,2424,0.01
2026-09-14T04:24:37Z,41,41,30,0,0,200,2424,0.01
2026-09-14T04:24:39Z,40,41,30,0,0,200,2424,0.01
2026-09-14T04:24:41Z,40,41,30,0,0,200,2426,0.01
2026-09-14T04:24:43Z,41,41,30,0,0,200,2424,0.01
2026-09-14T04:24:45Z,40,41,30,0,0,200,2424,0.01
2026-09-14T04:24:47Z,40,41,30,0,0,200,2424,0.01
2026-09-14T04:24:49Z,41,41,30,0,0,200,2425,0.01
2026-09-14T04:24:51Z,41,41,30,0,0,200,2424,0.01
2026-09-14T04:24:53Z,40,41,30,0,0,200,2424,0.01
2026-09-14T04:24:55Z,40,41,30,0,0,200,2424,0.01
2026-09-14T04:24:57Z,40,41,30,0,0,200,2424,0.01
2026-09-14T04:24:59Z,40,41,30,0,0,200,2424,0.01
2026-09-14T04:25:02Z,41,41,30,0,0,200,2425,0.01
2026-09-14T04:25:04Z,40,41,30,0,0,200,2425,0.01
2026-09-14T04:25:06Z,41,41,30,0,0,200,2424,0.01
2026-09-14T04:25:08Z,41,41,30,0,0,200,2425,0.01
2026-09-14T04:25:10Z,40,41,30,0,0,200,2424,0.01
2026-09-14T04:25:12Z,40,41,30,0,0,200,2425,0.01
2026-09-14T04:25:14Z,40,41,30,0,0,200,2424,0.01
2026-09-14T04:25:16Z,41,41,30,0,0,200,2424,0.01
2026-09-14T04:25:18Z,40,41,30,0,0,200,2424,0.01
2026-09-14T04:25:20Z,41,41,30,0,0,200,2424,0.00
2026-09-14T04:25:22Z,40,41,30,0,0,200,2424,0.00
2026-09-14T04:25:24Z,41,41,30,0,0,200,2425,0.00
2026-09-14T04:25:26Z,41,41,30,0,0,200,2424,0.00
2026-09-14T04:25:28Z,40,41,30,0,0,200,2425,0.00
2026-09-14T04:25:30Z,40,41,30,0,0,200,2426,0.00
2026-09-14T04:25:32Z,40,41,30,0,0,200,2424,0.00
2026-09-14T04:25:34Z,40,41,30,0,0,200,2426,0.00
2026-09-14T04:25:36Z,40,41,30,0,0,200,2424,0.00
2026-09-14T04:25:38Z,40,41,30,0,0,200,2426,0.00
2026-09-14T04:25:40Z,41,41,30,0,0,200,2424,0.00
2026-09-14T04:25:43Z,40,41,30,0,0,200,2424,0.00
2026-09-14T04:25:45Z,40,41,30,0,0,200,2424,0.00
2026-09-14T04:25:47Z,41,41,30,0,0,200,2425,0.00
2026-09-14T04:25:49Z,40,41,30,0,0,200,2425,0.00
2026-09-14T04:25:51Z,40,41,30,0,0,200,2425,0.00
2026-09-14T04:25:53Z,40,41,30,0,0,200,2426,0.00
2026-09-14T04:25:55Z,40,41,30,0,0,200,2424,0.00
2026-09-14T04:25:57Z,40,41,30,0,0,200,2425,0.00
2026-09-14T04:25:59Z,40,41,30,0,0,200,2424,0.00
2026-09-14T04:26:01Z,40,41,30,0,0,200,2425,0.00
2026-09-14T04:26:03Z,40,41,30,0,0,200,2424,0.00
2026-09-14T04:26:05Z,41,41,30,0,0,200,2424,0.00
2026-09-14T04:26:07Z,41,41,30,0,0,200,2424,0.00
2026-09-14T04:26:09Z,40,41,30,0,0,200,2424,0.00
2026-09-14T04:26:11Z,40,41,30,0,0,200,2424,0.00
2026-09-14T04:26:13Z,40,41,30,0,0,200,2424,0.00
2026-09-14T04:26:15Z,40,41,30,0,0,200,2425,0.00
2026-09-14T04:26:17Z,40,41,30,0,0,200,2424,0.00
2026-09-14T04:26:19Z,41,41,30,0,0,200,2424,0.00
2026-09-14T04:26:21Z,40,41,30,0,0,200,2424,0.00
2026-09-14T04:26:24Z,41,41,30,0,0,200,2425,0.00
2026-09-14T04:26:26Z,40,41,30,0,0,200,2424,0.00
2026-09-14T04:26:28Z,41,41,30,0,0,200,2424,0.00
2026-09-14T04:26:30Z,41,41,30,0,0,200,2424,0.00
2026-09-14T04:26:32Z,40,41,30,0,0,200,2424,0.00
2026-09-14T04:26:34Z,40,41,30,0,0,200,2424,0.00
2026-09-14T04:26:36Z,40,41,30,0,0,200,2424,0.00
2026-09-14T04:26:38Z,41,41,30,0,0,200,2424,0.00
2026-09-14T04:26:40Z,41,41,30,0,0,200,2424,0.00
2026-09-14T04:26:42Z,41,41,30,0,0,200,2426,0.00
2026-09-14T04:26:44Z,40,41,30,0,0,200,2425,0.00
2026-09-14T04:26:46Z,40,41,30,0,0,200,2424,0.00
2026-09-14T04:26:48Z,40,41,30,0,0,200,2424,0.00
2026-09-14T04:26:50Z,40,41,30,0,0,200,2424,0.00
2026-09-14T04:26:52Z,41,41,30,0,0,200,2425,0.00
2026-09-14T04:26:54Z,40,41,30,0,0,200,2424,0.00
2026-09-14T04:26:56Z,41,41,30,0,0,200,2425,0.00
2026-09-14T04:26:58Z,40,41,30,0,0,200,2420,0.00
2026-09-14T04:27:00Z,40,41,30,0,0,200,2424,0.00
2026-09-14T04:27:02Z,40,41,30,0,0,200,2424,0.00
2026-09-14T04:27:05Z,41,41,30,0,0,200,2424,0.00
2026-09-14T04:27:07Z,40,41,30,0,0,200,2436,0.00
2026-09-14T04:27:09Z,40,41,30,0,0,200,2424,0.00
2026-09-14T04:27:11Z,40,41,30,0,0,200,2425,0.00
2026-09-14T04:27:13Z,41,41,30,0,0,200,2424,0.00
2026-09-14T04:27:15Z,40,41,30,0,0,200,2424,0.00
2026-09-14T04:27:17Z,40,41,30,0,0,200,2425,0.00
2026-09-14T04:27:19Z,40,41,30,0,0,200,2424,0.00
2026-09-14T04:27:21Z,40,41,30,0,0,200,2425,0.00
2026-09-14T04:27:23Z,40,41,30,0,0,200,2425,0.00
2026-09-14T04:27:25Z,40,41,30,0,0,200,2425,0.00
2026-09-14T04:27:27Z,41,41,30,0,0,200,2424,0.00
2026-09-14T04:27:29Z,40,41,30,0,0,200,2426,0.00
2026-09-14T04:27:31Z,40,41,30,0,0,200,2424,0.00
2026-09-14T04:27:33Z,40,41,30,0,0,200,2427,0.00
2026-09-14T04:27:35Z,41,41,30,0,0,200,2424,0.00
2026-09-14T04:27:37Z,41,41,30,0,0,200,2424,0.00
2026-09-14T04:27:39Z,40,41,30,0,0,200,2424,0.00
2026-09-14T04:27:41Z,40,41,30,0,0,200,2424,0.00
2026-09-14T04:27:43Z,41,41,30,0,0,200,2424,0.00
2026-09-14T04:27:46Z,40,41,30,0,0,200,2425,0.00
2026-09-14T04:27:48Z,41,41,30,0,0,200,2424,0.00
2026-09-14T04:27:50Z,40,41,30,0,0,200,2424,0.00
2026-09-14T04:27:52Z,41,41,30,0,0,200,2424,0.00
2026-09-14T04:27:54Z,40,41,30,0,0,200,2424,0.00
2026-09-14T04:27:56Z,40,41,30,0,0,200,2424,0.00
2026-09-14T04:27:58Z,40,41,30,0,0,200,2425,0.00
2026-09-14T04:28:00Z,41,41,30,0,0,200,2424,0.00
2026-09-14T04:28:02Z,41,41,30,0,0,200,2424,0.00
2026-09-14T04:28:04Z,41,41,30,0,0,200,2424,0.00
2026-09-14T04:28:06Z,41,41,30,0,0,200,2424,0.00
2026-09-14T04:28:08Z,40,41,30,0,0,200,2424,0.00
2026-09-14T04:28:10Z,40,41,30,0,0,200,2424,0.00
2026-09-14T04:28:12Z,40,41,30,0,0,200,2424,0.00
2026-09-14T04:28:14Z,41,41,30,0,0,200,2426,0.00
2026-09-14T04:28:16Z,40,41,30,0,0,200,2426,0.00
2026-09-14T04:28:18Z,41,41,30,0,0,200,2424,0.00
2026-09-14T04:28:20Z,40,41,30,0,0,200,2426,0.00
2026-09-14T04:28:22Z,40,41,30,0,0,200,2424,0.00
2026-09-14T04:28:24Z,40,41,30,0,0,200,2424,0.00
2026-09-14T04:28:27Z,41,41,30,0,0,200,2424,0.00
2026-09-14T04:28:29Z,41,41,30,0,0,200,2425,0.00
2026-09-14T04:28:31Z,40,41,30,0,0,200,2426,0.00
2026-09-14T04:28:33Z,41,41,30,0,0,200,2424,0.00
2026-09-14T04:28:35Z,40,41,30,0,0,200,2424,0.00
2026-09-14T04:28:37Z,40,41,30,0,0,200,2424,0.00
2026-09-14T04:28:39Z,40,41,30,0,0,200,2424,0.00
2026-09-14T04:28:41Z,40,41,30,0,0,200,2424,0.00
2026-09-14T04:28:43Z,41,41,30,0,0,200,2426,0.00
2026-09-14T04:28:45Z,41,41,30,0,0,200,2425,0.00
2026-09-14T04:28:47Z,40,41,30,0,0,200,2424,0.00
2026-09-14T04:28:49Z,40,41,30,0,0,200,2424,0.00
2026-09-14T04:28:51Z,40,41,30,0,0,200,2424,0.00
2026-09-14T04:28:53Z,40,41,30,0,0,200,2425,0.00
2026-09-14T04:28:55Z,40,41,30,0,0,200,2424,0.00
2026-09-14T04:28:57Z,41,41,30,0,0,200,2426,0.00
2026-09-14T04:28:59Z,40,41,30,0,0,200,2424,0.00
2026-09-14T04:29:01Z,41,41,30,0,0,200,2425,0.00
2026-09-14T04:29:03Z,40,41,30,0,0,200,2425,0.00
2026-09-14T04:29:05Z,40,41,30,0,0,200,2424,0.00
2026-09-14T04:29:08Z,41,41,30,0,0,200,2424,0.00
2026-09-14T04:29:10Z,41,41,30,0,0,200,2424,0.00
2026-09-14T04:29:12Z,40,41,30,0,0,200,2424,0.00
2026-09-14T04:29:14Z,40,41,30,0,0,200,2424,0.00
2026-09-14T04:29:16Z,40,41,30,0,0,200,2424,0.00
2026-09-14T04:29:18Z,40,41,30,0,0,200,2424,0.00
2026-09-14T04:29:20Z,40,41,30,0,0,200,2424,0.00
2026-09-14T04:29:22Z,41,41,30,0,0,200,2424,0.00
2026-09-14T04:29:24Z,40,41,30,0,0,200,2425,0.00
2026-09-14T04:29:26Z,40,41,30,0,0,200,2425,0.00
2026-09-14T04:29:28Z,41,41,30,0,0,200,2425,0.00
2026-09-14T04:29:30Z,40,41,30,0,0,200,2424,0.00
2026-09-14T04:29:32Z,40,41,30,0,0,200,2424,0.00
2026-09-14T04:29:34Z,40,41,30,0,0,200,2424,0.00
2026-09-14T04:29:36Z,40,41,30,0,0,200,2425,0.00
2026-09-14T04:29:38Z,41,41,30,0,0,200,2426,0.00
2026-09-14T04:29:40Z,40,41,30,0,0,200,2425,0.00
2026-09-14T04:29:42Z,40,41,30,0,0,200,2424,0.00
2026-09-14T04:29:44Z,41,41,30,0,0,200,2426,0.00
2026-09-14T04:29:46Z,41,41,30,0,0,200,2425,0.00
2026-09-14T04:29:49Z,41,41,30,0,0,200,2425,0.00
2026-09-14T04:29:51Z,40,41,30,0,0,200,2425,0.00
2026-09-14T04:29:53Z,40,41,30,0,0,200,2425,0.00
2026-09-14T04:29:55Z,41,41,30,0,0,200,2426,0.00
2026-09-14T04:29:57Z,41,41,30,0,0,200,2425,0.00
2026-09-14T04:29:59Z,41,41,30,0,0,200,2424,0.00
2026-09-14T04:30:01Z,40,41,30,0,0,200,2424,0.00
2026-09-14T04:30:03Z,40,41,30,0,0,200,2425,0.00
2026-09-14T04:30:05Z,40,41,30,0,0,200,2425,0.08
2026-09-14T04:30:07Z,41,41,30,0,0,200,2424,0.08
2026-09-14T04:30:09Z,40,41,30,0,0,200,2424,0.08
2026-09-14T04:30:11Z,40,41,30,0,0,200,2424,0.07
2026-09-14T04:30:13Z,40,41,30,0,0,200,2425,0.07
2026-09-14T04:30:15Z,40,41,30,0,0,200,2424,0.07
2026-09-14T04:30:17Z,40,41,30,0,0,200,2424,0.07
2026-09-14T04:30:19Z,40,41,30,0,0,200,2424,0.07
2026-09-14T04:30:21Z,40,41,30,0,0,200,2424,0.06
2026-09-14T04:30:23Z,40,41,30,0,0,200,2424,0.06
2026-09-14T04:30:25Z,40,41,30,0,0,200,2424,0.06
2026-09-14T04:30:27Z,41,41,30,0,0,200,2424,0.06
2026-09-14T04:30:30Z,41,41,30,0,0,200,2420,0.06
2026-09-14T04:30:32Z,40,41,30,0,0,200,2424,0.05
2026-09-14T04:30:34Z,40,41,30,0,0,200,2424,0.05
2026-09-14T04:30:36Z,40,41,30,0,0,200,2425,0.21
2026-09-14T04:30:38Z,41,41,30,0,0,200,2424,0.21
2026-09-14T04:30:40Z,40,41,30,0,0,200,2424,0.21
2026-09-14T04:30:42Z,41,41,30,0,0,200,2424,0.19
2026-09-14T04:30:44Z,41,41,30,0,0,200,2424,0.19
2026-09-14T04:30:46Z,40,41,30,0,0,200,2425,0.17
2026-09-14T04:30:48Z,40,41,30,0,0,200,2425,0.17
2026-09-14T04:30:50Z,41,41,30,0,0,200,2424,0.16
2026-09-14T04:30:52Z,40,41,30,0,0,200,2425,0.16
2026-09-14T04:30:54Z,40,41,30,0,0,200,2425,0.16
2026-09-14T04:30:56Z,40,41,30,0,0,200,2425,0.15
2026-09-14T04:30:58Z,40,41,30,0,0,200,2424,0.15
2026-09-14T04:31:00Z,41,41,30,0,0,200,2424,0.14
2026-09-14T04:31:02Z,40,41,30,0,0,200,2426,0.14
2026-09-14T04:31:04Z,40,41,30,0,0,200,2424,0.14
2026-09-14T04:31:06Z,40,41,30,0,0,200,2425,0.12
2026-09-14T04:31:08Z,40,41,30,0,0,200,2424,0.12
2026-09-14T04:31:10Z,40,41,30,0,0,200,2424,0.11
2026-09-14T04:31:13Z,40,41,30,0,0,200,2425,0.11
2026-09-14T04:31:15Z,40,41,30,0,0,200,2424,0.11
2026-09-14T04:31:17Z,40,41,30,0,0,200,2424,0.10
2026-09-14T04:31:19Z,41,41,30,0,0,200,2424,0.10
2026-09-14T04:31:21Z,41,41,30,0,0,200,2424,0.10
2026-09-14T04:31:23Z,41,41,30,0,0,200,2425,0.10
2026-09-14T04:31:25Z,40,41,30,0,0,200,2424,0.10
2026-09-14T04:31:27Z,40,41,30,0,0,200,2424,0.09
2026-09-14T04:31:29Z,40,41,30,0,0,200,2425,0.09
2026-09-14T04:31:31Z,41,41,30,0,0,200,2424,0.08
2026-09-14T04:31:33Z,40,41,30,0,0,200,2424,0.08
2026-09-14T04:31:35Z,40,41,30,0,0,200,2424,0.07
2026-09-14T04:31:37Z,41,41,30,0,0,200,2424,0.07
2026-09-14T04:31:39Z,40,41,30,0,0,200,2425,0.07
2026-09-14T04:31:41Z,40,41,30,0,0,200,2424,0.07
2026-09-14T04:31:43Z,40,41,30,0,0,200,2424,0.07
2026-09-14T04:31:45Z,40,41,30,0,0,200,2424,0.06
2026-09-14T04:31:47Z,40,41,30,0,0,200,2424,0.06
2026-09-14T04:31:49Z,40,41,30,0,0,200,2424,0.06
2026-09-14T04:31:51Z,40,41,30,0,0,200,2424,0.06
2026-09-14T04:31:54Z,40,41,30,0,0,200,2424,0.06
2026-09-14T04:31:56Z,41,41,30,0,0,200,2426,0.05
2026-09-14T04:31:58Z,40,41,30,0,0,200,2425,0.05
2026-09-14T04:32:00Z,41,41,30,0,0,200,2424,0.05
2026-09-14T04:32:02Z,40,41,30,0,0,200,2424,0.05
2026-09-14T04:32:04Z,40,41,30,0,0,200,2424,0.05
2026-09-14T04:32:06Z,40,41,30,0,0,200,2424,0.04
2026-09-14T04:32:08Z,40,41,30,0,0,200,2424,0.04
2026-09-14T04:32:10Z,41,41,30,0,0,200,2424,0.04
2026-09-14T04:32:12Z,40,41,30,0,0,200,2424,0.04
2026-09-14T04:32:14Z,41,41,30,0,0,200,2424,0.04
2026-09-14T04:32:16Z,40,41,30,0,0,200,2424,0.04
2026-09-14T04:32:18Z,40,41,30,0,0,200,2424,0.04
2026-09-14T04:32:20Z,40,41,30,0,0,200,2424,0.03
2026-09-14T04:32:22Z,41,41,30,0,0,200,2425,0.03
2026-09-14T04:32:24Z,41,41,30,0,0,200,2425,0.03
2026-09-14T04:32:26Z,41,41,30,0,0,200,2425,0.03
2026-09-14T04:32:28Z,40,41,30,0,0,200,2425,0.03
2026-09-14T04:32:30Z,40,41,30,0,0,200,2424,0.03
2026-09-14T04:32:32Z,40,41,30,0,0,200,2424,0.03
2026-09-14T04:32:35Z,40,41,30,0,0,200,2425,0.03
2026-09-14T04:32:37Z,40,41,30,0,0,200,2424,0.02
2026-09-14T04:32:39Z,40,41,30,0,0,200,2425,0.02
2026-09-14T04:32:41Z,40,41,30,0,0,200,2424,0.02
2026-09-14T04:32:43Z,40,41,30,0,0,200,2424,0.02
2026-09-14T04:32:45Z,41,41,30,0,0,200,2424,0.02
2026-09-14T04:32:47Z,40,41,30,0,0,200,2424,0.02
2026-09-14T04:32:49Z,41,41,30,0,0,200,2425,0.02
2026-09-14T04:32:51Z,40,41,30,0,0,200,2424,0.02
2026-09-14T04:32:53Z,40,41,30,0,0,200,2424,0.02
2026-09-14T04:32:55Z,41,41,30,0,0,200,2424,0.02
2026-09-14T04:32:57Z,41,41,30,0,0,200,2425,0.02
2026-09-14T04:32:59Z,41,41,30,0,0,200,2424,0.02
2026-09-14T04:33:01Z,40,41,30,0,0,200,2424,0.02
2026-09-14T04:33:03Z,40,41,30,0,0,200,2425,0.02
2026-09-14T04:33:05Z,40,41,30,0,0,200,2425,0.09
2026-09-14T04:33:07Z,41,41,30,0,0,200,2424,0.09
2026-09-14T04:33:09Z,40,41,30,0,0,200,2424,0.09
2026-09-14T04:33:11Z,40,41,30,0,0,200,2424,0.17
2026-09-14T04:33:13Z,40,41,30,0,0,200,2424,0.17
2026-09-14T04:33:16Z,41,41,30,0,0,200,2424,0.15
2026-09-14T04:33:18Z,40,41,30,0,0,200,2424,0.15
2026-09-14T04:33:20Z,40,41,30,0,0,200,2424,0.15
2026-09-14T04:33:22Z,41,41,30,0,0,200,2426,0.14
2026-09-14T04:33:24Z,40,41,30,0,0,200,2424,0.14
2026-09-14T04:33:26Z,41,41,30,0,0,200,2424,0.13
2026-09-14T04:33:28Z,40,41,30,0,0,200,2424,0.13
2026-09-14T04:33:30Z,41,41,30,0,0,200,2425,0.13
2026-09-14T04:33:32Z,41,41,30,0,0,200,2425,0.12
2026-09-14T04:33:34Z,41,41,30,0,0,200,2425,0.12
2026-09-14T04:33:36Z,40,41,30,0,0,200,2425,0.11
2026-09-14T04:33:38Z,41,41,30,0,0,200,2424,0.11
2026-09-14T04:33:40Z,40,41,30,0,0,200,2425,0.10
2026-09-14T04:33:42Z,41,41,30,0,0,200,2424,0.10
2026-09-14T04:33:44Z,40,41,30,0,0,200,2424,0.10
2026-09-14T04:33:46Z,40,41,30,0,0,200,2424,0.09
2026-09-14T04:33:48Z,41,41,30,0,0,200,2425,0.09
2026-09-14T04:33:50Z,41,41,30,0,0,200,2424,0.08
2026-09-14T04:33:52Z,40,41,30,0,0,200,2425,0.08
2026-09-14T04:33:54Z,40,41,30,0,0,200,2424,0.08
2026-09-14T04:33:57Z,40,41,30,0,0,200,2424,0.08
2026-09-14T04:33:59Z,41,41,30,0,0,200,2424,0.08
2026-09-14T04:34:01Z,40,41,30,0,0,200,2424,0.07
2026-09-14T04:34:03Z,41,41,30,0,0,200,2424,0.07
2026-09-14T04:34:05Z,40,41,30,0,0,200,2424,0.07
2026-09-14T04:34:07Z,40,41,30,0,0,200,2424,0.06
2026-09-14T04:34:09Z,41,41,30,0,0,200,2424,0.06
2026-09-14T04:34:11Z,40,41,30,0,0,200,2424,0.06
2026-09-14T04:34:13Z,41,41,30,0,0,200,2424,0.06
2026-09-14T04:34:15Z,41,41,30,0,0,200,2424,0.05
2026-09-14T04:34:17Z,40,41,30,0,0,200,2424,0.05
2026-09-14T04:34:19Z,41,41,30,0,0,200,2426,0.05
2026-09-14T04:34:21Z,40,41,30,0,0,200,2424,0.05
2026-09-14T04:34:23Z,41,41,30,0,0,200,2424,0.05
2026-09-14T04:34:25Z,41,41,30,0,0,200,2425,0.05
2026-09-14T04:34:27Z,40,41,30,0,0,200,2424,0.05
2026-09-14T04:34:29Z,41,41,30,0,0,200,2425,0.05
2026-09-14T04:34:31Z,41,41,30,0,0,200,2425,0.04
2026-09-14T04:34:33Z,40,41,30,0,0,200,2427,0.04
2026-09-14T04:34:35Z,40,41,30,0,0,200,2424,0.04
2026-09-14T04:34:38Z,40,41,30,0,0,200,2424,0.04
2026-09-14T04:34:40Z,40,41,30,0,0,200,2425,0.04
2026-09-14T04:34:42Z,41,41,30,0,0,200,2424,0.04
2026-09-14T04:34:44Z,41,41,30,0,0,200,2427,0.04
2026-09-14T04:34:46Z,40,41,30,0,0,200,2424,0.03
2026-09-14T04:34:48Z,40,41,30,0,0,200,2424,0.03
2026-09-14T04:34:50Z,40,41,30,0,0,200,2424,0.03
2026-09-14T04:34:52Z,41,41,30,0,0,200,2425,0.03
2026-09-14T04:34:54Z,40,41,30,0,0,200,2424,0.03
2026-09-14T04:34:56Z,40,41,30,0,0,200,2425,0.03
2026-09-14T04:34:58Z,40,41,30,0,0,200,2424,0.03
2026-09-14T04:35:00Z,41,41,30,0,0,200,2424,0.02
2026-09-14T04:35:02Z,40,41,30,0,0,200,2425,0.02
2026-09-14T04:35:04Z,41,41,30,0,0,200,2424,0.02
2026-09-14T04:35:06Z,40,41,30,0,0,200,2425,0.02
2026-09-14T04:35:08Z,41,41,30,0,0,200,2424,0.02
2026-09-14T04:35:10Z,40,41,30,0,0,200,2424,0.02
2026-09-14T04:35:12Z,40,41,30,0,0,200,2416,0.02
2026-09-14T04:35:14Z,40,41,30,0,0,200,2425,0.02
2026-09-14T04:35:16Z,40,41,30,0,0,200,2424,0.02
2026-09-14T04:35:19Z,41,41,30,0,0,200,2425,0.02
2026-09-14T04:35:21Z,40,41,30,0,0,200,2424,0.02
2026-09-14T04:35:23Z,41,41,30,0,0,200,2424,0.02
2026-09-14T04:35:25Z,40,41,30,0,0,200,2425,0.02
2026-09-14T04:35:27Z,40,41,30,0,0,200,2424,0.02
2026-09-14T04:35:29Z,40,41,30,0,0,200,2424,0.02
2026-09-14T04:35:31Z,40,41,30,0,0,200,2424,0.17
2026-09-14T04:35:33Z,40,41,30,0,0,200,2424,0.17
2026-09-14T04:35:35Z,40,41,30,0,0,200,2424,0.17
2026-09-14T04:35:37Z,40,41,30,0,0,200,2424,0.16
2026-09-14T04:35:39Z,40,41,30,0,0,200,2424,0.16
2026-09-14T04:35:41Z,40,41,30,0,0,200,2425,0.15
2026-09-14T04:35:43Z,40,41,30,0,0,200,2424,0.15
2026-09-14T04:35:45Z,40,41,30,0,0,200,2424,0.13
2026-09-14T04:35:47Z,41,41,30,0,0,200,2426,0.13
2026-09-14T04:35:49Z,40,41,30,0,0,200,2424,0.13
2026-09-14T04:35:51Z,40,41,30,0,0,200,2424,0.12
2026-09-14T04:35:53Z,41,41,30,0,0,200,2424,0.12
2026-09-14T04:35:55Z,40,41,30,0,0,200,2424,0.11
2026-09-14T04:35:57Z,41,41,30,0,0,200,2425,0.11
2026-09-14T04:36:00Z,40,41,30,0,0,200,2424,0.11
2026-09-14T04:36:02Z,40,41,30,0,0,200,2424,0.10
2026-09-14T04:36:04Z,40,41,30,0,0,200,2424,0.10
2026-09-14T04:36:06Z,40,41,30,0,0,200,2424,0.10
2026-09-14T04:36:08Z,41,41,30,0,0,200,2424,0.10
2026-09-14T04:36:10Z,40,41,30,0,0,200,2425,0.10
2026-09-14T04:36:12Z,41,41,30,0,0,200,2426,0.09
2026-09-14T04:36:14Z,41,41,30,0,0,200,2424,0.09
2026-09-14T04:36:16Z,40,41,30,0,0,200,2426,0.08
2026-09-14T04:36:18Z,41,41,30,0,0,200,2425,0.08
2026-09-14T04:36:20Z,40,41,30,0,0,200,2424,0.07
2026-09-14T04:36:22Z,40,41,30,0,0,200,2424,0.07
2026-09-14T04:36:24Z,40,41,30,0,0,200,2425,0.07
2026-09-14T04:36:26Z,40,41,30,0,0,200,2424,0.07
2026-09-14T04:36:28Z,40,41,30,0,0,200,2425,0.07
2026-09-14T04:36:30Z,41,41,30,0,0,200,2425,0.06
2026-09-14T04:36:32Z,41,41,30,0,0,200,2424,0.06
2026-09-14T04:36:34Z,41,41,30,0,0,200,2424,0.06
2026-09-14T04:36:36Z,41,41,30,0,0,200,2426,0.06
2026-09-14T04:36:38Z,40,41,30,0,0,200,2425,0.06
2026-09-14T04:36:41Z,40,41,30,0,0,200,2424,0.05
2026-09-14T04:36:43Z,40,41,30,0,0,200,2425,0.05
2026-09-14T04:36:45Z,40,41,30,0,0,200,2424,0.05
2026-09-14T04:36:47Z,40,41,30,0,0,200,2424,0.05
2026-09-14T04:36:49Z,40,41,30,0,0,200,2425,0.05
2026-09-14T04:36:51Z,40,41,30,0,0,200,2424,0.04
2026-09-14T04:36:53Z,40,41,30,0,0,200,2425,0.04
2026-09-14T04:36:55Z,41,41,30,0,0,200,2424,0.04
2026-09-14T04:36:57Z,40,41,30,0,0,200,2424,0.04
2026-09-14T04:36:59Z,40,41,30,0,0,200,2424,0.04
2026-09-14T04:37:01Z,40,41,30,0,0,200,2424,0.04
2026-09-14T04:37:03Z,41,41,30,0,0,200,2425,0.04
2026-09-14T04:37:05Z,41,41,30,0,0,200,2424,0.03
2026-09-14T04:37:07Z,40,41,30,0,0,200,2424,0.03
2026-09-14T04:37:09Z,41,41,30,0,0,200,2424,0.03
2026-09-14T04:37:11Z,40,41,30,0,0,200,2424,0.03
2026-09-14T04:37:13Z,40,41,30,0,0,200,2424,0.03
2026-09-14T04:37:15Z,40,41,30,0,0,200,2424,0.03
2026-09-14T04:37:17Z,40,41,30,0,0,200,2424,0.03
2026-09-14T04:37:19Z,41,41,30,0,0,200,2424,0.03
2026-09-14T04:37:21Z,40,41,30,0,0,200,2424,0.02
2026-09-14T04:37:24Z,41,41,30,0,0,200,2424,0.02
2026-09-14T04:37:26Z,40,41,30,0,0,200,2424,0.02
2026-09-14T04:37:28Z,41,41,30,0,0,200,2423,0.02
2026-09-14T04:37:30Z,40,41,30,0,0,200,2426,0.02
2026-09-14T04:37:32Z,41,41,30,0,0,200,2424,0.02
2026-09-14T04:37:34Z,40,41,30,0,0,200,2425,0.02
2026-09-14T04:37:36Z,41,41,30,0,0,200,2424,0.02
2026-09-14T04:37:38Z,41,41,30,0,0,200,2424,0.02
2026-09-14T04:37:40Z,41,41,30,0,0,200,2425,0.02
2026-09-14T04:37:42Z,41,41,30,0,0,200,2425,0.02
2026-09-14T04:37:44Z,40,41,30,0,0,200,2424,0.02
2026-09-14T04:37:46Z,40,41,30,0,0,200,2424,0.02
2026-09-14T04:37:48Z,40,41,30,0,0,200,2424,0.02
2026-09-14T04:37:50Z,40,41,30,0,0,200,2425,0.01
2026-09-14T04:37:52Z,41,41,30,0,0,200,2425,0.01
2026-09-14T04:37:54Z,40,41,30,0,0,200,2424,0.01
2026-09-14T04:37:56Z,40,41,30,0,0,200,2424,0.09
2026-09-14T04:37:58Z,40,41,30,0,0,200,2425,0.09
2026-09-14T04:38:00Z,40,41,30,0,0,200,2425,0.08
2026-09-14T04:38:02Z,40,41,30,0,0,200,2424,0.08
2026-09-14T04:38:05Z,40,41,30,0,0,200,2425,0.08
2026-09-14T04:38:07Z,41,41,30,0,0,200,2424,0.08
2026-09-14T04:38:09Z,40,41,30,0,0,200,2424,0.08
2026-09-14T04:38:11Z,40,41,30,0,0,200,2425,0.07
2026-09-14T04:38:13Z,40,41,30,0,0,200,2424,0.07
2026-09-14T04:38:15Z,40,41,30,0,0,200,2424,0.07
2026-09-14T04:38:17Z,40,41,30,0,0,200,2425,0.07
2026-09-14T04:38:19Z,40,41,30,0,0,200,2425,0.07
2026-09-14T04:38:21Z,40,41,30,0,0,200,2424,0.06
2026-09-14T04:38:23Z,41,41,30,0,0,200,2424,0.06
2026-09-14T04:38:25Z,40,41,30,0,0,200,2424,0.06
2026-09-14T04:38:27Z,40,41,30,0,0,200,2424,0.06
2026-09-14T04:38:29Z,40,41,30,0,0,200,2425,0.06
2026-09-14T04:38:31Z,41,41,30,0,0,200,2424,0.05
2026-09-14T04:38:33Z,41,41,30,0,0,200,2425,0.05
2026-09-14T04:38:35Z,40,41,30,0,0,200,2427,0.05
2026-09-14T04:38:37Z,40,41,30,0,0,200,2425,0.05
2026-09-14T04:38:39Z,40,41,30,0,0,200,2424,0.05
2026-09-14T04:38:41Z,40,41,30,0,0,200,2424,0.04
2026-09-14T04:38:43Z,40,41,30,0,0,200,2424,0.04
2026-09-14T04:38:46Z,40,41,30,0,0,200,2424,0.04
2026-09-14T04:38:48Z,40,41,30,0,0,200,2424,0.04
2026-09-14T04:38:50Z,41,41,30,0,0,200,2425,0.04
2026-09-14T04:38:52Z,40,41,30,0,0,200,2424,0.04
2026-09-14T04:38:54Z,41,41,30,0,0,200,2424,0.04
2026-09-14T04:38:56Z,40,41,30,0,0,200,2425,0.03
2026-09-14T04:38:58Z,40,41,30,0,0,200,2424,0.03
2026-09-14T04:39:00Z,40,41,30,0,0,200,2425,0.03
2026-09-14T04:39:02Z,40,41,30,0,0,200,2425,0.03
2026-09-14T04:39:04Z,41,41,30,0,0,200,2424,0.03
2026-09-14T04:39:06Z,40,41,30,0,0,200,2427,0.03
2026-09-14T04:39:08Z,40,41,30,0,0,200,2424,0.03
2026-09-14T04:39:10Z,40,41,30,0,0,200,2424,0.02
2026-09-14T04:39:12Z,40,41,30,0,0,200,2424,0.02
2026-09-14T04:39:14Z,40,41,30,0,0,200,2424,0.02
2026-09-14T04:39:16Z,41,41,30,0,0,200,2425,0.02
2026-09-14T04:39:18Z,40,41,30,0,0,200,2426,0.02
2026-09-14T04:39:20Z,40,41,30,0,0,200,2424,0.02
2026-09-14T04:39:22Z,40,41,30,0,0,200,2424,0.02
2026-09-14T04:39:24Z,40,41,30,0,0,200,2424,0.02
2026-09-14T04:39:27Z,40,41,30,0,0,200,2424,0.02
2026-09-14T04:39:29Z,40,41,30,0,0,200,2424,0.02
2026-09-14T04:39:31Z,40,41,30,0,0,200,2425,0.02
2026-09-14T04:39:33Z,41,41,30,0,0,200,2425,0.02
2026-09-14T04:39:35Z,40,41,30,0,0,200,2424,0.02
2026-09-14T04:39:37Z,40,41,30,0,0,200,2424,0.02
2026-09-14T04:39:39Z,40,41,30,0,0,200,2426,0.02
2026-09-14T04:39:41Z,40,41,30,0,0,200,2424,0.01
2026-09-14T04:39:43Z,40,41,30,0,0,200,2424,0.01
2026-09-14T04:39:45Z,40,41,30,0,0,200,2425,0.01
2026-09-14T04:39:47Z,40,41,30,0,0,200,2424,0.01
2026-09-14T04:39:49Z,41,41,30,0,0,200,2425,0.01
2026-09-14T04:39:51Z,40,41,30,0,0,200,2424,0.01
2026-09-14T04:39:53Z,40,41,30,0,0,200,2424,0.01
2026-09-14T04:39:55Z,41,41,30,0,0,200,2425,0.01
2026-09-14T04:39:57Z,41,41,30,0,0,200,2425,0.01
2026-09-14T04:39:59Z,40,41,30,0,0,200,2424,0.01
2026-09-14T04:40:01Z,41,41,30,0,0,200,2424,0.01
2026-09-14T04:40:03Z,40,41,30,0,0,200,2425,0.01
2026-09-14T04:40:05Z,40,41,30,0,0,200,2424,0.01
2026-09-14T04:40:08Z,40,41,30,0,0,200,2424,0.01
2026-09-14T04:40:10Z,40,41,30,0,0,200,2423,0.01
2026-09-14T04:40:12Z,41,41,30,0,0,200,2426,0.01
2026-09-14T04:40:14Z,40,41,30,0,0,200,2424,0.01
2026-09-14T04:40:16Z,40,41,30,0,0,200,2424,0.01
2026-09-14T04:40:18Z,40,41,30,0,0,200,2425,0.01
2026-09-14T04:40:20Z,41,41,30,0,0,200,2424,0.01
2026-09-14T04:40:22Z,41,41,30,0,0,200,2426,0.01
2026-09-14T04:40:24Z,40,41,30,0,0,200,2425,0.01
2026-09-14T04:40:26Z,40,41,30,0,0,200,2425,0.00
2026-09-14T04:40:28Z,40,41,30,0,0,200,2424,0.00
2026-09-14T04:40:30Z,41,41,30,0,0,200,2426,0.00
2026-09-14T04:40:32Z,41,41,30,0,0,200,2424,0.00
2026-09-14T04:40:34Z,40,41,30,0,0,200,2425,0.00
2026-09-14T04:40:36Z,40,41,30,0,0,200,2425,0.00
2026-09-14T04:40:38Z,40,41,30,0,0,200,2424,0.00
2026-09-14T04:40:40Z,41,41,30,0,0,200,2424,0.00
2026-09-14T04:40:42Z,40,41,30,0,0,200,2424,0.00
2026-09-14T04:40:44Z,40,41,30,0,0,200,2424,0.00
2026-09-14T04:40:46Z,40,41,30,0,0,200,2424,0.00
2026-09-14T04:40:49Z,41,41,30,0,0,200,2424,0.00
2026-09-14T04:40:51Z,41,41,30,0,0,200,2424,0.00
2026-09-14T04:40:53Z,40,41,30,0,0,200,2425,0.00
2026-09-14T04:40:55Z,40,41,30,0,0,200,2424,0.00
2026-09-14T04:40:57Z,40,41,30,0,0,200,2425,0.00
2026-09-14T04:40:59Z,40,41,30,0,0,200,2424,0.00
2026-09-14T04:41:01Z,40,41,30,0,0,200,2424,0.00
2026-09-14T04:41:03Z,41,41,30,0,0,200,2424,0.00
2026-09-14T04:41:05Z,40,41,30,0,0,200,2424,0.00
2026-09-14T04:41:07Z,41,41,30,0,0,200,2424,0.00
2026-09-14T04:41:09Z,40,41,30,0,0,200,2424,0.00
2026-09-14T04:41:11Z,40,41,30,0,0,200,2424,0.00
2026-09-14T04:41:13Z,40,41,30,0,0,200,2424,0.00
2026-09-14T04:41:15Z,40,41,30,0,0,200,2426,0.00
2026-09-14T04:41:17Z,41,41,30,0,0,200,2424,0.00
2026-09-14T04:41:19Z,41,41,30,0,0,200,2428,0.00
2026-09-14T04:41:21Z,40,41,30,0,0,200,2422,0.00
2026-09-14T04:41:23Z,40,41,30,0,0,200,2424,0.00
2026-09-14T04:41:25Z,40,41,30,0,0,200,2424,0.00
2026-09-14T04:41:27Z,40,41,30,0,0,200,2424,0.00
2026-09-14T04:41:30Z,40,41,30,0,0,200,2424,0.00
2026-09-14T04:41:32Z,40,41,30,0,0,200,2425,0.00
2026-09-14T04:41:34Z,40,41,30,0,0,200,2426,0.00
2026-09-14T04:41:36Z,40,41,30,0,0,200,2424,0.00
2026-09-14T04:41:38Z,40,41,30,0,0,200,2424,0.00
2026-09-14T04:41:40Z,40,41,30,0,0,200,2424,0.00
2026-09-14T04:41:42Z,41,41,30,0,0,200,2424,0.00
2026-09-14T04:41:44Z,40,41,30,0,0,200,2425,0.00
2026-09-14T04:41:46Z,40,41,30,0,0,200,2424,0.00
2026-09-14T04:41:48Z,40,41,30,0,0,200,2425,0.00
2026-09-14T04:41:50Z,40,41,30,0,0,200,2424,0.00
2026-09-14T04:41:52Z,41,41,30,0,0,200,2424,0.00
2026-09-14T04:41:54Z,40,41,30,0,0,200,2424,0.00
2026-09-14T04:41:56Z,40,41,30,0,0,200,2426,0.00
2026-09-14T04:41:58Z,41,41,30,0,0,200,2424,0.00
2026-09-14T04:42:00Z,40,41,30,0,0,200,2425,0.00
2026-09-14T04:42:02Z,41,41,30,0,0,200,2425,0.00
2026-09-14T04:42:04Z,40,41,30,0,0,200,2424,0.00
2026-09-14T04:42:06Z,40,41,30,0,0,200,2425,0.00
2026-09-14T04:42:08Z,40,41,30,0,0,200,2424,0.00
2026-09-14T04:42:10Z,40,41,30,0,0,200,2424,0.00
2026-09-14T04:42:13Z,40,41,30,0,0,200,2424,0.00
2026-09-14T04:42:15Z,40,41,30,0,0,200,2425,0.00
2026-09-14T04:42:17Z,41,41,30,0,0,200,2426,0.00
2026-09-14T04:42:19Z,40,41,30,0,0,200,2424,0.00
2026-09-14T04:42:21Z,40,41,30,0,0,200,2424,0.00
2026-09-14T04:42:23Z,40,41,30,0,0,200,2424,0.00
2026-09-14T04:42:25Z,41,41,30,0,0,200,2424,0.00
2026-09-14T04:42:27Z,40,41,30,0,0,200,2424,0.00
2026-09-14T04:42:29Z,40,41,30,0,0,200,2424,0.00
2026-09-14T04:42:31Z,40,41,30,0,0,200,2424,0.00
2026-09-14T04:42:33Z,41,41,30,0,0,200,2424,0.00
2026-09-14T04:42:35Z,40,41,30,0,0,200,2425,0.00
2026-09-14T04:42:37Z,41,41,30,0,0,200,2424,0.00
2026-09-14T04:42:39Z,40,41,30,0,0,200,2424,0.00
2026-09-14T04:42:41Z,40,41,30,0,0,200,2424,0.00
2026-09-14T04:42:43Z,40,41,30,0,0,200,2424,0.00
2026-09-14T04:42:45Z,40,41,30,0,0,200,2424,0.00
2026-09-14T04:42:47Z,40,41,30,0,0,200,2425,0.00
2026-09-14T04:42:49Z,41,41,30,0,0,200,2426,0.00
2026-09-14T04:42:51Z,40,41,30,0,0,200,2424,0.00
2026-09-14T04:42:54Z,40,41,30,0,0,200,2425,0.00
2026-09-14T04:42:56Z,40,41,30,0,0,200,2425,0.00
2026-09-14T04:42:58Z,40,41,30,0,0,200,2424,0.00
2026-09-14T04:43:00Z,40,41,30,0,0,200,2424,0.00
2026-09-14T04:43:02Z,40,41,30,0,0,200,2424,0.00
2026-09-14T04:43:04Z,40,41,30,0,0,200,2425,0.00
2026-09-14T04:43:06Z,40,41,30,0,0,200,2425,0.00
2026-09-14T04:43:08Z,40,41,30,0,0,200,2424,0.00
2026-09-14T04:43:10Z,40,41,30,0,0,200,2424,0.00
2026-09-14T04:43:12Z,40,41,30,0,0,200,2424,0.00
2026-09-14T04:43:14Z,40,41,30,0,0,200,2424,0.00
2026-09-14T04:43:16Z,40,41,30,0,0,200,2424,0.00
2026-09-14T04:43:18Z,40,41,30,0,0,200,2425,0.00
2026-09-14T04:43:20Z,40,41,30,0,0,200,2424,0.00
2026-09-14T04:43:22Z,40,41,30,0,0,200,2424,0.00
2026-09-14T04:43:24Z,40,41,30,0,0,200,2424,0.00
2026-09-14T04:43:26Z,40,41,30,0,0,200,2425,0.00
2026-09-14T04:43:28Z,40,41,30,0,0,200,2424,0.00
2026-09-14T04:43:30Z,41,41,30,0,0,200,2425,0.00
2026-09-14T04:43:32Z,40,41,30,0,0,200,2424,0.00
2026-09-14T04:43:35Z,40,41,30,0,0,200,2424,0.00
2026-09-14T04:43:37Z,40,41,30,0,0,200,2425,0.00
2026-09-14T04:43:39Z,41,41,30,0,0,200,2424,0.00
2026-09-14T04:43:41Z,40,41,30,0,0,200,2425,0.00
2026-09-14T04:43:43Z,41,41,30,0,0,200,2425,0.00
2026-09-14T04:43:45Z,40,41,30,0,0,200,2424,0.00
2026-09-14T04:43:47Z,41,41,30,0,0,200,2424,0.00
2026-09-14T04:43:49Z,40,41,30,0,0,200,2424,0.00
2026-09-14T04:43:51Z,40,41,30,0,0,200,2424,0.00
2026-09-14T04:43:53Z,40,41,30,0,0,200,2425,0.00
2026-09-14T04:43:55Z,40,41,30,0,0,200,2425,0.00
2026-09-14T04:43:57Z,40,41,30,0,0,200,2424,0.00
2026-09-14T04:43:59Z,40,41,30,0,0,200,2424,0.00
2026-09-14T04:44:01Z,40,41,30,0,0,200,2424,0.00
2026-09-14T04:44:03Z,40,41,30,0,0,200,2425,0.00
2026-09-14T04:44:05Z,40,41,30,0,0,200,2426,0.00
2026-09-14T04:44:07Z,41,41,30,0,0,200,2425,0.00
2026-09-14T04:44:09Z,40,41,30,0,0,200,2425,0.00
2026-09-14T04:44:11Z,40,41,30,0,0,200,2425,0.00
2026-09-14T04:44:13Z,40,41,30,0,0,200,2425,0.00
2026-09-14T04:44:16Z,40,41,30,0,0,200,2424,0.00
2026-09-14T04:44:18Z,40,41,30,0,0,200,2424,0.00
2026-09-14T04:44:20Z,40,41,30,0,0,200,2424,0.00
2026-09-14T04:44:22Z,40,41,30,0,0,200,2424,0.00
2026-09-14T04:44:24Z,41,41,30,0,0,200,2424,0.00
2026-09-14T04:44:26Z,40,41,30,0,0,200,2424,0.00
2026-09-14T04:44:28Z,41,41,30,0,0,200,2424,0.00
2026-09-14T04:44:30Z,41,41,30,0,0,200,2424,0.00
2026-09-14T04:44:32Z,40,41,30,0,0,200,2424,0.00
2026-09-14T04:44:34Z,40,41,30,0,0,200,2424,0.00
2026-09-14T04:44:36Z,41,41,30,0,0,200,2424,0.00
2026-09-14T04:44:38Z,40,41,30,0,0,200,2425,0.00
2026-09-14T04:44:40Z,41,41,30,0,0,200,2424,0.00
2026-09-14T04:44:42Z,40,41,30,0,0,200,2424,0.00
2026-09-14T04:44:44Z,41,41,30,0,0,200,2424,0.00
2026-09-14T04:44:46Z,40,41,30,0,0,200,2424,0.00
2026-09-14T04:44:48Z,40,41,30,0,0,200,2425,0.00
2026-09-14T04:44:50Z,40,41,30,0,0,200,2424,0.00
2026-09-14T04:44:52Z,41,41,30,0,0,200,2426,0.00
2026-09-14T04:44:54Z,40,41,30,0,0,200,2424,0.00
2026-09-14T04:44:57Z,41,41,30,0,0,200,2425,0.00
2026-09-14T04:44:59Z,40,41,30,0,0,200,2425,0.00
2026-09-14T04:45:01Z,40,41,30,0,0,200,2424,0.00
2026-09-14T04:45:03Z,40,41,30,0,0,200,2424,0.00
2026-09-14T04:45:05Z,40,41,30,0,0,200,2424,0.00
2026-09-14T04:45:07Z,40,41,30,0,0,200,2424,0.00
2026-09-14T04:45:09Z,40,41,30,0,0,200,2424,0.00
2026-09-14T04:45:11Z,40,41,30,0,0,200,2424,0.00
2026-09-14T04:45:13Z,40,41,30,0,0,200,2424,0.00
2026-09-14T04:45:15Z,40,41,30,0,0,200,2424,0.00
2026-09-14T04:45:17Z,40,41,30,0,0,200,2424,0.00
2026-09-14T04:45:19Z,40,41,30,0,0,200,2424,0.00
2026-09-14T04:45:21Z,40,41,30,0,0,200,2424,0.00
2026-09-14T04:45:23Z,40,41,30,0,0,200,2425,0.00
2026-09-14T04:45:25Z,41,41,30,0,0,200,2424,0.00
2026-09-14T04:45:27Z,40,41,30,0,0,200,2424,0.00
2026-09-14T04:45:29Z,40,41,30,0,0,200,2426,0.00
2026-09-14T04:45:31Z,41,41,30,0,0,200,2424,0.00
2026-09-14T04:45:33Z,41,41,30,0,0,200,2425,0.00
2026-09-14T04:45:35Z,40,41,30,0,0,200,2424,0.00
2026-09-14T04:45:38Z,40,41,30,0,0,200,2425,0.00
2026-09-14T04:45:40Z,40,41,30,0,0,200,2425,0.00
2026-09-14T04:45:42Z,41,41,30,0,0,200,2424,0.00
2026-09-14T04:45:44Z,40,41,30,0,0,200,2424,0.00
2026-09-14T04:45:46Z,40,41,30,0,0,200,2424,0.00
2026-09-14T04:45:48Z,41,41,30,0,0,200,2424,0.00
2026-09-14T04:45:50Z,40,41,30,0,0,200,2424,0.00
2026-09-14T04:45:52Z,39,41,30,0,0,200,2424,0.00
2026-09-14T04:45:54Z,40,41,30,0,0,200,2424,0.00
2026-09-14T04:45:56Z,40,41,30,0,0,200,2424,0.00
2026-09-14T04:45:58Z,40,41,30,0,0,200,2424,0.00
2026-09-14T04:46:00Z,40,41,30,0,0,200,2426,0.00
2026-09-14T04:46:02Z,40,41,30,0,0,200,2424,0.00
2026-09-14T04:46:04Z,40,41,30,0,0,200,2425,0.00
2026-09-14T04:46:06Z,40,41,30,0,0,200,2425,0.00
2026-09-14T04:46:08Z,40,41,30,0,0,200,2424,0.00
2026-09-14T04:46:10Z,40,41,30,0,0,200,2425,0.00
2026-09-14T04:46:12Z,40,41,30,0,0,200,2425,0.00
2026-09-14T04:46:14Z,41,41,30,0,0,200,2425,0.00
2026-09-14T04:46:16Z,40,41,30,0,0,200,2427,0.00
2026-09-14T04:46:18Z,41,41,30,0,0,200,2424,0.00
2026-09-14T04:46:21Z,40,41,30,0,0,200,2424,0.00
2026-09-14T04:46:23Z,40,41,30,0,0,200,2426,0.00
2026-09-14T04:46:25Z,40,41,30,0,0,200,2424,0.00
2026-09-14T04:46:27Z,40,41,30,0,0,200,2424,0.00
2026-09-14T04:46:29Z,41,41,30,0,0,200,2424,0.00
2026-09-14T04:46:31Z,40,41,30,0,0,200,2424,0.00
2026-09-14T04:46:33Z,41,41,30,0,0,200,2424,0.00
2026-09-14T04:46:35Z,40,41,30,0,0,200,2424,0.00
2026-09-14T04:46:37Z,40,41,30,0,0,200,2425,0.00
2026-09-14T04:46:39Z,40,41,30,0,0,200,2424,0.00
2026-09-14T04:46:41Z,40,41,30,0,0,200,2424,0.00
2026-09-14T04:46:43Z,40,41,30,0,0,200,2424,0.00
2026-09-14T04:46:45Z,41,41,30,0,0,200,2425,0.00
2026-09-14T04:46:47Z,40,41,30,0,0,200,2425,0.00
2026-09-14T04:46:49Z,40,41,30,0,0,200,2424,0.00
2026-09-14T04:46:51Z,40,41,30,0,0,200,2424,0.00
2026-09-14T04:46:53Z,41,41,30,0,0,200,2424,0.00
2026-09-14T04:46:55Z,40,41,30,0,0,200,2424,0.00
2026-09-14T04:46:57Z,40,41,30,0,0,200,2425,0.00
2026-09-14T04:46:59Z,40,41,30,0,0,200,2425,0.00
2026-09-14T04:47:02Z,40,41,30,0,0,200,2424,0.00
2026-09-14T04:47:04Z,40,41,30,0,0,200,2426,0.00
2026-09-14T04:47:06Z,40,41,30,0,0,200,2425,0.00
2026-09-14T04:47:08Z,40,41,30,0,0,200,2424,0.00
2026-09-14T04:47:10Z,40,41,30,0,0,200,2425,0.00
2026-09-14T04:47:12Z,41,41,30,0,0,200,2424,0.00
2026-09-14T04:47:14Z,41,41,30,0,0,200,2424,0.00
2026-09-14T04:47:16Z,40,41,30,0,0,200,2424,0.00
2026-09-14T04:47:18Z,41,41,30,0,0,200,2425,0.00
2026-09-14T04:47:20Z,40,41,30,0,0,200,2424,0.00
2026-09-14T04:47:22Z,40,41,30,0,0,200,2424,0.00
2026-09-14T04:47:24Z,41,41,30,0,0,200,2425,0.00
2026-09-14T04:47:26Z,40,41,30,0,0,200,2425,0.00
2026-09-14T04:47:28Z,41,41,30,0,0,200,2424,0.00
2026-09-14T04:47:30Z,41,41,30,0,0,200,2425,0.00
2026-09-14T04:47:32Z,40,41,30,0,0,200,2425,0.00
2026-09-14T04:47:34Z,41,41,30,0,0,200,2426,0.00
2026-09-14T04:47:36Z,41,41,30,0,0,200,2424,0.00
2026-09-14T04:47:38Z,40,41,30,0,0,200,2424,0.00
2026-09-14T04:47:40Z,40,41,30,0,0,200,2424,0.00
2026-09-14T04:47:43Z,40,41,30,0,0,200,2425,0.00
2026-09-14T04:47:45Z,40,41,30,0,0,200,2424,0.00
2026-09-14T04:47:47Z,40,41,30,0,0,200,2424,0.00
2026-09-14T04:47:49Z,40,41,30,0,0,200,2424,0.00
2026-09-14T04:47:51Z,40,41,30,0,0,200,2424,0.00
2026-09-14T04:47:53Z,40,41,30,0,0,200,2425,0.00
2026-09-14T04:47:55Z,40,41,30,0,0,200,2424,0.00
2026-09-14T04:47:57Z,40,41,30,0,0,200,2424,0.00
2026-09-14T04:47:59Z,40,41,30,0,0,200,2425,0.00
2026-09-14T04:48:01Z,40,41,30,0,0,200,2425,0.00
2026-09-14T04:48:03Z,40,41,30,0,0,200,2424,0.00
2026-09-14T04:48:05Z,40,41,30,0,0,200,2424,0.00
2026-09-14T04:48:07Z,40,41,30,0,0,200,2425,0.00
2026-09-14T04:48:09Z,40,41,30,0,0,200,2424,0.00
2026-09-14T04:48:11Z,40,41,30,0,0,200,2425,0.00
2026-09-14T04:48:13Z,40,41,30,0,0,200,2425,0.00
2026-09-14T04:48:15Z,40,41,30,0,0,200,2424,0.00
2026-09-14T04:48:17Z,41,41,30,0,0,200,2424,0.00
2026-09-14T04:48:19Z,40,41,30,0,0,200,2425,0.00
2026-09-14T04:48:21Z,41,41,30,0,0,200,2424,0.00
2026-09-14T04:48:24Z,40,41,30,0,0,200,2425,0.00
2026-09-14T04:48:26Z,40,41,30,0,0,200,2424,0.00
2026-09-14T04:48:28Z,40,41,30,0,0,200,2424,0.00
2026-09-14T04:48:30Z,40,41,30,0,0,200,2425,0.00
2026-09-14T04:48:32Z,40,41,30,0,0,200,2424,0.00
2026-09-14T04:48:34Z,40,41,30,0,0,200,2424,0.00
2026-09-14T04:48:36Z,40,41,30,0,0,200,2424,0.00
2026-09-14T04:48:38Z,40,41,30,0,0,200,2424,0.00
2026-09-14T04:48:40Z,40,41,30,0,0,200,2424,0.00
2026-09-14T04:48:42Z,40,41,30,0,0,200,2424,0.00
2026-09-14T04:48:44Z,40,41,30,0,0,200,2425,0.00
2026-09-14T04:48:46Z,40,41,30,0,0,200,2424,0.00
2026-09-14T04:48:48Z,40,41,30,0,0,200,2424,0.00
2026-09-14T04:48:50Z,40,41,30,0,0,200,2426,0.00
2026-09-14T04:48:52Z,40,41,30,0,0,200,2426,0.00
2026-09-14T04:48:54Z,40,41,30,0,0,200,2425,0.00
2026-09-14T04:48:56Z,40,41,30,0,0,200,2424,0.00
2026-09-14T04:48:58Z,41,41,30,0,0,200,2424,0.00
2026-09-14T04:49:00Z,40,41,30,0,0,200,2424,0.00
2026-09-14T04:49:02Z,40,41,30,0,0,200,2424,0.00
2026-09-14T04:49:05Z,41,41,30,0,0,200,2424,0.00
2026-09-14T04:49:07Z,40,41,30,0,0,200,2424,0.00
2026-09-14T04:49:09Z,41,41,30,0,0,200,2424,0.00
2026-09-14T04:49:11Z,40,41,30,0,0,200,2424,0.00
2026-09-14T04:49:13Z,40,41,30,0,0,200,2426,0.00
2026-09-14T04:49:15Z,41,41,30,0,0,200,2424,0.00
2026-09-14T04:49:17Z,40,41,30,0,0,200,2424,0.00
2026-09-14T04:49:19Z,40,41,30,0,0,200,2425,0.00
2026-09-14T04:49:21Z,40,41,30,0,0,200,2424,0.00
2026-09-14T04:49:23Z,40,41,30,0,0,200,2424,0.00
2026-09-14T04:49:25Z,40,41,30,0,0,200,2424,0.00
2026-09-14T04:49:27Z,40,41,30,0,0,200,2425,0.00
2026-09-14T04:49:29Z,41,41,30,0,0,200,2425,0.00
2026-09-14T04:49:31Z,40,41,30,0,0,200,2424,0.00
2026-09-14T04:49:33Z,40,41,30,0,0,200,2423,0.00
2026-09-14T04:49:35Z,40,41,30,0,0,200,2425,0.00
2026-09-14T04:49:37Z,40,41,30,0,0,200,2425,0.00
2026-09-14T04:49:39Z,40,41,30,0,0,200,2425,0.00
2026-09-14T04:49:41Z,41,41,30,0,0,200,2424,0.00
2026-09-14T04:49:43Z,40,41,30,0,0,200,2425,0.00
2026-09-14T04:49:46Z,40,41,30,0,0,200,2424,0.00
2026-09-14T04:49:48Z,40,41,30,0,0,200,2424,0.00
2026-09-14T04:49:50Z,41,41,30,0,0,200,2424,0.00
2026-09-14T04:49:52Z,40,41,30,0,0,200,2425,0.00
2026-09-14T04:49:54Z,40,41,30,0,0,200,2424,0.00
2026-09-14T04:49:56Z,40,41,30,0,0,200,2424,0.00
2026-09-14T04:49:58Z,40,41,30,0,0,200,2424,0.00
2026-09-14T04:50:00Z,40,41,30,0,0,200,2424,0.00
2026-09-14T04:50:02Z,40,41,30,0,0,200,2424,0.00
2026-09-14T04:50:04Z,41,41,30,0,0,200,2424,0.00
2026-09-14T04:50:06Z,40,41,30,0,0,200,2425,0.00
2026-09-14T04:50:08Z,40,41,30,0,0,200,2425,0.00
2026-09-14T04:50:10Z,40,41,30,0,0,200,2425,0.00
2026-09-14T04:50:12Z,40,41,30,0,0,200,2424,0.32
2026-09-14T04:50:14Z,40,41,30,0,0,200,2424,0.32
2026-09-14T04:50:16Z,40,41,30,0,0,200,2425,0.29
2026-09-14T04:50:18Z,40,41,30,0,0,200,2424,0.29
2026-09-14T04:50:20Z,40,41,30,0,0,200,2425,0.27
2026-09-14T04:50:22Z,40,41,30,0,0,200,2425,0.27
2026-09-14T04:50:24Z,40,41,30,0,0,200,2424,0.27
2026-09-14T04:50:27Z,40,41,30,0,0,200,2424,0.25
2026-09-14T04:50:29Z,40,41,30,0,0,200,2424,0.25
2026-09-14T04:50:31Z,40,41,30,0,0,200,2424,0.23
2026-09-14T04:50:33Z,40,41,30,0,0,200,2424,0.23
2026-09-14T04:50:35Z,40,41,30,0,0,200,2424,0.23
2026-09-14T04:50:37Z,40,41,30,0,0,200,2424,0.21
2026-09-14T04:50:39Z,40,41,30,0,0,200,2424,0.21
2026-09-14T04:50:41Z,40,41,30,0,0,200,2425,0.19
2026-09-14T04:50:43Z,40,41,30,0,0,200,2424,0.19
2026-09-14T04:50:45Z,40,41,30,0,0,200,2424,0.19
2026-09-14T04:50:47Z,40,41,30,0,0,200,2424,0.18
2026-09-14T04:50:49Z,40,41,30,0,0,200,2425,0.18
2026-09-14T04:50:51Z,40,41,30,0,0,200,2425,0.16
2026-09-14T04:50:53Z,40,41,30,0,0,200,2424,0.16
2026-09-14T04:50:55Z,41,41,30,0,0,200,2425,0.15
2026-09-14T04:50:57Z,40,41,30,0,0,200,2424,0.15
2026-09-14T04:50:59Z,40,41,30,0,0,200,2425,0.15
2026-09-14T04:51:01Z,40,41,30,0,0,200,2424,0.14
2026-09-14T04:51:03Z,41,41,30,0,0,200,2425,0.14
2026-09-14T04:51:05Z,40,41,30,0,0,200,2427,0.13
2026-09-14T04:51:08Z,40,41,30,0,0,200,2425,0.13
2026-09-14T04:51:10Z,41,41,30,0,0,200,2424,0.13
2026-09-14T04:51:12Z,40,41,30,0,0,200,2424,0.12
2026-09-14T04:51:14Z,40,41,30,0,0,200,2424,0.12
2026-09-14T04:51:16Z,40,41,30,0,0,200,2424,0.11
2026-09-14T04:51:18Z,40,41,30,0,0,200,2424,0.11
2026-09-14T04:51:20Z,40,41,30,0,0,200,2424,0.11
2026-09-14T04:51:22Z,40,41,30,0,0,200,2425,0.10
2026-09-14T04:51:24Z,40,41,30,0,0,200,2424,0.10
2026-09-14T04:51:26Z,41,41,30,0,0,200,2424,0.09
2026-09-14T04:51:28Z,40,41,30,0,0,200,2424,0.09
2026-09-14T04:51:30Z,40,41,30,0,0,200,2425,0.09
2026-09-14T04:51:32Z,40,41,30,0,0,200,2424,0.08
2026-09-14T04:51:34Z,40,41,30,0,0,200,2424,0.08
2026-09-14T04:51:36Z,40,41,30,0,0,200,2424,0.08
2026-09-14T04:51:38Z,40,41,30,0,0,200,2425,0.08
2026-09-14T04:51:40Z,41,41,30,0,0,200,2424,0.07
2026-09-14T04:51:42Z,40,41,30,0,0,200,2424,0.07
2026-09-14T04:51:44Z,40,41,30,0,0,200,2424,0.07
2026-09-14T04:51:46Z,40,41,30,0,0,200,2424,0.06
2026-09-14T04:51:49Z,40,41,30,0,0,200,2424,0.06
2026-09-14T04:51:51Z,40,41,30,0,0,200,2424,0.06
2026-09-14T04:51:53Z,40,41,30,0,0,200,2424,0.06
2026-09-14T04:51:55Z,40,41,30,0,0,200,2424,0.06
2026-09-14T04:51:57Z,40,41,30,0,0,200,2426,0.05
2026-09-14T04:51:59Z,40,41,30,0,0,200,2424,0.05
2026-09-14T04:52:01Z,39,41,30,0,0,200,2425,0.05
2026-09-14T04:52:03Z,40,41,30,0,0,200,2425,0.05
2026-09-14T04:52:05Z,40,41,30,0,0,200,2424,0.05
2026-09-14T04:52:07Z,40,41,30,0,0,200,2424,0.04
2026-09-14T04:52:09Z,40,41,30,0,0,200,2426,0.04
2026-09-14T04:52:11Z,40,41,30,0,0,200,2425,0.04
2026-09-14T04:52:13Z,40,41,30,0,0,200,2424,0.04
2026-09-14T04:52:15Z,41,41,30,0,0,200,2424,0.20
2026-09-14T04:52:17Z,40,41,30,0,0,200,2424,0.20
2026-09-14T04:52:19Z,40,41,30,0,0,200,2424,0.20
2026-09-14T04:52:21Z,40,41,30,0,0,200,2424,0.18
2026-09-14T04:52:23Z,40,41,30,0,0,200,2425,0.18
2026-09-14T04:52:25Z,40,41,30,0,0,200,2426,0.17
2026-09-14T04:52:27Z,40,41,30,0,0,200,2425,0.17
2026-09-14T04:52:30Z,41,41,30,0,0,200,2424,0.17
2026-09-14T04:52:32Z,40,41,30,0,0,200,2424,0.15
2026-09-14T04:52:34Z,41,41,30,0,0,200,2424,0.15
2026-09-14T04:52:36Z,40,41,30,0,0,200,2425,0.14
2026-09-14T04:52:38Z,41,41,30,0,0,200,2425,0.14
2026-09-14T04:52:40Z,40,41,30,0,0,200,2424,0.14
2026-09-14T04:52:42Z,40,41,30,0,0,200,2424,0.13
2026-09-14T04:52:44Z,40,41,30,0,0,200,2424,0.13
2026-09-14T04:52:46Z,41,41,30,0,0,200,2424,0.12
2026-09-14T04:52:48Z,41,41,30,0,0,200,2424,0.12
2026-09-14T04:52:50Z,41,41,30,0,0,200,2424,0.12
2026-09-14T04:52:52Z,40,41,30,0,0,200,2424,0.11
2026-09-14T04:52:54Z,40,41,30,0,0,200,2424,0.11
2026-09-14T04:52:56Z,41,41,30,0,0,200,2424,0.10
2026-09-14T04:52:58Z,41,41,30,0,0,200,2425,0.10
2026-09-14T04:53:00Z,41,41,30,0,0,200,2426,0.09
2026-09-14T04:53:02Z,40,41,30,0,0,200,2424,0.09
2026-09-14T04:53:04Z,40,41,30,0,0,200,2424,0.09
2026-09-14T04:53:06Z,40,41,30,0,0,200,2424,0.08
2026-09-14T04:53:08Z,41,41,30,0,0,200,2424,0.08
2026-09-14T04:53:10Z,41,41,30,0,0,200,2424,0.08
2026-09-14T04:53:13Z,40,41,30,0,0,200,2424,0.08
2026-09-14T04:53:15Z,40,41,30,0,0,200,2424,0.08
2026-09-14T04:53:17Z,41,41,30,0,0,200,2424,0.07
2026-09-14T04:53:19Z,41,41,30,0,0,200,2424,0.07
2026-09-14T04:53:21Z,41,41,30,0,0,200,2424,0.06
2026-09-14T04:53:23Z,41,41,30,0,0,200,2426,0.06
2026-09-14T04:53:25Z,40,41,30,0,0,200,2425,0.06
2026-09-14T04:53:27Z,40,41,30,0,0,200,2424,0.06
2026-09-14T04:53:29Z,40,41,30,0,0,200,2424,0.06
2026-09-14T04:53:31Z,40,41,30,0,0,200,2424,0.05
2026-09-14T04:53:33Z,40,41,30,0,0,200,2425,0.05
2026-09-14T04:53:35Z,40,41,30,0,0,200,2424,0.05
2026-09-14T04:53:37Z,40,41,30,0,0,200,2424,0.05
2026-09-14T04:53:39Z,40,41,30,0,0,200,2425,0.05
2026-09-14T04:53:41Z,41,41,30,0,0,200,2424,0.05
2026-09-14T04:53:43Z,40,41,30,0,0,200,2424,0.05
2026-09-14T04:53:45Z,40,41,30,0,0,200,2424,0.04
2026-09-14T04:53:47Z,40,41,30,0,0,200,2425,0.04
2026-09-14T04:53:49Z,40,41,30,0,0,200,2424,0.04
2026-09-14T04:53:51Z,40,41,30,0,0,200,2425,0.04
2026-09-14T04:53:54Z,40,41,30,0,0,200,2424,0.04
2026-09-14T04:53:56Z,40,41,30,0,0,200,2424,0.04
2026-09-14T04:53:58Z,41,41,30,0,0,200,2425,0.04
2026-09-14T04:54:00Z,40,41,30,0,0,200,2424,0.04
2026-09-14T04:54:02Z,40,41,30,0,0,200,2425,0.03
2026-09-14T04:54:04Z,40,41,30,0,0,200,2424,0.03
2026-09-14T04:54:06Z,40,41,30,0,0,200,2424,0.03
2026-09-14T04:54:08Z,40,41,30,0,0,200,2424,0.03
2026-09-14T04:54:10Z,41,41,30,0,0,200,2424,0.03
2026-09-14T04:54:12Z,40,41,30,0,0,200,2424,0.03
2026-09-14T04:54:14Z,40,41,30,0,0,200,2424,0.03
2026-09-14T04:54:16Z,40,41,30,0,0,200,2425,0.02
2026-09-14T04:54:18Z,40,41,30,0,0,200,2424,0.02
2026-09-14T04:54:20Z,40,41,30,0,0,200,2424,0.10
2026-09-14T04:54:22Z,40,41,30,0,0,200,2427,0.10
2026-09-14T04:54:24Z,40,41,30,0,0,200,2424,0.10
2026-09-14T04:54:26Z,40,41,30,0,0,200,2424,0.09
2026-09-14T04:54:28Z,40,41,30,0,0,200,2424,0.09
2026-09-14T04:54:30Z,40,41,30,0,0,200,2424,0.09
2026-09-14T04:54:32Z,41,41,30,0,0,200,2425,0.09
2026-09-14T04:54:35Z,41,41,30,0,0,200,2425,0.09
2026-09-14T04:54:37Z,40,41,30,0,0,200,2424,0.08
2026-09-14T04:54:39Z,40,41,30,0,0,200,2425,0.08
2026-09-14T04:54:41Z,40,41,30,0,0,200,2424,0.07
2026-09-14T04:54:43Z,40,41,30,0,0,200,2425,0.07
2026-09-14T04:54:45Z,40,41,30,0,0,200,2424,0.07
2026-09-14T04:54:47Z,40,41,30,0,0,200,2424,0.07
2026-09-14T04:54:49Z,40,41,30,0,0,200,2424,0.07
2026-09-14T04:54:51Z,41,41,30,0,0,200,2424,0.06
2026-09-14T04:54:53Z,40,41,30,0,0,200,2424,0.06
2026-09-14T04:54:55Z,40,41,30,0,0,200,2424,0.06
2026-09-14T04:54:57Z,40,41,30,0,0,200,2424,0.06
2026-09-14T04:54:59Z,40,41,30,0,0,200,2420,0.06
2026-09-14T04:55:01Z,40,41,30,0,0,200,2425,0.05
2026-09-14T04:55:03Z,40,41,30,0,0,200,2424,0.05
2026-09-14T04:55:05Z,40,41,30,0,0,200,2424,0.05
2026-09-14T04:55:07Z,41,41,30,0,0,200,2424,0.05
2026-09-14T04:55:09Z,41,41,30,0,0,200,2424,0.05
2026-09-14T04:55:11Z,40,41,30,0,0,200,2424,0.04
2026-09-14T04:55:13Z,41,41,30,0,0,200,2424,0.04
2026-09-14T04:55:16Z,40,41,30,0,0,200,2424,0.04
2026-09-14T04:55:18Z,41,41,30,0,0,200,2424,0.04
2026-09-14T04:55:20Z,41,41,30,0,0,200,2425,0.04
2026-09-14T04:55:22Z,41,41,30,0,0,200,2425,0.04
2026-09-14T04:55:24Z,40,41,30,0,0,200,2424,0.04
2026-09-14T04:55:26Z,40,41,30,0,0,200,2424,0.03
2026-09-14T04:55:28Z,40,41,30,0,0,200,2424,0.03
2026-09-14T04:55:30Z,40,41,30,0,0,200,2425,0.03
2026-09-14T04:55:32Z,41,41,30,0,0,200,2424,0.03
2026-09-14T04:55:34Z,40,41,30,0,0,200,2424,0.03
2026-09-14T04:55:36Z,41,41,30,0,0,200,2424,0.03
2026-09-14T04:55:38Z,40,41,30,0,0,200,2424,0.03
2026-09-14T04:55:40Z,41,41,30,0,0,200,2424,0.03
2026-09-14T04:55:42Z,40,41,30,0,0,200,2425,0.02
2026-09-14T04:55:44Z,40,41,30,0,0,200,2425,0.02
2026-09-14T04:55:46Z,40,41,30,0,0,200,2424,0.02
2026-09-14T04:55:48Z,40,41,30,0,0,200,2424,0.02
2026-09-14T04:55:50Z,40,41,30,0,0,200,2426,0.02
2026-09-14T04:55:52Z,40,41,30,0,0,200,2425,0.02
2026-09-14T04:55:54Z,40,41,30,0,0,200,2424,0.02
2026-09-14T04:55:57Z,40,41,30,0,0,200,2424,0.02
2026-09-14T04:55:59Z,40,41,30,0,0,200,2424,0.02
2026-09-14T04:56:01Z,40,41,30,0,0,200,2424,0.02
2026-09-14T04:56:03Z,40,41,30,0,0,200,2425,0.02
2026-09-14T04:56:05Z,40,41,30,0,0,200,2424,0.02
2026-09-14T04:56:07Z,40,41,30,0,0,200,2425,0.02
2026-09-14T04:56:09Z,40,41,30,0,0,200,2424,0.02
2026-09-14T04:56:11Z,40,41,30,0,0,200,2424,0.01
2026-09-14T04:56:13Z,40,41,30,0,0,200,2424,0.01
2026-09-14T04:56:15Z,40,41,30,0,0,200,2424,0.01
2026-09-14T04:56:17Z,40,41,30,0,0,200,2425,0.01
2026-09-14T04:56:19Z,40,41,30,0,0,200,2424,0.01
2026-09-14T04:56:21Z,41,41,30,0,0,200,2425,0.01
2026-09-14T04:56:23Z,40,41,30,0,0,200,2425,0.01
2026-09-14T04:56:25Z,41,41,30,0,0,200,2424,0.01
2026-09-14T04:56:27Z,40,41,30,0,0,200,2424,0.01
2026-09-14T04:56:29Z,40,41,30,0,0,200,2424,0.01
2026-09-14T04:56:31Z,40,41,30,0,0,200,2424,0.01
2026-09-14T04:56:33Z,40,41,30,0,0,200,2425,0.01
2026-09-14T04:56:35Z,41,41,30,0,0,200,2424,0.01
2026-09-14T04:56:38Z,41,41,30,0,0,200,2424,0.01
2026-09-14T04:56:40Z,40,41,30,0,0,200,2425,0.01
2026-09-14T04:56:42Z,40,41,30,0,0,200,2424,0.01
2026-09-14T04:56:44Z,40,41,30,0,0,200,2425,0.01
2026-09-14T04:56:46Z,40,41,30,0,0,200,2424,0.01
2026-09-14T04:56:48Z,40,41,30,0,0,200,2424,0.01
2026-09-14T04:56:50Z,41,41,30,0,0,200,2426,0.01
2026-09-14T04:56:52Z,40,41,30,0,0,200,2424,0.01
2026-09-14T04:56:54Z,40,41,30,0,0,200,2424,0.01
2026-09-14T04:56:56Z,40,41,30,0,0,200,2424,0.00
2026-09-14T04:56:58Z,40,41,30,0,0,200,2425,0.00
2026-09-14T04:57:00Z,40,41,30,0,0,200,2424,0.00
2026-09-14T04:57:02Z,40,41,30,0,0,200,2425,0.00
2026-09-14T04:57:04Z,40,41,30,0,0,200,2424,0.00
2026-09-14T04:57:06Z,41,41,30,0,0,200,2424,0.00
2026-09-14T04:57:08Z,40,41,30,0,0,200,2424,0.00
2026-09-14T04:57:10Z,40,41,30,0,0,200,2424,0.00
2026-09-14T04:57:12Z,40,41,30,0,0,200,2424,0.00
2026-09-14T04:57:14Z,40,41,30,0,0,200,2424,0.00
2026-09-14T04:57:16Z,40,41,30,0,0,200,2424,0.00
2026-09-14T04:57:18Z,40,41,30,0,0,200,2424,0.00
2026-09-14T04:57:21Z,40,41,30,0,0,200,2425,0.00
2026-09-14T04:57:23Z,41,41,30,0,0,200,2424,0.00
2026-09-14T04:57:25Z,40,41,30,0,0,200,2424,0.00
2026-09-14T04:57:27Z,40,41,30,0,0,200,2424,0.00
2026-09-14T04:57:29Z,40,41,30,0,0,200,2424,0.00
2026-09-14T04:57:31Z,41,41,30,0,0,200,2424,0.00
2026-09-14T04:57:33Z,40,41,30,0,0,200,2424,0.00
2026-09-14T04:57:35Z,40,41,30,0,0,200,2424,0.00
2026-09-14T04:57:37Z,41,41,30,0,0,200,2424,0.00
2026-09-14T04:57:39Z,40,41,30,0,0,200,2424,0.00
2026-09-14T04:57:41Z,40,41,30,0,0,200,2424,0.00
2026-09-14T04:57:43Z,41,41,30,0,0,200,2424,0.00
2026-09-14T04:57:45Z,40,41,30,0,0,200,2426,0.00
2026-09-14T04:57:47Z,40,41,30,0,0,200,2424,0.00
2026-09-14T04:57:49Z,40,41,30,0,0,200,2424,0.00
2026-09-14T04:57:51Z,40,41,30,0,0,200,2424,0.00
2026-09-14T04:57:53Z,40,41,30,0,0,200,2424,0.00
2026-09-14T04:57:55Z,40,41,30,0,0,200,2424,0.00
2026-09-14T04:57:57Z,40,41,30,0,0,200,2424,0.00
2026-09-14T04:57:59Z,40,41,30,0,0,200,2424,0.00
2026-09-14T04:58:02Z,40,41,30,0,0,200,2425,0.00
2026-09-14T04:58:04Z,40,41,30,0,0,200,2425,0.00
2026-09-14T04:58:06Z,40,41,30,0,0,200,2424,0.00
2026-09-14T04:58:08Z,40,41,30,0,0,200,2424,0.00
2026-09-14T04:58:10Z,40,41,30,0,0,200,2424,0.00
2026-09-14T04:58:12Z,39,41,30,0,0,200,2424,0.00
2026-09-14T04:58:14Z,41,41,30,0,0,200,2424,0.00
2026-09-14T04:58:16Z,41,41,30,0,0,200,2424,0.00
2026-09-14T04:58:18Z,40,41,30,0,0,200,2424,0.00
2026-09-14T04:58:20Z,41,41,30,0,0,200,2424,0.00
2026-09-14T04:58:22Z,40,41,30,0,0,200,2424,0.00
2026-09-14T04:58:24Z,40,41,30,0,0,200,2424,0.00
2026-09-14T04:58:26Z,40,41,30,0,0,200,2424,0.00
2026-09-14T04:58:28Z,40,41,30,0,0,200,2424,0.00
2026-09-14T04:58:30Z,40,41,30,0,0,200,2423,0.08
2026-09-14T04:58:32Z,40,41,30,0,0,200,2425,0.08
2026-09-14T04:58:34Z,40,41,30,0,0,200,2425,0.08
2026-09-14T04:58:36Z,40,41,30,0,0,200,2424,0.07
2026-09-14T04:58:38Z,40,41,30,0,0,200,2424,0.07
2026-09-14T04:58:40Z,40,41,30,0,0,200,2424,0.07
2026-09-14T04:58:43Z,40,41,30,0,0,200,2425,0.07
2026-09-14T04:58:45Z,40,41,30,0,0,200,2424,0.07
2026-09-14T04:58:47Z,40,41,30,0,0,200,2426,0.06
2026-09-14T04:58:49Z,40,41,30,0,0,200,2424,0.06
2026-09-14T04:58:51Z,40,41,30,0,0,200,2425,0.06
2026-09-14T04:58:53Z,40,41,30,0,0,200,2424,0.06
2026-09-14T04:58:55Z,40,41,30,0,0,200,2424,0.06
2026-09-14T04:58:57Z,40,41,30,0,0,200,2424,0.05
2026-09-14T04:58:59Z,40,41,30,0,0,200,2424,0.05
2026-09-14T04:59:01Z,40,41,30,0,0,200,2425,0.05
2026-09-14T04:59:03Z,40,41,30,0,0,200,2424,0.05
2026-09-14T04:59:05Z,41,41,30,0,0,200,2424,0.05
2026-09-14T04:59:07Z,41,41,30,0,0,200,2425,0.04
2026-09-14T04:59:09Z,41,41,30,0,0,200,2424,0.04
2026-09-14T04:59:11Z,41,41,30,0,0,200,2424,0.04
2026-09-14T04:59:13Z,40,41,30,0,0,200,2424,0.04
2026-09-14T04:59:15Z,40,41,30,0,0,200,2424,0.04
2026-09-14T04:59:17Z,40,41,30,0,0,200,2424,0.04
2026-09-14T04:59:19Z,41,41,30,0,0,200,2424,0.04
2026-09-14T04:59:21Z,41,41,30,0,0,200,2424,0.03
2026-09-14T04:59:24Z,40,41,30,0,0,200,2425,0.03
2026-09-14T04:59:26Z,40,41,30,0,0,200,2425,0.03
2026-09-14T04:59:28Z,40,41,30,0,0,200,2424,0.03
2026-09-14T04:59:30Z,40,41,30,0,0,200,2424,0.03
2026-09-14T04:59:32Z,40,41,30,0,0,200,2424,0.03
2026-09-14T04:59:34Z,40,41,30,0,0,200,2425,0.03
2026-09-14T04:59:36Z,40,41,30,0,0,200,2424,0.02
2026-09-14T04:59:38Z,40,41,30,0,0,200,2424,0.02
2026-09-14T04:59:40Z,40,41,30,0,0,200,2425,0.02
2026-09-14T04:59:42Z,40,41,30,0,0,200,2424,0.02
2026-09-14T04:59:44Z,40,41,30,0,0,200,2424,0.02
2026-09-14T04:59:46Z,40,41,30,0,0,200,2424,0.02
2026-09-14T04:59:48Z,40,41,30,0,0,200,2426,0.02
2026-09-14T04:59:50Z,40,41,30,0,0,200,2424,0.02
2026-09-14T04:59:52Z,40,41,30,0,0,200,2424,0.02
2026-09-14T04:59:54Z,40,41,30,0,0,200,2424,0.02
2026-09-14T04:59:56Z,40,41,30,0,0,200,2424,0.02
2026-09-14T04:59:58Z,40,41,30,0,0,200,2424,0.02
2026-09-14T05:00:00Z,41,41,30,0,0,200,2424,0.02
2026-09-14T05:00:02Z,40,41,30,0,0,200,2424,0.02
2026-09-14T05:00:05Z,41,41,30,0,0,200,2425,0.02
2026-09-14T05:00:07Z,41,41,30,0,0,200,2424,0.01
2026-09-14T05:00:09Z,40,41,30,0,0,200,2424,0.01
2026-09-14T05:00:11Z,40,41,30,0,0,200,2424,0.01
2026-09-14T05:00:13Z,40,41,30,0,0,200,2424,0.01
2026-09-14T05:00:15Z,40,41,30,0,0,200,2424,0.01
2026-09-14T05:00:17Z,40,41,30,0,0,200,2424,0.01
2026-09-14T05:00:19Z,40,41,30,0,0,200,2424,0.01
2026-09-14T05:00:21Z,40,41,30,0,0,200,2424,0.01
2026-09-14T05:00:23Z,40,41,30,0,0,200,2424,0.01
2026-09-14T05:00:25Z,40,41,30,0,0,200,2429,0.01
2026-09-14T05:00:27Z,40,41,30,0,0,200,2424,0.01
2026-09-14T05:00:29Z,40,41,30,0,0,200,2424,0.01
2026-09-14T05:00:31Z,40,41,30,0,0,200,2426,0.01
2026-09-14T05:00:33Z,40,41,30,0,0,200,2424,0.01
2026-09-14T05:00:35Z,40,41,30,0,0,200,2425,0.17
2026-09-14T05:00:37Z,40,41,30,0,0,200,2424,0.17
2026-09-14T05:00:39Z,40,41,30,0,0,200,2424,0.17
2026-09-14T05:00:41Z,40,41,30,0,0,200,2424,0.15
2026-09-14T05:00:43Z,40,41,30,0,0,200,2424,0.15
2026-09-14T05:00:46Z,41,41,30,0,0,200,2424,0.14
2026-09-14T05:00:48Z,40,41,30,0,0,200,2425,0.14
2026-09-14T05:00:50Z,40,41,30,0,0,200,2424,0.14
2026-09-14T05:00:52Z,41,41,30,0,0,200,2425,0.13
2026-09-14T05:00:54Z,40,41,30,0,0,200,2424,0.13
2026-09-14T05:00:56Z,40,41,30,0,0,200,2425,0.12
2026-09-14T05:00:58Z,41,41,30,0,0,200,2424,0.12
2026-09-14T05:01:00Z,41,41,30,0,0,200,2424,0.12
2026-09-14T05:01:02Z,40,41,30,0,0,200,2424,0.11
2026-09-14T05:01:04Z,40,41,30,0,0,200,2424,0.11
2026-09-14T05:01:06Z,40,41,30,0,0,200,2424,0.10
2026-09-14T05:01:08Z,41,41,30,0,0,200,2424,0.10
2026-09-14T05:01:10Z,40,41,30,0,0,200,2424,0.10
2026-09-14T05:01:12Z,40,41,30,0,0,200,2424,0.09
2026-09-14T05:01:14Z,40,41,30,0,0,200,2424,0.09
2026-09-14T05:01:16Z,40,41,30,0,0,200,2424,0.08
2026-09-14T05:01:18Z,40,41,30,0,0,200,2424,0.08
2026-09-14T05:01:20Z,40,41,30,0,0,200,2424,0.08
2026-09-14T05:01:22Z,40,41,30,0,0,200,2425,0.08
2026-09-14T05:01:24Z,40,41,30,0,0,200,2424,0.08
2026-09-14T05:01:27Z,40,41,30,0,0,200,2424,0.07
2026-09-14T05:01:29Z,40,41,30,0,0,200,2424,0.07
2026-09-14T05:01:31Z,40,41,30,0,0,200,2424,0.06
2026-09-14T05:01:33Z,40,41,30,0,0,200,2424,0.06
2026-09-14T05:01:35Z,40,41,30,0,0,200,2424,0.06
2026-09-14T05:01:37Z,40,41,30,0,0,200,2425,0.06
2026-09-14T05:01:39Z,40,41,30,0,0,200,2425,0.06
2026-09-14T05:01:41Z,40,41,30,0,0,200,2425,0.05
2026-09-14T05:01:43Z,40,41,30,0,0,200,2424,0.05
2026-09-14T05:01:45Z,40,41,30,0,0,200,2424,0.05
2026-09-14T05:01:47Z,41,41,30,0,0,200,2425,0.05
2026-09-14T05:01:49Z,41,41,30,0,0,200,2424,0.05
2026-09-14T05:01:51Z,40,41,30,0,0,200,2424,0.05
2026-09-14T05:01:53Z,41,41,30,0,0,200,2424,0.05
2026-09-14T05:01:55Z,40,41,30,0,0,200,2424,0.05
2026-09-14T05:01:57Z,41,41,30,0,0,200,2424,0.04
2026-09-14T05:01:59Z,41,41,30,0,0,200,2425,0.04
2026-09-14T05:02:01Z,40,41,30,0,0,200,2424,0.04
2026-09-14T05:02:03Z,41,41,30,0,0,200,2424,0.04
2026-09-14T05:02:05Z,40,41,30,0,0,200,2424,0.04
2026-09-14T05:02:08Z,41,41,30,0,0,200,2424,0.04
2026-09-14T05:02:10Z,41,41,30,0,0,200,2425,0.04
2026-09-14T05:02:12Z,41,41,30,0,0,200,2424,0.03
2026-09-14T05:02:14Z,40,41,30,0,0,200,2424,0.03
2026-09-14T05:02:16Z,40,41,30,0,0,200,2424,0.03
2026-09-14T05:02:18Z,40,41,30,0,0,200,2424,0.03
2026-09-14T05:02:20Z,41,41,30,0,0,200,2425,0.03
2026-09-14T05:02:22Z,41,41,30,0,0,200,2424,0.03
2026-09-14T05:02:24Z,40,41,30,0,0,200,2424,0.03
2026-09-14T05:02:26Z,41,41,30,0,0,200,2425,0.02
2026-09-14T05:02:28Z,41,41,30,0,0,200,2424,0.02
2026-09-14T05:02:30Z,40,41,30,0,0,200,2424,0.02
2026-09-14T05:02:32Z,41,41,30,0,0,200,2424,0.02
2026-09-14T05:02:34Z,40,41,30,0,0,200,2424,0.02
2026-09-14T05:02:36Z,41,41,30,0,0,200,2423,0.02
2026-09-14T05:02:38Z,40,41,30,0,0,200,2424,0.02
2026-09-14T05:02:40Z,40,41,30,0,0,200,2424,0.10
2026-09-14T05:02:42Z,40,41,30,0,0,200,2424,0.10
2026-09-14T05:02:44Z,40,41,30,0,0,200,2424,0.10
2026-09-14T05:02:46Z,40,41,30,0,0,200,2424,0.09
2026-09-14T05:02:49Z,40,41,30,0,0,200,2425,0.09
2026-09-14T05:02:51Z,40,41,30,0,0,200,2425,0.08
2026-09-14T05:02:53Z,40,41,30,0,0,200,2425,0.08
2026-09-14T05:02:55Z,41,41,30,0,0,200,2424,0.08
2026-09-14T05:02:57Z,41,41,30,0,0,200,2425,0.08
2026-09-14T05:02:59Z,41,41,30,0,0,200,2424,0.08
2026-09-14T05:03:01Z,41,41,30,0,0,200,2424,0.07
2026-09-14T05:03:03Z,40,41,30,0,0,200,2425,0.07
2026-09-14T05:03:05Z,40,41,30,0,0,200,2425,0.07
2026-09-14T05:03:07Z,40,41,30,0,0,200,2425,0.06
2026-09-14T05:03:09Z,41,41,30,0,0,200,2424,0.06
2026-09-14T05:03:11Z,41,41,30,0,0,200,2425,0.06
2026-09-14T05:03:13Z,40,41,30,0,0,200,2425,0.06
2026-09-14T05:03:15Z,41,41,30,0,0,200,2424,0.06
2026-09-14T05:03:17Z,41,41,30,0,0,200,2424,0.05
2026-09-14T05:03:19Z,40,41,30,0,0,200,2447,0.05
2026-09-14T05:03:21Z,40,41,30,0,0,200,2424,0.05
2026-09-14T05:03:23Z,40,41,30,0,0,200,2425,0.05
2026-09-14T05:03:25Z,40,41,30,0,0,200,2424,0.04
2026-09-14T05:03:27Z,40,41,30,0,0,200,2424,0.04
2026-09-14T05:03:29Z,40,41,30,0,0,200,2425,0.04
2026-09-14T05:03:32Z,40,41,30,0,0,200,2424,0.04
2026-09-14T05:03:34Z,40,41,30,0,0,200,2424,0.04
2026-09-14T05:03:36Z,41,41,30,0,0,200,2424,0.04
2026-09-14T05:03:38Z,41,41,30,0,0,200,2425,0.04
2026-09-14T05:03:40Z,40,41,30,0,0,200,2424,0.04
2026-09-14T05:03:42Z,41,41,30,0,0,200,2424,0.03
2026-09-14T05:03:44Z,40,41,30,0,0,200,2424,0.03
2026-09-14T05:03:46Z,41,41,30,0,0,200,2424,0.03
2026-09-14T05:03:48Z,40,41,30,0,0,200,2425,0.03
2026-09-14T05:03:50Z,40,41,30,0,0,200,2424,0.03
2026-09-14T05:03:52Z,40,41,30,0,0,200,2424,0.03
2026-09-14T05:03:54Z,40,41,30,0,0,200,2424,0.03
2026-09-14T05:03:56Z,40,41,30,0,0,200,2424,0.03
2026-09-14T05:03:58Z,40,41,30,0,0,200,2425,0.03
2026-09-14T05:04:00Z,40,41,30,0,0,200,2425,0.03
2026-09-14T05:04:02Z,40,41,30,0,0,200,2424,0.02
2026-09-14T05:04:04Z,40,41,30,0,0,200,2424,0.02
2026-09-14T05:04:06Z,41,41,30,0,0,200,2424,0.02
2026-09-14T05:04:08Z,40,41,30,0,0,200,2424,0.02
2026-09-14T05:04:10Z,40,41,30,0,0,200,2424,0.02
2026-09-14T05:04:13Z,40,41,30,0,0,200,2424,0.02
2026-09-14T05:04:15Z,40,41,30,0,0,200,2424,0.02
2026-09-14T05:04:17Z,41,41,30,0,0,200,2424,0.02
2026-09-14T05:04:19Z,41,41,30,0,0,200,2424,0.02
2026-09-14T05:04:21Z,41,41,30,0,0,200,2426,0.02
2026-09-14T05:04:23Z,40,41,30,0,0,200,2425,0.02
2026-09-14T05:04:25Z,40,41,30,0,0,200,2424,0.02
2026-09-14T05:04:27Z,40,41,30,0,0,200,2425,0.01
2026-09-14T05:04:29Z,40,41,30,0,0,200,2425,0.01
2026-09-14T05:04:31Z,41,41,30,0,0,200,2424,0.01
2026-09-14T05:04:33Z,41,41,30,0,0,200,2424,0.01
2026-09-14T05:04:35Z,41,41,30,0,0,200,2424,0.01
2026-09-14T05:04:37Z,41,41,30,0,0,200,2424,0.01
2026-09-14T05:04:39Z,40,41,30,0,0,200,2424,0.01
2026-09-14T05:04:41Z,40,41,30,0,0,200,2425,0.01
2026-09-14T05:04:43Z,40,41,30,0,0,200,2425,0.01
2026-09-14T05:04:45Z,41,41,30,0,0,200,2424,0.01
2026-09-14T05:04:47Z,40,41,30,0,0,200,2424,0.01
2026-09-14T05:04:49Z,41,41,30,0,0,200,2425,0.01
2026-09-14T05:04:51Z,41,41,30,0,0,200,2424,0.09
2026-09-14T05:04:54Z,40,41,30,0,0,200,2425,0.09
2026-09-14T05:04:56Z,40,41,30,0,0,200,2424,0.08
2026-09-14T05:04:58Z,41,41,30,0,0,200,2424,0.08
2026-09-14T05:05:00Z,40,41,30,0,0,200,2424,0.08
2026-09-14T05:05:02Z,41,41,30,0,0,200,2424,0.08
2026-09-14T05:05:04Z,40,41,30,0,0,200,2424,0.08
2026-09-14T05:05:06Z,40,41,30,0,0,200,2424,0.07
2026-09-14T05:05:08Z,40,41,30,0,0,200,2424,0.07
2026-09-14T05:05:10Z,41,41,30,0,0,200,2424,0.07
2026-09-14T05:05:12Z,41,41,30,0,0,200,2424,0.06
2026-09-14T05:05:14Z,40,41,30,0,0,200,2424,0.06
2026-09-14T05:05:16Z,41,41,30,0,0,200,2426,0.06
2026-09-14T05:05:18Z,40,41,30,0,0,200,2426,0.06
2026-09-14T05:05:20Z,41,41,30,0,0,200,2424,0.06
2026-09-14T05:05:22Z,41,41,30,0,0,200,2424,0.05
2026-09-14T05:05:24Z,41,41,30,0,0,200,2425,0.05
2026-09-14T05:05:26Z,41,41,30,0,0,200,2424,0.05
2026-09-14T05:05:28Z,40,41,30,0,0,200,2424,0.05
2026-09-14T05:05:30Z,41,41,30,0,0,200,2424,0.04
2026-09-14T05:05:32Z,40,41,30,0,0,200,2424,0.04
2026-09-14T05:05:35Z,41,41,30,0,0,200,2424,0.04
2026-09-14T05:05:37Z,40,41,30,0,0,200,2426,0.04
2026-09-14T05:05:39Z,40,41,30,0,0,200,2424,0.04
2026-09-14T05:05:41Z,41,41,30,0,0,200,2424,0.04
2026-09-14T05:05:43Z,40,41,30,0,0,200,2425,0.04
2026-09-14T05:05:45Z,40,41,30,0,0,200,2424,0.04
2026-09-14T05:05:47Z,40,41,30,0,0,200,2424,0.03
2026-09-14T05:05:49Z,40,41,30,0,0,200,2425,0.03
2026-09-14T05:05:51Z,40,41,30,0,0,200,2424,0.03
2026-09-14T05:05:53Z,41,41,30,0,0,200,2425,0.03
2026-09-14T05:05:55Z,41,41,30,0,0,200,2424,0.03
2026-09-14T05:05:57Z,40,41,30,0,0,200,2426,0.03
2026-09-14T05:05:59Z,40,41,30,0,0,200,2425,0.03
2026-09-14T05:06:01Z,40,41,30,0,0,200,2424,0.03
2026-09-14T05:06:03Z,41,41,30,0,0,200,2424,0.03
2026-09-14T05:06:05Z,40,41,30,0,0,200,2424,0.03
2026-09-14T05:06:07Z,40,41,30,0,0,200,2424,0.02
2026-09-14T05:06:09Z,40,41,30,0,0,200,2424,0.02
2026-09-14T05:06:11Z,40,41,30,0,0,200,2424,0.02
2026-09-14T05:06:13Z,40,41,30,0,0,200,2424,0.02
2026-09-14T05:06:16Z,40,41,30,0,0,200,2424,0.02
2026-09-14T05:06:18Z,40,41,30,0,0,200,2425,0.02
2026-09-14T05:06:20Z,41,41,30,0,0,200,2424,0.02
2026-09-14T05:06:22Z,40,41,30,0,0,200,2424,0.02
2026-09-14T05:06:24Z,40,41,30,0,0,200,2424,0.02
2026-09-14T05:06:26Z,41,41,30,0,0,200,2427,0.02
2026-09-14T05:06:28Z,40,41,30,0,0,200,2424,0.02
2026-09-14T05:06:30Z,40,41,30,0,0,200,2424,0.02
2026-09-14T05:06:32Z,40,41,30,0,0,200,2424,0.01
2026-09-14T05:06:34Z,40,41,30,0,0,200,2424,0.01
2026-09-14T05:06:36Z,40,41,30,0,0,200,2425,0.01
2026-09-14T05:06:38Z,40,41,30,0,0,200,2424,0.01
2026-09-14T05:06:40Z,40,41,30,0,0,200,2425,0.01
2026-09-14T05:06:42Z,40,41,30,0,0,200,2433,0.01
2026-09-14T05:06:44Z,40,41,30,0,0,200,2424,0.01
2026-09-14T05:06:46Z,40,41,30,0,0,200,2424,0.01
2026-09-14T05:06:48Z,41,41,30,0,0,200,2424,0.01
2026-09-14T05:06:50Z,40,41,30,0,0,200,2424,0.01
2026-09-14T05:06:52Z,40,41,30,0,0,200,2424,0.01
2026-09-14T05:06:54Z,40,41,30,0,0,200,2424,0.01
2026-09-14T05:06:57Z,41,41,30,0,0,200,2424,0.01
2026-09-14T05:06:59Z,40,41,30,0,0,200,2424,0.01
2026-09-14T05:07:01Z,40,41,30,0,0,200,2424,0.01
2026-09-14T05:07:03Z,40,41,30,0,0,200,2424,0.01
2026-09-14T05:07:05Z,40,41,30,0,0,200,2425,0.01
2026-09-14T05:07:07Z,40,41,30,0,0,200,2424,0.01
2026-09-14T05:07:09Z,40,41,30,0,0,200,2424,0.01
2026-09-14T05:07:11Z,40,41,30,0,0,200,2424,0.01
2026-09-14T05:07:13Z,40,41,30,0,0,200,2425,0.01
2026-09-14T05:07:15Z,40,41,30,0,0,200,2424,0.01
2026-09-14T05:07:17Z,40,41,30,0,0,200,2424,0.00
2026-09-14T05:07:19Z,40,41,30,0,0,200,2425,0.00
2026-09-14T05:07:21Z,41,41,30,0,0,200,2424,0.00
2026-09-14T05:07:23Z,41,41,30,0,0,200,2427,0.00
2026-09-14T05:07:25Z,40,41,30,0,0,200,2425,0.00
2026-09-14T05:07:27Z,40,41,30,0,0,200,2424,0.00
2026-09-14T05:07:29Z,40,41,30,0,0,200,2424,0.00
2026-09-14T05:07:31Z,40,41,30,0,0,200,2424,0.00
2026-09-14T05:07:33Z,40,41,30,0,0,200,2425,0.00
2026-09-14T05:07:35Z,40,41,30,0,0,200,2426,0.00
2026-09-14T05:07:38Z,41,41,30,0,0,200,2426,0.00
2026-09-14T05:07:40Z,40,41,30,0,0,200,2424,0.00
2026-09-14T05:07:42Z,41,41,30,0,0,200,2424,0.00
2026-09-14T05:07:44Z,40,41,30,0,0,200,2424,0.00
2026-09-14T05:07:46Z,40,41,30,0,0,200,2426,0.00
2026-09-14T05:07:48Z,41,41,30,0,0,200,2425,0.00
2026-09-14T05:07:50Z,40,41,30,0,0,200,2425,0.00
2026-09-14T05:07:52Z,40,41,30,0,0,200,2424,0.00
2026-09-14T05:07:54Z,40,41,30,0,0,200,2424,0.00
2026-09-14T05:07:56Z,40,41,30,0,0,200,2424,0.00
2026-09-14T05:07:58Z,41,41,30,0,0,200,2425,0.00
2026-09-14T05:08:00Z,40,41,30,0,0,200,2424,0.00
2026-09-14T05:08:02Z,40,41,30,0,0,200,2425,0.00
2026-09-14T05:08:04Z,41,41,30,0,0,200,2424,0.00
2026-09-14T05:08:06Z,40,41,30,0,0,200,2426,0.00
2026-09-14T05:08:08Z,40,41,30,0,0,200,2424,0.00
2026-09-14T05:08:10Z,40,41,30,0,0,200,2424,0.00
2026-09-14T05:08:12Z,40,41,30,0,0,200,2424,0.00
2026-09-14T05:08:14Z,41,41,30,0,0,200,2425,0.00
2026-09-14T05:08:16Z,40,41,30,0,0,200,2424,0.00
2026-09-14T05:08:19Z,41,41,30,0,0,200,2424,0.00
2026-09-14T05:08:21Z,41,41,30,0,0,200,2424,0.00
2026-09-14T05:08:23Z,41,41,30,0,0,200,2424,0.00
2026-09-14T05:08:25Z,40,41,30,0,0,200,2425,0.00
2026-09-14T05:08:27Z,40,41,30,0,0,200,2424,0.00
2026-09-14T05:08:29Z,40,41,30,0,0,200,2425,0.00
2026-09-14T05:08:31Z,40,41,30,0,0,200,2424,0.00
2026-09-14T05:08:33Z,40,41,30,0,0,200,2426,0.00
2026-09-14T05:08:35Z,41,41,30,0,0,200,2424,0.00
2026-09-14T05:08:37Z,41,41,30,0,0,200,2424,0.00
2026-09-14T05:08:39Z,40,41,30,0,0,200,2425,0.00
2026-09-14T05:08:41Z,40,41,30,0,0,200,2424,0.00
2026-09-14T05:08:43Z,41,41,30,0,0,200,2426,0.00
2026-09-14T05:08:45Z,40,41,30,0,0,200,2425,0.00
2026-09-14T05:08:47Z,40,41,30,0,0,200,2424,0.00
2026-09-14T05:08:49Z,40,41,30,0,0,200,2424,0.00
2026-09-14T05:08:51Z,40,41,30,0,0,200,2424,0.00
2026-09-14T05:08:53Z,40,41,30,0,0,200,2425,0.00
2026-09-14T05:08:55Z,41,41,30,0,0,200,2427,0.00
2026-09-14T05:08:57Z,40,41,30,0,0,200,2424,0.00
2026-09-14T05:08:59Z,40,41,30,0,0,200,2425,0.00
2026-09-14T05:09:02Z,40,41,30,0,0,200,2424,0.00
2026-09-14T05:09:04Z,40,41,30,0,0,200,2424,0.00
2026-09-14T05:09:06Z,40,41,30,0,0,200,2424,0.00
2026-09-14T05:09:08Z,41,41,30,0,0,200,2425,0.00
2026-09-14T05:09:10Z,40,41,30,0,0,200,2425,0.00
2026-09-14T05:09:12Z,40,41,30,0,0,200,2425,0.00
2026-09-14T05:09:14Z,40,41,30,0,0,200,2424,0.00
2026-09-14T05:09:16Z,41,41,30,0,0,200,2425,0.00
2026-09-14T05:09:18Z,41,41,30,0,0,200,2424,0.00
2026-09-14T05:09:20Z,41,41,30,0,0,200,2424,0.00
2026-09-14T05:09:22Z,40,41,30,0,0,200,2424,0.00
2026-09-14T05:09:24Z,40,41,30,0,0,200,2425,0.00
2026-09-14T05:09:26Z,40,41,30,0,0,200,2425,0.00
2026-09-14T05:09:28Z,41,41,30,0,0,200,2424,0.00
2026-09-14T05:09:30Z,41,41,30,0,0,200,2424,0.00
2026-09-14T05:09:32Z,40,41,30,0,0,200,2425,0.00
2026-09-14T05:09:34Z,40,41,30,0,0,200,2424,0.00
2026-09-14T05:09:36Z,40,41,30,0,0,200,2424,0.00
2026-09-14T05:09:38Z,41,41,30,0,0,200,2424,0.00
2026-09-14T05:09:41Z,40,41,30,0,0,200,2428,0.00
2026-09-14T05:09:43Z,40,41,30,0,0,200,2424,0.00
2026-09-14T05:09:45Z,40,41,30,0,0,200,2425,0.00
2026-09-14T05:09:47Z,40,41,30,0,0,200,2425,0.00
2026-09-14T05:09:49Z,40,41,30,0,0,200,2424,0.00
2026-09-14T05:09:51Z,40,41,30,0,0,200,2424,0.00
2026-09-14T05:09:53Z,40,41,30,0,0,200,2424,0.00
2026-09-14T05:09:55Z,40,41,30,0,0,200,2424,0.00
2026-09-14T05:09:57Z,40,41,30,0,0,200,2425,0.00
2026-09-14T05:09:59Z,40,41,30,0,0,200,2423,0.00
2026-09-14T05:10:01Z,40,41,30,0,0,200,2424,0.00
2026-09-14T05:10:03Z,41,41,30,0,0,200,2424,0.00
2026-09-14T05:10:05Z,41,41,30,0,0,200,2424,0.00
2026-09-14T05:10:07Z,40,41,30,0,0,200,2426,0.00
2026-09-14T05:10:09Z,40,41,30,0,0,200,2424,0.00
2026-09-14T05:10:11Z,40,41,30,0,0,200,2424,0.00
2026-09-14T05:10:13Z,41,41,30,0,0,200,2424,0.00
2026-09-14T05:10:15Z,40,41,30,0,0,200,2426,0.00
2026-09-14T05:10:17Z,40,41,30,0,0,200,2424,0.00
2026-09-14T05:10:19Z,40,41,30,0,0,200,2424,0.00
2026-09-14T05:10:21Z,40,41,30,0,0,200,2424,0.00
2026-09-14T05:10:24Z,41,41,30,0,0,200,2424,0.00
2026-09-14T05:10:26Z,40,41,30,0,0,200,2424,0.00
2026-09-14T05:10:28Z,41,41,30,0,0,200,2424,0.00
2026-09-14T05:10:30Z,40,41,30,0,0,200,2424,0.00
2026-09-14T05:10:32Z,40,41,30,0,0,200,2424,0.00
2026-09-14T05:10:34Z,40,41,30,0,0,200,2424,0.00
2026-09-14T05:10:36Z,40,41,30,0,0,200,2425,0.00
2026-09-14T05:10:38Z,40,41,30,0,0,200,2424,0.00
2026-09-14T05:10:40Z,40,41,30,0,0,200,2426,0.00
2026-09-14T05:10:42Z,41,41,30,0,0,200,2424,0.00
2026-09-14T05:10:44Z,41,41,30,0,0,200,2429,0.00
2026-09-14T05:10:46Z,40,41,30,0,0,200,2424,0.00
2026-09-14T05:10:48Z,40,41,30,0,0,200,2424,0.00
2026-09-14T05:10:50Z,40,41,30,0,0,200,2424,0.00
2026-09-14T05:10:52Z,40,41,30,0,0,200,2425,0.00
2026-09-14T05:10:54Z,40,41,30,0,0,200,2425,0.00
2026-09-14T05:10:56Z,40,41,30,0,0,200,2425,0.00
2026-09-14T05:10:58Z,41,41,30,0,0,200,2425,0.00
2026-09-14T05:11:00Z,40,41,30,0,0,200,2424,0.00
2026-09-14T05:11:02Z,41,41,30,0,0,200,2424,0.00
2026-09-14T05:11:05Z,41,41,30,0,0,200,2425,0.00
2026-09-14T05:11:07Z,40,41,30,0,0,200,2428,0.00
2026-09-14T05:11:09Z,40,41,30,0,0,200,2425,0.00
2026-09-14T05:11:11Z,40,41,30,0,0,200,2424,0.00
2026-09-14T05:11:13Z,40,41,30,0,0,200,2424,0.00
2026-09-14T05:11:15Z,40,41,30,0,0,200,2424,0.00
2026-09-14T05:11:17Z,41,41,30,0,0,200,2424,0.00
2026-09-14T05:11:19Z,40,41,30,0,0,200,2424,0.00
2026-09-14T05:11:21Z,40,41,30,0,0,200,2424,0.00
2026-09-14T05:11:23Z,40,41,30,0,0,200,2424,0.00
2026-09-14T05:11:25Z,40,41,30,0,0,200,2424,0.00
2026-09-14T05:11:27Z,40,41,30,0,0,200,2425,0.00
2026-09-14T05:11:29Z,40,41,30,0,0,200,2424,0.00
2026-09-14T05:11:31Z,41,41,30,0,0,200,2424,0.00
2026-09-14T05:11:33Z,41,41,30,0,0,200,2424,0.00
2026-09-14T05:11:35Z,40,41,30,0,0,200,2424,0.00
2026-09-14T05:11:37Z,40,41,30,0,0,200,2424,0.00
2026-09-14T05:11:39Z,40,41,30,0,0,200,2424,0.00
2026-09-14T05:11:41Z,40,41,30,0,0,200,2424,0.00
2026-09-14T05:11:43Z,40,41,30,0,0,200,2425,0.00
2026-09-14T05:11:46Z,40,41,30,0,0,200,2424,0.00
2026-09-14T05:11:48Z,41,41,30,0,0,200,2425,0.00
2026-09-14T05:11:50Z,40,41,30,0,0,200,2424,0.00
2026-09-14T05:11:52Z,40,41,30,0,0,200,2424,0.08
2026-09-14T05:11:54Z,41,41,30,0,0,200,2425,0.08
2026-09-14T05:11:56Z,40,41,30,0,0,200,2424,0.07
2026-09-14T05:11:58Z,40,41,30,0,0,200,2424,0.07
2026-09-14T05:12:00Z,41,41,30,0,0,200,2422,0.07
2026-09-14T05:12:02Z,40,41,30,0,0,200,2424,0.07
2026-09-14T05:12:04Z,40,41,30,0,0,200,2424,0.07
2026-09-14T05:12:06Z,40,41,30,0,0,200,2426,0.06
2026-09-14T05:12:08Z,41,41,30,0,0,200,2425,0.06
2026-09-14T05:12:10Z,40,41,30,0,0,200,2424,0.06
2026-09-14T05:12:12Z,40,41,30,0,0,200,2424,0.06
2026-09-14T05:12:14Z,41,41,30,0,0,200,2425,0.06
2026-09-14T05:12:16Z,41,41,30,0,0,200,2427,0.05
2026-09-14T05:12:18Z,40,41,30,0,0,200,2424,0.05
2026-09-14T05:12:20Z,40,41,30,0,0,200,2424,0.05
2026-09-14T05:12:22Z,40,41,30,0,0,200,2425,0.05
2026-09-14T05:12:24Z,41,41,30,0,0,200,2424,0.05
2026-09-14T05:12:27Z,40,41,30,0,0,200,2424,0.04
2026-09-14T05:12:29Z,40,41,30,0,0,200,2425,0.04
2026-09-14T05:12:31Z,40,41,30,0,0,200,2424,0.04
2026-09-14T05:12:33Z,40,41,30,0,0,200,2424,0.04
2026-09-14T05:12:35Z,40,41,30,0,0,200,2424,0.04
2026-09-14T05:12:37Z,41,41,30,0,0,200,2424,0.04
2026-09-14T05:12:39Z,40,41,30,0,0,200,2424,0.04
2026-09-14T05:12:41Z,40,41,30,0,0,200,2424,0.03
2026-09-14T05:12:43Z,40,41,30,0,0,200,2424,0.03
2026-09-14T05:12:45Z,40,41,30,0,0,200,2424,0.03
2026-09-14T05:12:47Z,40,41,30,0,0,200,2426,0.03
2026-09-14T05:12:49Z,40,41,30,0,0,200,2424,0.03
2026-09-14T05:12:51Z,40,41,30,0,0,200,2427,0.03
2026-09-14T05:12:53Z,41,41,30,0,0,200,2424,0.03
2026-09-14T05:12:55Z,40,41,30,0,0,200,2424,0.03
2026-09-14T05:12:57Z,41,41,30,0,0,200,2424,0.02
2026-09-14T05:12:59Z,40,41,30,0,0,200,2424,0.02
2026-09-14T05:13:01Z,41,41,30,0,0,200,2425,0.02
2026-09-14T05:13:03Z,40,41,30,0,0,200,2424,0.02
2026-09-14T05:13:05Z,40,41,30,0,0,200,2425,0.02
2026-09-14T05:13:08Z,41,41,30,0,0,200,2424,0.02
2026-09-14T05:13:10Z,41,41,30,0,0,200,2424,0.02
2026-09-14T05:13:12Z,41,41,30,0,0,200,2424,0.02
2026-09-14T05:13:14Z,41,41,30,0,0,200,2424,0.02
2026-09-14T05:13:16Z,40,41,30,0,0,200,2424,0.02
2026-09-14T05:13:18Z,40,41,30,0,0,200,2425,0.02
2026-09-14T05:13:20Z,40,41,30,0,0,200,2424,0.02
2026-09-14T05:13:22Z,40,41,30,0,0,200,2425,0.02
2026-09-14T05:13:24Z,40,41,30,0,0,200,2424,0.02
2026-09-14T05:13:26Z,41,41,30,0,0,200,2424,0.01
2026-09-14T05:13:28Z,40,41,30,0,0,200,2424,0.01
2026-09-14T05:13:30Z,40,41,30,0,0,200,2424,0.01
2026-09-14T05:13:32Z,40,41,30,0,0,200,2425,0.01
2026-09-14T05:13:34Z,40,41,30,0,0,200,2424,0.01
2026-09-14T05:13:36Z,40,41,30,0,0,200,2424,0.01
2026-09-14T05:13:38Z,40,41,30,0,0,200,2424,0.01
2026-09-14T05:13:40Z,41,41,30,0,0,200,2424,0.01
2026-09-14T05:13:42Z,40,41,30,0,0,200,2424,0.01
2026-09-14T05:13:44Z,40,41,30,0,0,200,2424,0.01
2026-09-14T05:13:46Z,40,41,30,0,0,200,2424,0.01
2026-09-14T05:13:49Z,40,41,30,0,0,200,2424,0.01
2026-09-14T05:13:51Z,41,41,30,0,0,200,2425,0.01
2026-09-14T05:13:53Z,40,41,30,0,0,200,2425,0.01
2026-09-14T05:13:55Z,40,41,30,0,0,200,2424,0.01
2026-09-14T05:13:57Z,40,41,30,0,0,200,2424,0.01
2026-09-14T05:13:59Z,41,41,30,0,0,200,2424,0.01
2026-09-14T05:14:01Z,41,41,30,0,0,200,2424,0.01
2026-09-14T05:14:03Z,41,41,30,0,0,200,2416,0.01
2026-09-14T05:14:05Z,41,41,30,0,0,200,2424,0.01
2026-09-14T05:14:07Z,40,41,30,0,0,200,2424,0.01
2026-09-14T05:14:09Z,41,41,30,0,0,200,2424,0.01
2026-09-14T05:14:11Z,40,41,30,0,0,200,2424,0.00
2026-09-14T05:14:13Z,40,41,30,0,0,200,2424,0.00
2026-09-14T05:14:15Z,40,41,30,0,0,200,2424,0.00
2026-09-14T05:14:17Z,40,41,30,0,0,200,2424,0.00
2026-09-14T05:14:19Z,40,41,30,0,0,200,2424,0.00
2026-09-14T05:14:21Z,41,41,30,0,0,200,2424,0.00
2026-09-14T05:14:23Z,40,41,30,0,0,200,2425,0.00
2026-09-14T05:14:25Z,41,41,30,0,0,200,2425,0.00
2026-09-14T05:14:27Z,41,41,30,0,0,200,2424,0.00
2026-09-14T05:14:29Z,41,41,30,0,0,200,2424,0.00
2026-09-14T05:14:32Z,41,41,30,0,0,200,2424,0.00
2026-09-14T05:14:34Z,41,41,30,0,0,200,2425,0.00
2026-09-14T05:14:36Z,40,41,30,0,0,200,2424,0.00
2026-09-14T05:14:38Z,41,41,30,0,0,200,2425,0.00
2026-09-14T05:14:40Z,40,41,30,0,0,200,2424,0.00
2026-09-14T05:14:42Z,40,41,30,0,0,200,2425,0.00
2026-09-14T05:14:44Z,40,41,30,0,0,200,2424,0.00
2026-09-14T05:14:46Z,40,41,30,0,0,200,2426,0.00
2026-09-14T05:14:48Z,40,41,30,0,0,200,2425,0.00
2026-09-14T05:14:50Z,40,41,30,0,0,200,2424,0.00
2026-09-14T05:14:52Z,41,41,30,0,0,200,2424,0.00
2026-09-14T05:14:54Z,40,41,30,0,0,200,2424,0.00
2026-09-14T05:14:56Z,41,41,30,0,0,200,2424,0.00
2026-09-14T05:14:58Z,40,41,30,0,0,200,2425,0.00
2026-09-14T05:15:00Z,40,41,30,0,0,200,2426,0.00
2026-09-14T05:15:02Z,41,41,30,0,0,200,2426,0.00
2026-09-14T05:15:04Z,40,41,30,0,0,200,2424,0.00
2026-09-14T05:15:06Z,40,41,30,0,0,200,2425,0.00
2026-09-14T05:15:08Z,41,41,30,0,0,200,2424,0.00
2026-09-14T05:15:10Z,40,41,30,0,0,200,2424,0.00
2026-09-14T05:15:13Z,40,41,30,0,0,200,2425,0.00
2026-09-14T05:15:15Z,40,41,30,0,0,200,2424,0.00
2026-09-14T05:15:17Z,40,41,30,0,0,200,2425,0.00
2026-09-14T05:15:19Z,41,41,30,0,0,200,2424,0.00
2026-09-14T05:15:21Z,41,41,30,0,0,200,2424,0.00
2026-09-14T05:15:23Z,40,41,30,0,0,200,2426,0.00
2026-09-14T05:15:25Z,40,41,30,0,0,200,2424,0.00
2026-09-14T05:15:27Z,40,41,30,0,0,200,2426,0.00
2026-09-14T05:15:29Z,40,41,30,0,0,200,2425,0.00
2026-09-14T05:15:31Z,40,41,30,0,0,200,2424,0.08
2026-09-14T05:15:33Z,40,41,30,0,0,200,2424,0.08
2026-09-14T05:15:35Z,40,41,30,0,0,200,2424,0.08
2026-09-14T05:15:37Z,41,41,30,0,0,200,2424,0.07
2026-09-14T05:15:39Z,40,41,30,0,0,200,2424,0.07
2026-09-14T05:15:41Z,40,41,30,0,0,200,2424,0.07
2026-09-14T05:15:43Z,41,41,30,0,0,200,2425,0.07
2026-09-14T05:15:45Z,41,41,30,0,0,200,2424,0.07
2026-09-14T05:15:47Z,40,41,30,0,0,200,2424,0.14
2026-09-14T05:15:49Z,40,41,30,0,0,200,2424,0.14
2026-09-14T05:15:51Z,40,41,30,0,0,200,2424,0.13
2026-09-14T05:15:54Z,40,41,30,0,0,200,2424,0.13
2026-09-14T05:15:56Z,40,41,30,0,0,200,2424,0.12
2026-09-14T05:15:58Z,40,41,30,0,0,200,2424,0.12
2026-09-14T05:16:00Z,41,41,30,0,0,200,2425,0.12
2026-09-14T05:16:02Z,40,41,30,0,0,200,2424,0.11
2026-09-14T05:16:04Z,40,41,30,0,0,200,2425,0.11
2026-09-14T05:16:06Z,41,41,30,0,0,200,2424,0.10
2026-09-14T05:16:08Z,41,41,30,0,0,200,2424,0.10
2026-09-14T05:16:10Z,40,41,30,0,0,200,2424,0.10
2026-09-14T05:16:12Z,40,41,30,0,0,200,2424,0.09
2026-09-14T05:16:14Z,41,41,30,0,0,200,2425,0.09
2026-09-14T05:16:16Z,41,41,30,0,0,200,2424,0.08
2026-09-14T05:16:18Z,40,41,30,0,0,200,2424,0.08
2026-09-14T05:16:20Z,40,41,30,0,0,200,2424,0.08
2026-09-14T05:16:22Z,41,41,30,0,0,200,2424,0.08
2026-09-14T05:16:24Z,41,41,30,0,0,200,2424,0.08
2026-09-14T05:16:26Z,41,41,30,0,0,200,2424,0.07
2026-09-14T05:16:28Z,41,41,30,0,0,200,2424,0.07
2026-09-14T05:16:30Z,41,41,30,0,0,200,2425,0.07
2026-09-14T05:16:32Z,40,41,30,0,0,200,2424,0.07
2026-09-14T05:16:35Z,40,41,30,0,0,200,2424,0.07
2026-09-14T05:16:37Z,40,41,30,0,0,200,2424,0.06
2026-09-14T05:16:39Z,41,41,30,0,0,200,2424,0.06
2026-09-14T05:16:41Z,40,41,30,0,0,200,2424,0.06
2026-09-14T05:16:43Z,41,41,30,0,0,200,2424,0.06
2026-09-14T05:16:45Z,41,41,30,0,0,200,2424,0.06
2026-09-14T05:16:47Z,40,41,30,0,0,200,2426,0.05
2026-09-14T05:16:49Z,40,41,30,0,0,200,2424,0.05
2026-09-14T05:16:51Z,40,41,30,0,0,200,2425,0.05
2026-09-14T05:16:53Z,40,41,30,0,0,200,2424,0.05
2026-09-14T05:16:55Z,40,41,30,0,0,200,2425,0.05
2026-09-14T05:16:57Z,40,41,30,0,0,200,2424,0.04
2026-09-14T05:16:59Z,41,41,30,0,0,200,2424,0.04
2026-09-14T05:17:01Z,40,41,30,0,0,200,2424,0.04
2026-09-14T05:17:03Z,41,41,30,0,0,200,2424,0.04
2026-09-14T05:17:05Z,40,41,30,0,0,200,2425,0.04
2026-09-14T05:17:07Z,40,41,30,0,0,200,2424,0.04
2026-09-14T05:17:09Z,41,41,30,0,0,200,2424,0.04
2026-09-14T05:17:11Z,40,41,30,0,0,200,2424,0.03
2026-09-14T05:17:13Z,40,41,30,0,0,200,2426,0.03
2026-09-14T05:17:16Z,40,41,30,0,0,200,2424,0.03
2026-09-14T05:17:18Z,41,41,30,0,0,200,2424,0.03
2026-09-14T05:17:20Z,40,41,30,0,0,200,2424,0.03
2026-09-14T05:17:22Z,41,41,30,0,0,200,2426,0.03
2026-09-14T05:17:24Z,41,41,30,0,0,200,2424,0.03
2026-09-14T05:17:26Z,41,41,30,0,0,200,2425,0.02
2026-09-14T05:17:28Z,40,41,30,0,0,200,2425,0.02
2026-09-14T05:17:30Z,41,41,30,0,0,200,2424,0.02
2026-09-14T05:17:32Z,40,41,30,0,0,200,2424,0.02
2026-09-14T05:17:34Z,41,41,30,0,0,200,2423,0.02
2026-09-14T05:17:36Z,40,41,30,0,0,200,2425,0.02
2026-09-14T05:17:38Z,40,41,30,0,0,200,2424,0.02
2026-09-14T05:17:40Z,41,41,30,0,0,200,2424,0.02
2026-09-14T05:17:42Z,40,41,30,0,0,200,2424,0.02
2026-09-14T05:17:44Z,40,41,30,0,0,200,2425,0.02
2026-09-14T05:17:46Z,40,41,30,0,0,200,2424,0.02
2026-09-14T05:17:48Z,41,41,30,0,0,200,2424,0.02
2026-09-14T05:17:50Z,40,41,30,0,0,200,2424,0.02
2026-09-14T05:17:52Z,41,41,30,0,0,200,2424,0.02
2026-09-14T05:17:54Z,40,41,30,0,0,200,2424,0.02
2026-09-14T05:17:57Z,40,41,30,0,0,200,2424,0.01
2026-09-14T05:17:59Z,40,41,30,0,0,200,2425,0.01
2026-09-14T05:18:01Z,41,41,30,0,0,200,2424,0.01
2026-09-14T05:18:03Z,41,41,30,0,0,200,2424,0.01
2026-09-14T05:18:05Z,41,41,30,0,0,200,2424,0.01
2026-09-14T05:18:07Z,41,41,30,0,0,200,2419,0.01
2026-09-14T05:18:09Z,41,41,30,0,0,200,2424,0.01
2026-09-14T05:18:11Z,40,41,30,0,0,200,2424,0.01
2026-09-14T05:18:13Z,40,41,30,0,0,200,2424,0.01
2026-09-14T05:18:15Z,41,41,30,0,0,200,2424,0.01
2026-09-14T05:18:17Z,40,41,30,0,0,200,2426,0.01
2026-09-14T05:18:19Z,40,41,30,0,0,200,2424,0.01
2026-09-14T05:18:21Z,40,41,30,0,0,200,2425,0.01
2026-09-14T05:18:23Z,40,41,30,0,0,200,2425,0.01
2026-09-14T05:18:25Z,40,41,30,0,0,200,2424,0.01
2026-09-14T05:18:27Z,40,41,30,0,0,200,2425,0.01
2026-09-14T05:18:29Z,40,41,30,0,0,200,2424,0.01
2026-09-14T05:18:31Z,40,41,30,0,0,200,2424,0.01
2026-09-14T05:18:33Z,41,41,30,0,0,200,2424,0.01
2026-09-14T05:18:35Z,40,41,30,0,0,200,2424,0.01
2026-09-14T05:18:37Z,40,41,30,0,0,200,2424,0.01
2026-09-14T05:18:40Z,40,41,30,0,0,200,2425,0.01
2026-09-14T05:18:42Z,40,41,30,0,0,200,2424,0.00
2026-09-14T05:18:44Z,40,41,30,0,0,200,2424,0.00
2026-09-14T05:18:46Z,40,41,30,0,0,200,2424,0.00
2026-09-14T05:18:48Z,41,41,30,0,0,200,2424,0.00
2026-09-14T05:18:50Z,40,41,30,0,0,200,2424,0.00
2026-09-14T05:18:52Z,40,41,30,0,0,200,2425,0.00
2026-09-14T05:18:54Z,40,41,30,0,0,200,2424,0.00
2026-09-14T05:18:56Z,41,41,30,0,0,200,2424,0.00
2026-09-14T05:18:58Z,41,41,30,0,0,200,2424,0.00
2026-09-14T05:19:00Z,40,41,30,0,0,200,2424,0.00
2026-09-14T05:19:02Z,40,41,30,0,0,200,2424,0.00
2026-09-14T05:19:04Z,40,41,30,0,0,200,2424,0.00
2026-09-14T05:19:06Z,40,41,30,0,0,200,2424,0.00
2026-09-14T05:19:08Z,40,41,30,0,0,200,2425,0.00
2026-09-14T05:19:10Z,40,41,30,0,0,200,2424,0.00
2026-09-14T05:19:12Z,41,41,30,0,0,200,2424,0.00
2026-09-14T05:19:14Z,40,41,30,0,0,200,2424,0.00
2026-09-14T05:19:16Z,41,41,30,0,0,200,2426,0.00
2026-09-14T05:19:18Z,40,41,30,0,0,200,2424,0.00
2026-09-14T05:19:21Z,41,41,30,0,0,200,2424,0.00
2026-09-14T05:19:23Z,41,41,30,0,0,200,2424,0.00
2026-09-14T05:19:25Z,40,41,30,0,0,200,2424,0.00
2026-09-14T05:19:27Z,40,41,30,0,0,200,2425,0.00
2026-09-14T05:19:29Z,41,41,30,0,0,200,2424,0.00
2026-09-14T05:19:31Z,41,41,30,0,0,200,2424,0.00
2026-09-14T05:19:33Z,41,41,30,0,0,200,2423,0.00
2026-09-14T05:19:35Z,41,41,30,0,0,200,2424,0.00
2026-09-14T05:19:37Z,41,41,30,0,0,200,2425,0.00
2026-09-14T05:19:39Z,40,41,30,0,0,200,2424,0.00
2026-09-14T05:19:41Z,41,41,30,0,0,200,2424,0.00
2026-09-14T05:19:43Z,40,41,30,0,0,200,2424,0.00
2026-09-14T05:19:45Z,40,41,30,0,0,200,2424,0.00
2026-09-14T05:19:47Z,41,41,30,0,0,200,2425,0.00
2026-09-14T05:19:49Z,40,41,30,0,0,200,2425,0.00
2026-09-14T05:19:51Z,40,41,30,0,0,200,2424,0.00
2026-09-14T05:19:53Z,40,41,30,0,0,200,2424,0.00
2026-09-14T05:19:55Z,40,41,30,0,0,200,2424,0.00
2026-09-14T05:19:57Z,40,41,30,0,0,200,2425,0.00
2026-09-14T05:19:59Z,40,41,30,0,0,200,2424,0.00
2026-09-14T05:20:02Z,41,41,30,0,0,200,2425,0.00
2026-09-14T05:20:04Z,40,41,30,0,0,200,2424,0.00
2026-09-14T05:20:06Z,41,41,30,0,0,200,2424,0.08
2026-09-14T05:20:08Z,41,41,30,0,0,200,2427,0.08
2026-09-14T05:20:10Z,40,41,30,0,0,200,2424,0.08
2026-09-14T05:20:12Z,40,41,30,0,0,200,2424,0.07
2026-09-14T05:20:14Z,41,41,30,0,0,200,2424,0.07
2026-09-14T05:20:16Z,41,41,30,0,0,200,2424,0.07
2026-09-14T05:20:18Z,40,41,30,0,0,200,2425,0.07
2026-09-14T05:20:20Z,41,41,30,0,0,200,2424,0.07
2026-09-14T05:20:22Z,40,41,30,0,0,200,2425,0.06
2026-09-14T05:20:24Z,40,41,30,0,0,200,2424,0.06
2026-09-14T05:20:26Z,40,41,30,0,0,200,2424,0.06
2026-09-14T05:20:28Z,40,41,30,0,0,200,2424,0.06
2026-09-14T05:20:30Z,40,41,30,0,0,200,2424,0.06
2026-09-14T05:20:32Z,40,41,30,0,0,200,2424,0.05
2026-09-14T05:20:34Z,41,41,30,0,0,200,2425,0.05
2026-09-14T05:20:36Z,40,41,30,0,0,200,2424,0.05
2026-09-14T05:20:38Z,41,41,30,0,0,200,2424,0.05
2026-09-14T05:20:40Z,41,41,30,0,0,200,2424,0.05
2026-09-14T05:20:43Z,40,41,30,0,0,200,2424,0.04
2026-09-14T05:20:45Z,41,41,30,0,0,200,2425,0.04
2026-09-14T05:20:47Z,41,41,30,0,0,200,2424,0.04
2026-09-14T05:20:49Z,40,41,30,0,0,200,2424,0.04
2026-09-14T05:20:51Z,40,41,30,0,0,200,2424,0.04
2026-09-14T05:20:53Z,40,41,30,0,0,200,2425,0.04
2026-09-14T05:20:55Z,40,41,30,0,0,200,2424,0.04
2026-09-14T05:20:57Z,41,41,30,0,0,200,2424,0.03
2026-09-14T05:20:59Z,40,41,30,0,0,200,2425,0.03
2026-09-14T05:21:01Z,40,41,30,0,0,200,2425,0.03
2026-09-14T05:21:03Z,40,41,30,0,0,200,2424,0.03
2026-09-14T05:21:05Z,40,41,30,0,0,200,2424,0.03
2026-09-14T05:21:07Z,40,41,30,0,0,200,2424,0.03
2026-09-14T05:21:09Z,40,41,30,0,0,200,2424,0.03
2026-09-14T05:21:11Z,41,41,30,0,0,200,2424,0.02
2026-09-14T05:21:13Z,40,41,30,0,0,200,2424,0.02
2026-09-14T05:21:15Z,40,41,30,0,0,200,2424,0.02
2026-09-14T05:21:17Z,40,41,30,0,0,200,2424,0.02
2026-09-14T05:21:19Z,40,41,30,0,0,200,2424,0.02
2026-09-14T05:21:21Z,41,41,30,0,0,200,2426,0.02
2026-09-14T05:21:24Z,41,41,30,0,0,200,2424,0.02
2026-09-14T05:21:26Z,40,41,30,0,0,200,2424,0.10
2026-09-14T05:21:28Z,41,41,30,0,0,200,2425,0.10
2026-09-14T05:21:30Z,40,41,30,0,0,200,2424,0.10
2026-09-14T05:21:32Z,41,41,30,0,0,200,2424,0.09
2026-09-14T05:21:34Z,41,41,30,0,0,200,2426,0.09
2026-09-14T05:21:36Z,40,41,30,0,0,200,2424,0.08
2026-09-14T05:21:38Z,41,41,30,0,0,200,2424,0.08
2026-09-14T05:21:40Z,40,41,30,0,0,200,2424,0.08
2026-09-14T05:21:42Z,40,41,30,0,0,200,2425,0.08
2026-09-14T05:21:44Z,40,41,30,0,0,200,2424,0.08
2026-09-14T05:21:46Z,40,41,30,0,0,200,2424,0.07
2026-09-14T05:21:48Z,40,41,30,0,0,200,2424,0.07
2026-09-14T05:21:50Z,41,41,30,0,0,200,2424,0.07
2026-09-14T05:21:52Z,40,41,30,0,0,200,2424,0.06
2026-09-14T05:21:54Z,41,41,30,0,0,200,2425,0.06
2026-09-14T05:21:56Z,40,41,30,0,0,200,2425,0.06
2026-09-14T05:21:58Z,41,41,30,0,0,200,2425,0.06
2026-09-14T05:22:00Z,40,41,30,0,0,200,2424,0.06
2026-09-14T05:22:02Z,40,41,30,0,0,200,2425,0.05
2026-09-14T05:22:05Z,41,41,30,0,0,200,2424,0.05
2026-09-14T05:22:07Z,40,41,30,0,0,200,2425,0.05
2026-09-14T05:22:09Z,40,41,30,0,0,200,2425,0.05
2026-09-14T05:22:11Z,40,41,30,0,0,200,2424,0.05
2026-09-14T05:22:13Z,40,41,30,0,0,200,2424,0.05
2026-09-14T05:22:15Z,40,41,30,0,0,200,2420,0.05
2026-09-14T05:22:17Z,40,41,30,0,0,200,2424,0.04
2026-09-14T05:22:19Z,40,41,30,0,0,200,2424,0.04
2026-09-14T05:22:21Z,40,41,30,0,0,200,2424,0.04
2026-09-14T05:22:23Z,41,41,30,0,0,200,2424,0.04
2026-09-14T05:22:25Z,40,41,30,0,0,200,2424,0.04
2026-09-14T05:22:27Z,40,41,30,0,0,200,2424,0.03
2026-09-14T05:22:29Z,40,41,30,0,0,200,2424,0.03
2026-09-14T05:22:31Z,41,41,30,0,0,200,2425,0.03
2026-09-14T05:22:33Z,41,41,30,0,0,200,2424,0.03
2026-09-14T05:22:35Z,40,41,30,0,0,200,2424,0.03
2026-09-14T05:22:37Z,40,41,30,0,0,200,2425,0.03
2026-09-14T05:22:39Z,41,41,30,0,0,200,2424,0.03
2026-09-14T05:22:41Z,40,41,30,0,0,200,2424,0.03
2026-09-14T05:22:43Z,41,41,30,0,0,200,2424,0.03
2026-09-14T05:22:46Z,41,41,30,0,0,200,2425,0.03
2026-09-14T05:22:48Z,40,41,30,0,0,200,2425,0.02
2026-09-14T05:22:50Z,40,41,30,0,0,200,2426,0.02
2026-09-14T05:22:52Z,41,41,30,0,0,200,2424,0.02
2026-09-14T05:22:54Z,40,41,30,0,0,200,2424,0.02
2026-09-14T05:22:56Z,40,41,30,0,0,200,2425,0.02
2026-09-14T05:22:58Z,41,41,30,0,0,200,2424,0.02
2026-09-14T05:23:00Z,40,41,30,0,0,200,2424,0.02
2026-09-14T05:23:02Z,40,41,30,0,0,200,2425,0.02
2026-09-14T05:23:04Z,40,41,30,0,0,200,2424,0.02
2026-09-14T05:23:06Z,40,41,30,0,0,200,2425,0.02
2026-09-14T05:23:08Z,41,41,30,0,0,200,2424,0.02
2026-09-14T05:23:10Z,41,41,30,0,0,200,2424,0.02
2026-09-14T05:23:12Z,40,41,30,0,0,200,2424,0.02
2026-09-14T05:23:14Z,40,41,30,0,0,200,2424,0.02
2026-09-14T05:23:16Z,40,41,30,0,0,200,2424,0.01
2026-09-14T05:23:18Z,40,41,30,0,0,200,2425,0.01
2026-09-14T05:23:20Z,40,41,30,0,0,200,2424,0.01
2026-09-14T05:23:22Z,41,41,30,0,0,200,2424,0.01
2026-09-14T05:23:24Z,41,41,30,0,0,200,2424,0.01
2026-09-14T05:23:26Z,40,41,30,0,0,200,2424,0.01
2026-09-14T05:23:29Z,40,41,30,0,0,200,2424,0.01
2026-09-14T05:23:31Z,41,41,30,0,0,200,2424,0.09
2026-09-14T05:23:33Z,40,41,30,0,0,200,2424,0.09
2026-09-14T05:23:35Z,41,41,30,0,0,200,2424,0.09
2026-09-14T05:23:37Z,41,41,30,0,0,200,2424,0.08
2026-09-14T05:23:39Z,40,41,30,0,0,200,2424,0.08
2026-09-14T05:23:41Z,40,41,30,0,0,200,2424,0.08
2026-09-14T05:23:43Z,41,41,30,0,0,200,2425,0.08
2026-09-14T05:23:45Z,40,41,30,0,0,200,2424,0.08
2026-09-14T05:23:47Z,41,41,30,0,0,200,2424,0.07
2026-09-14T05:23:49Z,40,41,30,0,0,200,2424,0.07
2026-09-14T05:23:51Z,41,41,30,0,0,200,2424,0.06
2026-09-14T05:23:53Z,40,41,30,0,0,200,2424,0.06
2026-09-14T05:23:55Z,40,41,30,0,0,200,2424,0.06
2026-09-14T05:23:57Z,40,41,30,0,0,200,2424,0.06
2026-09-14T05:23:59Z,40,41,30,0,0,200,2425,0.06
2026-09-14T05:24:01Z,40,41,30,0,0,200,2424,0.05
2026-09-14T05:24:03Z,40,41,30,0,0,200,2424,0.05
2026-09-14T05:24:05Z,41,41,30,0,0,200,2424,0.05
2026-09-14T05:24:07Z,40,41,30,0,0,200,2424,0.05
2026-09-14T05:24:10Z,41,41,30,0,0,200,2424,0.05
2026-09-14T05:24:12Z,41,41,30,0,0,200,2425,0.04
2026-09-14T05:24:14Z,41,41,30,0,0,200,2424,0.04
2026-09-14T05:24:16Z,40,41,30,0,0,200,2426,0.04
2026-09-14T05:24:18Z,40,41,30,0,0,200,2424,0.04
2026-09-14T05:24:20Z,40,41,30,0,0,200,2424,0.04
2026-09-14T05:24:22Z,40,41,30,0,0,200,2425,0.04
2026-09-14T05:24:24Z,40,41,30,0,0,200,2424,0.04
2026-09-14T05:24:26Z,40,41,30,0,0,200,2425,0.03
2026-09-14T05:24:28Z,40,41,30,0,0,200,2424,0.03
2026-09-14T05:24:30Z,40,41,30,0,0,200,2424,0.03
2026-09-14T05:24:32Z,41,41,30,0,0,200,2425,0.11
2026-09-14T05:24:34Z,40,41,30,0,0,200,2424,0.11
2026-09-14T05:24:36Z,40,41,30,0,0,200,2424,0.10
2026-09-14T05:24:38Z,41,41,30,0,0,200,2424,0.10
2026-09-14T05:24:40Z,41,41,30,0,0,200,2426,0.10
2026-09-14T05:24:42Z,40,41,30,0,0,200,2424,0.09
2026-09-14T05:24:44Z,40,41,30,0,0,200,2424,0.09
2026-09-14T05:24:46Z,41,41,30,0,0,200,2424,0.09
2026-09-14T05:24:48Z,40,41,30,0,0,200,2425,0.09
2026-09-14T05:24:51Z,41,41,30,0,0,200,2424,0.09
2026-09-14T05:24:53Z,40,41,30,0,0,200,2425,0.08
2026-09-14T05:24:55Z,40,41,30,0,0,200,2424,0.08
2026-09-14T05:24:57Z,40,41,30,0,0,200,2425,0.07
2026-09-14T05:24:59Z,40,41,30,0,0,200,2424,0.07
2026-09-14T05:25:01Z,40,41,30,0,0,200,2424,0.07
2026-09-14T05:25:03Z,41,41,30,0,0,200,2425,0.07
2026-09-14T05:25:05Z,41,41,30,0,0,200,2424,0.07
2026-09-14T05:25:07Z,41,41,30,0,0,200,2426,0.06
2026-09-14T05:25:09Z,41,41,30,0,0,200,2425,0.06
2026-09-14T05:25:11Z,40,41,30,0,0,200,2425,0.06
2026-09-14T05:25:13Z,40,41,30,0,0,200,2424,0.06
2026-09-14T05:25:15Z,41,41,30,0,0,200,2425,0.06
2026-09-14T05:25:17Z,40,41,30,0,0,200,2424,0.05
2026-09-14T05:25:19Z,40,41,30,0,0,200,2424,0.05
2026-09-14T05:25:21Z,40,41,30,0,0,200,2424,0.05
2026-09-14T05:25:23Z,40,41,30,0,0,200,2424,0.05
2026-09-14T05:25:25Z,40,41,30,0,0,200,2425,0.05
2026-09-14T05:25:27Z,41,41,30,0,0,200,2424,0.04
2026-09-14T05:25:29Z,40,41,30,0,0,200,2424,0.04
2026-09-14T05:25:32Z,40,41,30,0,0,200,2424,0.04
2026-09-14T05:25:34Z,40,41,30,0,0,200,2425,0.04
2026-09-14T05:25:36Z,41,41,30,0,0,200,2424,0.12
2026-09-14T05:25:38Z,40,41,30,0,0,200,2424,0.12
2026-09-14T05:25:40Z,40,41,30,0,0,200,2424,0.12
2026-09-14T05:25:42Z,41,41,30,0,0,200,2424,0.11
2026-09-14T05:25:44Z,40,41,30,0,0,200,2424,0.11
2026-09-14T05:25:46Z,40,41,30,0,0,200,2424,0.10
2026-09-14T05:25:48Z,40,41,30,0,0,200,2426,0.10
2026-09-14T05:25:50Z,40,41,30,0,0,200,2424,0.10
2026-09-14T05:25:52Z,40,41,30,0,0,200,2424,0.09
2026-09-14T05:25:54Z,40,41,30,0,0,200,2424,0.09
2026-09-14T05:25:56Z,41,41,30,0,0,200,2424,0.16
2026-09-14T05:25:58Z,40,41,30,0,0,200,2424,0.16
2026-09-14T05:26:00Z,41,41,30,0,0,200,2424,0.16
2026-09-14T05:26:02Z,40,41,30,0,0,200,2424,0.15
2026-09-14T05:26:04Z,41,41,30,0,0,200,2425,0.15
2026-09-14T05:26:06Z,40,41,30,0,0,200,2424,0.22
2026-09-14T05:26:08Z,41,41,30,0,0,200,2424,0.22
2026-09-14T05:26:10Z,41,41,30,0,0,200,2425,0.22
2026-09-14T05:26:13Z,40,41,30,0,0,200,2425,0.20
2026-09-14T05:26:15Z,41,41,30,0,0,200,2424,0.20
2026-09-14T05:26:17Z,40,41,30,0,0,200,2424,0.18
2026-09-14T05:26:19Z,40,41,30,0,0,200,2425,0.18
2026-09-14T05:26:21Z,40,41,30,0,0,200,2424,0.17
2026-09-14T05:26:23Z,40,41,30,0,0,200,2424,0.17
2026-09-14T05:26:25Z,41,41,30,0,0,200,2424,0.17
2026-09-14T05:26:27Z,40,41,30,0,0,200,2424,0.16
2026-09-14T05:26:29Z,41,41,30,0,0,200,2425,0.16
2026-09-14T05:26:31Z,40,41,30,0,0,200,2425,0.14
2026-09-14T05:26:33Z,40,41,30,0,0,200,2424,0.14
2026-09-14T05:26:35Z,40,41,30,0,0,200,2424,0.14
2026-09-14T05:26:37Z,40,41,30,0,0,200,2424,0.13
2026-09-14T05:26:39Z,40,41,30,0,0,200,2425,0.13
2026-09-14T05:26:41Z,40,41,30,0,0,200,2424,0.12
2026-09-14T05:26:43Z,41,41,30,0,0,200,2424,0.12
2026-09-14T05:26:45Z,40,41,30,0,0,200,2425,0.12
2026-09-14T05:26:47Z,41,41,30,0,0,200,2424,0.11
2026-09-14T05:26:49Z,40,41,30,0,0,200,2424,0.11
2026-09-14T05:26:51Z,40,41,30,0,0,200,2425,0.10
2026-09-14T05:26:54Z,40,41,30,0,0,200,2424,0.10
2026-09-14T05:26:56Z,40,41,30,0,0,200,2424,0.10
2026-09-14T05:26:58Z,40,41,30,0,0,200,2425,0.17
2026-09-14T05:27:00Z,40,41,30,0,0,200,2425,0.17
2026-09-14T05:27:02Z,40,41,30,0,0,200,2424,0.16
2026-09-14T05:27:04Z,40,41,30,0,0,200,2424,0.16
2026-09-14T05:27:06Z,40,41,30,0,0,200,2424,0.15
2026-09-14T05:27:08Z,40,41,30,0,0,200,2426,0.15
2026-09-14T05:27:10Z,40,41,30,0,0,200,2424,0.15
2026-09-14T05:27:12Z,40,41,30,0,0,200,2424,0.13
2026-09-14T05:27:14Z,40,41,30,0,0,200,2424,0.13
2026-09-14T05:27:16Z,40,41,30,0,0,200,2424,0.12
2026-09-14T05:27:18Z,41,41,30,0,0,200,2424,0.12
2026-09-14T05:27:20Z,41,41,30,0,0,200,2424,0.12
2026-09-14T05:27:22Z,40,41,30,0,0,200,2424,0.11
2026-09-14T05:27:24Z,41,41,30,0,0,200,2448,0.11
2026-09-14T05:27:26Z,40,41,30,0,0,200,2424,0.10
2026-09-14T05:27:28Z,40,41,30,0,0,200,2424,0.10
2026-09-14T05:27:30Z,41,41,30,0,0,200,2424,0.10
2026-09-14T05:27:32Z,40,41,30,0,0,200,2424,0.10
2026-09-14T05:27:35Z,40,41,30,0,0,200,2424,0.10
2026-09-14T05:27:37Z,40,41,30,0,0,200,2425,0.09
2026-09-14T05:27:39Z,40,41,30,0,0,200,2424,0.09
2026-09-14T05:27:41Z,41,41,30,0,0,200,2424,0.08
2026-09-14T05:27:43Z,41,41,30,0,0,200,2424,0.08
2026-09-14T05:27:45Z,40,41,30,0,0,200,2424,0.08
2026-09-14T05:27:47Z,41,41,30,0,0,200,2424,0.07
2026-09-14T05:27:49Z,40,41,30,0,0,200,2426,0.07
2026-09-14T05:27:51Z,41,41,30,0,0,200,2424,0.07
2026-09-14T05:27:53Z,41,41,30,0,0,200,2424,0.07
2026-09-14T05:27:55Z,41,41,30,0,0,200,2424,0.07
2026-09-14T05:27:57Z,40,41,30,0,0,200,2424,0.06
2026-09-14T05:27:59Z,40,41,30,0,0,200,2425,0.06
2026-09-14T05:28:01Z,40,41,30,0,0,200,2424,0.06
2026-09-14T05:28:03Z,40,41,30,0,0,200,2424,0.06
2026-09-14T05:28:05Z,41,41,30,0,0,200,2425,0.06
2026-09-14T05:28:07Z,41,41,30,0,0,200,2424,0.05
2026-09-14T05:28:09Z,41,41,30,0,0,200,2424,0.05
2026-09-14T05:28:11Z,40,41,30,0,0,200,2425,0.05
2026-09-14T05:28:13Z,41,41,30,0,0,200,2424,0.05
2026-09-14T05:28:15Z,40,41,30,0,0,200,2425,0.05
2026-09-14T05:28:18Z,41,41,30,0,0,200,2425,0.04
2026-09-14T05:28:20Z,40,41,30,0,0,200,2424,0.04
2026-09-14T05:28:22Z,40,41,30,0,0,200,2424,0.04
2026-09-14T05:28:24Z,41,41,30,0,0,200,2424,0.04
2026-09-14T05:28:26Z,41,41,30,0,0,200,2424,0.04
2026-09-14T05:28:28Z,41,41,30,0,0,200,2425,0.04
2026-09-14T05:28:30Z,40,41,30,0,0,200,2424,0.04
2026-09-14T05:28:32Z,41,41,30,0,0,200,2424,0.03
2026-09-14T05:28:34Z,41,41,30,0,0,200,2424,0.03
2026-09-14T05:28:36Z,41,41,30,0,0,200,2425,0.03
2026-09-14T05:28:38Z,40,41,30,0,0,200,2424,0.03
2026-09-14T05:28:40Z,40,41,30,0,0,200,2424,0.03
2026-09-14T05:28:42Z,41,41,30,0,0,200,2424,0.03
2026-09-14T05:28:44Z,41,41,30,0,0,200,2424,0.03
2026-09-14T05:28:46Z,41,41,30,0,0,200,2425,0.02
2026-09-14T05:28:48Z,40,41,30,0,0,200,2425,0.02
2026-09-14T05:28:50Z,40,41,30,0,0,200,2425,0.02
2026-09-14T05:28:52Z,41,41,30,0,0,200,2425,0.02
2026-09-14T05:28:54Z,40,41,30,0,0,200,2424,0.02
2026-09-14T05:28:56Z,40,41,30,0,0,200,2424,0.02
2026-09-14T05:28:59Z,40,41,30,0,0,200,2424,0.02
2026-09-14T05:29:01Z,41,41,30,0,0,200,2424,0.02
2026-09-14T05:29:03Z,40,41,30,0,0,200,2425,0.10
2026-09-14T05:29:05Z,40,41,30,0,0,200,2424,0.10
2026-09-14T05:29:07Z,40,41,30,0,0,200,2424,0.09
2026-09-14T05:29:09Z,40,41,30,0,0,200,2424,0.09
2026-09-14T05:29:11Z,41,41,30,0,0,200,2424,0.08
2026-09-14T05:29:13Z,40,41,30,0,0,200,2425,0.08
2026-09-14T05:29:15Z,40,41,30,0,0,200,2424,0.08
2026-09-14T05:29:17Z,40,41,30,0,0,200,2424,0.08
2026-09-14T05:29:19Z,41,41,30,0,0,200,2425,0.08
2026-09-14T05:29:21Z,40,41,30,0,0,200,2424,0.07
2026-09-14T05:29:23Z,41,41,30,0,0,200,2425,0.07
2026-09-14T05:29:25Z,40,41,30,0,0,200,2424,0.07
2026-09-14T05:29:27Z,40,41,30,0,0,200,2424,0.06
2026-09-14T05:29:29Z,41,41,30,0,0,200,2425,0.06
2026-09-14T05:29:31Z,40,41,30,0,0,200,2424,0.14
2026-09-14T05:29:33Z,40,41,30,0,0,200,2425,0.14
2026-09-14T05:29:35Z,40,41,30,0,0,200,2426,0.14
2026-09-14T05:29:37Z,40,41,30,0,0,200,2424,0.13
2026-09-14T05:29:40Z,40,41,30,0,0,200,2424,0.13
2026-09-14T05:29:42Z,40,41,30,0,0,200,2426,0.12
2026-09-14T05:29:44Z,41,41,30,0,0,200,2424,0.12
2026-09-14T05:29:46Z,40,41,30,0,0,200,2425,0.11
2026-09-14T05:29:48Z,40,41,30,0,0,200,2425,0.11
2026-09-14T05:29:50Z,40,41,30,0,0,200,2424,0.11
2026-09-14T05:29:52Z,40,41,30,0,0,200,2424,0.10
2026-09-14T05:29:54Z,40,41,30,0,0,200,2425,0.10
2026-09-14T05:29:56Z,40,41,30,0,0,200,2424,0.09
2026-09-14T05:29:58Z,40,41,30,0,0,200,2424,0.09
2026-09-14T05:30:00Z,40,41,30,0,0,200,2425,0.09
2026-09-14T05:30:02Z,40,41,30,0,0,200,2424,0.08
2026-09-14T05:30:04Z,41,41,30,0,0,200,2424,0.08
2026-09-14T05:30:06Z,41,41,30,0,0,200,2425,0.08
2026-09-14T05:30:08Z,40,41,30,0,0,200,2424,0.08
2026-09-14T05:30:10Z,40,41,30,0,0,200,2425,0.08
2026-09-14T05:30:12Z,40,41,30,0,0,200,2425,0.07
2026-09-14T05:30:14Z,40,41,30,0,0,200,2426,0.07
2026-09-14T05:30:16Z,40,41,30,0,0,200,2424,0.06
2026-09-14T05:30:18Z,40,41,30,0,0,200,2424,0.06
2026-09-14T05:30:21Z,41,41,30,0,0,200,2425,0.06
2026-09-14T05:30:23Z,40,41,30,0,0,200,2424,0.06
2026-09-14T05:30:25Z,41,41,30,0,0,200,2425,0.06
2026-09-14T05:30:27Z,40,41,30,0,0,200,2425,0.05
2026-09-14T05:30:29Z,41,41,30,0,0,200,2424,0.05
2026-09-14T05:30:31Z,40,41,30,0,0,200,2424,0.05
2026-09-14T05:30:33Z,40,41,30,0,0,200,2425,0.05
2026-09-14T05:30:35Z,41,41,30,0,0,200,2425,0.05
2026-09-14T05:30:37Z,40,41,30,0,0,200,2424,0.05
2026-09-14T05:30:39Z,41,41,30,0,0,200,2424,0.05
2026-09-14T05:30:41Z,40,41,30,0,0,200,2425,0.04
2026-09-14T05:30:43Z,41,41,30,0,0,200,2424,0.04
2026-09-14T05:30:45Z,40,41,30,0,0,200,2424,0.04
2026-09-14T05:30:47Z,40,41,30,0,0,200,2425,0.04
2026-09-14T05:30:49Z,40,41,30,0,0,200,2424,0.04
2026-09-14T05:30:51Z,40,41,30,0,0,200,2424,0.03
2026-09-14T05:30:53Z,40,41,30,0,0,200,2424,0.03
2026-09-14T05:30:55Z,41,41,30,0,0,200,2424,0.03
2026-09-14T05:30:57Z,40,41,30,0,0,200,2424,0.03
2026-09-14T05:30:59Z,40,41,30,0,0,200,2425,0.03
2026-09-14T05:31:02Z,41,41,30,0,0,200,2424,0.03
2026-09-14T05:31:04Z,41,41,30,0,0,200,2425,0.03
2026-09-14T05:31:06Z,40,41,30,0,0,200,2424,0.11
2026-09-14T05:31:08Z,40,41,30,0,0,200,2424,0.11
2026-09-14T05:31:10Z,41,41,30,0,0,200,2424,0.11
2026-09-14T05:31:12Z,41,41,30,0,0,200,2425,0.10
2026-09-14T05:31:14Z,41,41,30,0,0,200,2425,0.10
2026-09-14T05:31:16Z,41,41,30,0,0,200,2424,0.09
2026-09-14T05:31:18Z,40,41,30,0,0,200,2424,0.09
2026-09-14T05:31:20Z,40,41,30,0,0,200,2424,0.09
2026-09-14T05:31:22Z,40,41,30,0,0,200,2421,0.08
2026-09-14T05:31:24Z,41,41,30,0,0,200,2424,0.08
2026-09-14T05:31:26Z,40,41,30,0,0,200,2424,0.08
2026-09-14T05:31:28Z,40,41,30,0,0,200,2424,0.08
2026-09-14T05:31:30Z,41,41,30,0,0,200,2424,0.08
2026-09-14T05:31:32Z,40,41,30,0,0,200,2425,0.07
2026-09-14T05:31:34Z,40,41,30,0,0,200,2425,0.07
2026-09-14T05:31:36Z,40,41,30,0,0,200,2427,0.06
2026-09-14T05:31:38Z,40,41,30,0,0,200,2424,0.06
2026-09-14T05:31:40Z,41,41,30,0,0,200,2425,0.06
2026-09-14T05:31:43Z,41,41,30,0,0,200,2424,0.06
2026-09-14T05:31:45Z,41,41,30,0,0,200,2426,0.06
2026-09-14T05:31:47Z,40,41,30,0,0,200,2424,0.05
2026-09-14T05:31:49Z,41,41,30,0,0,200,2424,0.05
2026-09-14T05:31:51Z,40,41,30,0,0,200,2424,0.05
2026-09-14T05:31:53Z,40,41,30,0,0,200,2425,0.05
2026-09-14T05:31:55Z,40,41,30,0,0,200,2425,0.05
2026-09-14T05:31:57Z,40,41,30,0,0,200,2424,0.04
2026-09-14T05:31:59Z,41,41,30,0,0,200,2424,0.04
2026-09-14T05:32:01Z,40,41,30,0,0,200,2425,0.04
2026-09-14T05:32:03Z,40,41,30,0,0,200,2425,0.04
2026-09-14T05:32:05Z,40,41,30,0,0,200,2424,0.04
2026-09-14T05:32:07Z,40,41,30,0,0,200,2424,0.04
2026-09-14T05:32:09Z,41,41,30,0,0,200,2424,0.04
2026-09-14T05:32:11Z,41,41,30,0,0,200,2424,0.03
2026-09-14T05:32:13Z,40,41,30,0,0,200,2424,0.03
2026-09-14T05:32:15Z,40,41,30,0,0,200,2424,0.03
2026-09-14T05:32:17Z,40,41,30,0,0,200,2424,0.03
2026-09-14T05:32:19Z,40,41,30,0,0,200,2424,0.03
2026-09-14T05:32:21Z,40,41,30,0,0,200,2424,0.03
2026-09-14T05:32:24Z,40,41,30,0,0,200,2424,0.03
2026-09-14T05:32:26Z,40,41,30,0,0,200,2424,0.03
2026-09-14T05:32:28Z,40,41,30,0,0,200,2424,0.03
2026-09-14T05:32:30Z,40,41,30,0,0,200,2424,0.03
2026-09-14T05:32:32Z,40,41,30,0,0,200,2424,0.02
2026-09-14T05:32:34Z,40,41,30,0,0,200,2424,0.02
2026-09-14T05:32:36Z,41,41,30,0,0,200,2424,0.02
2026-09-14T05:32:38Z,41,41,30,0,0,200,2424,0.02
2026-09-14T05:32:40Z,41,41,30,0,0,200,2424,0.02
2026-09-14T05:32:42Z,41,41,30,0,0,200,2425,0.02
2026-09-14T05:32:44Z,40,41,30,0,0,200,2425,0.02
2026-09-14T05:32:46Z,41,41,30,0,0,200,2425,0.02
2026-09-14T05:32:48Z,40,41,30,0,0,200,2425,0.02
2026-09-14T05:32:50Z,40,41,29,0,0,200,2425,0.02
2026-09-14T05:32:52Z,41,41,30,0,0,200,2424,0.02
2026-09-14T05:32:54Z,41,41,30,0,0,200,2424,0.02
2026-09-14T05:32:56Z,41,41,30,0,0,200,2424,0.01
2026-09-14T05:32:58Z,41,41,30,0,0,200,2424,0.01
2026-09-14T05:33:00Z,41,41,30,0,0,200,2424,0.01
2026-09-14T05:33:02Z,40,41,30,0,0,200,2424,0.01
2026-09-14T05:33:05Z,40,41,30,0,0,200,2425,0.01
2026-09-14T05:33:07Z,40,41,30,0,0,200,2425,0.01
2026-09-14T05:33:09Z,40,41,30,0,0,200,2425,0.01
2026-09-14T05:33:11Z,40,41,30,0,0,200,2424,0.09
2026-09-14T05:33:13Z,40,41,30,0,0,200,2424,0.09
2026-09-14T05:33:15Z,41,41,30,0,0,200,2424,0.09
2026-09-14T05:33:17Z,40,41,30,0,0,200,2420,0.08
2026-09-14T05:33:19Z,40,41,30,0,0,200,2424,0.08
2026-09-14T05:33:21Z,39,41,30,0,0,200,2425,0.08
2026-09-14T05:33:23Z,40,41,30,0,0,200,2424,0.08
2026-09-14T05:33:25Z,40,41,30,0,0,200,2424,0.08
2026-09-14T05:33:27Z,40,41,30,0,0,200,2424,0.07
2026-09-14T05:33:29Z,41,41,30,0,0,200,2424,0.07
2026-09-14T05:33:31Z,40,41,30,0,0,200,2424,0.06
2026-09-14T05:33:33Z,40,41,30,0,0,200,2424,0.06
2026-09-14T05:33:35Z,40,41,30,0,0,200,2424,0.06
2026-09-14T05:33:37Z,40,41,30,0,0,200,2425,0.06
2026-09-14T05:33:39Z,40,41,30,0,0,200,2424,0.06
2026-09-14T05:33:41Z,40,41,30,0,0,200,2424,0.05
2026-09-14T05:33:43Z,40,41,30,0,0,200,2424,0.05
2026-09-14T05:33:46Z,41,41,30,0,0,200,2424,0.05
2026-09-14T05:33:48Z,40,41,30,0,0,200,2425,0.05
2026-09-14T05:33:50Z,40,41,30,0,0,200,2424,0.05
2026-09-14T05:33:52Z,41,41,30,0,0,200,2424,0.05
2026-09-14T05:33:54Z,40,41,30,0,0,200,2424,0.05
2026-09-14T05:33:56Z,41,41,30,0,0,200,2424,0.04
2026-09-14T05:33:58Z,40,41,29,0,0,200,2425,0.04
2026-09-14T05:34:00Z,40,41,30,0,0,200,2424,0.04
2026-09-14T05:34:02Z,40,41,30,0,0,200,2425,0.04
2026-09-14T05:34:04Z,40,41,30,0,0,200,2424,0.04
2026-09-14T05:34:06Z,41,41,30,0,0,200,2424,0.03
2026-09-14T05:34:08Z,40,41,30,0,0,200,2424,0.03
2026-09-14T05:34:10Z,40,41,30,0,0,200,2424,0.03
2026-09-14T05:34:12Z,41,41,30,0,0,200,2424,0.03
2026-09-14T05:34:14Z,40,41,30,0,0,200,2424,0.03
2026-09-14T05:34:16Z,40,41,30,0,0,200,2424,0.03
2026-09-14T05:34:18Z,41,41,30,0,0,200,2424,0.03
2026-09-14T05:34:20Z,41,41,30,0,0,200,2424,0.03
2026-09-14T05:34:22Z,40,41,30,0,0,200,2424,0.03
2026-09-14T05:34:24Z,41,41,30,0,0,200,2424,0.03
2026-09-14T05:34:27Z,40,41,30,0,0,200,2425,0.02
2026-09-14T05:34:29Z,40,41,30,0,0,200,2424,0.02
2026-09-14T05:34:31Z,41,41,30,0,0,200,2424,0.02
2026-09-14T05:34:33Z,40,41,30,0,0,200,2425,0.02
2026-09-14T05:34:35Z,41,41,30,0,0,200,2424,0.02
2026-09-14T05:34:37Z,41,41,30,0,0,200,2427,0.02
2026-09-14T05:34:39Z,40,41,30,0,0,200,2424,0.02
2026-09-14T05:34:41Z,41,41,30,0,0,200,2424,0.02
2026-09-14T05:34:43Z,40,41,30,0,0,200,2424,0.02
2026-09-14T05:34:45Z,40,41,30,0,0,200,2424,0.02
2026-09-14T05:34:47Z,40,41,29,0,0,200,2424,0.02
2026-09-14T05:34:49Z,41,41,30,0,0,200,2424,0.02
2026-09-14T05:34:51Z,41,41,30,0,0,200,2425,0.02
2026-09-14T05:34:53Z,40,41,29,0,0,200,2424,0.02
2026-09-14T05:34:55Z,41,41,30,0,0,200,2424,0.02
2026-09-14T05:34:57Z,40,41,30,0,0,200,2424,0.01
2026-09-14T05:34:59Z,41,41,30,0,0,200,2426,0.01
2026-09-14T05:35:01Z,40,41,30,0,0,200,2425,0.01
2026-09-14T05:35:03Z,40,41,30,0,0,200,2424,0.01
2026-09-14T05:35:05Z,41,41,30,0,0,200,2424,0.01
2026-09-14T05:35:07Z,40,41,30,0,0,200,2425,0.01
2026-09-14T05:35:10Z,40,41,30,0,0,200,2425,0.01
2026-09-14T05:35:12Z,40,41,30,0,0,200,2424,0.01
2026-09-14T05:35:14Z,40,41,30,0,0,200,2424,0.01
2026-09-14T05:35:16Z,40,41,30,0,0,200,2424,0.01
2026-09-14T05:35:18Z,41,41,30,0,0,200,2424,0.01
2026-09-14T05:35:20Z,40,41,30,0,0,200,2424,0.01
2026-09-14T05:35:22Z,40,41,30,0,0,200,2426,0.09
2026-09-14T05:35:24Z,40,41,30,0,0,200,2425,0.09
2026-09-14T05:35:26Z,40,41,30,0,0,200,2424,0.08
2026-09-14T05:35:28Z,40,41,30,0,0,200,2424,0.08
2026-09-14T05:35:30Z,40,41,30,0,0,200,2425,0.08
2026-09-14T05:35:32Z,40,41,30,0,0,200,2424,0.07
2026-09-14T05:35:34Z,40,41,30,0,0,200,2424,0.07
2026-09-14T05:35:36Z,40,41,30,0,0,200,2425,0.07
2026-09-14T05:35:38Z,40,41,30,0,0,200,2424,0.07
2026-09-14T05:35:40Z,41,41,30,0,0,200,2424,0.07
2026-09-14T05:35:42Z,40,41,30,0,0,200,2424,0.14
2026-09-14T05:35:44Z,40,41,30,0,0,200,2424,0.14
2026-09-14T05:35:46Z,40,41,30,0,0,200,2425,0.13
2026-09-14T05:35:48Z,41,41,30,0,0,200,2424,0.13
2026-09-14T05:35:51Z,41,41,30,0,0,200,2424,0.13
2026-09-14T05:35:53Z,40,41,30,0,0,200,2426,0.12
2026-09-14T05:35:55Z,40,41,30,0,0,200,2424,0.12
2026-09-14T05:35:57Z,41,41,30,0,0,200,2424,0.11
2026-09-14T05:35:59Z,40,41,30,0,0,200,2426,0.11
2026-09-14T05:36:01Z,41,41,30,0,0,200,2424,0.10
2026-09-14T05:36:03Z,40,41,30,0,0,200,2424,0.10
2026-09-14T05:36:05Z,40,41,30,0,0,200,2424,0.10
2026-09-14T05:36:07Z,40,41,30,0,0,200,2424,0.09
2026-09-14T05:36:09Z,40,41,30,0,0,200,2424,0.09
2026-09-14T05:36:11Z,41,41,30,0,0,200,2424,0.08
2026-09-14T05:36:13Z,40,41,30,0,0,200,2424,0.08
2026-09-14T05:36:15Z,40,41,30,0,0,200,2424,0.08
2026-09-14T05:36:17Z,40,41,30,0,0,200,2424,0.08
2026-09-14T05:36:19Z,41,41,30,0,0,200,2425,0.08
2026-09-14T05:36:21Z,41,41,30,0,0,200,2424,0.07
2026-09-14T05:36:23Z,40,41,30,0,0,200,2424,0.07
2026-09-14T05:36:25Z,40,41,30,0,0,200,2424,0.07
2026-09-14T05:36:27Z,40,41,30,0,0,200,2424,0.07
2026-09-14T05:36:29Z,40,41,30,0,0,200,2424,0.07
2026-09-14T05:36:32Z,40,41,30,0,0,200,2423,0.06
2026-09-14T05:36:34Z,39,41,30,0,0,200,2424,0.06
2026-09-14T05:36:36Z,41,41,30,0,0,200,2425,0.06
2026-09-14T05:36:38Z,40,41,30,0,0,200,2424,0.06
2026-09-14T05:36:40Z,40,41,30,0,0,200,2424,0.06
2026-09-14T05:36:42Z,40,41,30,0,0,200,2424,0.05
2026-09-14T05:36:44Z,40,41,30,0,0,200,2426,0.05
2026-09-14T05:36:46Z,41,41,30,0,0,200,2424,0.05
2026-09-14T05:36:48Z,40,41,30,0,0,200,2424,0.05
2026-09-14T05:36:50Z,41,41,30,0,0,200,2426,0.05
2026-09-14T05:36:52Z,41,41,30,0,0,200,2424,0.12
2026-09-14T05:36:54Z,40,41,30,0,0,200,2424,0.12
2026-09-14T05:36:56Z,40,41,29,0,0,200,2424,0.11
2026-09-14T05:36:58Z,40,41,30,0,0,200,2424,0.11
2026-09-14T05:37:00Z,41,41,30,0,0,200,2425,0.11
2026-09-14T05:37:02Z,40,41,30,0,0,200,2424,0.10
2026-09-14T05:37:04Z,40,41,30,0,0,200,2424,0.10
2026-09-14T05:37:06Z,40,41,30,0,0,200,2424,0.10
2026-09-14T05:37:08Z,41,41,29,0,0,200,2425,0.10
2026-09-14T05:37:10Z,40,41,30,0,0,200,2424,0.10
2026-09-14T05:37:13Z,40,41,30,0,0,200,2424,0.09
2026-09-14T05:37:15Z,40,41,30,0,0,200,2425,0.09
2026-09-14T05:37:17Z,41,41,30,0,0,200,2424,0.08
2026-09-14T05:37:19Z,40,41,30,0,0,200,2424,0.08
2026-09-14T05:37:21Z,40,41,30,0,0,200,2425,0.15
2026-09-14T05:37:23Z,40,41,30,0,0,200,2424,0.15
2026-09-14T05:37:25Z,41,41,30,0,0,200,2424,0.15
2026-09-14T05:37:27Z,40,41,30,0,0,200,2424,0.14
2026-09-14T05:37:29Z,41,41,30,0,0,200,2425,0.14
2026-09-14T05:37:31Z,40,41,30,0,0,200,2424,0.13
2026-09-14T05:37:33Z,40,41,30,0,0,200,2424,0.13
2026-09-14T05:37:35Z,40,41,30,0,0,200,2424,0.13
2026-09-14T05:37:37Z,41,41,30,0,0,200,2424,0.12
2026-09-14T05:37:39Z,40,41,30,0,0,200,2425,0.12
2026-09-14T05:37:41Z,40,41,30,0,0,200,2425,0.11
2026-09-14T05:37:43Z,41,41,30,0,0,200,2424,0.11
2026-09-14T05:37:45Z,40,41,30,0,0,200,2425,0.11
2026-09-14T05:37:47Z,40,41,30,0,0,200,2424,0.10
2026-09-14T05:37:49Z,40,41,30,0,0,200,2424,0.10
2026-09-14T05:37:51Z,40,41,30,0,0,200,2425,0.09
2026-09-14T05:37:54Z,40,41,30,0,0,200,2424,0.09
2026-09-14T05:37:56Z,40,41,30,0,0,200,2424,0.09
2026-09-14T05:37:58Z,40,41,30,0,0,200,2424,0.08
2026-09-14T05:38:00Z,40,41,30,0,0,200,2424,0.08
2026-09-14T05:38:02Z,41,41,30,0,0,200,2424,0.08
2026-09-14T05:38:04Z,41,41,30,0,0,200,2424,0.08
2026-09-14T05:38:06Z,41,41,30,0,0,200,2424,0.07
2026-09-14T05:38:08Z,40,41,30,0,0,200,2424,0.07
2026-09-14T05:38:10Z,40,41,30,0,0,200,2424,0.07
2026-09-14T05:38:12Z,41,41,30,0,0,200,2424,0.06
2026-09-14T05:38:14Z,40,41,30,0,0,200,2424,0.06
2026-09-14T05:38:16Z,40,41,30,0,0,200,2425,0.06
2026-09-14T05:38:18Z,40,41,30,0,0,200,2424,0.06
2026-09-14T05:38:20Z,40,41,30,0,0,200,2425,0.06
2026-09-14T05:38:22Z,41,41,30,0,0,200,2424,0.05
2026-09-14T05:38:24Z,41,41,30,0,0,200,2424,0.05
2026-09-14T05:38:26Z,40,41,29,0,0,200,2424,0.05
2026-09-14T05:38:28Z,40,41,30,0,0,200,2424,0.05
2026-09-14T05:38:30Z,40,41,30,0,0,200,2424,0.05
2026-09-14T05:38:32Z,40,41,29,0,0,200,2425,0.05
2026-09-14T05:38:35Z,40,41,30,0,0,200,2424,0.05
2026-09-14T05:38:37Z,40,41,30,0,0,200,2425,0.04
2026-09-14T05:38:39Z,41,41,30,0,0,200,2424,0.04
2026-09-14T05:38:41Z,40,41,30,0,0,200,2424,0.04
2026-09-14T05:38:43Z,40,41,30,0,0,200,2424,0.04
2026-09-14T05:38:45Z,40,41,30,0,0,200,2424,0.04
2026-09-14T05:38:47Z,40,41,30,0,0,200,2424,0.04
2026-09-14T05:38:49Z,40,41,30,0,0,200,2424,0.04
2026-09-14T05:38:51Z,40,41,30,0,0,200,2424,0.03
2026-09-14T05:38:53Z,40,41,30,0,0,200,2424,0.03
2026-09-14T05:38:55Z,40,41,30,0,0,200,2424,0.03
2026-09-14T05:38:57Z,40,41,30,0,0,200,2425,0.03
2026-09-14T05:38:59Z,41,41,30,0,0,200,2424,0.03
2026-09-14T05:39:01Z,40,41,30,0,0,200,2424,0.03
2026-09-14T05:39:03Z,41,41,30,0,0,200,2424,0.03
2026-09-14T05:39:05Z,40,41,30,0,0,200,2424,0.03
2026-09-14T05:39:07Z,40,41,30,0,0,200,2425,0.02
2026-09-14T05:39:09Z,40,41,30,0,0,200,2426,0.02
2026-09-14T05:39:11Z,40,41,29,0,0,200,2424,0.02
2026-09-14T05:39:13Z,41,41,30,0,0,200,2424,0.02
2026-09-14T05:39:16Z,40,41,30,0,0,200,2424,0.02
2026-09-14T05:39:18Z,40,41,30,0,0,200,2424,0.02
2026-09-14T05:39:20Z,40,41,30,0,0,200,2424,0.02
2026-09-14T05:39:22Z,41,41,30,0,0,200,2424,0.02
2026-09-14T05:39:24Z,40,41,30,0,0,200,2425,0.02
2026-09-14T05:39:26Z,40,41,30,0,0,200,2424,0.18
2026-09-14T05:39:28Z,40,41,30,0,0,200,2424,0.18
2026-09-14T05:39:30Z,40,41,30,0,0,200,2425,0.18
2026-09-14T05:39:32Z,40,41,30,0,0,200,2424,0.16
2026-09-14T05:39:34Z,40,41,30,0,0,200,2424,0.16
2026-09-14T05:39:36Z,40,41,30,0,0,200,2424,0.15
2026-09-14T05:39:38Z,40,41,30,0,0,200,2424,0.15
2026-09-14T05:39:40Z,40,41,30,0,0,200,2424,0.15
2026-09-14T05:39:42Z,40,41,30,0,0,200,2424,0.14
2026-09-14T05:39:44Z,40,41,30,0,0,200,2425,0.14
2026-09-14T05:39:46Z,40,41,30,0,0,200,2424,0.13
2026-09-14T05:39:48Z,40,41,30,0,0,200,2424,0.13
2026-09-14T05:39:50Z,40,41,30,0,0,200,2424,0.13
2026-09-14T05:39:52Z,40,41,30,0,0,200,2424,0.12
2026-09-14T05:39:54Z,40,41,30,0,0,200,2425,0.12
2026-09-14T05:39:57Z,40,41,30,0,0,200,2424,0.11
2026-09-14T05:39:59Z,40,41,30,0,0,200,2425,0.11
2026-09-14T05:40:01Z,40,41,30,0,0,200,2424,0.11
2026-09-14T05:40:03Z,40,41,30,0,0,200,2424,0.10
2026-09-14T05:40:05Z,40,41,30,0,0,200,2424,0.10
2026-09-14T05:40:07Z,40,41,30,0,0,200,2425,0.09
2026-09-14T05:40:09Z,40,41,30,0,0,200,2424,0.09
2026-09-14T05:40:11Z,40,41,29,0,0,200,2424,0.08
2026-09-14T05:40:13Z,40,41,30,0,0,200,2416,0.08
2026-09-14T05:40:15Z,40,41,30,0,0,200,2424,0.08
2026-09-14T05:40:17Z,40,41,30,0,0,200,2424,0.08
2026-09-14T05:40:19Z,40,41,30,0,0,200,2424,0.08
2026-09-14T05:40:21Z,40,41,30,0,0,200,2424,0.07
2026-09-14T05:40:23Z,40,41,30,0,0,200,2424,0.07
2026-09-14T05:40:25Z,40,41,30,0,0,200,2424,0.07
2026-09-14T05:40:27Z,40,41,30,0,0,200,2424,0.06
2026-09-14T05:40:29Z,40,41,30,0,0,200,2424,0.06
2026-09-14T05:40:31Z,40,41,30,0,0,200,2424,0.06
2026-09-14T05:40:33Z,40,41,30,0,0,200,2424,0.06
2026-09-14T05:40:35Z,40,41,29,0,0,200,2424,0.06
2026-09-14T05:40:37Z,40,41,30,0,0,200,2424,0.05
2026-09-14T05:40:40Z,40,41,30,0,0,200,2424,0.05
2026-09-14T05:40:42Z,40,41,30,0,0,200,2424,0.05
2026-09-14T05:40:44Z,40,41,30,0,0,200,2424,0.05
2026-09-14T05:40:46Z,40,41,30,0,0,200,2424,0.05
2026-09-14T05:40:48Z,40,41,29,0,0,200,2425,0.04
2026-09-14T05:40:50Z,40,41,30,0,0,200,2424,0.04
2026-09-14T05:40:52Z,40,41,30,0,0,200,2426,0.04
2026-09-14T05:40:54Z,40,41,30,0,0,200,2424,0.04
2026-09-14T05:40:56Z,40,41,30,0,0,200,2426,0.04
2026-09-14T05:40:58Z,40,41,30,0,0,200,2425,0.04
2026-09-14T05:41:00Z,41,41,30,0,0,200,2424,0.04
2026-09-14T05:41:02Z,40,41,30,0,0,200,2424,0.03
2026-09-14T05:41:04Z,40,41,30,0,0,200,2424,0.03
2026-09-14T05:41:06Z,41,41,30,0,0,200,2424,0.03
2026-09-14T05:41:08Z,40,41,30,0,0,200,2424,0.03
2026-09-14T05:41:10Z,40,41,30,0,0,200,2421,0.03
2026-09-14T05:41:12Z,40,41,30,0,0,200,2424,0.11
2026-09-14T05:41:14Z,41,41,29,0,0,200,2424,0.11
2026-09-14T05:41:16Z,40,41,30,0,0,200,2424,0.10
2026-09-14T05:41:18Z,40,41,29,0,0,200,2424,0.10
2026-09-14T05:41:21Z,41,41,30,0,0,200,2424,0.10
2026-09-14T05:41:23Z,40,41,30,0,0,200,2424,0.09
2026-09-14T05:41:25Z,40,41,30,0,0,200,2424,0.09
2026-09-14T05:41:27Z,40,41,30,0,0,200,2424,0.08
2026-09-14T05:41:29Z,40,41,30,0,0,200,2424,0.08
2026-09-14T05:41:31Z,40,41,30,0,0,200,2424,0.08
2026-09-14T05:41:33Z,40,41,30,0,0,200,2424,0.08
2026-09-14T05:41:35Z,40,41,30,0,0,200,2427,0.08
2026-09-14T05:41:37Z,40,41,30,0,0,200,2424,0.07
2026-09-14T05:41:39Z,40,41,30,0,0,200,2425,0.07
2026-09-14T05:41:41Z,40,41,29,0,0,200,2425,0.06
2026-09-14T05:41:43Z,40,41,30,0,0,200,2425,0.06
2026-09-14T05:41:45Z,41,41,29,0,0,200,2424,0.06
2026-09-14T05:41:47Z,40,41,29,0,0,200,2426,0.06
2026-09-14T05:41:49Z,41,41,30,0,0,200,2425,0.06
2026-09-14T05:41:51Z,40,41,30,0,0,200,2424,0.05
2026-09-14T05:41:53Z,40,41,30,0,0,200,2424,0.05
2026-09-14T05:41:55Z,41,41,30,0,0,200,2424,0.05
2026-09-14T05:41:57Z,41,41,30,0,0,200,2424,0.05
2026-09-14T05:41:59Z,41,41,30,0,0,200,2424,0.05
2026-09-14T05:42:02Z,40,41,30,0,0,200,2424,0.05
2026-09-14T05:42:04Z,40,41,30,0,0,200,2424,0.05
2026-09-14T05:42:06Z,40,41,30,0,0,200,2425,0.05
2026-09-14T05:42:08Z,40,41,30,0,0,200,2426,0.04
2026-09-14T05:42:10Z,40,41,30,0,0,200,2424,0.04
2026-09-14T05:42:12Z,40,41,30,0,0,200,2424,0.04
2026-09-14T05:42:14Z,40,41,29,0,0,200,2424,0.04
2026-09-14T05:42:16Z,41,41,30,0,0,200,2424,0.04
2026-09-14T05:42:18Z,40,41,30,0,0,200,2424,0.04
2026-09-14T05:42:20Z,40,41,29,0,0,200,2424,0.04
2026-09-14T05:42:22Z,40,41,30,0,0,200,2424,0.03
2026-09-14T05:42:24Z,41,41,30,0,0,200,2425,0.03
2026-09-14T05:42:26Z,40,41,29,0,0,200,2424,0.03
2026-09-14T05:42:28Z,41,41,30,0,0,200,2424,0.03
2026-09-14T05:42:30Z,40,41,30,0,0,200,2424,0.03
2026-09-14T05:42:32Z,40,41,30,0,0,200,2424,0.03
2026-09-14T05:42:34Z,40,41,29,0,0,200,2425,0.03
2026-09-14T05:42:36Z,40,41,30,0,0,200,2425,0.02
2026-09-14T05:42:38Z,40,41,29,0,0,200,2424,0.02
2026-09-14T05:42:40Z,40,41,29,0,0,200,2424,0.02
2026-09-14T05:42:43Z,40,41,29,0,0,200,2424,0.02
2026-09-14T05:42:45Z,40,41,29,0,0,200,2424,0.02
2026-09-14T05:42:47Z,40,41,30,0,0,200,2425,0.02
2026-09-14T05:42:49Z,41,41,29,0,0,200,2424,0.02
2026-09-14T05:42:51Z,40,41,30,0,0,200,2424,0.02
2026-09-14T05:42:53Z,40,41,30,0,0,200,2424,0.02
2026-09-14T05:42:55Z,41,41,30,0,0,200,2424,0.02
2026-09-14T05:42:57Z,40,41,30,0,0,200,2424,0.02
2026-09-14T05:42:59Z,40,41,30,0,0,200,2424,0.02
2026-09-14T05:43:01Z,40,41,30,0,0,200,2425,0.02
2026-09-14T05:43:03Z,40,41,30,0,0,200,2424,0.02
2026-09-14T05:43:05Z,41,41,29,0,0,200,2424,0.02
2026-09-14T05:43:07Z,40,41,29,0,0,200,2424,0.01
2026-09-14T05:43:09Z,40,41,29,0,0,200,2425,0.01
2026-09-14T05:43:11Z,40,41,30,0,0,200,2424,0.01
2026-09-14T05:43:13Z,41,41,30,0,0,200,2424,0.01
2026-09-14T05:43:15Z,40,41,30,0,0,200,2425,0.01
2026-09-14T05:43:17Z,40,41,29,0,0,200,2425,0.01
2026-09-14T05:43:19Z,40,41,30,0,0,200,2424,0.01
2026-09-14T05:43:21Z,41,41,30,0,0,200,2424,0.01
2026-09-14T05:43:24Z,41,41,30,0,0,200,2424,0.01
2026-09-14T05:43:26Z,40,41,30,0,0,200,2424,0.01
2026-09-14T05:43:28Z,41,41,30,0,0,200,2425,0.01
2026-09-14T05:43:30Z,41,41,29,0,0,200,2426,0.01
2026-09-14T05:43:32Z,40,41,29,0,0,200,2425,0.01
2026-09-14T05:43:34Z,40,41,30,0,0,200,2424,0.01
2026-09-14T05:43:36Z,41,41,29,0,0,200,2425,0.01
2026-09-14T05:43:38Z,41,41,29,0,0,200,2424,0.01
2026-09-14T05:43:40Z,41,41,29,0,0,200,2425,0.01
2026-09-14T05:43:42Z,40,41,29,0,0,200,2424,0.01
2026-09-14T05:43:44Z,41,41,30,0,0,200,2424,0.01
2026-09-14T05:43:46Z,40,41,30,0,0,200,2424,0.01
2026-09-14T05:43:48Z,41,41,30,0,0,200,2424,0.01
2026-09-14T05:43:50Z,41,41,30,0,0,200,2425,0.01
2026-09-14T05:43:52Z,40,41,30,0,0,200,2424,0.00
2026-09-14T05:43:54Z,40,41,30,0,0,200,2424,0.00
2026-09-14T05:43:56Z,40,41,30,0,0,200,2424,0.08
2026-09-14T05:43:58Z,40,41,29,0,0,200,2424,0.08
2026-09-14T05:44:00Z,40,41,30,0,0,200,2424,0.08
2026-09-14T05:44:02Z,40,41,29,0,0,200,2424,0.08
2026-09-14T05:44:05Z,41,41,29,0,0,200,2425,0.08
2026-09-14T05:44:07Z,40,41,30,0,0,200,2424,0.07
2026-09-14T05:44:09Z,40,41,29,0,0,200,2424,0.07
2026-09-14T05:44:11Z,40,41,30,0,0,200,2425,0.07
2026-09-14T05:44:13Z,40,41,30,0,0,200,2423,0.07
2026-09-14T05:44:15Z,41,41,30,0,0,200,2424,0.07
2026-09-14T05:44:17Z,41,41,30,0,0,200,2424,0.06
2026-09-14T05:44:19Z,41,41,30,0,0,200,2424,0.06
2026-09-14T05:44:21Z,40,41,30,0,0,200,2425,0.06
2026-09-14T05:44:23Z,40,41,30,0,0,200,2424,0.06
2026-09-14T05:44:25Z,41,41,29,0,0,200,2427,0.06
2026-09-14T05:44:27Z,41,41,30,0,0,200,2424,0.05
2026-09-14T05:44:29Z,41,41,30,0,0,200,2424,0.05
2026-09-14T05:44:31Z,40,41,30,0,0,200,2424,0.05
2026-09-14T05:44:33Z,40,41,30,0,0,200,2425,0.05
2026-09-14T05:44:35Z,40,41,30,0,0,200,2427,0.05
2026-09-14T05:44:37Z,40,41,30,0,0,200,2424,0.04
2026-09-14T05:44:39Z,40,41,30,0,0,200,2424,0.04
2026-09-14T05:44:41Z,40,41,29,0,0,200,2424,0.04
2026-09-14T05:44:43Z,40,41,30,0,0,200,2422,0.04
2026-09-14T05:44:46Z,41,41,30,0,0,200,2424,0.04
2026-09-14T05:44:48Z,40,41,29,0,0,200,2426,0.04
2026-09-14T05:44:50Z,40,41,29,0,0,200,2424,0.04
2026-09-14T05:44:52Z,40,41,29,0,0,200,2424,0.03
2026-09-14T05:44:54Z,41,41,30,0,0,200,2424,0.03
2026-09-14T05:44:56Z,40,41,30,0,0,200,2426,0.03
2026-09-14T05:44:58Z,40,41,30,0,0,200,2424,0.03
2026-09-14T05:45:00Z,40,41,30,0,0,200,2424,0.03
2026-09-14T05:45:02Z,40,41,30,0,0,200,2425,0.03
2026-09-14T05:45:04Z,40,41,30,0,0,200,2424,0.03
2026-09-14T05:45:06Z,40,41,30,0,0,200,2424,0.02
2026-09-14T05:45:08Z,40,41,29,0,0,200,2424,0.02
2026-09-14T05:45:10Z,40,41,29,0,0,200,2424,0.02
2026-09-14T05:45:12Z,40,41,29,0,0,200,2424,0.02
2026-09-14T05:45:14Z,40,41,30,0,0,200,2424,0.02
2026-09-14T05:45:16Z,40,41,30,0,0,200,2424,0.02
2026-09-14T05:45:18Z,40,41,30,0,0,200,2425,0.02
2026-09-14T05:45:20Z,40,41,29,0,0,200,2425,0.02
2026-09-14T05:45:22Z,40,41,30,0,0,200,2424,0.02
2026-09-14T05:45:24Z,40,41,29,0,0,200,2424,0.02
2026-09-14T05:45:26Z,40,41,29,0,0,200,2424,0.02
2026-09-14T05:45:29Z,40,41,30,0,0,200,2425,0.02
2026-09-14T05:45:31Z,40,41,29,0,0,200,2425,0.02
2026-09-14T05:45:33Z,40,41,29,0,0,200,2424,0.02
2026-09-14T05:45:35Z,40,41,30,0,0,200,2424,0.02
2026-09-14T05:45:37Z,40,41,30,0,0,200,2425,0.01
2026-09-14T05:45:39Z,40,41,29,0,0,200,2425,0.01
2026-09-14T05:45:41Z,40,41,29,0,0,200,2424,0.01
2026-09-14T05:45:43Z,40,41,29,0,0,200,2424,0.01
2026-09-14T05:45:45Z,40,41,29,0,0,200,2425,0.01
2026-09-14T05:45:47Z,40,41,30,0,0,200,2425,0.01
2026-09-14T05:45:49Z,40,41,30,0,0,200,2425,0.01
2026-09-14T05:45:51Z,40,41,30,0,0,200,2424,0.01
2026-09-14T05:45:53Z,40,41,29,0,0,200,2424,0.01
2026-09-14T05:45:55Z,40,41,29,0,0,200,2424,0.01
2026-09-14T05:45:57Z,41,41,29,0,0,200,2424,0.01
2026-09-14T05:45:59Z,40,41,29,0,0,200,2425,0.01
2026-09-14T05:46:01Z,40,41,29,0,0,200,2425,0.01
2026-09-14T05:46:03Z,40,41,29,0,0,200,2424,0.01
2026-09-14T05:46:05Z,40,41,29,0,0,200,2427,0.01
2026-09-14T05:46:07Z,40,41,29,0,0,200,2424,0.01
2026-09-14T05:46:10Z,40,41,29,0,0,200,2424,0.01
2026-09-14T05:46:12Z,40,41,29,0,0,200,2424,0.09
2026-09-14T05:46:14Z,40,41,29,0,0,200,2425,0.09
2026-09-14T05:46:16Z,40,41,29,0,0,200,2424,0.09
2026-09-14T05:46:18Z,40,41,30,0,0,200,2424,0.08
2026-09-14T05:46:20Z,40,41,29,0,0,200,2426,0.08
2026-09-14T05:46:22Z,40,41,29,0,0,200,2424,0.07
2026-09-14T05:46:24Z,40,41,29,0,0,200,2424,0.07
2026-09-14T05:46:26Z,40,41,29,0,0,200,2425,0.07
2026-09-14T05:46:28Z,40,41,29,0,0,200,2425,0.07
2026-09-14T05:46:30Z,40,41,29,0,0,200,2424,0.07
2026-09-14T05:46:32Z,40,41,29,0,0,200,2425,0.06
2026-09-14T05:46:34Z,40,41,29,0,0,200,2426,0.06
2026-09-14T05:46:36Z,40,41,30,0,0,200,2424,0.06
2026-09-14T05:46:38Z,40,41,29,0,0,200,2424,0.06
2026-09-14T05:46:40Z,40,41,29,0,0,200,2425,0.06
2026-09-14T05:46:42Z,40,41,29,0,0,200,2425,0.05
2026-09-14T05:46:44Z,40,41,29,0,0,200,2425,0.05
2026-09-14T05:46:46Z,40,41,29,0,0,200,2424,0.05
2026-09-14T05:46:48Z,40,41,29,0,0,200,2424,0.05
2026-09-14T05:46:51Z,40,41,29,0,0,200,2424,0.05
2026-09-14T05:46:53Z,40,41,29,0,0,200,2424,0.04
2026-09-14T05:46:55Z,40,41,29,0,0,200,2424,0.04
2026-09-14T05:46:57Z,40,41,29,0,0,200,2425,0.04
2026-09-14T05:46:59Z,40,41,29,0,0,200,2431,0.04
2026-09-14T05:47:01Z,40,41,29,0,0,200,2425,0.04
2026-09-14T05:47:03Z,40,41,29,0,0,200,2426,0.04
2026-09-14T05:47:05Z,40,41,29,0,0,200,2424,0.04
2026-09-14T05:47:07Z,40,41,29,0,0,200,2425,0.03
2026-09-14T05:47:09Z,40,41,29,0,0,200,2424,0.03
2026-09-14T05:47:11Z,40,41,29,0,0,200,2424,0.03
2026-09-14T05:47:13Z,40,41,29,0,0,200,2424,0.03
2026-09-14T05:47:15Z,40,41,29,0,0,200,2426,0.03
2026-09-14T05:47:17Z,40,41,29,0,0,200,2424,0.03
2026-09-14T05:47:19Z,40,41,29,0,0,200,2424,0.03
2026-09-14T05:47:21Z,40,41,29,0,0,200,2425,0.02
2026-09-14T05:47:23Z,40,41,29,0,0,200,2424,0.02
2026-09-14T05:47:25Z,40,41,29,0,0,200,2424,0.02
2026-09-14T05:47:27Z,40,41,29,0,0,200,2424,0.02
2026-09-14T05:47:29Z,40,41,29,0,0,200,2424,0.02
2026-09-14T05:47:32Z,40,41,29,0,0,200,2424,0.02
2026-09-14T05:47:34Z,40,41,29,0,0,200,2424,0.02
2026-09-14T05:47:36Z,40,41,29,0,0,200,2424,0.02
2026-09-14T05:47:38Z,40,41,29,0,0,200,2425,0.02
2026-09-14T05:47:40Z,40,41,29,0,0,200,2424,0.02
2026-09-14T05:47:42Z,40,41,29,0,0,200,2424,0.02
2026-09-14T05:47:44Z,40,41,29,0,0,200,2426,0.02
2026-09-14T05:47:46Z,40,41,29,0,0,200,2424,0.02
2026-09-14T05:47:48Z,40,41,29,0,0,200,2424,0.02
2026-09-14T05:47:50Z,40,41,29,0,0,200,2425,0.02
2026-09-14T05:47:52Z,40,41,29,0,0,200,2425,0.01
2026-09-14T05:47:54Z,40,41,29,0,0,200,2424,0.01
2026-09-14T05:47:56Z,40,41,29,0,0,200,2425,0.01
2026-09-14T05:47:58Z,40,41,29,0,0,200,2426,0.01
2026-09-14T05:48:00Z,40,41,29,0,0,200,2424,0.01
2026-09-14T05:48:02Z,40,41,29,0,0,200,2424,0.01
2026-09-14T05:48:04Z,40,41,29,0,0,200,2424,0.01
2026-09-14T05:48:06Z,40,41,29,0,0,200,2424,0.01
2026-09-14T05:48:08Z,40,41,29,0,0,200,2424,0.01
2026-09-14T05:48:10Z,40,41,29,0,0,200,2424,0.01
2026-09-14T05:48:13Z,40,41,29,0,0,200,2424,0.01
2026-09-14T05:48:15Z,40,41,29,0,0,200,2425,0.01
2026-09-14T05:48:17Z,40,41,29,0,0,200,2424,0.01
2026-09-14T05:48:19Z,40,41,29,0,0,200,2424,0.01
2026-09-14T05:48:21Z,40,41,29,0,0,200,2424,0.01
2026-09-14T05:48:23Z,40,41,29,0,0,200,2425,0.01
2026-09-14T05:48:25Z,40,41,29,0,0,200,2424,0.01
2026-09-14T05:48:27Z,40,41,29,0,0,200,2424,0.01
2026-09-14T05:48:29Z,40,41,29,0,0,200,2424,0.01
2026-09-14T05:48:31Z,40,41,29,0,0,200,2424,0.01
2026-09-14T05:48:33Z,40,41,29,0,0,200,2424,0.01
2026-09-14T05:48:35Z,40,41,29,0,0,200,2424,0.01
2026-09-14T05:48:37Z,40,41,29,0,0,200,2424,0.00
2026-09-14T05:48:39Z,40,41,29,0,0,200,2425,0.00
2026-09-14T05:48:41Z,40,41,29,0,0,200,2424,0.00
2026-09-14T05:48:43Z,40,41,29,0,0,200,2424,0.00
2026-09-14T05:48:45Z,40,41,29,0,0,200,2424,0.00
2026-09-14T05:48:47Z,40,41,29,0,0,200,2424,0.00
2026-09-14T05:48:49Z,40,41,29,0,0,200,2424,0.00
2026-09-14T05:48:51Z,40,41,29,0,0,200,2424,0.00
2026-09-14T05:48:54Z,40,41,29,0,0,200,2424,0.00
2026-09-14T05:48:56Z,40,41,29,0,0,200,2424,0.00
2026-09-14T05:48:58Z,40,41,29,0,0,200,2425,0.00
2026-09-14T05:49:00Z,40,41,29,0,0,200,2424,0.00
2026-09-14T05:49:02Z,40,41,29,0,0,200,2424,0.00
2026-09-14T05:49:04Z,40,41,29,0,0,200,2424,0.00
2026-09-14T05:49:06Z,40,41,29,0,0,200,2424,0.00
2026-09-14T05:49:08Z,40,41,29,0,0,200,2425,0.00
2026-09-14T05:49:10Z,40,41,29,0,0,200,2424,0.00
2026-09-14T05:49:12Z,40,41,29,0,0,200,2427,0.00
2026-09-14T05:49:14Z,40,41,29,0,0,200,2424,0.00
2026-09-14T05:49:16Z,40,41,29,0,0,200,2424,0.00
2026-09-14T05:49:18Z,40,41,29,0,0,200,2424,0.00
2026-09-14T05:49:20Z,40,41,29,0,0,200,2424,0.00
2026-09-14T05:49:22Z,40,41,29,0,0,200,2425,0.00
2026-09-14T05:49:24Z,40,41,29,0,0,200,2425,0.00
2026-09-14T05:49:26Z,40,41,29,0,0,200,2424,0.00
2026-09-14T05:49:28Z,40,40,29,0,0,200,2425,0.00
2026-09-14T05:49:30Z,40,40,29,0,0,200,2420,0.00
2026-09-14T05:49:32Z,40,41,29,0,0,200,2425,0.00
2026-09-14T05:49:35Z,40,40,29,0,0,200,2423,0.00
2026-09-14T05:49:37Z,40,40,29,0,0,200,2424,0.00
2026-09-14T05:49:39Z,40,40,29,0,0,200,2425,0.00
2026-09-14T05:49:41Z,40,40,29,0,0,200,2424,0.00
2026-09-14T05:49:43Z,40,40,29,0,0,200,2424,0.00
2026-09-14T05:49:45Z,39,40,29,0,0,200,2425,0.00
2026-09-14T05:49:47Z,40,40,29,0,0,200,2424,0.00
2026-09-14T05:49:49Z,40,40,29,0,0,200,2424,0.00
2026-09-14T05:49:51Z,40,40,29,0,0,200,2424,0.00
2026-09-14T05:49:53Z,40,40,29,0,0,200,2424,0.00
2026-09-14T05:49:55Z,40,40,29,0,0,200,2424,0.00
2026-09-14T05:49:57Z,40,40,29,0,0,200,2424,0.00
2026-09-14T05:49:59Z,40,40,29,0,0,200,2426,0.00
2026-09-14T05:50:01Z,40,40,29,0,0,200,2423,0.00
2026-09-14T05:50:03Z,39,40,29,0,0,200,2425,0.00
2026-09-14T05:50:05Z,39,40,29,0,0,200,2425,0.00
2026-09-14T05:50:07Z,40,40,29,0,0,200,2425,0.00
2026-09-14T05:50:09Z,40,40,29,0,0,200,2424,0.00
2026-09-14T05:50:11Z,40,40,29,0,0,200,2424,0.00
2026-09-14T05:50:13Z,40,40,29,0,0,200,2424,0.00
2026-09-14T05:50:15Z,40,40,29,0,0,200,2424,0.00
2026-09-14T05:50:18Z,39,40,29,0,0,200,2424,0.00
2026-09-14T05:50:20Z,40,40,29,0,0,200,2424,0.00
2026-09-14T05:50:22Z,40,40,29,0,0,200,2424,0.00
2026-09-14T05:50:24Z,39,40,29,0,0,200,2424,0.00
2026-09-14T05:50:26Z,39,40,29,0,0,200,2425,0.00
2026-09-14T05:50:28Z,40,40,29,0,0,200,2424,0.00
2026-09-14T05:50:30Z,40,40,29,0,0,200,2424,0.00
2026-09-14T05:50:32Z,39,40,29,0,0,200,2424,0.00
2026-09-14T05:50:34Z,40,40,29,0,0,200,2424,0.00
2026-09-14T05:50:36Z,40,40,29,0,0,200,2423,0.00
2026-09-14T05:50:38Z,40,40,29,0,0,200,2424,0.00
2026-09-14T05:50:40Z,40,40,29,0,0,200,2427,0.00
2026-09-14T05:50:42Z,39,40,29,0,0,200,2424,0.00
2026-09-14T05:50:44Z,39,40,29,0,0,200,2424,0.00
2026-09-14T05:50:46Z,39,40,29,0,0,200,2424,0.00
2026-09-14T05:50:48Z,40,40,29,0,0,200,2425,0.00
2026-09-14T05:50:50Z,40,40,29,0,0,200,2425,0.00
2026-09-14T05:50:52Z,40,40,29,0,0,200,2424,0.00
2026-09-14T05:50:54Z,40,40,29,0,0,200,2424,0.00
2026-09-14T05:50:56Z,40,40,29,0,0,200,2424,0.00
2026-09-14T05:50:59Z,39,40,29,0,0,200,2424,0.00
2026-09-14T05:51:01Z,40,40,29,0,0,200,2420,0.00
2026-09-14T05:51:03Z,40,40,29,0,0,200,2424,0.08
2026-09-14T05:51:05Z,40,40,29,0,0,200,2424,0.08
2026-09-14T05:51:07Z,40,40,29,0,0,200,2424,0.07
2026-09-14T05:51:09Z,40,40,29,0,0,200,2424,0.07
2026-09-14T05:51:11Z,40,40,29,0,0,200,2425,0.07
2026-09-14T05:51:13Z,39,40,29,0,0,200,2424,0.15
2026-09-14T05:51:15Z,40,40,29,0,0,200,2424,0.15
2026-09-14T05:51:17Z,39,40,29,0,0,200,2424,0.14
2026-09-14T05:51:19Z,39,40,29,0,0,200,2424,0.14
2026-09-14T05:51:21Z,40,40,29,0,0,200,2424,0.12
2026-09-14T05:51:23Z,39,40,29,0,0,200,2424,0.12
2026-09-14T05:51:25Z,39,40,29,0,0,200,2424,0.12
2026-09-14T05:51:27Z,40,40,29,0,0,200,2424,0.11
2026-09-14T05:51:29Z,40,40,29,0,0,200,2425,0.11
2026-09-14T05:51:31Z,39,40,29,0,0,200,2424,0.10
2026-09-14T05:51:33Z,40,40,29,0,0,200,2424,0.10
2026-09-14T05:51:35Z,39,40,29,0,0,200,2428,0.10
2026-09-14T05:51:38Z,39,40,29,0,0,200,2425,0.10
2026-09-14T05:51:40Z,39,40,29,0,0,200,2424,0.10
2026-09-14T05:51:42Z,40,40,29,0,0,200,2427,0.09
2026-09-14T05:51:44Z,39,40,29,0,0,200,2424,0.09
2026-09-14T05:51:46Z,39,40,29,0,0,200,2425,0.09
2026-09-14T05:51:48Z,39,40,29,0,0,200,2424,0.08
2026-09-14T05:51:50Z,40,40,29,0,0,200,2425,0.08
2026-09-14T05:51:52Z,40,40,29,0,0,200,2424,0.07
2026-09-14T05:51:54Z,40,40,29,0,0,200,2424,0.07
2026-09-14T05:51:56Z,39,40,29,0,0,200,2424,0.07
2026-09-14T05:51:58Z,39,40,29,0,0,200,2424,0.07
2026-09-14T05:52:00Z,39,40,29,0,0,200,2424,0.07
2026-09-14T05:52:02Z,39,40,29,0,0,200,2425,0.06
2026-09-14T05:52:04Z,39,40,29,0,0,200,2424,0.06
2026-09-14T05:52:06Z,40,40,29,0,0,200,2426,0.06
2026-09-14T05:52:08Z,39,40,29,0,0,200,2424,0.06
2026-09-14T05:52:10Z,40,40,29,0,0,200,2425,0.06
2026-09-14T05:52:12Z,39,40,29,0,0,200,2424,0.05
2026-09-14T05:52:14Z,40,40,29,0,0,200,2424,0.05
2026-09-14T05:52:16Z,40,40,29,0,0,200,2425,0.05
2026-09-14T05:52:19Z,39,40,29,0,0,200,2424,0.05
2026-09-14T05:52:21Z,40,40,29,0,0,200,2424,0.05
2026-09-14T05:52:23Z,39,40,29,0,0,200,2425,0.04
2026-09-14T05:52:25Z,39,40,29,0,0,200,2425,0.04
2026-09-14T05:52:27Z,39,40,29,0,0,200,2425,0.04
2026-09-14T05:52:29Z,40,40,29,0,0,200,2424,0.04
2026-09-14T05:52:31Z,40,40,29,0,0,200,2424,0.04
2026-09-14T05:52:33Z,39,40,29,0,0,200,2424,0.04
2026-09-14T05:52:35Z,39,40,29,0,0,200,2425,0.04
2026-09-14T05:52:37Z,40,40,29,0,0,200,2424,0.03
2026-09-14T05:52:39Z,39,40,29,0,0,200,2424,0.03
2026-09-14T05:52:41Z,39,40,29,0,0,200,2424,0.03
2026-09-14T05:52:43Z,40,40,29,0,0,200,2425,0.03
2026-09-14T05:52:45Z,40,40,29,0,0,200,2424,0.03
2026-09-14T05:52:47Z,40,40,29,0,0,200,2425,0.03
2026-09-14T05:52:49Z,39,40,29,0,0,200,2425,0.03
2026-09-14T05:52:51Z,39,40,29,0,0,200,2424,0.02
2026-09-14T05:52:53Z,39,40,29,0,0,200,2424,0.02
2026-09-14T05:52:55Z,39,40,29,0,0,200,2424,0.02
2026-09-14T05:52:57Z,40,40,29,0,0,200,2424,0.02
2026-09-14T05:52:59Z,39,40,29,0,0,200,2424,0.02
2026-09-14T05:53:02Z,40,40,29,0,0,200,2427,0.02
2026-09-14T05:53:04Z,39,40,29,0,0,200,2425,0.02
2026-09-14T05:53:06Z,39,40,29,0,0,200,2424,0.02
2026-09-14T05:53:08Z,39,40,29,0,0,200,2425,0.02
2026-09-14T05:53:10Z,40,40,29,0,0,200,2427,0.02
2026-09-14T05:53:12Z,39,40,29,0,0,200,2424,0.02
2026-09-14T05:53:14Z,39,40,29,0,0,200,2424,0.02
2026-09-14T05:53:16Z,39,40,29,0,0,200,2424,0.02
2026-09-14T05:53:18Z,39,40,29,0,0,200,2426,0.34
2026-09-14T05:53:20Z,39,40,29,0,0,200,2425,0.34
2026-09-14T05:53:22Z,39,40,29,0,0,200,2424,0.31
2026-09-14T05:53:24Z,39,40,29,0,0,200,2425,0.31
2026-09-14T05:53:26Z,39,40,29,0,0,200,2424,0.28
2026-09-14T05:53:28Z,39,40,29,0,0,200,2425,0.28
2026-09-14T05:53:30Z,39,40,29,0,0,200,2424,0.28
2026-09-14T05:53:32Z,39,40,29,0,0,200,2424,0.26
2026-09-14T05:53:34Z,39,40,29,0,0,200,2425,0.26
2026-09-14T05:53:36Z,40,40,29,0,0,200,2425,0.24
2026-09-14T05:53:38Z,39,40,29,0,0,200,2424,0.24
2026-09-14T05:53:40Z,39,40,29,0,0,200,2424,0.24
2026-09-14T05:53:43Z,39,40,29,0,0,200,2424,0.22
2026-09-14T05:53:45Z,40,40,29,0,0,200,2424,0.22
2026-09-14T05:53:47Z,40,40,29,0,0,200,2425,0.20
2026-09-14T05:53:49Z,39,40,29,0,0,200,2424,0.20
2026-09-14T05:53:51Z,39,40,29,0,0,200,2424,0.20
2026-09-14T05:53:53Z,39,40,29,0,0,200,2424,0.19
2026-09-14T05:53:55Z,39,40,29,0,0,200,2424,0.19
2026-09-14T05:53:57Z,39,40,29,0,0,200,2426,0.17
2026-09-14T05:53:59Z,39,40,29,0,0,200,2424,0.17
2026-09-14T05:54:01Z,40,40,29,0,0,200,2424,0.16
2026-09-14T05:54:03Z,39,40,29,0,0,200,2425,0.16
2026-09-14T05:54:05Z,40,40,29,0,0,200,2424,0.16
2026-09-14T05:54:07Z,39,40,29,0,0,200,2424,0.14
2026-09-14T05:54:09Z,39,40,29,0,0,200,2424,0.14
2026-09-14T05:54:11Z,39,40,29,0,0,200,2425,0.13
2026-09-14T05:54:13Z,39,40,29,0,0,200,2424,0.13
2026-09-14T05:54:15Z,40,40,29,0,0,200,2425,0.13
2026-09-14T05:54:17Z,40,40,29,0,0,200,2424,0.12
2026-09-14T05:54:19Z,40,40,29,0,0,200,2424,0.12
2026-09-14T05:54:21Z,39,40,29,0,0,200,2424,0.11
2026-09-14T05:54:24Z,39,40,29,0,0,200,2425,0.11
2026-09-14T05:54:26Z,39,40,29,0,0,200,2424,0.11
2026-09-14T05:54:28Z,39,40,29,0,0,200,2424,0.10
2026-09-14T05:54:30Z,39,40,29,0,0,200,2424,0.10
2026-09-14T05:54:32Z,40,40,29,0,0,200,2424,0.09
2026-09-14T05:54:34Z,40,40,29,0,0,200,2424,0.09
2026-09-14T05:54:36Z,39,40,29,0,0,200,2424,0.09
2026-09-14T05:54:38Z,39,40,29,0,0,200,2424,0.09
2026-09-14T05:54:40Z,40,40,29,0,0,200,2424,0.09
2026-09-14T05:54:42Z,39,40,29,0,0,200,2424,0.08
2026-09-14T05:54:44Z,40,40,29,0,0,200,2424,0.08
2026-09-14T05:54:46Z,40,40,29,0,0,200,2424,0.15
2026-09-14T05:54:48Z,40,40,29,0,0,200,2424,0.15
2026-09-14T05:54:50Z,39,40,29,0,0,200,2424,0.15
2026-09-14T05:54:52Z,39,40,29,0,0,200,2424,0.14
2026-09-14T05:54:54Z,39,40,29,0,0,200,2425,0.14
2026-09-14T05:54:56Z,39,40,29,0,0,200,2425,0.13
2026-09-14T05:54:58Z,39,40,29,0,0,200,2424,0.13
2026-09-14T05:55:00Z,39,40,29,0,0,200,2424,0.13
2026-09-14T05:55:02Z,39,40,29,0,0,200,2424,0.12
2026-09-14T05:55:05Z,39,40,29,0,0,200,2424,0.12
2026-09-14T05:55:07Z,39,40,29,0,0,200,2424,0.11
2026-09-14T05:55:09Z,39,40,29,0,0,200,2424,0.11
2026-09-14T05:55:11Z,39,40,29,0,0,200,2424,0.11
2026-09-14T05:55:13Z,40,40,29,0,0,200,2425,0.10
2026-09-14T05:55:15Z,39,40,29,0,0,200,2424,0.10
2026-09-14T05:55:17Z,39,40,29,0,0,200,2424,0.09
2026-09-14T05:55:19Z,39,40,29,0,0,200,2424,0.09
2026-09-14T05:55:21Z,39,40,29,0,0,200,2424,0.24
2026-09-14T05:55:23Z,39,40,29,0,0,200,2424,0.24
2026-09-14T05:55:25Z,39,40,29,0,0,200,2424,0.24
2026-09-14T05:55:27Z,40,40,29,0,0,200,2425,0.22
2026-09-14T05:55:29Z,39,40,29,0,0,200,2425,0.22
2026-09-14T05:55:31Z,39,40,29,0,0,200,2424,0.21
2026-09-14T05:55:33Z,40,40,29,0,0,200,2424,0.21
2026-09-14T05:55:35Z,39,40,29,0,0,200,2425,0.21
2026-09-14T05:55:37Z,39,40,29,0,0,200,2424,0.19
2026-09-14T05:55:39Z,39,40,29,0,0,200,2424,0.19
2026-09-14T05:55:41Z,39,40,29,0,0,200,2424,0.17
2026-09-14T05:55:43Z,39,40,29,0,0,200,2424,0.17
2026-09-14T05:55:46Z,39,40,29,0,0,200,2424,0.17
2026-09-14T05:55:48Z,39,40,29,0,0,200,2424,0.16
2026-09-14T05:55:50Z,39,40,29,0,0,200,2424,0.16
2026-09-14T05:55:52Z,39,40,29,0,0,200,2424,0.15
2026-09-14T05:55:54Z,39,40,29,0,0,200,2424,0.15
2026-09-14T05:55:56Z,40,40,29,0,0,200,2424,0.15
2026-09-14T05:55:58Z,39,40,29,0,0,200,2424,0.13
2026-09-14T05:56:00Z,39,40,29,0,0,200,2424,0.13
2026-09-14T05:56:02Z,39,40,29,0,0,200,2424,0.12
2026-09-14T05:56:04Z,39,40,29,0,0,200,2424,0.12
2026-09-14T05:56:06Z,39,40,29,0,0,200,2424,0.11
2026-09-14T05:56:08Z,39,40,29,0,0,200,2424,0.11
2026-09-14T05:56:10Z,40,40,29,0,0,200,2425,0.11
2026-09-14T05:56:12Z,39,40,29,0,0,200,2424,0.10
2026-09-14T05:56:14Z,39,40,29,0,0,200,2424,0.10
2026-09-14T05:56:16Z,39,40,29,0,0,200,2424,0.10
2026-09-14T05:56:18Z,40,40,29,0,0,200,2424,0.10
2026-09-14T05:56:20Z,39,40,29,0,0,200,2424,0.10
2026-09-14T05:56:22Z,39,40,29,0,0,200,2424,0.09
2026-09-14T05:56:24Z,39,40,29,0,0,200,2424,0.09
2026-09-14T05:56:27Z,39,40,29,0,0,200,2426,0.08
2026-09-14T05:56:29Z,39,40,29,0,0,200,2425,0.08
2026-09-14T05:56:31Z,39,40,29,0,0,200,2424,0.08
2026-09-14T05:56:33Z,39,40,29,0,0,200,2424,0.07
2026-09-14T05:56:35Z,39,40,29,0,0,200,2424,0.07
2026-09-14T05:56:37Z,39,40,29,0,0,200,2424,0.07
2026-09-14T05:56:39Z,39,40,29,0,0,200,2424,0.07
2026-09-14T05:56:41Z,40,40,29,0,0,200,2425,0.07
2026-09-14T05:56:43Z,39,40,29,0,0,200,2424,0.06
2026-09-14T05:56:45Z,39,40,29,0,0,200,2424,0.06
2026-09-14T05:56:47Z,39,40,29,0,0,200,2424,0.06
2026-09-14T05:56:49Z,39,40,29,0,0,200,2424,0.06
2026-09-14T05:56:51Z,39,40,29,0,0,200,2424,0.05
2026-09-14T05:56:53Z,39,40,29,0,0,200,2424,0.05
2026-09-14T05:56:55Z,39,40,29,0,0,200,2425,0.05
2026-09-14T05:56:57Z,39,40,29,0,0,200,2425,0.05
2026-09-14T05:56:59Z,39,40,29,0,0,200,2424,0.05
2026-09-14T05:57:01Z,39,40,29,0,0,200,2424,0.04
2026-09-14T05:57:03Z,39,40,29,0,0,200,2424,0.04
2026-09-14T05:57:05Z,40,40,29,0,0,200,2425,0.04
2026-09-14T05:57:08Z,39,40,29,0,0,200,2424,0.04
2026-09-14T05:57:10Z,39,40,29,0,0,200,2424,0.04
2026-09-14T05:57:12Z,39,40,29,0,0,200,2424,0.04
2026-09-14T05:57:14Z,39,40,29,0,0,200,2424,0.04
2026-09-14T05:57:16Z,39,40,29,0,0,200,2424,0.04
2026-09-14T05:57:18Z,39,40,29,0,0,200,2427,0.03
2026-09-14T05:57:20Z,39,40,29,0,0,200,2424,0.03
2026-09-14T05:57:22Z,39,40,29,0,0,200,2424,0.03
2026-09-14T05:57:24Z,39,40,29,0,0,200,2424,0.03
2026-09-14T05:57:26Z,39,40,29,0,0,200,2424,0.11
2026-09-14T05:57:28Z,39,40,29,0,0,200,2424,0.11
2026-09-14T05:57:30Z,39,40,29,0,0,200,2424,0.11
2026-09-14T05:57:32Z,39,40,29,0,0,200,2425,0.10
2026-09-14T05:57:34Z,39,40,29,0,0,200,2424,0.10
2026-09-14T05:57:36Z,39,40,29,0,0,200,2424,0.09
2026-09-14T05:57:38Z,39,40,29,0,0,200,2424,0.09
2026-09-14T05:57:40Z,39,40,29,0,0,200,2424,0.09
2026-09-14T05:57:42Z,39,40,29,0,0,200,2424,0.08
2026-09-14T05:57:44Z,39,40,29,0,0,200,2425,0.08
2026-09-14T05:57:46Z,39,40,29,0,0,200,2425,0.08
2026-09-14T05:57:48Z,39,40,29,0,0,200,2425,0.08
2026-09-14T05:57:51Z,39,40,29,0,0,200,2424,0.08
2026-09-14T05:57:53Z,39,40,29,0,0,200,2424,0.07
2026-09-14T05:57:55Z,40,40,29,0,0,200,2424,0.07
2026-09-14T05:57:57Z,39,40,29,0,0,200,2424,0.06
2026-09-14T05:57:59Z,39,40,29,0,0,200,2424,0.06
2026-09-14T05:58:01Z,39,40,29,0,0,200,2425,0.06
2026-09-14T05:58:03Z,40,40,29,0,0,200,2424,0.06
2026-09-14T05:58:05Z,39,40,29,0,0,200,2424,0.06
2026-09-14T05:58:07Z,39,40,29,0,0,200,2424,0.05
2026-09-14T05:58:09Z,39,40,29,0,0,200,2424,0.05
2026-09-14T05:58:11Z,39,40,29,0,0,200,2424,0.05
2026-09-14T05:58:13Z,39,40,29,0,0,200,2425,0.05
2026-09-14T05:58:15Z,39,40,29,0,0,200,2425,0.05
2026-09-14T05:58:17Z,39,40,29,0,0,200,2425,0.05
2026-09-14T05:58:19Z,39,40,29,0,0,200,2424,0.05
2026-09-14T05:58:21Z,39,40,29,0,0,200,2424,0.04
2026-09-14T05:58:23Z,39,40,29,0,0,200,2424,0.04
2026-09-14T05:58:25Z,39,40,29,0,0,200,2425,0.04
2026-09-14T05:58:27Z,39,40,29,0,0,200,2424,0.04
2026-09-14T05:58:29Z,39,40,29,0,0,200,2424,0.04
2026-09-14T05:58:32Z,39,40,29,0,0,200,2424,0.03
2026-09-14T05:58:34Z,39,40,29,0,0,200,2424,0.03
2026-09-14T05:58:36Z,39,40,29,0,0,200,2425,0.03
2026-09-14T05:58:38Z,39,40,29,0,0,200,2424,0.03
2026-09-14T05:58:40Z,39,40,29,0,0,200,2424,0.03
2026-09-14T05:58:42Z,39,40,29,0,0,200,2426,0.03
2026-09-14T05:58:44Z,39,40,29,0,0,200,2424,0.03
2026-09-14T05:58:46Z,39,40,29,0,0,200,2424,0.03
2026-09-14T05:58:48Z,39,40,29,0,0,200,2424,0.03
2026-09-14T05:58:50Z,39,40,29,0,0,200,2424,0.03
2026-09-14T05:58:52Z,39,40,29,0,0,200,2424,0.02
2026-09-14T05:58:54Z,39,40,29,0,0,200,2424,0.02
2026-09-14T05:58:56Z,39,40,29,0,0,200,2424,0.02
2026-09-14T05:58:58Z,39,40,29,0,0,200,2425,0.02
2026-09-14T05:59:00Z,39,40,29,0,0,200,2424,0.02
2026-09-14T05:59:02Z,39,40,29,0,0,200,2424,0.02
2026-09-14T05:59:04Z,39,40,29,0,0,200,2424,0.02
2026-09-14T05:59:06Z,39,40,29,0,0,200,2425,0.02
2026-09-14T05:59:08Z,39,40,29,0,0,200,2424,0.02
2026-09-14T05:59:10Z,39,40,29,0,0,200,2424,0.02
2026-09-14T05:59:13Z,39,40,29,0,0,200,2424,0.02
2026-09-14T05:59:15Z,39,40,29,0,0,200,2425,0.02
2026-09-14T05:59:17Z,39,40,29,0,0,200,2424,0.02
2026-09-14T05:59:19Z,39,40,29,0,0,200,2424,0.02
2026-09-14T05:59:21Z,39,40,29,0,0,200,2425,0.02
2026-09-14T05:59:23Z,39,40,29,0,0,200,2424,0.01
2026-09-14T05:59:25Z,39,40,29,0,0,200,2424,0.01
2026-09-14T05:59:27Z,40,40,29,0,0,200,2424,0.01
2026-09-14T05:59:29Z,39,40,29,0,0,200,2424,0.01
2026-09-14T05:59:31Z,39,40,29,0,0,200,2424,0.17
2026-09-14T05:59:33Z,39,40,29,0,0,200,2424,0.17
2026-09-14T05:59:35Z,39,40,29,0,0,200,2424,0.17
2026-09-14T05:59:37Z,39,40,29,0,0,200,2424,0.16
2026-09-14T05:59:39Z,39,40,29,0,0,200,2424,0.16
2026-09-14T05:59:41Z,39,40,29,0,0,200,2424,0.14
2026-09-14T05:59:43Z,39,40,29,0,0,200,2425,0.14
2026-09-14T05:59:45Z,39,40,29,0,0,200,2428,0.14
2026-09-14T05:59:47Z,40,40,29,0,0,200,2425,0.13
2026-09-14T05:59:49Z,40,40,29,0,0,200,2425,0.13
2026-09-14T05:59:51Z,39,40,29,0,0,200,2424,0.12
2026-09-14T05:59:54Z,39,40,29,0,0,200,2426,0.12
2026-09-14T05:59:56Z,39,40,29,0,0,200,2425,0.12
2026-09-14T05:59:58Z,39,40,29,0,0,200,2424,0.11
2026-09-14T06:00:00Z,39,40,29,0,0,200,2424,0.11
2026-09-14T06:00:02Z,39,40,29,0,0,200,2424,0.10
2026-09-14T06:00:04Z,40,40,29,0,0,200,2424,0.10
2026-09-14T06:00:06Z,39,40,29,0,0,200,2424,0.10
2026-09-14T06:00:08Z,40,40,29,0,0,200,2424,0.09
2026-09-14T06:00:10Z,39,40,29,0,0,200,2424,0.09
2026-09-14T06:00:12Z,39,40,29,0,0,200,2426,0.09
2026-09-14T06:00:14Z,39,40,29,0,0,200,2425,0.09
2026-09-14T06:00:16Z,39,40,29,0,0,200,2424,0.08
2026-09-14T06:00:18Z,39,40,29,0,0,200,2425,0.08
2026-09-14T06:00:20Z,39,40,29,0,0,200,2424,0.08
2026-09-14T06:00:22Z,39,40,29,0,0,200,2425,0.07
2026-09-14T06:00:24Z,39,40,29,0,0,200,2424,0.07
2026-09-14T06:00:26Z,39,40,29,0,0,200,2424,0.07
2026-09-14T06:00:28Z,39,40,29,0,0,200,2424,0.07
2026-09-14T06:00:30Z,39,40,29,0,0,200,2424,0.07
2026-09-14T06:00:32Z,39,40,29,0,0,200,2424,0.06
2026-09-14T06:00:35Z,40,40,29,0,0,200,2424,0.06
2026-09-14T06:00:37Z,39,40,29,0,0,200,2425,0.06
2026-09-14T06:00:39Z,39,40,29,0,0,200,2426,0.06
2026-09-14T06:00:41Z,39,40,29,0,0,200,2424,0.06
2026-09-14T06:00:43Z,39,40,29,0,0,200,2424,0.05
2026-09-14T06:00:45Z,39,40,29,0,0,200,2424,0.05
2026-09-14T06:00:47Z,39,40,29,0,0,200,2424,0.05
2026-09-14T06:00:49Z,39,40,29,0,0,200,2425,0.05
2026-09-14T06:00:51Z,39,40,29,0,0,200,2425,0.05
2026-09-14T06:00:53Z,39,40,29,0,0,200,2425,0.04
2026-09-14T06:00:55Z,39,40,29,0,0,200,2424,0.04
2026-09-14T06:00:57Z,39,40,29,0,0,200,2424,0.04
2026-09-14T06:00:59Z,39,40,29,0,0,200,2424,0.04
2026-09-14T06:01:01Z,39,40,29,0,0,200,2424,0.04
2026-09-14T06:01:03Z,39,40,29,0,0,200,2425,0.04
2026-09-14T06:01:05Z,39,40,29,0,0,200,2425,0.04
2026-09-14T06:01:07Z,39,40,29,0,0,200,2425,0.03
2026-09-14T06:01:09Z,39,40,29,0,0,200,2424,0.03
2026-09-14T06:01:11Z,39,40,29,0,0,200,2424,0.03
2026-09-14T06:01:13Z,39,40,29,0,0,200,2424,0.03
2026-09-14T06:01:16Z,39,40,29,0,0,200,2424,0.03
2026-09-14T06:01:18Z,39,40,29,0,0,200,2424,0.03
2026-09-14T06:01:20Z,39,40,29,0,0,200,2424,0.03
2026-09-14T06:01:22Z,39,40,29,0,0,200,2424,0.02
2026-09-14T06:01:24Z,39,40,29,0,0,200,2425,0.02
2026-09-14T06:01:26Z,39,40,29,0,0,200,2424,0.02
2026-09-14T06:01:28Z,39,40,29,0,0,200,2424,0.02
2026-09-14T06:01:30Z,39,40,29,0,0,200,2424,0.02
2026-09-14T06:01:32Z,39,40,29,0,0,200,2426,0.02
2026-09-14T06:01:34Z,39,40,29,0,0,200,2424,0.02
2026-09-14T06:01:36Z,39,40,29,0,0,200,2424,0.02
2026-09-14T06:01:38Z,39,40,29,0,0,200,2424,0.02
2026-09-14T06:01:40Z,39,40,29,0,0,200,2424,0.02
2026-09-14T06:01:42Z,39,40,29,0,0,200,2424,0.02
2026-09-14T06:01:44Z,39,40,29,0,0,200,2424,0.02
2026-09-14T06:01:46Z,39,40,29,0,0,200,2424,0.02
2026-09-14T06:01:48Z,39,40,29,0,0,200,2424,0.02
2026-09-14T06:01:50Z,39,40,29,0,0,200,2425,0.02
2026-09-14T06:01:52Z,39,40,29,0,0,200,2426,0.01
2026-09-14T06:01:54Z,39,40,29,0,0,200,2424,0.01
2026-09-14T06:01:57Z,39,40,29,0,0,200,2424,0.01
2026-09-14T06:01:59Z,39,40,29,0,0,200,2424,0.01
2026-09-14T06:02:01Z,39,40,29,0,0,200,2424,0.01
2026-09-14T06:02:03Z,39,40,29,0,0,200,2424,0.01
2026-09-14T06:02:05Z,39,40,29,0,0,200,2424,0.01
2026-09-14T06:02:07Z,39,40,29,0,0,200,2424,0.01
2026-09-14T06:02:09Z,39,40,29,0,0,200,2424,0.01
2026-09-14T06:02:11Z,39,40,29,0,0,200,2424,0.01
2026-09-14T06:02:13Z,39,40,29,0,0,200,2424,0.01
2026-09-14T06:02:15Z,39,40,29,0,0,200,2424,0.01
2026-09-14T06:02:17Z,39,40,29,0,0,200,2424,0.01
2026-09-14T06:02:19Z,39,40,29,0,0,200,2424,0.01
2026-09-14T06:02:21Z,39,40,29,0,0,200,2428,0.01
2026-09-14T06:02:23Z,39,40,29,0,0,200,2425,0.01
2026-09-14T06:02:25Z,39,40,29,0,0,200,2425,0.01
2026-09-14T06:02:27Z,39,40,29,0,0,200,2424,0.01
2026-09-14T06:02:29Z,39,40,29,0,0,200,2426,0.01
2026-09-14T06:02:31Z,39,40,29,0,0,200,2424,0.01
2026-09-14T06:02:33Z,40,40,29,0,0,200,2425,0.01
2026-09-14T06:02:35Z,39,40,29,0,0,200,2424,0.01
2026-09-14T06:02:38Z,39,40,29,0,0,200,2424,0.00
2026-09-14T06:02:40Z,39,40,29,0,0,200,2424,0.00
2026-09-14T06:02:42Z,39,40,29,0,0,200,2424,0.00
2026-09-14T06:02:44Z,39,40,29,0,0,200,2424,0.00
2026-09-14T06:02:46Z,39,40,29,0,0,200,2424,0.00
2026-09-14T06:02:48Z,39,40,29,0,0,200,2424,0.00
2026-09-14T06:02:50Z,39,40,29,0,0,200,2424,0.00
2026-09-14T06:02:52Z,39,40,29,0,0,200,2424,0.00
2026-09-14T06:02:54Z,39,40,29,0,0,200,2424,0.00
2026-09-14T06:02:56Z,39,40,29,0,0,200,2424,0.00
2026-09-14T06:02:58Z,39,40,29,0,0,200,2424,0.00
2026-09-14T06:03:00Z,39,40,29,0,0,200,2424,0.00
2026-09-14T06:03:02Z,39,40,29,0,0,200,2424,0.00
2026-09-14T06:03:04Z,39,40,29,0,0,200,2424,0.00
2026-09-14T06:03:06Z,39,40,29,0,0,200,2424,0.00
2026-09-14T06:03:08Z,39,40,29,0,0,200,2424,0.00
2026-09-14T06:03:10Z,39,40,29,0,0,200,2425,0.00
2026-09-14T06:03:12Z,39,40,29,0,0,200,2424,0.00
2026-09-14T06:03:14Z,39,40,29,0,0,200,2424,0.00
2026-09-14T06:03:16Z,39,40,29,0,0,200,2424,0.00
2026-09-14T06:03:18Z,39,40,29,0,0,200,2424,0.00
